time_s,north_m,east_m,altitude_m,phase
0.000000000000000000e+00,0.000000000000000000e+00,0.000000000000000000e+00,9.377412497997283936e-02,0.000000000000000000e+00
2.000000000000000042e-02,-4.926567385155067313e-07,3.762307443366808002e-08,9.412384778261184692e-02,0.000000000000000000e+00
4.000000000000000083e-02,-1.893259423013660125e-06,-1.426011237981583690e-07,9.508067369461059570e-02,0.000000000000000000e+00
5.999999999999999778e-02,-3.702801450344850309e-06,-5.567266043726704083e-07,9.719397127628326416e-02,0.000000000000000000e+00
8.000000000000000167e-02,-6.777293492632452399e-06,-4.415580860950285569e-06,1.025142446160316467e-01,0.000000000000000000e+00
1.000000000000000056e-01,-1.393589809595141560e-05,-1.678467378951609135e-05,1.126872077584266663e-01,0.000000000000000000e+00
1.199999999999999956e-01,-3.061518145841546357e-05,-4.467696999199688435e-05,1.288120150566101074e-01,0.000000000000000000e+00
1.400000000000000133e-01,-6.521125033032149076e-05,-9.665833204053342342e-05,1.515489965677261353e-01,0.000000000000000000e+00
1.600000000000000033e-01,-1.283839374082162976e-04,-1.818365417420864105e-04,1.810859888792037964e-01,0.000000000000000000e+00
1.799999999999999933e-01,-2.300591877428814769e-04,-3.063039621338248253e-04,2.167161554098129272e-01,0.000000000000000000e+00
2.000000000000000111e-01,-3.765949513763189316e-04,-4.706366453319787979e-04,2.569063007831573486e-01,0.000000000000000000e+00
2.200000000000000011e-01,-5.716280429624021053e-04,-6.719919038005173206e-04,3.000596463680267334e-01,0.000000000000000000e+00
2.399999999999999911e-01,-8.167728665284812450e-04,-9.057967108674347401e-04,3.448147773742675781e-01,0.000000000000000000e+00
2.600000000000000089e-01,-1.113675534725189209e-03,-1.167038688436150551e-03,3.901900053024291992e-01,0.000000000000000000e+00
2.800000000000000266e-01,-1.465789973735809326e-03,-1.450913026928901672e-03,4.355916976928710938e-01,0.000000000000000000e+00
2.999999999999999889e-01,-1.878740964457392693e-03,-1.752676325850188732e-03,4.806900620460510254e-01,0.000000000000000000e+00
3.200000000000000067e-01,-2.361802617087960243e-03,-2.067419467493891716e-03,5.253939628601074219e-01,0.000000000000000000e+00
3.400000000000000244e-01,-2.928060712292790413e-03,-2.389249159023165703e-03,5.697702169418334961e-01,0.000000000000000000e+00
3.599999999999999867e-01,-3.592630615457892418e-03,-2.710510976612567902e-03,6.139142513275146484e-01,0.000000000000000000e+00
3.800000000000000044e-01,-4.371876828372478485e-03,-3.021650249138474464e-03,6.579078435897827148e-01,0.000000000000000000e+00
4.000000000000000222e-01,-5.282619968056678772e-03,-3.311457345262169838e-03,7.017978429794311523e-01,0.000000000000000000e+00
4.199999999999999845e-01,-6.344416178762912750e-03,-3.566792001947760582e-03,7.456626892089843750e-01,0.000000000000000000e+00
4.400000000000000022e-01,-7.577612996101379395e-03,-3.773164236918091774e-03,7.895632386207580566e-01,0.000000000000000000e+00
4.600000000000000200e-01,-9.001310914754867554e-03,-3.915560431778430939e-03,8.335075378417968750e-01,0.000000000000000000e+00
4.799999999999999822e-01,-1.063360460102558136e-02,-3.978794440627098083e-03,8.774740099906921387e-01,0.000000000000000000e+00
5.000000000000000000e-01,-1.249197684228420258e-02,-3.947669174522161484e-03,9.214285016059875488e-01,0.000000000000000000e+00
5.200000000000000178e-01,-1.459683477878570557e-02,-3.805652493610978127e-03,9.653841853141784668e-01,0.000000000000000000e+00
5.400000000000000355e-01,-1.696934737265110016e-02,-3.535941010341048241e-03,1.009363651275634766e+00,1.000000000000000000e+00
5.600000000000000533e-01,-1.962752453982830048e-02,-3.123511327430605888e-03,1.053345680236816406e+00,1.000000000000000000e+00
5.799999999999999600e-01,-2.258861437439918518e-02,-2.554731676355004311e-03,1.097308278083801270e+00,1.000000000000000000e+00
5.999999999999999778e-01,-2.587067894637584686e-02,-1.817877870053052902e-03,1.141251921653747559e+00,1.000000000000000000e+00
6.199999999999999956e-01,-2.949494868516921997e-02,-9.034080430865287781e-04,1.185224175453186035e+00,1.000000000000000000e+00
6.400000000000000133e-01,-3.347697854042053223e-02,1.900061324704438448e-04,1.229221820831298828e+00,1.000000000000000000e+00
6.600000000000000311e-01,-3.783413395285606384e-02,1.458636834286153316e-03,1.273284435272216797e+00,1.000000000000000000e+00
6.800000000000000488e-01,-4.257946461439132690e-02,2.891391050070524216e-03,1.317436337471008301e+00,1.000000000000000000e+00
7.000000000000000666e-01,-4.772119596600532532e-02,4.470486659556627274e-03,1.361689090728759766e+00,1.000000000000000000e+00
7.199999999999999734e-01,-5.326003208756446838e-02,6.171769928187131882e-03,1.406018257141113281e+00,1.000000000000000000e+00
7.399999999999999911e-01,-5.919061973690986633e-02,7.966486737132072449e-03,1.450379610061645508e+00,1.000000000000000000e+00
7.600000000000000089e-01,-6.550573557615280151e-02,9.823499247431755066e-03,1.494752407073974609e+00,1.000000000000000000e+00
7.800000000000000266e-01,-7.219596207141876221e-02,1.170979533344507217e-02,1.539138913154602051e+00,1.000000000000000000e+00
8.000000000000000444e-01,-7.924837619066238403e-02,1.359118428081274033e-02,1.583550214767456055e+00,1.000000000000000000e+00
8.200000000000000622e-01,-8.664271235466003418e-02,1.543388981372117996e-02,1.627958655357360840e+00,1.000000000000000000e+00
8.399999999999999689e-01,-9.435564279556274414e-02,1.720549724996089935e-02,1.672338724136352539e+00,1.000000000000000000e+00
8.599999999999999867e-01,-1.023631989955902100e-01,1.887506432831287384e-02,1.716693639755249023e+00,1.000000000000000000e+00
8.800000000000000044e-01,-1.106396988034248352e-01,2.041352726519107819e-02,1.761042356491088867e+00,1.000000000000000000e+00
9.000000000000000222e-01,-1.191568300127983093e-01,2.179490216076374054e-02,1.805401086807250977e+00,1.000000000000000000e+00
9.200000000000000400e-01,-1.278828680515289307e-01,2.299827151000499725e-02,1.849756121635437012e+00,1.000000000000000000e+00
9.400000000000000577e-01,-1.367850601673126221e-01,2.400722168385982513e-02,1.894089102745056152e+00,1.000000000000000000e+00
9.599999999999999645e-01,-1.458307802677154541e-01,2.480916120111942291e-02,1.938390731811523438e+00,1.000000000000000000e+00
9.799999999999999822e-01,-1.549883484840393066e-01,2.539386041462421417e-02,1.982685089111328125e+00,1.000000000000000000e+00
1.000000000000000000e+00,-1.642267554998397827e-01,2.575429715216159821e-02,2.027014017105102539e+00,1.000000000000000000e+00
1.020000000000000018e+00,-1.735155582427978516e-01,2.588890865445137024e-02,2.071399927139282227e+00,1.000000000000000000e+00
1.040000000000000036e+00,-1.828261911869049072e-01,2.580100484192371368e-02,2.115854263305664062e+00,1.000000000000000000e+00
1.060000000000000053e+00,-1.921328455209732056e-01,2.549684792757034302e-02,2.160407781600952148e+00,1.000000000000000000e+00
1.080000000000000071e+00,-2.014129757881164551e-01,2.498629130423069000e-02,2.205092430114746094e+00,1.000000000000000000e+00
1.100000000000000089e+00,-2.106482386589050293e-01,2.428332902491092682e-02,2.249920606613159180e+00,1.000000000000000000e+00
1.120000000000000107e+00,-2.198255211114883423e-01,2.340587042272090912e-02,2.294874429702758789e+00,1.000000000000000000e+00
1.140000000000000124e+00,-2.289371341466903687e-01,2.237428165972232819e-02,2.339920282363891602e+00,1.000000000000000000e+00
1.159999999999999920e+00,-2.379799038171768188e-01,2.120861597359180450e-02,2.385066747665405273e+00,1.000000000000000000e+00
1.179999999999999938e+00,-2.469554096460342407e-01,1.992889866232872009e-02,2.430343389511108398e+00,1.000000000000000000e+00
1.199999999999999956e+00,-2.558707296848297119e-01,1.855568587779998779e-02,2.475759983062744141e+00,1.000000000000000000e+00
1.219999999999999973e+00,-2.647386193275451660e-01,1.710957475006580353e-02,2.521282434463500977e+00,1.000000000000000000e+00
1.239999999999999991e+00,-2.735765278339385986e-01,1.560959499329328537e-02,2.566870689392089844e+00,1.000000000000000000e+00
1.260000000000000009e+00,-2.824054360389709473e-01,1.407238002866506577e-02,2.612496376037597656e+00,1.000000000000000000e+00
1.280000000000000027e+00,-2.912493050098419189e-01,1.251183822751045227e-02,2.658141851425170898e+00,1.000000000000000000e+00
1.300000000000000044e+00,-3.001346886157989502e-01,1.093882229179143906e-02,2.703816413879394531e+00,1.000000000000000000e+00
1.320000000000000062e+00,-3.090896606445312500e-01,9.361081756651401520e-03,2.749487876892089844e+00,1.000000000000000000e+00
1.340000000000000080e+00,-3.181430697441101074e-01,7.782971486449241638e-03,2.795112371444702148e+00,1.000000000000000000e+00
1.360000000000000098e+00,-3.273253738880157471e-01,6.205282639712095261e-03,2.840683698654174805e+00,1.000000000000000000e+00
1.380000000000000115e+00,-3.366665840148925781e-01,4.625222645699977875e-03,2.886200189590454102e+00,1.000000000000000000e+00
1.400000000000000133e+00,-3.461962640285491943e-01,3.036571433767676353e-03,2.931670427322387695e+00,1.000000000000000000e+00
1.419999999999999929e+00,-3.559423089027404785e-01,1.430188771337270737e-03,2.977097511291503906e+00,1.000000000000000000e+00
1.439999999999999947e+00,-3.659307062625885010e-01,-2.056694065686315298e-04,3.022484064102172852e+00,1.000000000000000000e+00
1.459999999999999964e+00,-3.761849701404571533e-01,-1.885195379145443439e-03,3.067838907241821289e+00,1.000000000000000000e+00
1.479999999999999982e+00,-3.867254257202148438e-01,-3.624813165515661240e-03,3.113170623779296875e+00,1.000000000000000000e+00
1.500000000000000000e+00,-3.975688815116882324e-01,-5.442797206342220306e-03,3.158490419387817383e+00,1.000000000000000000e+00
1.520000000000000018e+00,-4.087274670600891113e-01,-7.358334027230739594e-03,3.203795194625854492e+00,1.000000000000000000e+00
1.540000000000000036e+00,-4.202105998992919922e-01,-9.391761384904384613e-03,3.249095916748046875e+00,1.000000000000000000e+00
1.560000000000000053e+00,-4.320245981216430664e-01,-1.156428642570972443e-02,3.294412612915039062e+00,1.000000000000000000e+00
1.580000000000000071e+00,-4.441706538200378418e-01,-1.389694306999444962e-02,3.339752674102783203e+00,1.000000000000000000e+00
1.600000000000000089e+00,-4.566439092159271240e-01,-1.640946418046951294e-02,3.385099411010742188e+00,1.000000000000000000e+00
1.620000000000000107e+00,-4.694351255893707275e-01,-1.912002265453338623e-02,3.430425167083740234e+00,1.000000000000000000e+00
1.640000000000000124e+00,-4.825326502323150635e-01,-2.204576507210731506e-02,3.475711107254028320e+00,1.000000000000000000e+00
1.660000000000000142e+00,-4.959232509136199951e-01,-2.520321868360042572e-02,3.520955562591552734e+00,1.000000000000000000e+00
1.679999999999999938e+00,-5.095906853675842285e-01,-2.860689163208007812e-02,3.566154718399047852e+00,1.000000000000000000e+00
1.699999999999999956e+00,-5.235162377357482910e-01,-3.226893767714500427e-02,3.611302137374877930e+00,1.000000000000000000e+00
1.719999999999999973e+00,-5.376791357994079590e-01,-3.619864583015441895e-02,3.656389474868774414e+00,1.000000000000000000e+00
1.739999999999999991e+00,-5.520569682121276855e-01,-4.040191695094108582e-02,3.701400756835937500e+00,1.000000000000000000e+00
1.760000000000000009e+00,-5.666267871856689453e-01,-4.488221555948257446e-02,3.746326208114624023e+00,1.000000000000000000e+00
1.780000000000000027e+00,-5.813660621643066406e-01,-4.964216426014900208e-02,3.791181087493896484e+00,1.000000000000000000e+00
1.800000000000000044e+00,-5.962527394294738770e-01,-5.468259751796722412e-02,3.835993289947509766e+00,1.000000000000000000e+00
1.820000000000000062e+00,-6.112636327743530273e-01,-5.999835953116416931e-02,3.880747795104980469e+00,1.000000000000000000e+00
1.840000000000000080e+00,-6.263762712478637695e-01,-6.558015942573547363e-02,3.925407171249389648e+00,1.000000000000000000e+00
1.860000000000000098e+00,-6.415703296661376953e-01,-7.141816616058349609e-02,3.969958305358886719e+00,1.000000000000000000e+00
1.880000000000000115e+00,-6.568278074264526367e-01,-7.750202715396881104e-02,4.014407157897949219e+00,1.000000000000000000e+00
1.900000000000000133e+00,-6.721333265304565430e-01,-8.382160961627960205e-02,4.058789253234863281e+00,1.000000000000000000e+00
1.919999999999999929e+00,-6.874737739562988281e-01,-9.036451578140258789e-02,4.103127002716064453e+00,1.000000000000000000e+00
1.939999999999999947e+00,-7.028390765190124512e-01,-9.711705893278121948e-02,4.147441864013671875e+00,1.000000000000000000e+00
1.959999999999999964e+00,-7.182222008705139160e-01,-1.040655598044395447e-01,4.191767215728759766e+00,1.000000000000000000e+00
1.979999999999999982e+00,-7.336192131042480469e-01,-1.111960038542747498e-01,4.236139297485351562e+00,1.000000000000000000e+00
2.000000000000000000e+00,-7.490296363830566406e-01,-1.184940487146377563e-01,4.280589580535888672e+00,1.000000000000000000e+00
2.020000000000000018e+00,-7.644562125205993652e-01,-1.259426325559616089e-01,4.325076103210449219e+00,1.000000000000000000e+00
2.040000000000000036e+00,-7.799049019813537598e-01,-1.335241198539733887e-01,4.369519710540771484e+00,1.000000000000000000e+00
2.060000000000000053e+00,-7.953842282295227051e-01,-1.412235945463180542e-01,4.413884639739990234e+00,1.000000000000000000e+00
2.080000000000000071e+00,-8.109054565429687500e-01,-1.490290015935897827e-01,4.458183765411376953e+00,1.000000000000000000e+00
2.100000000000000089e+00,-8.264816403388977051e-01,-1.569303423166275024e-01,4.502456665039062500e+00,1.000000000000000000e+00
2.120000000000000107e+00,-8.421262502670288086e-01,-1.649177670478820801e-01,4.546683311462402344e+00,1.000000000000000000e+00
2.140000000000000124e+00,-8.578534722328186035e-01,-1.729829460382461548e-01,4.590830326080322266e+00,1.000000000000000000e+00
2.160000000000000142e+00,-8.736788630485534668e-01,-1.811204999685287476e-01,4.634906768798828125e+00,1.000000000000000000e+00
2.180000000000000160e+00,-8.896182179450988770e-01,-1.893274039030075073e-01,4.678930759429931641e+00,1.000000000000000000e+00
2.200000000000000178e+00,-9.056874513626098633e-01,-1.976028680801391602e-01,4.722926616668701172e+00,1.000000000000000000e+00
2.220000000000000195e+00,-9.219007492065429688e-01,-2.059474438428878784e-01,4.766889572143554688e+00,1.000000000000000000e+00
2.240000000000000213e+00,-9.382715821266174316e-01,-2.143634259700775146e-01,4.810809612274169922e+00,1.000000000000000000e+00
2.260000000000000231e+00,-9.548130035400390625e-01,-2.228554189205169678e-01,4.854697227478027344e+00,1.000000000000000000e+00
2.280000000000000249e+00,-9.715363979339599609e-01,-2.314298003911972046e-01,4.898559093475341797e+00,1.000000000000000000e+00
2.300000000000000266e+00,-9.884510636329650879e-01,-2.400945276021957397e-01,4.942397117614746094e+00,1.000000000000000000e+00
2.319999999999999840e+00,-1.005564332008361816e+00,-2.488588243722915649e-01,4.986211299896240234e+00,1.000000000000000000e+00
2.339999999999999858e+00,-1.022882223129272461e+00,-2.577334642410278320e-01,5.030016899108886719e+00,1.000000000000000000e+00
2.359999999999999876e+00,-1.040408611297607422e+00,-2.667303085327148438e-01,5.073828220367431641e+00,1.000000000000000000e+00
2.379999999999999893e+00,-1.058143973350524902e+00,-2.758617699146270752e-01,5.117648124694824219e+00,1.000000000000000000e+00
2.399999999999999911e+00,-1.076086759567260742e+00,-2.851410210132598877e-01,5.161481857299804688e+00,1.000000000000000000e+00
2.419999999999999929e+00,-1.094232320785522461e+00,-2.945806682109832764e-01,5.205317974090576172e+00,1.000000000000000000e+00
2.439999999999999947e+00,-1.112573266029357910e+00,-3.041925728321075439e-01,5.249135017395019531e+00,1.000000000000000000e+00
2.459999999999999964e+00,-1.131101131439208984e+00,-3.139886558055877686e-01,5.292921066284179688e+00,1.000000000000000000e+00
2.479999999999999982e+00,-1.149806618690490723e+00,-3.239814341068267822e-01,5.336685180664062500e+00,1.000000000000000000e+00
2.500000000000000000e+00,-1.168679356575012207e+00,-3.341830074787139893e-01,5.380444526672363281e+00,1.000000000000000000e+00
2.520000000000000018e+00,-1.187706351280212402e+00,-3.446026742458343506e-01,5.424186706542968750e+00,1.000000000000000000e+00
2.540000000000000036e+00,-1.206873416900634766e+00,-3.552474677562713623e-01,5.467886447906494141e+00,1.000000000000000000e+00
2.560000000000000053e+00,-1.226164937019348145e+00,-3.661234378814697266e-01,5.511524677276611328e+00,1.000000000000000000e+00
2.580000000000000071e+00,-1.245566606521606445e+00,-3.772374987602233887e-01,5.555116176605224609e+00,1.000000000000000000e+00
2.600000000000000089e+00,-1.265063285827636719e+00,-3.885969519615173340e-01,5.598700523376464844e+00,1.000000000000000000e+00
2.620000000000000107e+00,-1.284639120101928711e+00,-4.002050459384918213e-01,5.642275333404541016e+00,1.000000000000000000e+00
2.640000000000000124e+00,-1.304277420043945312e+00,-4.120620489120483398e-01,5.685814857482910156e+00,1.000000000000000000e+00
2.660000000000000142e+00,-1.323962688446044922e+00,-4.241680204868316650e-01,5.729314327239990234e+00,1.000000000000000000e+00
2.680000000000000160e+00,-1.343679904937744141e+00,-4.365231990814208984e-01,5.772789955139160156e+00,1.000000000000000000e+00
2.700000000000000178e+00,-1.363415479660034180e+00,-4.491275548934936523e-01,5.816276550292968750e+00,1.000000000000000000e+00
2.720000000000000195e+00,-1.383156657218933105e+00,-4.619762897491455078e-01,5.859760284423828125e+00,1.000000000000000000e+00
2.740000000000000213e+00,-1.402892112731933594e+00,-4.750617742538452148e-01,5.903204917907714844e+00,1.000000000000000000e+00
2.760000000000000231e+00,-1.422612547874450684e+00,-4.883774220943450928e-01,5.946609973907470703e+00,1.000000000000000000e+00
2.780000000000000249e+00,-1.442309856414794922e+00,-5.019165873527526855e-01,5.989987850189208984e+00,1.000000000000000000e+00
2.800000000000000266e+00,-1.461977243423461914e+00,-5.156725049018859863e-01,6.033356666564941406e+00,1.000000000000000000e+00
2.819999999999999840e+00,-1.481610417366027832e+00,-5.296359658241271973e-01,6.076709747314453125e+00,1.000000000000000000e+00
2.839999999999999858e+00,-1.501206755638122559e+00,-5.437977313995361328e-01,6.120040416717529297e+00,1.000000000000000000e+00
2.859999999999999876e+00,-1.520765185356140137e+00,-5.581488013267517090e-01,6.163351535797119141e+00,1.000000000000000000e+00
2.879999999999999893e+00,-1.540285825729370117e+00,-5.726809501647949219e-01,6.206660747528076172e+00,1.000000000000000000e+00
2.899999999999999911e+00,-1.559769630432128906e+00,-5.873870849609375000e-01,6.249997615814208984e+00,1.000000000000000000e+00
2.919999999999999929e+00,-1.579219460487365723e+00,-6.022584438323974609e-01,6.293353557586669922e+00,1.000000000000000000e+00
2.939999999999999947e+00,-1.598639607429504395e+00,-6.172857880592346191e-01,6.336690902709960938e+00,1.000000000000000000e+00
2.959999999999999964e+00,-1.618034839630126953e+00,-6.324619054794311523e-01,6.380002975463867188e+00,1.000000000000000000e+00
2.979999999999999982e+00,-1.637410402297973633e+00,-6.477814316749572754e-01,6.423306941986083984e+00,1.000000000000000000e+00
3.000000000000000000e+00,-1.656771898269653320e+00,-6.632403135299682617e-01,6.466629028320312500e+00,1.000000000000000000e+00
3.020000000000000018e+00,-1.676125288009643555e+00,-6.788341999053955078e-01,6.509956836700439453e+00,1.000000000000000000e+00
3.040000000000000036e+00,-1.695476889610290527e+00,-6.945590972900390625e-01,6.553268909454345703e+00,1.000000000000000000e+00
3.060000000000000053e+00,-1.714833021163940430e+00,-7.104133963584899902e-01,6.596567630767822266e+00,1.000000000000000000e+00
3.080000000000000071e+00,-1.734199285507202148e+00,-7.263967990875244141e-01,6.639868259429931641e+00,1.000000000000000000e+00
3.100000000000000089e+00,-1.753580451011657715e+00,-7.425112724304199219e-01,6.683207511901855469e+00,1.000000000000000000e+00
3.120000000000000107e+00,-1.772980570793151855e+00,-7.587580084800720215e-01,6.726582527160644531e+00,1.000000000000000000e+00
3.140000000000000124e+00,-1.792402982711791992e+00,-7.751387357711791992e-01,6.769976615905761719e+00,1.000000000000000000e+00
3.160000000000000142e+00,-1.811850190162658691e+00,-7.916563153266906738e-01,6.813384532928466797e+00,1.000000000000000000e+00
3.180000000000000160e+00,-1.831323623657226562e+00,-8.083152174949645996e-01,6.856816291809082031e+00,1.000000000000000000e+00
3.200000000000000178e+00,-1.850823640823364258e+00,-8.251209259033203125e-01,6.900294303894042969e+00,1.000000000000000000e+00
3.220000000000000195e+00,-1.870349287986755371e+00,-8.420774936676025391e-01,6.943793773651123047e+00,1.000000000000000000e+00
3.240000000000000213e+00,-1.889898657798767090e+00,-8.591883778572082520e-01,6.987277507781982422e+00,1.000000000000000000e+00
3.260000000000000231e+00,-1.909469366073608398e+00,-8.764591813087463379e-01,7.030747413635253906e+00,1.000000000000000000e+00
3.280000000000000249e+00,-1.929057598114013672e+00,-8.938974738121032715e-01,7.074244499206542969e+00,1.000000000000000000e+00
3.300000000000000266e+00,-1.948658347129821777e+00,-9.115108251571655273e-01,7.117803573608398438e+00,1.000000000000000000e+00
3.320000000000000284e+00,-1.968264818191528320e+00,-9.293040633201599121e-01,7.161399841308593750e+00,1.000000000000000000e+00
3.339999999999999858e+00,-1.987869739532470703e+00,-9.472799301147460938e-01,7.204973220825195312e+00,1.000000000000000000e+00
3.359999999999999876e+00,-2.007464647293090820e+00,-9.654428958892822266e-01,7.248499870300292969e+00,1.000000000000000000e+00
3.379999999999999893e+00,-2.027039766311645508e+00,-9.838000535964965820e-01,7.292011260986328125e+00,1.000000000000000000e+00
3.399999999999999911e+00,-2.046584844589233398e+00,-1.002359151840209961e+00,7.335549354553222656e+00,1.000000000000000000e+00
3.419999999999999929e+00,-2.066088914871215820e+00,-1.021124005317687988e+00,7.379090785980224609e+00,1.000000000000000000e+00
3.439999999999999947e+00,-2.085540771484375000e+00,-1.040095925331115723e+00,7.422585964202880859e+00,1.000000000000000000e+00
3.459999999999999964e+00,-2.104928731918334961e+00,-1.059278488159179688e+00,7.466031074523925781e+00,1.000000000000000000e+00
3.479999999999999982e+00,-2.124240159988403320e+00,-1.078677058219909668e+00,7.509462833404541016e+00,1.000000000000000000e+00
3.500000000000000000e+00,-2.143462181091308594e+00,-1.098296403884887695e+00,7.552920341491699219e+00,1.000000000000000000e+00
3.520000000000000018e+00,-2.162583112716674805e+00,-1.118135929107666016e+00,7.596379280090332031e+00,1.000000000000000000e+00
3.540000000000000036e+00,-2.181593418121337891e+00,-1.138193368911743164e+00,7.639795303344726562e+00,1.000000000000000000e+00
3.560000000000000053e+00,-2.200481891632080078e+00,-1.158467531204223633e+00,7.683166503906250000e+00,1.000000000000000000e+00
3.580000000000000071e+00,-2.219237565994262695e+00,-1.178958058357238770e+00,7.726521492004394531e+00,1.000000000000000000e+00
3.600000000000000089e+00,-2.237849712371826172e+00,-1.199664592742919922e+00,7.769896030426025391e+00,1.000000000000000000e+00
3.620000000000000107e+00,-2.256309270858764648e+00,-1.220582127571105957e+00,7.813278675079345703e+00,1.000000000000000000e+00
3.640000000000000124e+00,-2.274610042572021484e+00,-1.241704940795898438e+00,7.856645584106445312e+00,1.000000000000000000e+00
3.660000000000000142e+00,-2.292743921279907227e+00,-1.263028621673583984e+00,7.900021076202392578e+00,1.000000000000000000e+00
3.680000000000000160e+00,-2.310703754425048828e+00,-1.284548401832580566e+00,7.943437099456787109e+00,1.000000000000000000e+00
3.700000000000000178e+00,-2.328484058380126953e+00,-1.306258320808410645e+00,7.986913681030273438e+00,1.000000000000000000e+00
3.720000000000000195e+00,-2.346081972122192383e+00,-1.328149080276489258e+00,8.030424118041992188e+00,1.000000000000000000e+00
3.740000000000000213e+00,-2.363497734069824219e+00,-1.350210666656494141e+00,8.073928833007812500e+00,1.000000000000000000e+00
3.760000000000000231e+00,-2.380731105804443359e+00,-1.372433781623840332e+00,8.117413520812988281e+00,1.000000000000000000e+00
3.780000000000000249e+00,-2.397781133651733398e+00,-1.394809842109680176e+00,8.160886764526367188e+00,1.000000000000000000e+00
3.800000000000000266e+00,-2.414648056030273438e+00,-1.417330980300903320e+00,8.204371452331542969e+00,1.000000000000000000e+00
3.820000000000000284e+00,-2.431333780288696289e+00,-1.439987421035766602e+00,8.247849464416503906e+00,1.000000000000000000e+00
3.839999999999999858e+00,-2.447842836380004883e+00,-1.462768912315368652e+00,8.291293144226074219e+00,1.000000000000000000e+00
3.859999999999999876e+00,-2.464177131652832031e+00,-1.485667586326599121e+00,8.334723472595214844e+00,1.000000000000000000e+00
3.879999999999999893e+00,-2.480338335037231445e+00,-1.508676528930664062e+00,8.378182411193847656e+00,1.000000000000000000e+00
3.899999999999999911e+00,-2.496327400207519531e+00,-1.531789302825927734e+00,8.421708106994628906e+00,1.000000000000000000e+00
3.919999999999999929e+00,-2.512148141860961914e+00,-1.554998397827148438e+00,8.465289115905761719e+00,1.000000000000000000e+00
3.939999999999999947e+00,-2.527805328369140625e+00,-1.578296542167663574e+00,8.508886337280273438e+00,1.000000000000000000e+00
3.959999999999999964e+00,-2.543302297592163086e+00,-1.601677417755126953e+00,8.552478790283203125e+00,1.000000000000000000e+00
3.979999999999999982e+00,-2.558640480041503906e+00,-1.625137090682983398e+00,8.596087455749511719e+00,1.000000000000000000e+00
4.000000000000000000e+00,-2.573820114135742188e+00,-1.648672461509704590e+00,8.639749526977539062e+00,1.000000000000000000e+00
4.020000000000000462e+00,-2.588842868804931641e+00,-1.672279715538024902e+00,8.683442115783691406e+00,1.000000000000000000e+00
4.040000000000000036e+00,-2.603710889816284180e+00,-1.695955634117126465e+00,8.727120399475097656e+00,1.000000000000000000e+00
4.060000000000000497e+00,-2.618424892425537109e+00,-1.719697952270507812e+00,8.770774841308593750e+00,1.000000000000000000e+00
4.080000000000000071e+00,-2.632983446121215820e+00,-1.743505835533142090e+00,8.814425468444824219e+00,1.000000000000000000e+00
4.099999999999999645e+00,-2.647384405136108398e+00,-1.767378926277160645e+00,8.858104705810546875e+00,1.000000000000000000e+00
4.120000000000000107e+00,-2.661627292633056641e+00,-1.791316032409667969e+00,8.901795387268066406e+00,1.000000000000000000e+00
4.139999999999999680e+00,-2.675711870193481445e+00,-1.815315842628479004e+00,8.945464134216308594e+00,1.000000000000000000e+00
4.160000000000000142e+00,-2.689636230468750000e+00,-1.839378118515014648e+00,8.989124298095703125e+00,1.000000000000000000e+00
4.179999999999999716e+00,-2.703396558761596680e+00,-1.863503098487854004e+00,9.032816886901855469e+00,1.000000000000000000e+00
4.200000000000000178e+00,-2.716988563537597656e+00,-1.887691378593444824e+00,9.076567649841308594e+00,1.000000000000000000e+00
4.219999999999999751e+00,-2.730410575866699219e+00,-1.911942124366760254e+00,9.120348930358886719e+00,1.000000000000000000e+00
4.240000000000000213e+00,-2.743660449981689453e+00,-1.936254858970642090e+00,9.164121627807617188e+00,1.000000000000000000e+00
4.259999999999999787e+00,-2.756734132766723633e+00,-1.960629224777221680e+00,9.207883834838867188e+00,1.000000000000000000e+00
4.280000000000000249e+00,-2.769627332687377930e+00,-1.985065579414367676e+00,9.251643180847167969e+00,1.000000000000000000e+00
4.299999999999999822e+00,-2.782333612442016602e+00,-2.009564399719238281e+00,9.295428276062011719e+00,1.000000000000000000e+00
4.320000000000000284e+00,-2.794848442077636719e+00,-2.034125089645385742e+00,9.339216232299804688e+00,1.000000000000000000e+00
4.339999999999999858e+00,-2.807169437408447266e+00,-2.058746576309204102e+00,9.382957458496093750e+00,1.000000000000000000e+00
4.360000000000000320e+00,-2.819291114807128906e+00,-2.083427429199218750e+00,9.426651000976562500e+00,1.000000000000000000e+00
4.379999999999999893e+00,-2.831206560134887695e+00,-2.108166933059692383e+00,9.470336914062500000e+00,1.000000000000000000e+00
4.400000000000000355e+00,-2.842907428741455078e+00,-2.132965326309204102e+00,9.514060020446777344e+00,1.000000000000000000e+00
4.419999999999999929e+00,-2.854389905929565430e+00,-2.157820224761962891e+00,9.557799339294433594e+00,1.000000000000000000e+00
4.440000000000000391e+00,-2.865651130676269531e+00,-2.182728290557861328e+00,9.601512908935546875e+00,1.000000000000000000e+00
4.459999999999999964e+00,-2.876687049865722656e+00,-2.207686662673950195e+00,9.645189285278320312e+00,1.000000000000000000e+00
4.480000000000000426e+00,-2.887491941452026367e+00,-2.232692241668701172e+00,9.688839912414550781e+00,1.000000000000000000e+00
4.500000000000000000e+00,-2.898059606552124023e+00,-2.257741689682006836e+00,9.732492446899414062e+00,1.000000000000000000e+00
4.520000000000000462e+00,-2.908386468887329102e+00,-2.282831668853759766e+00,9.776138305664062500e+00,1.000000000000000000e+00
4.540000000000000036e+00,-2.918469667434692383e+00,-2.307957172393798828e+00,9.819755554199218750e+00,1.000000000000000000e+00
4.560000000000000497e+00,-2.928303956985473633e+00,-2.333113670349121094e+00,9.863362312316894531e+00,1.000000000000000000e+00
4.580000000000000071e+00,-2.937882661819458008e+00,-2.358297109603881836e+00,9.907000541687011719e+00,1.000000000000000000e+00
4.600000000000000533e+00,-2.947198867797851562e+00,-2.383502960205078125e+00,9.950716972351074219e+00,1.000000000000000000e+00
4.620000000000000107e+00,-2.956248998641967773e+00,-2.408725738525390625e+00,9.994509696960449219e+00,1.000000000000000000e+00
4.639999999999999680e+00,-2.965031147003173828e+00,-2.433960199356079102e+00,1.003834438323974609e+01,1.000000000000000000e+00
4.660000000000000142e+00,-2.973543405532836914e+00,-2.459200859069824219e+00,1.008221817016601562e+01,1.000000000000000000e+00
4.679999999999999716e+00,-2.981780052185058594e+00,-2.484442949295043945e+00,1.012615585327148438e+01,1.000000000000000000e+00
4.700000000000000178e+00,-2.989734649658203125e+00,-2.509680747985839844e+00,1.017019939422607422e+01,1.000000000000000000e+00
4.719999999999999751e+00,-2.997406482696533203e+00,-2.534910202026367188e+00,1.021432018280029297e+01,1.000000000000000000e+00
4.740000000000000213e+00,-3.004796743392944336e+00,-2.560126066207885742e+00,1.025845050811767578e+01,1.000000000000000000e+00
4.759999999999999787e+00,-3.011904239654541016e+00,-2.585324287414550781e+00,1.030256843566894531e+01,1.000000000000000000e+00
4.780000000000000249e+00,-3.018723964691162109e+00,-2.610500097274780273e+00,1.034670734405517578e+01,1.000000000000000000e+00
4.799999999999999822e+00,-3.025248289108276367e+00,-2.635650396347045898e+00,1.039092350006103516e+01,1.000000000000000000e+00
4.820000000000000284e+00,-3.031476497650146484e+00,-2.660770893096923828e+00,1.043519878387451172e+01,1.000000000000000000e+00
4.839999999999999858e+00,-3.037409305572509766e+00,-2.685858249664306641e+00,1.047948074340820312e+01,1.000000000000000000e+00
4.860000000000000320e+00,-3.043046236038208008e+00,-2.710908889770507812e+00,1.052374172210693359e+01,1.000000000000000000e+00
4.879999999999999893e+00,-3.048384666442871094e+00,-2.735919952392578125e+00,1.056798744201660156e+01,1.000000000000000000e+00
4.900000000000000355e+00,-3.053418159484863281e+00,-2.760887384414672852e+00,1.061227035522460938e+01,1.000000000000000000e+00
4.919999999999999929e+00,-3.058144807815551758e+00,-2.785808086395263672e+00,1.065658950805664062e+01,1.000000000000000000e+00
4.940000000000000391e+00,-3.062567472457885742e+00,-2.810679912567138672e+00,1.070088768005371094e+01,1.000000000000000000e+00
4.959999999999999964e+00,-3.066687583923339844e+00,-2.835499286651611328e+00,1.074513244628906250e+01,1.000000000000000000e+00
4.980000000000000426e+00,-3.070501804351806641e+00,-2.860263824462890625e+00,1.078935050964355469e+01,1.000000000000000000e+00
5.000000000000000000e+00,-3.074005126953125000e+00,-2.884969472885131836e+00,1.083360576629638672e+01,1.000000000000000000e+00
5.020000000000000462e+00,-3.077198266983032227e+00,-2.909613132476806641e+00,1.087788867950439453e+01,1.000000000000000000e+00
5.040000000000000036e+00,-3.080085515975952148e+00,-2.934192419052124023e+00,1.092215061187744141e+01,1.000000000000000000e+00
5.060000000000000497e+00,-3.082668781280517578e+00,-2.958704471588134766e+00,1.096638011932373047e+01,1.000000000000000000e+00
5.080000000000000071e+00,-3.084946870803833008e+00,-2.983145952224731445e+00,1.101060867309570312e+01,1.000000000000000000e+00
5.100000000000000533e+00,-3.086916208267211914e+00,-3.007513284683227539e+00,1.105489826202392578e+01,1.000000000000000000e+00
5.120000000000000107e+00,-3.088579177856445312e+00,-3.031804561614990234e+00,1.109923171997070312e+01,1.000000000000000000e+00
5.139999999999999680e+00,-3.089941024780273438e+00,-3.056018352508544922e+00,1.114355850219726562e+01,1.000000000000000000e+00
5.160000000000000142e+00,-3.091004848480224609e+00,-3.080153465270996094e+00,1.118785476684570312e+01,1.000000000000000000e+00
5.179999999999999716e+00,-3.091770410537719727e+00,-3.104207754135131836e+00,1.123214340209960938e+01,1.000000000000000000e+00
5.200000000000000178e+00,-3.092235326766967773e+00,-3.128178119659423828e+00,1.127647972106933594e+01,1.000000000000000000e+00
5.219999999999999751e+00,-3.092402458190917969e+00,-3.152063608169555664e+00,1.132085514068603516e+01,1.000000000000000000e+00
5.240000000000000213e+00,-3.092278480529785156e+00,-3.175863504409790039e+00,1.136521244049072266e+01,1.000000000000000000e+00
5.259999999999999787e+00,-3.091867685317993164e+00,-3.199576139450073242e+00,1.140952873229980469e+01,1.000000000000000000e+00
5.280000000000000249e+00,-3.091171979904174805e+00,-3.223199844360351562e+00,1.145382308959960938e+01,1.000000000000000000e+00
5.299999999999999822e+00,-3.090189933776855469e+00,-3.246732473373413086e+00,1.149815940856933594e+01,1.000000000000000000e+00
5.320000000000000284e+00,-3.088924169540405273e+00,-3.270172119140625000e+00,1.154253864288330078e+01,1.000000000000000000e+00
5.339999999999999858e+00,-3.087382316589355469e+00,-3.293519020080566406e+00,1.158690738677978516e+01,1.000000000000000000e+00
5.360000000000000320e+00,-3.085569858551025391e+00,-3.316772460937500000e+00,1.163123607635498047e+01,1.000000000000000000e+00
5.379999999999999893e+00,-3.083486557006835938e+00,-3.339930295944213867e+00,1.167557716369628906e+01,1.000000000000000000e+00
5.400000000000000355e+00,-3.081129789352416992e+00,-3.362990140914916992e+00,1.172000885009765625e+01,1.000000000000000000e+00
5.419999999999999929e+00,-3.078502655029296875e+00,-3.385951280593872070e+00,1.176452636718750000e+01,1.000000000000000000e+00
5.440000000000000391e+00,-3.075611829757690430e+00,-3.408814191818237305e+00,1.180908012390136719e+01,1.000000000000000000e+00
5.459999999999999964e+00,-3.072461366653442383e+00,-3.431578636169433594e+00,1.185364246368408203e+01,1.000000000000000000e+00
5.480000000000000426e+00,-3.069054126739501953e+00,-3.454244136810302734e+00,1.189820766448974609e+01,1.000000000000000000e+00
5.500000000000000000e+00,-3.065392017364501953e+00,-3.476810932159423828e+00,1.194278717041015625e+01,1.000000000000000000e+00
5.520000000000000462e+00,-3.061480760574340820e+00,-3.499280691146850586e+00,1.198732852935791016e+01,1.000000000000000000e+00
5.540000000000000036e+00,-3.057329177856445312e+00,-3.521656751632690430e+00,1.203174018859863281e+01,1.000000000000000000e+00
5.560000000000000497e+00,-3.052942514419555664e+00,-3.543941736221313477e+00,1.207600498199462891e+01,1.000000000000000000e+00
5.580000000000000071e+00,-3.048321485519409180e+00,-3.566137313842773438e+00,1.212016105651855469e+01,1.000000000000000000e+00
5.600000000000000533e+00,-3.043464660644531250e+00,-3.588243484497070312e+00,1.216427993774414062e+01,1.000000000000000000e+00
5.620000000000000107e+00,-3.038375616073608398e+00,-3.610262393951416016e+00,1.220835876464843750e+01,1.000000000000000000e+00
5.639999999999999680e+00,-3.033060312271118164e+00,-3.632197141647338867e+00,1.225234603881835938e+01,1.000000000000000000e+00
5.660000000000000142e+00,-3.027523040771484375e+00,-3.654049873352050781e+00,1.229622268676757812e+01,1.000000000000000000e+00
5.679999999999999716e+00,-3.021764039993286133e+00,-3.675821542739868164e+00,1.234003162384033203e+01,1.000000000000000000e+00
5.700000000000000178e+00,-3.015781164169311523e+00,-3.697512626647949219e+00,1.238384437561035156e+01,1.000000000000000000e+00
5.719999999999999751e+00,-3.009577274322509766e+00,-3.719124317169189453e+00,1.242765045166015625e+01,1.000000000000000000e+00
5.740000000000000213e+00,-3.003159046173095703e+00,-3.740659475326538086e+00,1.247137737274169922e+01,1.000000000000000000e+00
5.759999999999999787e+00,-2.996531009674072266e+00,-3.762119293212890625e+00,1.251499462127685547e+01,1.000000000000000000e+00
5.780000000000000249e+00,-2.989692449569702148e+00,-3.783504247665405273e+00,1.255853939056396484e+01,1.000000000000000000e+00
5.799999999999999822e+00,-2.982641696929931641e+00,-3.804813623428344727e+00,1.260208225250244141e+01,1.000000000000000000e+00
5.820000000000000284e+00,-2.975381851196289062e+00,-3.826048135757446289e+00,1.264562129974365234e+01,1.000000000000000000e+00
5.839999999999999858e+00,-2.967918395996093750e+00,-3.847208499908447266e+00,1.268910408020019531e+01,1.000000000000000000e+00
5.860000000000000320e+00,-2.960254907608032227e+00,-3.868294954299926758e+00,1.273251914978027344e+01,1.000000000000000000e+00
5.879999999999999893e+00,-2.952392339706420898e+00,-3.889306783676147461e+00,1.277590179443359375e+01,1.000000000000000000e+00
5.900000000000000355e+00,-2.944330692291259766e+00,-3.910242795944213867e+00,1.281930637359619141e+01,1.000000000000000000e+00
5.919999999999999929e+00,-2.936073541641235352e+00,-3.931102752685546875e+00,1.286272716522216797e+01,1.000000000000000000e+00
5.940000000000000391e+00,-2.927627086639404297e+00,-3.951886653900146484e+00,1.290611171722412109e+01,1.000000000000000000e+00
5.959999999999999964e+00,-2.918997049331665039e+00,-3.972594261169433594e+00,1.294942760467529297e+01,1.000000000000000000e+00
5.980000000000000426e+00,-2.910185575485229492e+00,-3.993224620819091797e+00,1.299268913269042969e+01,1.000000000000000000e+00
6.000000000000000000e+00,-2.901193380355834961e+00,-4.013775825500488281e+00,1.303595256805419922e+01,1.000000000000000000e+00
6.020000000000000462e+00,-2.892023086547851562e+00,-4.034246921539306641e+00,1.307922554016113281e+01,1.000000000000000000e+00
6.040000000000000036e+00,-2.882679462432861328e+00,-4.054636478424072266e+00,1.312248420715332031e+01,1.000000000000000000e+00
6.060000000000000497e+00,-2.873165130615234375e+00,-4.074944972991943359e+00,1.316573810577392578e+01,1.000000000000000000e+00
6.080000000000000071e+00,-2.863481044769287109e+00,-4.095168113708496094e+00,1.320902347564697266e+01,1.000000000000000000e+00
6.100000000000000533e+00,-2.853627443313598633e+00,-4.115304946899414062e+00,1.325239181518554688e+01,1.000000000000000000e+00
6.120000000000000107e+00,-2.843606948852539062e+00,-4.135354518890380859e+00,1.329583930969238281e+01,1.000000000000000000e+00
6.140000000000000568e+00,-2.833424091339111328e+00,-4.155315876007080078e+00,1.333931732177734375e+01,1.000000000000000000e+00
6.160000000000000142e+00,-2.823082923889160156e+00,-4.175188541412353516e+00,1.338279342651367188e+01,1.000000000000000000e+00
6.179999999999999716e+00,-2.812584400177001953e+00,-4.194970130920410156e+00,1.342628479003906250e+01,1.000000000000000000e+00
6.200000000000000178e+00,-2.801927328109741211e+00,-4.214658737182617188e+00,1.346985340118408203e+01,1.000000000000000000e+00
6.219999999999999751e+00,-2.791113853454589844e+00,-4.234251976013183594e+00,1.351349353790283203e+01,1.000000000000000000e+00
6.240000000000000213e+00,-2.780148983001708984e+00,-4.253749847412109375e+00,1.355715179443359375e+01,1.000000000000000000e+00
6.259999999999999787e+00,-2.769035577774047852e+00,-4.273150444030761719e+00,1.360079860687255859e+01,1.000000000000000000e+00
6.280000000000000249e+00,-2.757775545120239258e+00,-4.292452812194824219e+00,1.364444541931152344e+01,1.000000000000000000e+00
6.299999999999999822e+00,-2.746368885040283203e+00,-4.311654090881347656e+00,1.368813610076904297e+01,1.000000000000000000e+00
6.320000000000000284e+00,-2.734816789627075195e+00,-4.330752372741699219e+00,1.373187065124511719e+01,1.000000000000000000e+00
6.339999999999999858e+00,-2.723123311996459961e+00,-4.349746227264404297e+00,1.377561092376708984e+01,1.000000000000000000e+00
6.360000000000000320e+00,-2.711290121078491211e+00,-4.368635177612304688e+00,1.381934356689453125e+01,1.000000000000000000e+00
6.379999999999999893e+00,-2.699317693710327148e+00,-4.387415885925292969e+00,1.386309242248535156e+01,1.000000000000000000e+00
6.400000000000000355e+00,-2.687203645706176758e+00,-4.406085968017578125e+00,1.390691566467285156e+01,1.000000000000000000e+00
6.419999999999999929e+00,-2.674949169158935547e+00,-4.424643039703369141e+00,1.395080757141113281e+01,1.000000000000000000e+00
6.440000000000000391e+00,-2.662557363510131836e+00,-4.443087577819824219e+00,1.399471092224121094e+01,1.000000000000000000e+00
6.459999999999999964e+00,-2.650029182434082031e+00,-4.461417675018310547e+00,1.403859138488769531e+01,1.000000000000000000e+00
6.480000000000000426e+00,-2.637364387512207031e+00,-4.479631900787353516e+00,1.408246040344238281e+01,1.000000000000000000e+00
6.500000000000000000e+00,-2.624561071395874023e+00,-4.497727394104003906e+00,1.412636756896972656e+01,1.000000000000000000e+00
6.520000000000000462e+00,-2.611618280410766602e+00,-4.515701770782470703e+00,1.417031288146972656e+01,1.000000000000000000e+00
6.540000000000000036e+00,-2.598537683486938477e+00,-4.533555030822753906e+00,1.421426486968994141e+01,1.000000000000000000e+00
6.560000000000000497e+00,-2.585320949554443359e+00,-4.551285266876220703e+00,1.425821113586425781e+01,1.000000000000000000e+00
6.580000000000000071e+00,-2.571966171264648438e+00,-4.568891525268554688e+00,1.430216407775878906e+01,1.000000000000000000e+00
6.600000000000000533e+00,-2.558471441268920898e+00,-4.586369991302490234e+00,1.434617424011230469e+01,1.000000000000000000e+00
6.620000000000000107e+00,-2.544836997985839844e+00,-4.603719711303710938e+00,1.439023399353027344e+01,1.000000000000000000e+00
6.640000000000000568e+00,-2.531065225601196289e+00,-4.620940685272216797e+00,1.443429374694824219e+01,1.000000000000000000e+00
6.660000000000000142e+00,-2.517157793045043945e+00,-4.638032913208007812e+00,1.447831535339355469e+01,1.000000000000000000e+00
6.679999999999999716e+00,-2.503113746643066406e+00,-4.654994010925292969e+00,1.452231788635253906e+01,1.000000000000000000e+00
6.700000000000000178e+00,-2.488931179046630859e+00,-4.671822547912597656e+00,1.456636047363281250e+01,1.000000000000000000e+00
6.719999999999999751e+00,-2.474609375000000000e+00,-4.688516139984130859e+00,1.461044025421142578e+01,1.000000000000000000e+00
6.740000000000000213e+00,-2.460151910781860352e+00,-4.705075740814208984e+00,1.465450859069824219e+01,1.000000000000000000e+00
6.759999999999999787e+00,-2.445560455322265625e+00,-4.721501827239990234e+00,1.469853496551513672e+01,1.000000000000000000e+00
6.780000000000000249e+00,-2.430834054946899414e+00,-4.737792491912841797e+00,1.474255084991455078e+01,1.000000000000000000e+00
6.799999999999999822e+00,-2.415970325469970703e+00,-4.753944396972656250e+00,1.478662109375000000e+01,1.000000000000000000e+00
6.820000000000000284e+00,-2.400969743728637695e+00,-4.769957542419433594e+00,1.483074665069580078e+01,1.000000000000000000e+00
6.839999999999999858e+00,-2.385834693908691406e+00,-4.785832405090332031e+00,1.487488746643066406e+01,1.000000000000000000e+00
6.860000000000000320e+00,-2.370565414428710938e+00,-4.801569461822509766e+00,1.491903591156005859e+01,1.000000000000000000e+00
6.879999999999999893e+00,-2.355160951614379883e+00,-4.817167758941650391e+00,1.496322059631347656e+01,1.000000000000000000e+00
6.900000000000000355e+00,-2.339619159698486328e+00,-4.832625389099121094e+00,1.500748825073242188e+01,1.000000000000000000e+00
6.919999999999999929e+00,-2.323940277099609375e+00,-4.847943782806396484e+00,1.505182456970214844e+01,1.000000000000000000e+00
6.940000000000000391e+00,-2.308127164840698242e+00,-4.863124847412109375e+00,1.509617614746093750e+01,1.000000000000000000e+00
6.959999999999999964e+00,-2.292181015014648438e+00,-4.878170967102050781e+00,1.514050865173339844e+01,1.000000000000000000e+00
6.980000000000000426e+00,-2.276100873947143555e+00,-4.893083095550537109e+00,1.518483543395996094e+01,1.000000000000000000e+00
7.000000000000000000e+00,-2.259883880615234375e+00,-4.907860755920410156e+00,1.522920227050781250e+01,1.000000000000000000e+00
7.020000000000000462e+00,-2.243529558181762695e+00,-4.922504901885986328e+00,1.527360534667968750e+01,1.000000000000000000e+00
7.040000000000000036e+00,-2.227040052413940430e+00,-4.937020301818847656e+00,1.531800365447998047e+01,1.000000000000000000e+00
7.060000000000000497e+00,-2.210416555404663086e+00,-4.951409339904785156e+00,1.536235904693603516e+01,1.000000000000000000e+00
7.080000000000000071e+00,-2.193656921386718750e+00,-4.965673446655273438e+00,1.540669059753417969e+01,1.000000000000000000e+00
7.100000000000000533e+00,-2.176757335662841797e+00,-4.979813575744628906e+00,1.545106506347656250e+01,1.000000000000000000e+00
7.120000000000000107e+00,-2.159717321395874023e+00,-4.993832588195800781e+00,1.549547767639160156e+01,1.000000000000000000e+00
7.140000000000000568e+00,-2.142538785934448242e+00,-5.007733345031738281e+00,1.553988552093505859e+01,1.000000000000000000e+00
7.160000000000000142e+00,-2.125221729278564453e+00,-5.021520614624023438e+00,1.558427333831787109e+01,1.000000000000000000e+00
7.179999999999999716e+00,-2.107764244079589844e+00,-5.035195350646972656e+00,1.562866878509521484e+01,1.000000000000000000e+00
7.200000000000000178e+00,-2.090163707733154297e+00,-5.048761367797851562e+00,1.567312049865722656e+01,1.000000000000000000e+00
7.219999999999999751e+00,-2.072420358657836914e+00,-5.062220573425292969e+00,1.571761512756347656e+01,1.000000000000000000e+00
7.240000000000000213e+00,-2.054536581039428711e+00,-5.075578212738037109e+00,1.576210117340087891e+01,1.000000000000000000e+00
7.259999999999999787e+00,-2.036513805389404297e+00,-5.088839054107666016e+00,1.580655002593994141e+01,1.000000000000000000e+00
7.280000000000000249e+00,-2.018350601196289062e+00,-5.102007389068603516e+00,1.585097408294677734e+01,1.000000000000000000e+00
7.299999999999999822e+00,-2.000044822692871094e+00,-5.115085601806640625e+00,1.589541816711425781e+01,1.000000000000000000e+00
7.320000000000000284e+00,-1.981596112251281738e+00,-5.128077030181884766e+00,1.593988037109375000e+01,1.000000000000000000e+00
7.339999999999999858e+00,-1.963006615638732910e+00,-5.140988826751708984e+00,1.598431777954101562e+01,1.000000000000000000e+00
7.360000000000000320e+00,-1.944277286529541016e+00,-5.153825283050537109e+00,1.602871131896972656e+01,1.000000000000000000e+00
7.379999999999999893e+00,-1.925406455993652344e+00,-5.166590213775634766e+00,1.607309532165527344e+01,1.000000000000000000e+00
7.400000000000000355e+00,-1.906390309333801270e+00,-5.179287433624267578e+00,1.611753654479980469e+01,1.000000000000000000e+00
7.419999999999999929e+00,-1.887229800224304199e+00,-5.191921234130859375e+00,1.616202735900878906e+01,1.000000000000000000e+00
7.440000000000000391e+00,-1.867927432060241699e+00,-5.204498291015625000e+00,1.620652008056640625e+01,1.000000000000000000e+00
7.459999999999999964e+00,-1.848484516143798828e+00,-5.217023849487304688e+00,1.625099754333496094e+01,1.000000000000000000e+00
7.480000000000000426e+00,-1.828900337219238281e+00,-5.229503154754638672e+00,1.629548835754394531e+01,1.000000000000000000e+00
7.500000000000000000e+00,-1.809173583984375000e+00,-5.241940021514892578e+00,1.634002304077148438e+01,1.000000000000000000e+00
7.520000000000000462e+00,-1.789306282997131348e+00,-5.254340171813964844e+00,1.638458442687988281e+01,1.000000000000000000e+00
7.540000000000000036e+00,-1.769301176071166992e+00,-5.266708850860595703e+00,1.642913246154785156e+01,1.000000000000000000e+00
7.560000000000000497e+00,-1.749160051345825195e+00,-5.279051780700683594e+00,1.647365379333496094e+01,1.000000000000000000e+00
7.580000000000000071e+00,-1.728883028030395508e+00,-5.291372776031494141e+00,1.651815605163574219e+01,1.000000000000000000e+00
7.600000000000000533e+00,-1.708469033241271973e+00,-5.303678035736083984e+00,1.656267547607421875e+01,1.000000000000000000e+00
7.620000000000000107e+00,-1.687919139862060547e+00,-5.315971851348876953e+00,1.660720443725585938e+01,1.000000000000000000e+00
7.640000000000000568e+00,-1.667236924171447754e+00,-5.328260421752929688e+00,1.665168762207031250e+01,1.000000000000000000e+00
7.660000000000000142e+00,-1.646424055099487305e+00,-5.340548515319824219e+00,1.669610977172851562e+01,1.000000000000000000e+00
7.679999999999999716e+00,-1.625479102134704590e+00,-5.352840900421142578e+00,1.674050903320312500e+01,1.000000000000000000e+00
7.700000000000000178e+00,-1.604400038719177246e+00,-5.365143299102783203e+00,1.678493118286132812e+01,1.000000000000000000e+00
7.719999999999999751e+00,-1.583188533782958984e+00,-5.377460479736328125e+00,1.682937049865722656e+01,1.000000000000000000e+00
7.740000000000000213e+00,-1.561847686767578125e+00,-5.389797210693359375e+00,1.687377929687500000e+01,1.000000000000000000e+00
7.759999999999999787e+00,-1.540378808975219727e+00,-5.402158260345458984e+00,1.691814422607421875e+01,1.000000000000000000e+00
7.780000000000000249e+00,-1.518781661987304688e+00,-5.414549827575683594e+00,1.696249008178710938e+01,1.000000000000000000e+00
7.799999999999999822e+00,-1.497054815292358398e+00,-5.426976203918457031e+00,1.700686836242675781e+01,1.000000000000000000e+00
7.820000000000000284e+00,-1.475199699401855469e+00,-5.439442634582519531e+00,1.705127525329589844e+01,1.000000000000000000e+00
7.839999999999999858e+00,-1.453219532966613770e+00,-5.451952457427978516e+00,1.709567832946777344e+01,1.000000000000000000e+00
7.860000000000000320e+00,-1.431115865707397461e+00,-5.464510917663574219e+00,1.714007186889648438e+01,1.000000000000000000e+00
7.879999999999999893e+00,-1.408888936042785645e+00,-5.477123260498046875e+00,1.718448257446289062e+01,1.000000000000000000e+00
7.900000000000000355e+00,-1.386538505554199219e+00,-5.489793300628662109e+00,1.722893333435058594e+01,1.000000000000000000e+00
7.919999999999999929e+00,-1.364066600799560547e+00,-5.502525806427001953e+00,1.727340126037597656e+01,1.000000000000000000e+00
7.940000000000000391e+00,-1.341476202011108398e+00,-5.515324592590332031e+00,1.731784248352050781e+01,1.000000000000000000e+00
7.959999999999999964e+00,-1.318768143653869629e+00,-5.528194427490234375e+00,1.736225509643554688e+01,1.000000000000000000e+00
7.980000000000000426e+00,-1.295942187309265137e+00,-5.541138648986816406e+00,1.740665435791015625e+01,1.000000000000000000e+00
8.000000000000000000e+00,-1.272996664047241211e+00,-5.554163455963134766e+00,1.745106697082519531e+01,1.000000000000000000e+00
8.019999999999999574e+00,-1.249932289123535156e+00,-5.567272186279296875e+00,1.749547767639160156e+01,1.000000000000000000e+00
8.040000000000000924e+00,-1.226750731468200684e+00,-5.580468654632568359e+00,1.753984451293945312e+01,1.000000000000000000e+00
8.060000000000000497e+00,-1.203451752662658691e+00,-5.593758106231689453e+00,1.758416175842285156e+01,1.000000000000000000e+00
8.080000000000000071e+00,-1.180033445358276367e+00,-5.607143878936767578e+00,1.762845993041992188e+01,1.000000000000000000e+00
8.099999999999999645e+00,-1.156493186950683594e+00,-5.620632648468017578e+00,1.767278289794921875e+01,1.000000000000000000e+00
8.120000000000000995e+00,-1.132831335067749023e+00,-5.634227752685546875e+00,1.771711349487304688e+01,1.000000000000000000e+00
8.140000000000000568e+00,-1.109049916267395020e+00,-5.647933006286621094e+00,1.776141166687011719e+01,1.000000000000000000e+00
8.160000000000000142e+00,-1.085149049758911133e+00,-5.661752223968505859e+00,1.780567169189453125e+01,1.000000000000000000e+00
8.179999999999999716e+00,-1.061127185821533203e+00,-5.675690174102783203e+00,1.784992599487304688e+01,1.000000000000000000e+00
8.199999999999999289e+00,-1.036982178688049316e+00,-5.689751625061035156e+00,1.789421463012695312e+01,1.000000000000000000e+00
8.220000000000000639e+00,-1.012715578079223633e+00,-5.703938961029052734e+00,1.793851661682128906e+01,1.000000000000000000e+00
8.240000000000000213e+00,-9.883304238319396973e-01,-5.718254089355468750e+00,1.798277282714843750e+01,1.000000000000000000e+00
8.259999999999999787e+00,-9.638279676437377930e-01,-5.732699871063232422e+00,1.802696990966796875e+01,1.000000000000000000e+00
8.279999999999999361e+00,-9.392070770263671875e-01,-5.747281074523925781e+00,1.807112693786621094e+01,1.000000000000000000e+00
8.300000000000000711e+00,-9.144657254219055176e-01,-5.762001514434814453e+00,1.811528968811035156e+01,1.000000000000000000e+00
8.320000000000000284e+00,-8.896046876907348633e-01,-5.776864528656005859e+00,1.815943908691406250e+01,1.000000000000000000e+00
8.339999999999999858e+00,-8.646262288093566895e-01,-5.791870594024658203e+00,1.820353317260742188e+01,1.000000000000000000e+00
8.359999999999999432e+00,-8.395302891731262207e-01,-5.807023048400878906e+00,1.824756240844726562e+01,1.000000000000000000e+00
8.380000000000000782e+00,-8.143155574798583984e-01,-5.822325229644775391e+00,1.829154968261718750e+01,1.000000000000000000e+00
8.400000000000000355e+00,-7.889792919158935547e-01,-5.837781906127929688e+00,1.833552360534667969e+01,1.000000000000000000e+00
8.419999999999999929e+00,-7.635214328765869141e-01,-5.853394985198974609e+00,1.837946891784667969e+01,1.000000000000000000e+00
8.439999999999999503e+00,-7.379425764083862305e-01,-5.869166374206542969e+00,1.842334365844726562e+01,1.000000000000000000e+00
8.460000000000000853e+00,-7.122417092323303223e-01,-5.885098934173583984e+00,1.846714210510253906e+01,1.000000000000000000e+00
8.480000000000000426e+00,-6.864154338836669922e-01,-5.901196956634521484e+00,1.851089096069335938e+01,1.000000000000000000e+00
8.500000000000000000e+00,-6.604592204093933105e-01,-5.917466163635253906e+00,1.855463409423828125e+01,1.000000000000000000e+00
8.519999999999999574e+00,-6.343711018562316895e-01,-5.933908462524414062e+00,1.859836578369140625e+01,1.000000000000000000e+00
8.540000000000000924e+00,-6.081506609916687012e-01,-5.950526714324951172e+00,1.864204978942871094e+01,1.000000000000000000e+00
8.560000000000000497e+00,-5.817964076995849609e-01,-5.967323303222656250e+00,1.868566513061523438e+01,1.000000000000000000e+00
8.580000000000000071e+00,-5.553044080734252930e-01,-5.984301567077636719e+00,1.872923088073730469e+01,1.000000000000000000e+00
8.599999999999999645e+00,-5.286699533462524414e-01,-6.001467704772949219e+00,1.877277183532714844e+01,1.000000000000000000e+00
8.620000000000000995e+00,-5.018908977508544922e-01,-6.018822669982910156e+00,1.881626510620117188e+01,1.000000000000000000e+00
8.640000000000000568e+00,-4.749661386013031006e-01,-6.036369323730468750e+00,1.885966873168945312e+01,1.000000000000000000e+00
8.660000000000000142e+00,-4.478920698165893555e-01,-6.054110527038574219e+00,1.890298461914062500e+01,1.000000000000000000e+00
8.679999999999999716e+00,-4.206631183624267578e-01,-6.072051525115966797e+00,1.894624328613281250e+01,1.000000000000000000e+00
8.700000000000001066e+00,-3.932726681232452393e-01,-6.090198040008544922e+00,1.898948287963867188e+01,1.000000000000000000e+00
8.720000000000000639e+00,-3.657174110412597656e-01,-6.108553409576416016e+00,1.903270149230957031e+01,1.000000000000000000e+00
8.740000000000000213e+00,-3.379963338375091553e-01,-6.127118110656738281e+00,1.907585906982421875e+01,1.000000000000000000e+00
8.759999999999999787e+00,-3.101074397563934326e-01,-6.145894527435302734e+00,1.911893844604492188e+01,1.000000000000000000e+00
8.779999999999999361e+00,-2.820456027984619141e-01,-6.164887905120849609e+00,1.916196632385253906e+01,1.000000000000000000e+00
8.800000000000000711e+00,-2.538042664527893066e-01,-6.184103012084960938e+00,1.920499610900878906e+01,1.000000000000000000e+00
8.820000000000000284e+00,-2.253815233707427979e-01,-6.203542232513427734e+00,1.924801254272460938e+01,1.000000000000000000e+00
8.839999999999999858e+00,-1.967781633138656616e-01,-6.223205566406250000e+00,1.929096412658691406e+01,1.000000000000000000e+00
8.859999999999999432e+00,-1.679926812648773193e-01,-6.243094444274902344e+00,1.933383750915527344e+01,1.000000000000000000e+00
8.880000000000000782e+00,-1.390211433172225952e-01,-6.263213157653808594e+00,1.937664794921875000e+01,1.000000000000000000e+00
8.900000000000000355e+00,-1.098587661981582642e-01,-6.283565521240234375e+00,1.941942596435546875e+01,1.000000000000000000e+00
8.919999999999999929e+00,-8.050421625375747681e-02,-6.304152011871337891e+00,1.946215248107910156e+01,1.000000000000000000e+00
8.939999999999999503e+00,-5.095803737640380859e-02,-6.324973106384277344e+00,1.950478172302246094e+01,1.000000000000000000e+00
8.960000000000000853e+00,-2.121937647461891174e-02,-6.346029281616210938e+00,1.954729080200195312e+01,1.000000000000000000e+00
8.980000000000000426e+00,8.715895935893058777e-03,-6.367323875427246094e+00,1.958970069885253906e+01,1.000000000000000000e+00
9.000000000000000000e+00,3.885357081890106201e-02,-6.388861179351806641e+00,1.963205909729003906e+01,1.000000000000000000e+00
9.019999999999999574e+00,6.919532269239425659e-02,-6.410642623901367188e+00,1.967436218261718750e+01,1.000000000000000000e+00
9.040000000000000924e+00,9.974008798599243164e-02,-6.432667732238769531e+00,1.971657371520996094e+01,1.000000000000000000e+00
9.060000000000000497e+00,1.304883658885955811e-01,-6.454936504364013672e+00,1.975868415832519531e+01,1.000000000000000000e+00
9.080000000000000071e+00,1.614425331354141235e-01,-6.477450370788574219e+00,1.980070686340332031e+01,1.000000000000000000e+00
9.099999999999999645e+00,1.926058381795883179e-01,-6.500212192535400391e+00,1.984266853332519531e+01,1.000000000000000000e+00
9.120000000000000995e+00,2.239782512187957764e-01,-6.523221015930175781e+00,1.988455009460449219e+01,1.000000000000000000e+00
9.140000000000000568e+00,2.555584013462066650e-01,-6.546474456787109375e+00,1.992631912231445312e+01,1.000000000000000000e+00
9.160000000000000142e+00,2.873468101024627686e-01,-6.569973468780517578e+00,1.996796989440917969e+01,1.000000000000000000e+00
9.179999999999999716e+00,3.193460404872894287e-01,-6.593718528747558594e+00,2.000952148437500000e+01,1.000000000000000000e+00
9.200000000000001066e+00,3.515598773956298828e-01,-6.617712497711181641e+00,2.005100631713867188e+01,1.000000000000000000e+00
9.220000000000000639e+00,3.839882016181945801e-01,-6.641952991485595703e+00,2.009240722656250000e+01,1.000000000000000000e+00
9.240000000000000213e+00,4.166295230388641357e-01,-6.666438102722167969e+00,2.013369941711425781e+01,1.000000000000000000e+00
9.259999999999999787e+00,4.494849443435668945e-01,-6.691167354583740234e+00,2.017488479614257812e+01,1.000000000000000000e+00
9.279999999999999361e+00,4.825571775436401367e-01,-6.716141700744628906e+00,2.021599006652832031e+01,1.000000000000000000e+00
9.300000000000000711e+00,5.158488750457763672e-01,-6.741362094879150391e+00,2.025703811645507812e+01,1.000000000000000000e+00
9.320000000000000284e+00,5.493590831756591797e-01,-6.766825675964355469e+00,2.029801750183105469e+01,1.000000000000000000e+00
9.339999999999999858e+00,5.830851793289184570e-01,-6.792528629302978516e+00,2.033887863159179688e+01,1.000000000000000000e+00
9.359999999999999432e+00,6.170271635055541992e-01,-6.818468570709228516e+00,2.037962341308593750e+01,1.000000000000000000e+00
9.380000000000000782e+00,6.511868238449096680e-01,-6.844645977020263672e+00,2.042026901245117188e+01,1.000000000000000000e+00
9.400000000000000355e+00,6.855663657188415527e-01,-6.871059417724609375e+00,2.046083068847656250e+01,1.000000000000000000e+00
9.419999999999999929e+00,7.201647758483886719e-01,-6.897706031799316406e+00,2.050129318237304688e+01,1.000000000000000000e+00
9.439999999999999503e+00,7.549799084663391113e-01,-6.924580574035644531e+00,2.054162406921386719e+01,1.000000000000000000e+00
9.460000000000000853e+00,7.900123596191406250e-01,-6.951681613922119141e+00,2.058182144165039062e+01,1.000000000000000000e+00
9.480000000000000426e+00,8.252643346786499023e-01,-6.979008197784423828e+00,2.062190628051757812e+01,1.000000000000000000e+00
9.500000000000000000e+00,8.607382178306579590e-01,-7.006558418273925781e+00,2.066190719604492188e+01,1.000000000000000000e+00
9.519999999999999574e+00,8.964332938194274902e-01,-7.034328460693359375e+00,2.070180702209472656e+01,1.000000000000000000e+00
9.540000000000000924e+00,9.323477745056152344e-01,-7.062314033508300781e+00,2.074157714843750000e+01,1.000000000000000000e+00
9.560000000000000497e+00,9.684813022613525391e-01,-7.090510845184326172e+00,2.078121185302734375e+01,1.000000000000000000e+00
9.580000000000000071e+00,1.004834532737731934e+00,-7.118916034698486328e+00,2.082071685791015625e+01,1.000000000000000000e+00
9.599999999999999645e+00,1.041409492492675781e+00,-7.147526264190673828e+00,2.086010742187500000e+01,1.000000000000000000e+00
9.620000000000000995e+00,1.078205466270446777e+00,-7.176338195800781250e+00,2.089937400817871094e+01,1.000000000000000000e+00
9.640000000000000568e+00,1.115221261978149414e+00,-7.205345630645751953e+00,2.093849563598632812e+01,1.000000000000000000e+00
9.660000000000000142e+00,1.152457594871520996e+00,-7.234544754028320312e+00,2.097748374938964844e+01,1.000000000000000000e+00
9.679999999999999716e+00,1.189915657043457031e+00,-7.263932228088378906e+00,2.101634788513183594e+01,1.000000000000000000e+00
9.700000000000001066e+00,1.227596998214721680e+00,-7.293503284454345703e+00,2.105510520935058594e+01,1.000000000000000000e+00
9.720000000000000639e+00,1.265501022338867188e+00,-7.323252677917480469e+00,2.109374809265136719e+01,1.000000000000000000e+00
9.740000000000000213e+00,1.303625822067260742e+00,-7.353175163269042969e+00,2.113224792480468750e+01,1.000000000000000000e+00
9.759999999999999787e+00,1.341971755027770996e+00,-7.383265495300292969e+00,2.117061424255371094e+01,1.000000000000000000e+00
9.779999999999999361e+00,1.380540132522583008e+00,-7.413518428802490234e+00,2.120886802673339844e+01,1.000000000000000000e+00
9.800000000000000711e+00,1.419332623481750488e+00,-7.443928718566894531e+00,2.124702453613281250e+01,1.000000000000000000e+00
9.820000000000000284e+00,1.458346843719482422e+00,-7.474490642547607422e+00,2.128505706787109375e+01,1.000000000000000000e+00
9.839999999999999858e+00,1.497578978538513184e+00,-7.505195617675781250e+00,2.132292938232421875e+01,1.000000000000000000e+00
9.859999999999999432e+00,1.537027239799499512e+00,-7.536036968231201172e+00,2.136061859130859375e+01,1.000000000000000000e+00
9.880000000000000782e+00,1.576690077781677246e+00,-7.567008018493652344e+00,2.139810943603515625e+01,1.000000000000000000e+00
9.900000000000000355e+00,1.616567015647888184e+00,-7.598102569580078125e+00,2.143539428710937500e+01,1.000000000000000000e+00
9.919999999999999929e+00,1.656656146049499512e+00,-7.629312038421630859e+00,2.147245407104492188e+01,1.000000000000000000e+00
9.939999999999999503e+00,1.696955680847167969e+00,-7.660629749298095703e+00,2.150926399230957031e+01,1.000000000000000000e+00
9.960000000000000853e+00,1.737465143203735352e+00,-7.692048072814941406e+00,2.154581642150878906e+01,1.000000000000000000e+00
9.980000000000000426e+00,1.778184533119201660e+00,-7.723560333251953125e+00,2.158210372924804688e+01,1.000000000000000000e+00
1.000000000000000000e+01,1.819114565849304199e+00,-7.755159854888916016e+00,2.161812973022460938e+01,1.000000000000000000e+00
1.001999999999999957e+01,1.860255122184753418e+00,-7.786837577819824219e+00,2.165387344360351562e+01,1.000000000000000000e+00
1.004000000000000092e+01,1.901606559753417969e+00,-7.818584442138671875e+00,2.168929290771484375e+01,1.000000000000000000e+00
1.006000000000000050e+01,1.943171381950378418e+00,-7.850392818450927734e+00,2.172434997558593750e+01,1.000000000000000000e+00
1.008000000000000007e+01,1.984952688217163086e+00,-7.882252693176269531e+00,2.175900840759277344e+01,1.000000000000000000e+00
1.009999999999999964e+01,2.026956796646118164e+00,-7.914155483245849609e+00,2.179325485229492188e+01,1.000000000000000000e+00
1.012000000000000099e+01,2.069192886352539062e+00,-7.946092128753662109e+00,2.182707214355468750e+01,1.000000000000000000e+00
1.014000000000000057e+01,2.111671447753906250e+00,-7.978053569793701172e+00,2.186046028137207031e+01,1.000000000000000000e+00
1.016000000000000014e+01,2.154402256011962891e+00,-8.010028839111328125e+00,2.189340782165527344e+01,1.000000000000000000e+00
1.017999999999999972e+01,2.197395563125610352e+00,-8.042009353637695312e+00,2.192590904235839844e+01,1.000000000000000000e+00
1.020000000000000107e+01,2.240662813186645508e+00,-8.073982238769531250e+00,2.195796203613281250e+01,1.000000000000000000e+00
1.022000000000000064e+01,2.284212589263916016e+00,-8.105935096740722656e+00,2.198954200744628906e+01,1.000000000000000000e+00
1.024000000000000021e+01,2.328053951263427734e+00,-8.137860298156738281e+00,2.202060890197753906e+01,1.000000000000000000e+00
1.025999999999999979e+01,2.372195243835449219e+00,-8.169744491577148438e+00,2.205111694335937500e+01,1.000000000000000000e+00
1.027999999999999936e+01,2.416644811630249023e+00,-8.201575279235839844e+00,2.208102416992187500e+01,1.000000000000000000e+00
1.030000000000000071e+01,2.461413383483886719e+00,-8.233342170715332031e+00,2.211030197143554688e+01,1.000000000000000000e+00
1.032000000000000028e+01,2.506508588790893555e+00,-8.265031814575195312e+00,2.213890647888183594e+01,1.000000000000000000e+00
1.033999999999999986e+01,2.551934719085693359e+00,-8.296631813049316406e+00,2.216677284240722656e+01,1.000000000000000000e+00
1.035999999999999943e+01,2.597693920135498047e+00,-8.328130722045898438e+00,2.219383049011230469e+01,1.000000000000000000e+00
1.038000000000000078e+01,2.643789052963256836e+00,-8.359516143798828125e+00,2.222001647949218750e+01,1.000000000000000000e+00
1.040000000000000036e+01,2.690219163894653320e+00,-8.390775680541992188e+00,2.224526977539062500e+01,1.000000000000000000e+00
1.041999999999999993e+01,2.736981153488159180e+00,-8.421895980834960938e+00,2.226951789855957031e+01,1.000000000000000000e+00
1.043999999999999950e+01,2.784069061279296875e+00,-8.452864646911621094e+00,2.229267501831054688e+01,1.000000000000000000e+00
1.046000000000000085e+01,2.831475734710693359e+00,-8.483670234680175781e+00,2.231465911865234375e+01,1.000000000000000000e+00
1.048000000000000043e+01,2.879192113876342773e+00,-8.514299392700195312e+00,2.233538627624511719e+01,1.000000000000000000e+00
1.050000000000000000e+01,2.927206754684448242e+00,-8.544738769531250000e+00,2.235477828979492188e+01,1.000000000000000000e+00
1.051999999999999957e+01,2.975502490997314453e+00,-8.574970245361328125e+00,2.237277793884277344e+01,1.000000000000000000e+00
1.054000000000000092e+01,3.024061203002929688e+00,-8.604980468750000000e+00,2.238934326171875000e+01,1.000000000000000000e+00
1.056000000000000050e+01,3.072864055633544922e+00,-8.634750366210937500e+00,2.240443992614746094e+01,1.000000000000000000e+00
1.058000000000000007e+01,3.121890306472778320e+00,-8.664259910583496094e+00,2.241805458068847656e+01,1.000000000000000000e+00
1.059999999999999964e+01,3.171120405197143555e+00,-8.693487167358398438e+00,2.243018722534179688e+01,1.000000000000000000e+00
1.062000000000000099e+01,3.220538854598999023e+00,-8.722407341003417969e+00,2.244085121154785156e+01,1.000000000000000000e+00
1.064000000000000057e+01,3.270133256912231445e+00,-8.750994682312011719e+00,2.245006179809570312e+01,1.000000000000000000e+00
1.066000000000000014e+01,3.319894552230834961e+00,-8.779220581054687500e+00,2.245783615112304688e+01,1.000000000000000000e+00
1.067999999999999972e+01,3.369817018508911133e+00,-8.807056427001953125e+00,2.246419334411621094e+01,1.000000000000000000e+00
1.070000000000000107e+01,3.419894218444824219e+00,-8.834473609924316406e+00,2.246913909912109375e+01,1.000000000000000000e+00
1.072000000000000064e+01,3.470120668411254883e+00,-8.861438751220703125e+00,2.247268867492675781e+01,1.000000000000000000e+00
1.074000000000000021e+01,3.520494222640991211e+00,-8.887918472290039062e+00,2.247486686706542969e+01,1.000000000000000000e+00
1.075999999999999979e+01,3.571014165878295898e+00,-8.913879394531250000e+00,2.247567558288574219e+01,1.000000000000000000e+00
1.077999999999999936e+01,3.621681928634643555e+00,-8.939287185668945312e+00,2.247511672973632812e+01,1.000000000000000000e+00
1.080000000000000071e+01,3.672498703002929688e+00,-8.964108467102050781e+00,2.247318458557128906e+01,1.000000000000000000e+00
1.082000000000000028e+01,3.723468780517578125e+00,-8.988302230834960938e+00,2.246989631652832031e+01,1.000000000000000000e+00
1.083999999999999986e+01,3.774600505828857422e+00,-9.011822700500488281e+00,2.246528625488281250e+01,1.000000000000000000e+00
1.085999999999999943e+01,3.825903654098510742e+00,-9.034627914428710938e+00,2.245936775207519531e+01,1.000000000000000000e+00
1.088000000000000078e+01,3.877389907836914062e+00,-9.056674957275390625e+00,2.245215797424316406e+01,1.000000000000000000e+00
1.090000000000000036e+01,3.929073572158813477e+00,-9.077919960021972656e+00,2.244366264343261719e+01,1.000000000000000000e+00
1.091999999999999993e+01,3.980972290039062500e+00,-9.098311424255371094e+00,2.243391609191894531e+01,1.000000000000000000e+00
1.093999999999999950e+01,4.033103942871093750e+00,-9.117794990539550781e+00,2.242294883728027344e+01,1.000000000000000000e+00
1.096000000000000085e+01,4.085484027862548828e+00,-9.136328697204589844e+00,2.241076850891113281e+01,1.000000000000000000e+00
1.098000000000000043e+01,4.138127803802490234e+00,-9.153868675231933594e+00,2.239736557006835938e+01,1.000000000000000000e+00
1.100000000000000000e+01,4.191051959991455078e+00,-9.170375823974609375e+00,2.238273429870605469e+01,1.000000000000000000e+00
1.101999999999999957e+01,4.244277000427246094e+00,-9.185784339904785156e+00,2.236692237854003906e+01,1.000000000000000000e+00
1.104000000000000092e+01,4.297827720642089844e+00,-9.200016975402832031e+00,2.235001945495605469e+01,1.000000000000000000e+00
1.106000000000000050e+01,4.351727485656738281e+00,-9.213000297546386719e+00,2.233207893371582031e+01,1.000000000000000000e+00
1.108000000000000007e+01,4.405995368957519531e+00,-9.224677085876464844e+00,2.231312751770019531e+01,1.000000000000000000e+00
1.109999999999999964e+01,4.460649490356445312e+00,-9.234992027282714844e+00,2.229318046569824219e+01,1.000000000000000000e+00
1.112000000000000099e+01,4.515717506408691406e+00,-9.243855476379394531e+00,2.227232360839843750e+01,1.000000000000000000e+00
1.114000000000000057e+01,4.571228981018066406e+00,-9.251158714294433594e+00,2.225067710876464844e+01,1.000000000000000000e+00
1.116000000000000014e+01,4.627207756042480469e+00,-9.256812095642089844e+00,2.222831916809082031e+01,1.000000000000000000e+00
1.117999999999999972e+01,4.683674812316894531e+00,-9.260741233825683594e+00,2.220529747009277344e+01,1.000000000000000000e+00
1.120000000000000107e+01,4.740645885467529297e+00,-9.262884140014648438e+00,2.218164062500000000e+01,1.000000000000000000e+00
1.122000000000000064e+01,4.798137187957763672e+00,-9.263172149658203125e+00,2.215738487243652344e+01,1.000000000000000000e+00
1.124000000000000021e+01,4.856157779693603516e+00,-9.261549949645996094e+00,2.213255119323730469e+01,1.000000000000000000e+00
1.125999999999999979e+01,4.914713382720947266e+00,-9.257976531982421875e+00,2.210713195800781250e+01,1.000000000000000000e+00
1.127999999999999936e+01,4.973805427551269531e+00,-9.252427101135253906e+00,2.208110618591308594e+01,1.000000000000000000e+00
1.130000000000000071e+01,5.033433914184570312e+00,-9.244881629943847656e+00,2.205444526672363281e+01,1.000000000000000000e+00
1.132000000000000028e+01,5.093603610992431641e+00,-9.235301971435546875e+00,2.202715110778808594e+01,1.000000000000000000e+00
1.133999999999999986e+01,5.154315948486328125e+00,-9.223663330078125000e+00,2.199922370910644531e+01,1.000000000000000000e+00
1.135999999999999943e+01,5.215565204620361328e+00,-9.209957122802734375e+00,2.197062873840332031e+01,1.000000000000000000e+00
1.138000000000000078e+01,5.277342796325683594e+00,-9.194190979003906250e+00,2.194131851196289062e+01,1.000000000000000000e+00
1.140000000000000036e+01,5.339634418487548828e+00,-9.176379203796386719e+00,2.191124153137207031e+01,1.000000000000000000e+00
1.141999999999999993e+01,5.402432918548583984e+00,-9.156504631042480469e+00,2.188039207458496094e+01,1.000000000000000000e+00
1.143999999999999950e+01,5.465730190277099609e+00,-9.134553909301757812e+00,2.184877586364746094e+01,1.000000000000000000e+00
1.146000000000000085e+01,5.529510498046875000e+00,-9.110529899597167969e+00,2.181636810302734375e+01,1.000000000000000000e+00
1.148000000000000043e+01,5.593751907348632812e+00,-9.084450721740722656e+00,2.178312301635742188e+01,1.000000000000000000e+00
1.150000000000000000e+01,5.658431053161621094e+00,-9.056340217590332031e+00,2.174899101257324219e+01,1.000000000000000000e+00
1.151999999999999957e+01,5.723530769348144531e+00,-9.026180267333984375e+00,2.171399497985839844e+01,1.000000000000000000e+00
1.154000000000000092e+01,5.789037704467773438e+00,-8.993937492370605469e+00,2.167817497253417969e+01,1.000000000000000000e+00
1.156000000000000050e+01,5.854928493499755859e+00,-8.959608078002929688e+00,2.164153099060058594e+01,1.000000000000000000e+00
1.158000000000000007e+01,5.921174049377441406e+00,-8.923209190368652344e+00,2.160403633117675781e+01,1.000000000000000000e+00
1.159999999999999964e+01,5.987742424011230469e+00,-8.884771347045898438e+00,2.156565093994140625e+01,1.000000000000000000e+00
1.162000000000000099e+01,6.054609775543212891e+00,-8.844267845153808594e+00,2.152640914916992188e+01,1.000000000000000000e+00
1.164000000000000057e+01,6.121755123138427734e+00,-8.801649093627929688e+00,2.148638725280761719e+01,1.000000000000000000e+00
1.166000000000000014e+01,6.189149856567382812e+00,-8.756892204284667969e+00,2.144562339782714844e+01,1.000000000000000000e+00
1.167999999999999972e+01,6.256761074066162109e+00,-8.710000991821289062e+00,2.140411949157714844e+01,1.000000000000000000e+00
1.170000000000000107e+01,6.324553489685058594e+00,-8.661001205444335938e+00,2.136184310913085938e+01,1.000000000000000000e+00
1.172000000000000064e+01,6.392494678497314453e+00,-8.609865188598632812e+00,2.131884193420410156e+01,1.000000000000000000e+00
1.174000000000000021e+01,6.460557460784912109e+00,-8.556530952453613281e+00,2.127521514892578125e+01,1.000000000000000000e+00
1.175999999999999979e+01,6.528708457946777344e+00,-8.500961303710937500e+00,2.123102760314941406e+01,1.000000000000000000e+00
1.177999999999999936e+01,6.596911907196044922e+00,-8.443162918090820312e+00,2.118628501892089844e+01,1.000000000000000000e+00
1.180000000000000071e+01,6.665132045745849609e+00,-8.383166313171386719e+00,2.114095497131347656e+01,1.000000000000000000e+00
1.182000000000000028e+01,6.733333110809326172e+00,-8.320943832397460938e+00,2.109509277343750000e+01,1.000000000000000000e+00
1.183999999999999986e+01,6.801482677459716797e+00,-8.256420135498046875e+00,2.104883384704589844e+01,1.000000000000000000e+00
1.185999999999999943e+01,6.869544506072998047e+00,-8.189552307128906250e+00,2.100225830078125000e+01,1.000000000000000000e+00
1.188000000000000078e+01,6.937483787536621094e+00,-8.120347976684570312e+00,2.095537948608398438e+01,1.000000000000000000e+00
1.190000000000000036e+01,7.005268096923828125e+00,-8.048845291137695312e+00,2.090816688537597656e+01,1.000000000000000000e+00
1.191999999999999993e+01,7.072864532470703125e+00,-7.975036621093750000e+00,2.086066055297851562e+01,1.000000000000000000e+00
1.193999999999999950e+01,7.140238285064697266e+00,-7.898882389068603516e+00,2.081295394897460938e+01,1.000000000000000000e+00
1.196000000000000085e+01,7.207358837127685547e+00,-7.820371150970458984e+00,2.076510047912597656e+01,1.000000000000000000e+00
1.198000000000000043e+01,7.274197578430175781e+00,-7.739531040191650391e+00,2.071709632873535156e+01,1.000000000000000000e+00
1.200000000000000000e+01,7.340731620788574219e+00,-7.656414985656738281e+00,2.066890335083007812e+01,1.000000000000000000e+00
1.201999999999999957e+01,7.406934738159179688e+00,-7.571035385131835938e+00,2.062054824829101562e+01,1.000000000000000000e+00
1.204000000000000092e+01,7.472778320312500000e+00,-7.483372688293457031e+00,2.057211494445800781e+01,1.000000000000000000e+00
1.206000000000000050e+01,7.538239955902099609e+00,-7.393432617187500000e+00,2.052365303039550781e+01,1.000000000000000000e+00
1.208000000000000007e+01,7.603300571441650391e+00,-7.301257133483886719e+00,2.047514915466308594e+01,1.000000000000000000e+00
1.209999999999999964e+01,7.667947769165039062e+00,-7.206917762756347656e+00,2.042655754089355469e+01,1.000000000000000000e+00
1.212000000000000099e+01,7.732167243957519531e+00,-7.110458374023437500e+00,2.037786865234375000e+01,1.000000000000000000e+00
1.214000000000000057e+01,7.795941352844238281e+00,-7.011896610260009766e+00,2.032912635803222656e+01,1.000000000000000000e+00
1.216000000000000014e+01,7.859255790710449219e+00,-6.911268234252929688e+00,2.028034591674804688e+01,1.000000000000000000e+00
1.217999999999999972e+01,7.922101497650146484e+00,-6.808635711669921875e+00,2.023149681091308594e+01,1.000000000000000000e+00
1.220000000000000107e+01,7.984475612640380859e+00,-6.704076766967773438e+00,2.018252563476562500e+01,1.000000000000000000e+00
1.222000000000000064e+01,8.046367645263671875e+00,-6.597636699676513672e+00,2.013344001770019531e+01,1.000000000000000000e+00
1.224000000000000021e+01,8.107764244079589844e+00,-6.489334583282470703e+00,2.008429527282714844e+01,1.000000000000000000e+00
1.225999999999999979e+01,8.168652534484863281e+00,-6.379202842712402344e+00,2.003513526916503906e+01,1.000000000000000000e+00
1.228000000000000114e+01,8.229026794433593750e+00,-6.267295360565185547e+00,1.998595809936523438e+01,1.000000000000000000e+00
1.230000000000000071e+01,8.288885116577148438e+00,-6.153680324554443359e+00,1.993673515319824219e+01,1.000000000000000000e+00
1.232000000000000028e+01,8.348217010498046875e+00,-6.038389682769775391e+00,1.988751602172851562e+01,1.000000000000000000e+00
1.233999999999999986e+01,8.407004356384277344e+00,-5.921427249908447266e+00,1.983842658996582031e+01,1.000000000000000000e+00
1.235999999999999943e+01,8.465233802795410156e+00,-5.802812576293945312e+00,1.978955459594726562e+01,1.000000000000000000e+00
1.238000000000000078e+01,8.522896766662597656e+00,-5.682593345642089844e+00,1.974093627929687500e+01,1.000000000000000000e+00
1.240000000000000036e+01,8.579992294311523438e+00,-5.560830116271972656e+00,1.969257736206054688e+01,1.000000000000000000e+00
1.241999999999999993e+01,8.636503219604492188e+00,-5.437543869018554688e+00,1.964459037780761719e+01,1.000000000000000000e+00
1.243999999999999950e+01,8.692402839660644531e+00,-5.312715530395507812e+00,1.959720420837402344e+01,1.000000000000000000e+00
1.246000000000000085e+01,8.747660636901855469e+00,-5.186320304870605469e+00,1.955068206787109375e+01,1.000000000000000000e+00
1.248000000000000043e+01,8.802248001098632812e+00,-5.058345317840576172e+00,1.950528717041015625e+01,1.000000000000000000e+00
1.250000000000000000e+01,8.856138229370117188e+00,-4.928784847259521484e+00,1.946128273010253906e+01,1.000000000000000000e+00
1.251999999999999957e+01,8.909307479858398438e+00,-4.797643184661865234e+00,1.941893768310546875e+01,1.000000000000000000e+00
1.254000000000000092e+01,8.961735725402832031e+00,-4.664936542510986328e+00,1.937850952148437500e+01,1.000000000000000000e+00
1.256000000000000050e+01,9.013405799865722656e+00,-4.530673503875732422e+00,1.934029579162597656e+01,1.000000000000000000e+00
1.258000000000000007e+01,9.064304351806640625e+00,-4.394834518432617188e+00,1.930463218688964844e+01,1.000000000000000000e+00
1.259999999999999964e+01,9.114399909973144531e+00,-4.257428646087646484e+00,1.927194404602050781e+01,1.000000000000000000e+00
1.262000000000000099e+01,9.163663864135742188e+00,-4.118487834930419922e+00,1.924261093139648438e+01,1.000000000000000000e+00
1.264000000000000057e+01,9.212077140808105469e+00,-3.978075981140136719e+00,1.921690940856933594e+01,1.000000000000000000e+00
1.266000000000000014e+01,9.259620666503906250e+00,-3.836276531219482422e+00,1.919503402709960938e+01,1.000000000000000000e+00
1.267999999999999972e+01,9.306277275085449219e+00,-3.693183183670043945e+00,1.917713737487792969e+01,1.000000000000000000e+00
1.270000000000000107e+01,9.352025985717773438e+00,-3.548895359039306641e+00,1.916331863403320312e+01,1.000000000000000000e+00
1.272000000000000064e+01,9.396852493286132812e+00,-3.403527021408081055e+00,1.915352821350097656e+01,1.000000000000000000e+00
1.274000000000000021e+01,9.440739631652832031e+00,-3.257198572158813477e+00,1.914761734008789062e+01,1.000000000000000000e+00
1.275999999999999979e+01,9.483668327331542969e+00,-3.110021829605102539e+00,1.914540481567382812e+01,1.000000000000000000e+00
1.278000000000000114e+01,9.525607109069824219e+00,-2.962095975875854492e+00,1.914674568176269531e+01,1.000000000000000000e+00
1.280000000000000071e+01,9.566514968872070312e+00,-2.813507318496704102e+00,1.915152168273925781e+01,1.000000000000000000e+00
1.282000000000000028e+01,9.606348037719726562e+00,-2.664340972900390625e+00,1.915958023071289062e+01,1.000000000000000000e+00
1.283999999999999986e+01,9.645073890686035156e+00,-2.514680147171020508e+00,1.917069816589355469e+01,1.000000000000000000e+00
1.285999999999999943e+01,9.682655334472656250e+00,-2.364603757858276367e+00,1.918465232849121094e+01,1.000000000000000000e+00
1.288000000000000078e+01,9.719045639038085938e+00,-2.214181423187255859e+00,1.920127105712890625e+01,1.000000000000000000e+00
1.290000000000000036e+01,9.754185676574707031e+00,-2.063475370407104492e+00,1.922046470642089844e+01,1.000000000000000000e+00
1.291999999999999993e+01,9.788020133972167969e+00,-1.912546515464782715e+00,1.924211883544921875e+01,1.000000000000000000e+00
1.293999999999999950e+01,9.820505142211914062e+00,-1.761456847190856934e+00,1.926607322692871094e+01,1.000000000000000000e+00
1.296000000000000085e+01,9.851596832275390625e+00,-1.610265731811523438e+00,1.929217910766601562e+01,1.000000000000000000e+00
1.298000000000000043e+01,9.881241798400878906e+00,-1.459029912948608398e+00,1.932034301757812500e+01,1.000000000000000000e+00
1.300000000000000000e+01,9.909376144409179688e+00,-1.307804346084594727e+00,1.935053253173828125e+01,1.000000000000000000e+00
1.301999999999999957e+01,9.935942649841308594e+00,-1.156644821166992188e+00,1.938269233703613281e+01,1.000000000000000000e+00
1.304000000000000092e+01,9.960895538330078125e+00,-1.005607485771179199e+00,1.941673469543457031e+01,1.000000000000000000e+00
1.306000000000000050e+01,9.984190940856933594e+00,-8.547482490539550781e-01,1.945258712768554688e+01,1.000000000000000000e+00
1.308000000000000007e+01,1.000577831268310547e+01,-7.041240334510803223e-01,1.949020385742187500e+01,1.000000000000000000e+00
1.309999999999999964e+01,1.002559757232666016e+01,-5.537936091423034668e-01,1.952958679199218750e+01,1.000000000000000000e+00
1.312000000000000099e+01,1.004359817504882812e+01,-4.038155376911163330e-01,1.957070922851562500e+01,1.000000000000000000e+00
1.314000000000000057e+01,1.005975246429443359e+01,-2.542467713356018066e-01,1.961349678039550781e+01,1.000000000000000000e+00
1.316000000000000014e+01,1.007403182983398438e+01,-1.051446273922920227e-01,1.965788078308105469e+01,1.000000000000000000e+00
1.317999999999999972e+01,1.008639907836914062e+01,4.343098774552345276e-02,1.970383071899414062e+01,1.000000000000000000e+00
1.320000000000000107e+01,1.009680652618408203e+01,1.914161294698715210e-01,1.975135231018066406e+01,1.000000000000000000e+00
1.322000000000000064e+01,1.010522079467773438e+01,3.387487232685089111e-01,1.980042648315429688e+01,1.000000000000000000e+00
1.324000000000000021e+01,1.011162662506103516e+01,4.853704571723937988e-01,1.985098266601562500e+01,1.000000000000000000e+00
1.325999999999999979e+01,1.011601161956787109e+01,6.312219500541687012e-01,1.990296363830566406e+01,1.000000000000000000e+00
1.328000000000000114e+01,1.011835193634033203e+01,7.762409448623657227e-01,1.995633697509765625e+01,1.000000000000000000e+00
1.330000000000000071e+01,1.011862087249755859e+01,9.203604459762573242e-01,2.001109695434570312e+01,1.000000000000000000e+00
1.332000000000000028e+01,1.011679935455322266e+01,1.063514947891235352e+00,2.006722068786621094e+01,1.000000000000000000e+00
1.333999999999999986e+01,1.011287975311279297e+01,1.205643057823181152e+00,2.012466049194335938e+01,1.000000000000000000e+00
1.335999999999999943e+01,1.010685634613037109e+01,1.346683144569396973e+00,2.018337440490722656e+01,1.000000000000000000e+00
1.338000000000000078e+01,1.009872531890869141e+01,1.486572027206420898e+00,2.024332427978515625e+01,1.000000000000000000e+00
1.340000000000000036e+01,1.008847713470458984e+01,1.625242710113525391e+00,2.030449104309082031e+01,1.000000000000000000e+00
1.341999999999999993e+01,1.007610607147216797e+01,1.762629866600036621e+00,2.036684799194335938e+01,1.000000000000000000e+00
1.343999999999999950e+01,1.006161880493164062e+01,1.898673892021179199e+00,2.043034553527832031e+01,1.000000000000000000e+00
1.346000000000000085e+01,1.004502964019775391e+01,2.033317565917968750e+00,2.049493217468261719e+01,1.000000000000000000e+00
1.348000000000000043e+01,1.002634811401367188e+01,2.166502475738525391e+00,2.056056022644042969e+01,1.000000000000000000e+00
1.350000000000000000e+01,1.000558185577392578e+01,2.298165321350097656e+00,2.062720298767089844e+01,1.000000000000000000e+00
1.351999999999999957e+01,9.982739448547363281e+00,2.428244113922119141e+00,2.069482994079589844e+01,1.000000000000000000e+00
1.354000000000000092e+01,9.957835197448730469e+00,2.556681394577026367e+00,2.076340103149414062e+01,1.000000000000000000e+00
1.356000000000000050e+01,9.930893898010253906e+00,2.683423519134521484e+00,2.083286857604980469e+01,1.000000000000000000e+00
1.358000000000000007e+01,9.901933670043945312e+00,2.808416128158569336e+00,2.090319252014160156e+01,1.000000000000000000e+00
1.359999999999999964e+01,9.870969772338867188e+00,2.931598901748657227e+00,2.097434997558593750e+01,1.000000000000000000e+00
1.362000000000000099e+01,9.838024139404296875e+00,3.052915573120117188e+00,2.104631042480468750e+01,1.000000000000000000e+00
1.364000000000000057e+01,9.803125381469726562e+00,3.172320365905761719e+00,2.111902427673339844e+01,1.000000000000000000e+00
1.366000000000000014e+01,9.766310691833496094e+00,3.289771556854248047e+00,2.119242858886718750e+01,1.000000000000000000e+00
1.367999999999999972e+01,9.727614402770996094e+00,3.405226230621337891e+00,2.126648139953613281e+01,1.000000000000000000e+00
1.370000000000000107e+01,9.687063217163085938e+00,3.518635272979736328e+00,2.134115219116210938e+01,1.000000000000000000e+00
1.372000000000000064e+01,9.644682884216308594e+00,3.629947423934936523e+00,2.141641998291015625e+01,1.000000000000000000e+00
1.374000000000000021e+01,9.600506782531738281e+00,3.739120960235595703e+00,2.149224662780761719e+01,1.000000000000000000e+00
1.375999999999999979e+01,9.554574966430664062e+00,3.846122741699218750e+00,2.156858444213867188e+01,1.000000000000000000e+00
1.378000000000000114e+01,9.506930351257324219e+00,3.950916767120361328e+00,2.164539146423339844e+01,1.000000000000000000e+00
1.380000000000000071e+01,9.457597732543945312e+00,4.053455829620361328e+00,2.172265625000000000e+01,1.000000000000000000e+00
1.382000000000000028e+01,9.406612396240234375e+00,4.153695106506347656e+00,2.180036735534667969e+01,1.000000000000000000e+00
1.383999999999999986e+01,9.354015350341796875e+00,4.251606941223144531e+00,2.187848472595214844e+01,1.000000000000000000e+00
1.385999999999999943e+01,9.299854278564453125e+00,4.347167968750000000e+00,2.195696449279785156e+01,1.000000000000000000e+00
1.388000000000000078e+01,9.244174003601074219e+00,4.440351486206054688e+00,2.203577423095703125e+01,1.000000000000000000e+00
1.390000000000000036e+01,9.187006950378417969e+00,4.531114101409912109e+00,2.211491775512695312e+01,1.000000000000000000e+00
1.391999999999999993e+01,9.128390312194824219e+00,4.619421005249023438e+00,2.219438552856445312e+01,1.000000000000000000e+00
1.393999999999999950e+01,9.068374633789062500e+00,4.705260753631591797e+00,2.227413368225097656e+01,1.000000000000000000e+00
1.396000000000000085e+01,9.007020950317382812e+00,4.788634300231933594e+00,2.235409927368164062e+01,1.000000000000000000e+00
1.398000000000000043e+01,8.944379806518554688e+00,4.869530677795410156e+00,2.243424797058105469e+01,1.000000000000000000e+00
1.400000000000000000e+01,8.880488395690917969e+00,4.947918415069580078e+00,2.251458358764648438e+01,1.000000000000000000e+00
1.401999999999999957e+01,8.815389633178710938e+00,5.023772716522216797e+00,2.259510040283203125e+01,1.000000000000000000e+00
1.404000000000000092e+01,8.749138832092285156e+00,5.097095012664794922e+00,2.267575454711914062e+01,1.000000000000000000e+00
1.406000000000000050e+01,8.681797027587890625e+00,5.167898178100585938e+00,2.275648689270019531e+01,1.000000000000000000e+00
1.408000000000000007e+01,8.613416671752929688e+00,5.236186981201171875e+00,2.283725929260253906e+01,1.000000000000000000e+00
1.409999999999999964e+01,8.544042587280273438e+00,5.301943302154541016e+00,2.291807174682617188e+01,1.000000000000000000e+00
1.412000000000000099e+01,8.473721504211425781e+00,5.365161895751953125e+00,2.299890518188476562e+01,1.000000000000000000e+00
1.414000000000000057e+01,8.402516365051269531e+00,5.425867080688476562e+00,2.307970046997070312e+01,1.000000000000000000e+00
1.416000000000000014e+01,8.330484390258789062e+00,5.484090328216552734e+00,2.316038894653320312e+01,1.000000000000000000e+00
1.417999999999999972e+01,8.257681846618652344e+00,5.539849758148193359e+00,2.324092864990234375e+01,1.000000000000000000e+00
1.420000000000000107e+01,8.184158325195312500e+00,5.593147277832031250e+00,2.332130622863769531e+01,1.000000000000000000e+00
1.422000000000000064e+01,8.109964370727539062e+00,5.643998146057128906e+00,2.340148735046386719e+01,1.000000000000000000e+00
1.424000000000000021e+01,8.035159111022949219e+00,5.692444801330566406e+00,2.348139953613281250e+01,1.000000000000000000e+00
1.425999999999999979e+01,7.959800720214843750e+00,5.738531112670898438e+00,2.356097030639648438e+01,2.000000000000000000e+00
1.428000000000000114e+01,7.884055137634277344e+00,5.782254695892333984e+00,2.364018249511718750e+01,2.000000000000000000e+00
1.430000000000000071e+01,7.808303833007812500e+00,5.823587417602539062e+00,2.371906852722167969e+01,2.000000000000000000e+00
1.432000000000000028e+01,7.733432769775390625e+00,5.862558364868164062e+00,2.379759407043457031e+01,2.000000000000000000e+00
1.433999999999999986e+01,7.660518646240234375e+00,5.899278163909912109e+00,2.387564468383789062e+01,2.000000000000000000e+00
1.435999999999999943e+01,7.590221405029296875e+00,5.933900356292724609e+00,2.395305442810058594e+01,2.000000000000000000e+00
1.438000000000000078e+01,7.522678852081298828e+00,5.966579437255859375e+00,2.402965164184570312e+01,2.000000000000000000e+00
1.440000000000000036e+01,7.457745552062988281e+00,5.997443675994873047e+00,2.410528945922851562e+01,2.000000000000000000e+00
1.441999999999999993e+01,7.396087646484375000e+00,6.026611804962158203e+00,2.417991828918457031e+01,2.000000000000000000e+00
1.443999999999999950e+01,7.339062213897705078e+00,6.054216861724853516e+00,2.425354385375976562e+01,2.000000000000000000e+00
1.446000000000000085e+01,7.287681579589843750e+00,6.080384731292724609e+00,2.432618522644042969e+01,2.000000000000000000e+00
1.448000000000000043e+01,7.242267608642578125e+00,6.105210304260253906e+00,2.439785766601562500e+01,2.000000000000000000e+00
1.450000000000000000e+01,7.202590942382812500e+00,6.128752708435058594e+00,2.446857452392578125e+01,2.000000000000000000e+00
1.451999999999999957e+01,7.169121265411376953e+00,6.151114463806152344e+00,2.453838157653808594e+01,2.000000000000000000e+00
1.454000000000000092e+01,7.142906665802001953e+00,6.172443866729736328e+00,2.460734367370605469e+01,2.000000000000000000e+00
1.456000000000000050e+01,7.124542236328125000e+00,6.192867279052734375e+00,2.467550086975097656e+01,2.000000000000000000e+00
1.458000000000000007e+01,7.114230155944824219e+00,6.212482929229736328e+00,2.474288940429687500e+01,2.000000000000000000e+00
1.459999999999999964e+01,7.111694812774658203e+00,6.231395721435546875e+00,2.480941581726074219e+01,2.000000000000000000e+00
1.462000000000000099e+01,7.116874217987060547e+00,6.249704837799072266e+00,2.487503814697265625e+01,2.000000000000000000e+00
1.464000000000000057e+01,7.129867553710937500e+00,6.267495632171630859e+00,2.493977165222167969e+01,2.000000000000000000e+00
1.466000000000000014e+01,7.150588989257812500e+00,6.284843444824218750e+00,2.500360298156738281e+01,2.000000000000000000e+00
1.467999999999999972e+01,7.178922653198242188e+00,6.301810741424560547e+00,2.506652641296386719e+01,2.000000000000000000e+00
1.470000000000000107e+01,7.214757442474365234e+00,6.318449974060058594e+00,2.512854385375976562e+01,2.000000000000000000e+00
1.472000000000000064e+01,7.258017539978027344e+00,6.334827899932861328e+00,2.518960571289062500e+01,2.000000000000000000e+00
1.474000000000000021e+01,7.308710098266601562e+00,6.351038932800292969e+00,2.524958229064941406e+01,2.000000000000000000e+00
1.475999999999999979e+01,7.366888523101806641e+00,6.367194175720214844e+00,2.530828094482421875e+01,2.000000000000000000e+00
1.478000000000000114e+01,7.432593822479248047e+00,6.383406162261962891e+00,2.536545753479003906e+01,2.000000000000000000e+00
1.480000000000000071e+01,7.505832195281982422e+00,6.399790763854980469e+00,2.542080688476562500e+01,2.000000000000000000e+00
1.482000000000000028e+01,7.586589813232421875e+00,6.416479110717773438e+00,2.547393798828125000e+01,2.000000000000000000e+00
1.483999999999999986e+01,7.674830436706542969e+00,6.433600902557373047e+00,2.552441596984863281e+01,2.000000000000000000e+00
1.485999999999999943e+01,7.770458698272705078e+00,6.451237201690673828e+00,2.557192039489746094e+01,2.000000000000000000e+00
1.488000000000000078e+01,7.873307228088378906e+00,6.469394207000732422e+00,2.561637306213378906e+01,2.000000000000000000e+00
1.490000000000000036e+01,7.983180046081542969e+00,6.488031387329101562e+00,2.565786743164062500e+01,2.000000000000000000e+00
1.491999999999999993e+01,8.099901199340820312e+00,6.507118701934814453e+00,2.569646072387695312e+01,2.000000000000000000e+00
1.493999999999999950e+01,8.223309516906738281e+00,6.526629447937011719e+00,2.573220443725585938e+01,2.000000000000000000e+00
1.496000000000000085e+01,8.353253364562988281e+00,6.546518802642822266e+00,2.576523017883300781e+01,2.000000000000000000e+00
1.498000000000000043e+01,8.489595413208007812e+00,6.566724777221679688e+00,2.579575157165527344e+01,2.000000000000000000e+00
1.500000000000000000e+01,8.632211685180664062e+00,6.587180614471435547e+00,2.582401847839355469e+01,2.000000000000000000e+00
1.501999999999999957e+01,8.780990600585937500e+00,6.607848167419433594e+00,2.585014533996582031e+01,2.000000000000000000e+00
1.504000000000000092e+01,8.935831069946289062e+00,6.628697872161865234e+00,2.587419891357421875e+01,2.000000000000000000e+00
1.506000000000000050e+01,9.096632957458496094e+00,6.649672985076904297e+00,2.589637756347656250e+01,2.000000000000000000e+00
1.508000000000000007e+01,9.263302803039550781e+00,6.670701503753662109e+00,2.591695976257324219e+01,2.000000000000000000e+00
1.509999999999999964e+01,9.435748100280761719e+00,6.691718101501464844e+00,2.593618774414062500e+01,2.000000000000000000e+00
1.512000000000000099e+01,9.613882064819335938e+00,6.712675094604492188e+00,2.595419883728027344e+01,2.000000000000000000e+00
1.514000000000000057e+01,9.797618865966796875e+00,6.733527660369873047e+00,2.597111320495605469e+01,2.000000000000000000e+00
1.516000000000000014e+01,9.986874580383300781e+00,6.754219532012939453e+00,2.598709678649902344e+01,2.000000000000000000e+00
1.517999999999999972e+01,1.018154907226562500e+01,6.774685382843017578e+00,2.600234413146972656e+01,2.000000000000000000e+00
1.520000000000000107e+01,1.038151836395263672e+01,6.794855594635009766e+00,2.601703643798828125e+01,2.000000000000000000e+00
1.522000000000000064e+01,1.058664798736572266e+01,6.814662456512451172e+00,2.603133201599121094e+01,2.000000000000000000e+00
1.524000000000000021e+01,1.079680919647216797e+01,6.834038734436035156e+00,2.604538917541503906e+01,2.000000000000000000e+00
1.525999999999999979e+01,1.101188278198242188e+01,6.852915287017822266e+00,2.605935668945312500e+01,2.000000000000000000e+00
1.528000000000000114e+01,1.123175430297851562e+01,6.871224403381347656e+00,2.607338905334472656e+01,3.000000000000000000e+00
1.530000000000000071e+01,1.145632171630859375e+01,6.888922691345214844e+00,2.608754158020019531e+01,3.000000000000000000e+00
1.532000000000000028e+01,1.168542861938476562e+01,6.905986309051513672e+00,2.610179138183593750e+01,3.000000000000000000e+00
1.533999999999999986e+01,1.191873645782470703e+01,6.922388076782226562e+00,2.611609649658203125e+01,3.000000000000000000e+00
1.535999999999999943e+01,1.215578556060791016e+01,6.938108444213867188e+00,2.613040351867675781e+01,3.000000000000000000e+00
1.538000000000000078e+01,1.239609622955322266e+01,6.953135967254638672e+00,2.614466476440429688e+01,3.000000000000000000e+00
1.540000000000000036e+01,1.263918972015380859e+01,6.967473030090332031e+00,2.615884208679199219e+01,3.000000000000000000e+00
1.541999999999999993e+01,1.288466930389404297e+01,6.981135845184326172e+00,2.617289352416992188e+01,3.000000000000000000e+00
1.543999999999999950e+01,1.313224124908447266e+01,6.994156360626220703e+00,2.618679046630859375e+01,3.000000000000000000e+00
1.546000000000000085e+01,1.338163280487060547e+01,7.006569862365722656e+00,2.620052719116210938e+01,3.000000000000000000e+00
1.548000000000000043e+01,1.363255786895751953e+01,7.018414020538330078e+00,2.621414375305175781e+01,3.000000000000000000e+00
1.550000000000000000e+01,1.388474178314208984e+01,7.029728889465332031e+00,2.622771263122558594e+01,3.000000000000000000e+00
1.551999999999999957e+01,1.413796043395996094e+01,7.040561676025390625e+00,2.624132728576660156e+01,3.000000000000000000e+00
1.554000000000000092e+01,1.439202308654785156e+01,7.050969123840332031e+00,2.625508308410644531e+01,3.000000000000000000e+00
1.556000000000000050e+01,1.464676284790039062e+01,7.061014175415039062e+00,2.626907730102539062e+01,3.000000000000000000e+00
1.558000000000000007e+01,1.490202236175537109e+01,7.070767879486083984e+00,2.628339385986328125e+01,3.000000000000000000e+00
1.559999999999999964e+01,1.515766048431396484e+01,7.080302238464355469e+00,2.629809951782226562e+01,3.000000000000000000e+00
1.562000000000000099e+01,1.541355323791503906e+01,7.089691162109375000e+00,2.631325340270996094e+01,3.000000000000000000e+00
1.564000000000000057e+01,1.566959857940673828e+01,7.099011421203613281e+00,2.632888412475585938e+01,3.000000000000000000e+00
1.566000000000000014e+01,1.592571449279785156e+01,7.108334541320800781e+00,2.634497833251953125e+01,3.000000000000000000e+00
1.567999999999999972e+01,1.618185043334960938e+01,7.117730617523193359e+00,2.636150550842285156e+01,3.000000000000000000e+00
1.570000000000000107e+01,1.643797302246093750e+01,7.127265453338623047e+00,2.637845993041992188e+01,3.000000000000000000e+00
1.572000000000000064e+01,1.669405364990234375e+01,7.136999607086181641e+00,2.639582443237304688e+01,3.000000000000000000e+00
1.574000000000000021e+01,1.695006179809570312e+01,7.146986484527587891e+00,2.641353797912597656e+01,3.000000000000000000e+00
1.575999999999999979e+01,1.720598602294921875e+01,7.157272815704345703e+00,2.643151855468750000e+01,3.000000000000000000e+00
1.578000000000000114e+01,1.746183967590332031e+01,7.167897701263427734e+00,2.644967079162597656e+01,3.000000000000000000e+00
1.580000000000000071e+01,1.771764945983886719e+01,7.178898334503173828e+00,2.646792793273925781e+01,3.000000000000000000e+00
1.582000000000000028e+01,1.797343826293945312e+01,7.190302848815917969e+00,2.648620414733886719e+01,3.000000000000000000e+00
1.583999999999999986e+01,1.822922325134277344e+01,7.202133655548095703e+00,2.650439453125000000e+01,3.000000000000000000e+00
1.586000000000000121e+01,1.848502159118652344e+01,7.214405536651611328e+00,2.652238273620605469e+01,3.000000000000000000e+00
1.588000000000000078e+01,1.874086761474609375e+01,7.227131366729736328e+00,2.654007911682128906e+01,3.000000000000000000e+00
1.590000000000000036e+01,1.899680900573730469e+01,7.240323543548583984e+00,2.655741882324218750e+01,3.000000000000000000e+00
1.591999999999999993e+01,1.925287246704101562e+01,7.253989696502685547e+00,2.657433128356933594e+01,3.000000000000000000e+00
1.593999999999999950e+01,1.950906753540039062e+01,7.268132686614990234e+00,2.659071731567382812e+01,3.000000000000000000e+00
1.596000000000000085e+01,1.976540946960449219e+01,7.282750606536865234e+00,2.660648918151855469e+01,3.000000000000000000e+00
1.598000000000000043e+01,2.002192497253417969e+01,7.297844886779785156e+00,2.662158966064453125e+01,3.000000000000000000e+00
1.600000000000000000e+01,2.027864456176757812e+01,7.313419342041015625e+00,2.663598632812500000e+01,3.000000000000000000e+00
1.601999999999999957e+01,2.053558158874511719e+01,7.329473972320556641e+00,2.664963150024414062e+01,3.000000000000000000e+00
1.603999999999999915e+01,2.079273033142089844e+01,7.346005916595458984e+00,2.666247367858886719e+01,3.000000000000000000e+00
1.605999999999999872e+01,2.105008697509765625e+01,7.363014698028564453e+00,2.667447090148925781e+01,3.000000000000000000e+00
1.608000000000000185e+01,2.130765724182128906e+01,7.380502700805664062e+00,2.668561553955078125e+01,3.000000000000000000e+00
1.610000000000000142e+01,2.156545448303222656e+01,7.398476123809814453e+00,2.669592475891113281e+01,3.000000000000000000e+00
1.612000000000000099e+01,2.182347297668457031e+01,7.416942596435546875e+00,2.670541763305664062e+01,3.000000000000000000e+00
1.614000000000000057e+01,2.208169746398925781e+01,7.435906410217285156e+00,2.671409606933593750e+01,3.000000000000000000e+00
1.616000000000000014e+01,2.234011459350585938e+01,7.455371379852294922e+00,2.672197151184082031e+01,3.000000000000000000e+00
1.617999999999999972e+01,2.259872245788574219e+01,7.475346565246582031e+00,2.672908401489257812e+01,3.000000000000000000e+00
1.619999999999999929e+01,2.285753440856933594e+01,7.495845317840576172e+00,2.673549842834472656e+01,3.000000000000000000e+00
1.621999999999999886e+01,2.311654281616210938e+01,7.516881465911865234e+00,2.674128150939941406e+01,3.000000000000000000e+00
1.624000000000000199e+01,2.337573051452636719e+01,7.538463115692138672e+00,2.674647140502929688e+01,3.000000000000000000e+00
1.626000000000000156e+01,2.363509750366210938e+01,7.560593128204345703e+00,2.675108718872070312e+01,3.000000000000000000e+00
1.628000000000000114e+01,2.389464950561523438e+01,7.583273887634277344e+00,2.675514602661132812e+01,3.000000000000000000e+00
1.630000000000000071e+01,2.415439987182617188e+01,7.606506824493408203e+00,2.675867843627929688e+01,3.000000000000000000e+00
1.632000000000000028e+01,2.441434288024902344e+01,7.630289077758789062e+00,2.676169204711914062e+01,3.000000000000000000e+00
1.633999999999999986e+01,2.467446708679199219e+01,7.654613494873046875e+00,2.676415824890136719e+01,3.000000000000000000e+00
1.635999999999999943e+01,2.493476676940917969e+01,7.679470062255859375e+00,2.676605606079101562e+01,3.000000000000000000e+00
1.637999999999999901e+01,2.519525146484375000e+01,7.704854488372802734e+00,2.676740264892578125e+01,3.000000000000000000e+00
1.639999999999999858e+01,2.545592880249023438e+01,7.730768680572509766e+00,2.676824188232421875e+01,3.000000000000000000e+00
1.642000000000000171e+01,2.571679496765136719e+01,7.757212162017822266e+00,2.676860809326171875e+01,3.000000000000000000e+00
1.644000000000000128e+01,2.597783088684082031e+01,7.784183025360107422e+00,2.676851654052734375e+01,3.000000000000000000e+00
1.646000000000000085e+01,2.623902511596679688e+01,7.811679840087890625e+00,2.676799964904785156e+01,3.000000000000000000e+00
1.648000000000000043e+01,2.650037765502929688e+01,7.839702129364013672e+00,2.676710700988769531e+01,3.000000000000000000e+00
1.650000000000000000e+01,2.676190185546875000e+01,7.868253231048583984e+00,2.676590538024902344e+01,3.000000000000000000e+00
1.651999999999999957e+01,2.702359008789062500e+01,7.897336483001708984e+00,2.676445198059082031e+01,3.000000000000000000e+00
1.653999999999999915e+01,2.728541946411132812e+01,7.926950931549072266e+00,2.676278877258300781e+01,3.000000000000000000e+00
1.655999999999999872e+01,2.754737663269042969e+01,7.957091808319091797e+00,2.676094627380371094e+01,3.000000000000000000e+00
1.658000000000000185e+01,2.780946159362792969e+01,7.987756252288818359e+00,2.675895500183105469e+01,3.000000000000000000e+00
1.660000000000000142e+01,2.807168197631835938e+01,8.018940925598144531e+00,2.675686454772949219e+01,3.000000000000000000e+00
1.662000000000000099e+01,2.833402633666992188e+01,8.050642013549804688e+00,2.675471878051757812e+01,3.000000000000000000e+00
1.664000000000000057e+01,2.859647750854492188e+01,8.082855224609375000e+00,2.675254249572753906e+01,3.000000000000000000e+00
1.666000000000000014e+01,2.885902404785156250e+01,8.115570068359375000e+00,2.675034332275390625e+01,3.000000000000000000e+00
1.667999999999999972e+01,2.912166595458984375e+01,8.148775100708007812e+00,2.674814033508300781e+01,3.000000000000000000e+00
1.669999999999999929e+01,2.938440895080566406e+01,8.182463645935058594e+00,2.674596595764160156e+01,3.000000000000000000e+00
1.671999999999999886e+01,2.964725303649902344e+01,8.216629028320312500e+00,2.674386978149414062e+01,3.000000000000000000e+00
1.674000000000000199e+01,2.991018676757812500e+01,8.251264572143554688e+00,2.674188232421875000e+01,3.000000000000000000e+00
1.676000000000000156e+01,3.017320442199707031e+01,8.286358833312988281e+00,2.674001884460449219e+01,3.000000000000000000e+00
1.678000000000000114e+01,3.043631362915039062e+01,8.321892738342285156e+00,2.673827362060546875e+01,3.000000000000000000e+00
1.680000000000000071e+01,3.069953536987304688e+01,8.357851028442382812e+00,2.673663330078125000e+01,3.000000000000000000e+00
1.682000000000000028e+01,3.096286773681640625e+01,8.394215583801269531e+00,2.673508071899414062e+01,3.000000000000000000e+00
1.683999999999999986e+01,3.122629547119140625e+01,8.430967330932617188e+00,2.673358917236328125e+01,3.000000000000000000e+00
1.685999999999999943e+01,3.148980903625488281e+01,8.468089103698730469e+00,2.673213005065917969e+01,3.000000000000000000e+00
1.687999999999999901e+01,3.175341415405273438e+01,8.505560874938964844e+00,2.673067092895507812e+01,3.000000000000000000e+00
1.689999999999999858e+01,3.201712799072265625e+01,8.543365478515625000e+00,2.672921180725097656e+01,3.000000000000000000e+00
1.692000000000000171e+01,3.228095245361328125e+01,8.581491470336914062e+00,2.672777557373046875e+01,3.000000000000000000e+00
1.694000000000000128e+01,3.254487228393554688e+01,8.619927406311035156e+00,2.672638320922851562e+01,3.000000000000000000e+00
1.696000000000000085e+01,3.280886840820312500e+01,8.658658981323242188e+00,2.672504425048828125e+01,3.000000000000000000e+00
1.698000000000000043e+01,3.307296752929687500e+01,8.697669982910156250e+00,2.672375679016113281e+01,3.000000000000000000e+00
1.700000000000000000e+01,3.333719635009765625e+01,8.736946105957031250e+00,2.672253608703613281e+01,3.000000000000000000e+00
1.701999999999999957e+01,3.360155105590820312e+01,8.776473999023437500e+00,2.672140693664550781e+01,3.000000000000000000e+00
1.703999999999999915e+01,3.386600494384765625e+01,8.816241264343261719e+00,2.672036933898925781e+01,3.000000000000000000e+00
1.705999999999999872e+01,3.413055419921875000e+01,8.856232643127441406e+00,2.671942329406738281e+01,3.000000000000000000e+00
1.708000000000000185e+01,3.439521026611328125e+01,8.896432876586914062e+00,2.671856117248535156e+01,3.000000000000000000e+00
1.710000000000000142e+01,3.465998840332031250e+01,8.936825752258300781e+00,2.671779251098632812e+01,3.000000000000000000e+00
1.712000000000000099e+01,3.492488861083984375e+01,8.977400779724121094e+00,2.671714019775390625e+01,3.000000000000000000e+00
1.714000000000000057e+01,3.518989562988281250e+01,9.018144607543945312e+00,2.671661186218261719e+01,3.000000000000000000e+00
1.716000000000000014e+01,3.545499801635742188e+01,9.059042930603027344e+00,2.671620368957519531e+01,3.000000000000000000e+00
1.717999999999999972e+01,3.572019958496093750e+01,9.100080490112304688e+00,2.671589851379394531e+01,3.000000000000000000e+00
1.719999999999999929e+01,3.598553848266601562e+01,9.141241073608398438e+00,2.671569633483886719e+01,3.000000000000000000e+00
1.721999999999999886e+01,3.625101470947265625e+01,9.182512283325195312e+00,2.671558189392089844e+01,3.000000000000000000e+00
1.724000000000000199e+01,3.651660919189453125e+01,9.223879814147949219e+00,2.671553802490234375e+01,3.000000000000000000e+00
1.726000000000000156e+01,3.678231430053710938e+01,9.265330314636230469e+00,2.671555519104003906e+01,3.000000000000000000e+00
1.728000000000000114e+01,3.704814147949218750e+01,9.306849479675292969e+00,2.671563148498535156e+01,3.000000000000000000e+00
1.730000000000000071e+01,3.731411743164062500e+01,9.348423957824707031e+00,2.671576309204101562e+01,3.000000000000000000e+00
1.732000000000000028e+01,3.758024597167968750e+01,9.390039443969726562e+00,2.671594429016113281e+01,3.000000000000000000e+00
1.733999999999999986e+01,3.784650421142578125e+01,9.431684494018554688e+00,2.671615028381347656e+01,3.000000000000000000e+00
1.735999999999999943e+01,3.811289215087890625e+01,9.473345756530761719e+00,2.671636009216308594e+01,3.000000000000000000e+00
1.737999999999999901e+01,3.837940979003906250e+01,9.515009880065917969e+00,2.671655654907226562e+01,3.000000000000000000e+00
1.740000000000000213e+01,3.864608383178710938e+01,9.556664466857910156e+00,2.671673774719238281e+01,3.000000000000000000e+00
1.742000000000000171e+01,3.891291809082031250e+01,9.598297119140625000e+00,2.671689033508300781e+01,3.000000000000000000e+00
1.744000000000000128e+01,3.917988204956054688e+01,9.639898300170898438e+00,2.671697425842285156e+01,3.000000000000000000e+00
1.746000000000000085e+01,3.944696044921875000e+01,9.681459426879882812e+00,2.671697616577148438e+01,3.000000000000000000e+00
1.748000000000000043e+01,3.971414184570312500e+01,9.722968101501464844e+00,2.671690940856933594e+01,3.000000000000000000e+00
1.750000000000000000e+01,3.998144149780273438e+01,9.764417648315429688e+00,2.671682548522949219e+01,3.000000000000000000e+00
1.751999999999999957e+01,4.024883651733398438e+01,9.805804252624511719e+00,2.671680641174316406e+01,3.000000000000000000e+00
1.753999999999999915e+01,4.051631164550781250e+01,9.847122192382812500e+00,2.671692466735839844e+01,3.000000000000000000e+00
1.755999999999999872e+01,4.078384780883789062e+01,9.888366699218750000e+00,2.671722793579101562e+01,3.000000000000000000e+00
1.758000000000000185e+01,4.105145263671875000e+01,9.929531097412109375e+00,2.671774673461914062e+01,3.000000000000000000e+00
1.760000000000000142e+01,4.131914138793945312e+01,9.970609664916992188e+00,2.671852111816406250e+01,3.000000000000000000e+00
1.762000000000000099e+01,4.158690261840820312e+01,1.001159858703613281e+01,2.671958351135253906e+01,3.000000000000000000e+00
1.764000000000000057e+01,4.185471725463867188e+01,1.005249214172363281e+01,2.672095489501953125e+01,3.000000000000000000e+00
1.766000000000000014e+01,4.212258148193359375e+01,1.009328651428222656e+01,2.672262382507324219e+01,3.000000000000000000e+00
1.767999999999999972e+01,4.239049530029296875e+01,1.013397312164306641e+01,2.672456169128417969e+01,3.000000000000000000e+00
1.769999999999999929e+01,4.265848159790039062e+01,1.017454719543457031e+01,2.672674560546875000e+01,3.000000000000000000e+00
1.771999999999999886e+01,4.292655944824218750e+01,1.021500015258789062e+01,2.672913742065429688e+01,3.000000000000000000e+00
1.774000000000000199e+01,4.319471359252929688e+01,1.025532627105712891e+01,2.673167610168457031e+01,3.000000000000000000e+00
1.776000000000000156e+01,4.346294403076171875e+01,1.029551792144775391e+01,2.673430442810058594e+01,3.000000000000000000e+00
1.778000000000000114e+01,4.373128128051757812e+01,1.033556747436523438e+01,2.673697280883789062e+01,3.000000000000000000e+00
1.780000000000000071e+01,4.399975585937500000e+01,1.037546825408935547e+01,2.673963737487792969e+01,3.000000000000000000e+00
1.782000000000000028e+01,4.426837158203125000e+01,1.041521263122558594e+01,2.674222946166992188e+01,3.000000000000000000e+00
1.783999999999999986e+01,4.453712844848632812e+01,1.045479488372802734e+01,2.674467468261718750e+01,3.000000000000000000e+00
1.785999999999999943e+01,4.480602264404296875e+01,1.049420833587646484e+01,2.674693298339843750e+01,3.000000000000000000e+00
1.787999999999999901e+01,4.507507705688476562e+01,1.053344631195068359e+01,2.674899673461914062e+01,3.000000000000000000e+00
1.790000000000000213e+01,4.534431838989257812e+01,1.057250308990478516e+01,2.675087356567382812e+01,3.000000000000000000e+00
1.792000000000000171e+01,4.561373901367187500e+01,1.061137485504150391e+01,2.675253295898437500e+01,3.000000000000000000e+00
1.794000000000000128e+01,4.588331985473632812e+01,1.065005588531494141e+01,2.675392532348632812e+01,3.000000000000000000e+00
1.796000000000000085e+01,4.615304183959960938e+01,1.068854618072509766e+01,2.675503730773925781e+01,3.000000000000000000e+00
1.798000000000000043e+01,4.642288970947265625e+01,1.072684383392333984e+01,2.675590133666992188e+01,3.000000000000000000e+00
1.800000000000000000e+01,4.669286727905273438e+01,1.076494503021240234e+01,2.675658416748046875e+01,3.000000000000000000e+00
1.801999999999999957e+01,4.696294784545898438e+01,1.080284976959228516e+01,2.675718688964843750e+01,3.000000000000000000e+00
1.803999999999999915e+01,4.723310852050781250e+01,1.084055995941162109e+01,2.675782966613769531e+01,3.000000000000000000e+00
1.805999999999999872e+01,4.750332641601562500e+01,1.087807750701904297e+01,2.675859642028808594e+01,3.000000000000000000e+00
1.808000000000000185e+01,4.777360916137695312e+01,1.091540431976318359e+01,2.675954627990722656e+01,3.000000000000000000e+00
1.810000000000000142e+01,4.804397583007812500e+01,1.095254039764404297e+01,2.676073646545410156e+01,3.000000000000000000e+00
1.812000000000000099e+01,4.831440734863281250e+01,1.098948955535888672e+01,2.676222229003906250e+01,3.000000000000000000e+00
1.814000000000000057e+01,4.858487701416015625e+01,1.102625751495361328e+01,2.676401710510253906e+01,3.000000000000000000e+00
1.816000000000000014e+01,4.885537338256835938e+01,1.106284618377685547e+01,2.676611518859863281e+01,3.000000000000000000e+00
1.817999999999999972e+01,4.912590026855468750e+01,1.109925651550292969e+01,2.676850509643554688e+01,3.000000000000000000e+00
1.819999999999999929e+01,4.939648818969726562e+01,1.113548946380615234e+01,2.677118301391601562e+01,3.000000000000000000e+00
1.821999999999999886e+01,4.966713714599609375e+01,1.117154502868652344e+01,2.677410888671875000e+01,3.000000000000000000e+00
1.824000000000000199e+01,4.993784332275390625e+01,1.120742416381835938e+01,2.677721786499023438e+01,3.000000000000000000e+00
1.826000000000000156e+01,5.020859527587890625e+01,1.124312591552734375e+01,2.678044891357421875e+01,3.000000000000000000e+00
1.828000000000000114e+01,5.047940444946289062e+01,1.127864933013916016e+01,2.678376579284667969e+01,3.000000000000000000e+00
1.830000000000000071e+01,5.075030517578125000e+01,1.131399059295654297e+01,2.678714942932128906e+01,3.000000000000000000e+00
1.832000000000000028e+01,5.102128219604492188e+01,1.134914875030517578e+01,2.679057502746582031e+01,3.000000000000000000e+00
1.833999999999999986e+01,5.129235076904296875e+01,1.138412094116210938e+01,2.679400634765625000e+01,3.000000000000000000e+00
1.835999999999999943e+01,5.156349945068359375e+01,1.141890621185302734e+01,2.679741668701171875e+01,3.000000000000000000e+00
1.837999999999999901e+01,5.183474731445312500e+01,1.145350074768066406e+01,2.680079078674316406e+01,3.000000000000000000e+00
1.840000000000000213e+01,5.210612106323242188e+01,1.148790168762207031e+01,2.680411338806152344e+01,3.000000000000000000e+00
1.842000000000000171e+01,5.237762451171875000e+01,1.152210712432861328e+01,2.680735588073730469e+01,3.000000000000000000e+00
1.844000000000000128e+01,5.264924621582031250e+01,1.155611705780029297e+01,2.681049537658691406e+01,3.000000000000000000e+00
1.846000000000000085e+01,5.292098617553710938e+01,1.158993053436279297e+01,2.681350135803222656e+01,3.000000000000000000e+00
1.848000000000000043e+01,5.319285583496093750e+01,1.162354564666748047e+01,2.681638336181640625e+01,3.000000000000000000e+00
1.850000000000000000e+01,5.346488571166992188e+01,1.165695858001708984e+01,2.681915283203125000e+01,3.000000000000000000e+00
1.851999999999999957e+01,5.373707580566406250e+01,1.169017028808593750e+01,2.682180023193359375e+01,3.000000000000000000e+00
1.853999999999999915e+01,5.400942230224609375e+01,1.172318077087402344e+01,2.682429313659667969e+01,3.000000000000000000e+00
1.855999999999999872e+01,5.428190994262695312e+01,1.175598812103271484e+01,2.682661056518554688e+01,3.000000000000000000e+00
1.858000000000000185e+01,5.455456161499023438e+01,1.178859329223632812e+01,2.682875251770019531e+01,3.000000000000000000e+00
1.860000000000000142e+01,5.482740783691406250e+01,1.182099246978759766e+01,2.683072471618652344e+01,3.000000000000000000e+00
1.862000000000000099e+01,5.510044479370117188e+01,1.185318565368652344e+01,2.683249282836914062e+01,3.000000000000000000e+00
1.864000000000000057e+01,5.537365722656250000e+01,1.188517379760742188e+01,2.683401107788085938e+01,3.000000000000000000e+00
1.866000000000000014e+01,5.564702987670898438e+01,1.191695690155029297e+01,2.683526039123535156e+01,3.000000000000000000e+00
1.867999999999999972e+01,5.592057037353515625e+01,1.194853305816650391e+01,2.683625221252441406e+01,3.000000000000000000e+00
1.869999999999999929e+01,5.619429397583007812e+01,1.197990036010742188e+01,2.683701896667480469e+01,3.000000000000000000e+00
1.871999999999999886e+01,5.646818542480468750e+01,1.201105976104736328e+01,2.683760070800781250e+01,3.000000000000000000e+00
1.874000000000000199e+01,5.674222946166992188e+01,1.204201126098632812e+01,2.683802223205566406e+01,3.000000000000000000e+00
1.876000000000000156e+01,5.701641082763671875e+01,1.207275581359863281e+01,2.683831214904785156e+01,3.000000000000000000e+00
1.878000000000000114e+01,5.729072952270507812e+01,1.210329437255859375e+01,2.683850669860839844e+01,3.000000000000000000e+00
1.880000000000000071e+01,5.756520843505859375e+01,1.213362407684326172e+01,2.683864784240722656e+01,3.000000000000000000e+00
1.882000000000000028e+01,5.783983230590820312e+01,1.216374778747558594e+01,2.683873558044433594e+01,3.000000000000000000e+00
1.883999999999999986e+01,5.811456680297851562e+01,1.219366836547851562e+01,2.683875846862792969e+01,3.000000000000000000e+00
1.885999999999999943e+01,5.838938522338867188e+01,1.222338771820068359e+01,2.683873558044433594e+01,3.000000000000000000e+00
1.887999999999999901e+01,5.866426849365234375e+01,1.225290870666503906e+01,2.683871269226074219e+01,3.000000000000000000e+00
1.890000000000000213e+01,5.893920516967773438e+01,1.228223133087158203e+01,2.683875274658203125e+01,3.000000000000000000e+00
1.892000000000000171e+01,5.921417617797851562e+01,1.231135845184326172e+01,2.683895874023437500e+01,3.000000000000000000e+00
1.894000000000000128e+01,5.948915863037109375e+01,1.234029388427734375e+01,2.683943176269531250e+01,3.000000000000000000e+00
1.896000000000000085e+01,5.976412963867187500e+01,1.236904335021972656e+01,2.684025573730468750e+01,3.000000000000000000e+00
1.898000000000000043e+01,6.003909301757812500e+01,1.239760875701904297e+01,2.684147834777832031e+01,3.000000000000000000e+00
1.900000000000000000e+01,6.031405639648437500e+01,1.242599391937255859e+01,2.684313583374023438e+01,3.000000000000000000e+00
1.901999999999999957e+01,6.058901977539062500e+01,1.245420169830322266e+01,2.684530830383300781e+01,3.000000000000000000e+00
1.903999999999999915e+01,6.086396408081054688e+01,1.248223972320556641e+01,2.684806632995605469e+01,3.000000000000000000e+00
1.905999999999999872e+01,6.113890838623046875e+01,1.251010704040527344e+01,2.685139465332031250e+01,3.000000000000000000e+00
1.908000000000000185e+01,6.141387557983398438e+01,1.253780651092529297e+01,2.685521125793457031e+01,3.000000000000000000e+00
1.910000000000000142e+01,6.168892669677734375e+01,1.256533622741699219e+01,2.685939025878906250e+01,3.000000000000000000e+00
1.912000000000000099e+01,6.196410751342773438e+01,1.259269428253173828e+01,2.686373710632324219e+01,3.000000000000000000e+00
1.914000000000000057e+01,6.223943710327148438e+01,1.261987781524658203e+01,2.686804008483886719e+01,3.000000000000000000e+00
1.916000000000000014e+01,6.251493835449218750e+01,1.264688205718994141e+01,2.687212181091308594e+01,3.000000000000000000e+00
1.917999999999999972e+01,6.279066085815429688e+01,1.267370128631591797e+01,2.687578010559082031e+01,3.000000000000000000e+00
1.919999999999999929e+01,6.306665802001953125e+01,1.270032978057861328e+01,2.687882232666015625e+01,3.000000000000000000e+00
1.921999999999999886e+01,6.334296417236328125e+01,1.272676181793212891e+01,2.688108634948730469e+01,3.000000000000000000e+00
1.924000000000000199e+01,6.361959075927734375e+01,1.275299358367919922e+01,2.688246917724609375e+01,3.000000000000000000e+00
1.926000000000000156e+01,6.389653015136718750e+01,1.277902221679687500e+01,2.688290977478027344e+01,3.000000000000000000e+00
1.928000000000000114e+01,6.417377471923828125e+01,1.280484294891357422e+01,2.688240051269531250e+01,3.000000000000000000e+00
1.930000000000000071e+01,6.445133209228515625e+01,1.283045387268066406e+01,2.688097763061523438e+01,3.000000000000000000e+00
1.932000000000000028e+01,6.472917938232421875e+01,1.285585021972656250e+01,2.687871551513671875e+01,3.000000000000000000e+00
1.933999999999999986e+01,6.500727081298828125e+01,1.288103199005126953e+01,2.687570571899414062e+01,3.000000000000000000e+00
1.935999999999999943e+01,6.528554534912109375e+01,1.290600299835205078e+01,2.687209510803222656e+01,3.000000000000000000e+00
1.937999999999999901e+01,6.556394958496093750e+01,1.293076038360595703e+01,2.686808395385742188e+01,3.000000000000000000e+00
1.940000000000000213e+01,6.584246826171875000e+01,1.295530796051025391e+01,2.686391830444335938e+01,3.000000000000000000e+00
1.942000000000000171e+01,6.612104797363281250e+01,1.297964763641357422e+01,2.685991668701171875e+01,3.000000000000000000e+00
1.944000000000000128e+01,6.639962005615234375e+01,1.300378799438476562e+01,2.685638618469238281e+01,3.000000000000000000e+00
1.946000000000000085e+01,6.667811584472656250e+01,1.302773952484130859e+01,2.685359001159667969e+01,3.000000000000000000e+00
1.948000000000000043e+01,6.695649719238281250e+01,1.305151176452636719e+01,2.685173797607421875e+01,3.000000000000000000e+00
1.950000000000000000e+01,6.723475646972656250e+01,1.307511711120605469e+01,2.685099792480468750e+01,3.000000000000000000e+00
1.951999999999999957e+01,6.751284027099609375e+01,1.309857273101806641e+01,2.685161018371582031e+01,3.000000000000000000e+00
1.953999999999999915e+01,6.779067993164062500e+01,1.312189292907714844e+01,2.685377693176269531e+01,3.000000000000000000e+00
1.955999999999999872e+01,6.806826019287109375e+01,1.314509296417236328e+01,2.685754585266113281e+01,3.000000000000000000e+00
1.958000000000000185e+01,6.834558868408203125e+01,1.316818332672119141e+01,2.686286163330078125e+01,3.000000000000000000e+00
1.960000000000000142e+01,6.862268829345703125e+01,1.319117164611816406e+01,2.686962890625000000e+01,3.000000000000000000e+00
1.962000000000000099e+01,6.889959716796875000e+01,1.321406269073486328e+01,2.687770652770996094e+01,3.000000000000000000e+00
1.964000000000000057e+01,6.917631530761718750e+01,1.323685455322265625e+01,2.688693046569824219e+01,3.000000000000000000e+00
1.966000000000000014e+01,6.945288848876953125e+01,1.325954055786132812e+01,2.689710998535156250e+01,3.000000000000000000e+00
1.967999999999999972e+01,6.972941589355468750e+01,1.328210735321044922e+01,2.690793228149414062e+01,3.000000000000000000e+00
1.969999999999999929e+01,7.000600433349609375e+01,1.330453777313232422e+01,2.691896438598632812e+01,3.000000000000000000e+00
1.971999999999999886e+01,7.028278350830078125e+01,1.332681465148925781e+01,2.692976570129394531e+01,3.000000000000000000e+00
1.974000000000000199e+01,7.055985260009765625e+01,1.334892463684082031e+01,2.693994903564453125e+01,3.000000000000000000e+00
1.976000000000000156e+01,7.083729553222656250e+01,1.337085723876953125e+01,2.694915008544921875e+01,3.000000000000000000e+00
1.978000000000000114e+01,7.111515045166015625e+01,1.339260101318359375e+01,2.695702552795410156e+01,3.000000000000000000e+00
1.980000000000000071e+01,7.139345550537109375e+01,1.341415214538574219e+01,2.696328163146972656e+01,3.000000000000000000e+00
1.982000000000000028e+01,7.167221069335937500e+01,1.343550682067871094e+01,2.696769714355468750e+01,3.000000000000000000e+00
1.983999999999999986e+01,7.195137786865234375e+01,1.345666408538818359e+01,2.697014808654785156e+01,3.000000000000000000e+00
1.985999999999999943e+01,7.223095703125000000e+01,1.347762203216552734e+01,2.697061347961425781e+01,3.000000000000000000e+00
1.987999999999999901e+01,7.251091766357421875e+01,1.349837684631347656e+01,2.696916389465332031e+01,3.000000000000000000e+00
1.990000000000000213e+01,7.279129028320312500e+01,1.351892375946044922e+01,2.696593856811523438e+01,3.000000000000000000e+00
1.992000000000000171e+01,7.307200622558593750e+01,1.353926086425781250e+01,2.696120071411132812e+01,3.000000000000000000e+00
1.994000000000000128e+01,7.335301208496093750e+01,1.355937957763671875e+01,2.695527839660644531e+01,3.000000000000000000e+00
1.996000000000000085e+01,7.363423156738281250e+01,1.357928085327148438e+01,2.694852447509765625e+01,3.000000000000000000e+00
1.998000000000000043e+01,7.391561889648437500e+01,1.359896278381347656e+01,2.694129371643066406e+01,3.000000000000000000e+00
2.000000000000000000e+01,7.419711303710937500e+01,1.361842727661132812e+01,2.693395042419433594e+01,3.000000000000000000e+00
2.001999999999999957e+01,7.447867584228515625e+01,1.363767814636230469e+01,2.692695426940917969e+01,3.000000000000000000e+00
2.003999999999999915e+01,7.476016998291015625e+01,1.365672588348388672e+01,2.692072105407714844e+01,3.000000000000000000e+00
2.005999999999999872e+01,7.504154968261718750e+01,1.367558670043945312e+01,2.691553306579589844e+01,3.000000000000000000e+00
2.008000000000000185e+01,7.532276916503906250e+01,1.369427394866943359e+01,2.691158485412597656e+01,3.000000000000000000e+00
2.010000000000000142e+01,7.560383605957031250e+01,1.371280288696289062e+01,2.690902137756347656e+01,3.000000000000000000e+00
2.012000000000000099e+01,7.588470458984375000e+01,1.373118972778320312e+01,2.690802764892578125e+01,3.000000000000000000e+00
2.014000000000000057e+01,7.616532897949218750e+01,1.374945259094238281e+01,2.690870857238769531e+01,3.000000000000000000e+00
2.016000000000000014e+01,7.644569396972656250e+01,1.376760005950927734e+01,2.691104698181152344e+01,3.000000000000000000e+00
2.017999999999999972e+01,7.672581481933593750e+01,1.378564167022705078e+01,2.691494941711425781e+01,3.000000000000000000e+00
2.019999999999999929e+01,7.700573730468750000e+01,1.380358028411865234e+01,2.692028236389160156e+01,3.000000000000000000e+00
2.021999999999999886e+01,7.728545379638671875e+01,1.382141494750976562e+01,2.692689895629882812e+01,3.000000000000000000e+00
2.024000000000000199e+01,7.756501007080078125e+01,1.383913707733154297e+01,2.693461608886718750e+01,3.000000000000000000e+00
2.026000000000000156e+01,7.784448242187500000e+01,1.385673427581787109e+01,2.694321823120117188e+01,3.000000000000000000e+00
2.028000000000000114e+01,7.812395477294921875e+01,1.387419033050537109e+01,2.695237350463867188e+01,3.000000000000000000e+00
2.030000000000000071e+01,7.840357208251953125e+01,1.389148807525634766e+01,2.696162414550781250e+01,3.000000000000000000e+00
2.032000000000000028e+01,7.868344116210937500e+01,1.390861225128173828e+01,2.697051048278808594e+01,3.000000000000000000e+00
2.033999999999999986e+01,7.896366882324218750e+01,1.392555141448974609e+01,2.697857475280761719e+01,3.000000000000000000e+00
2.035999999999999943e+01,7.924430847167968750e+01,1.394229984283447266e+01,2.698538780212402344e+01,3.000000000000000000e+00
2.037999999999999901e+01,7.952536010742187500e+01,1.395885562896728516e+01,2.699056053161621094e+01,3.000000000000000000e+00
2.040000000000000213e+01,7.980683135986328125e+01,1.397521686553955078e+01,2.699379730224609375e+01,3.000000000000000000e+00
2.042000000000000171e+01,8.008872222900390625e+01,1.399138450622558594e+01,2.699490547180175781e+01,3.000000000000000000e+00
2.044000000000000128e+01,8.037100982666015625e+01,1.400735759735107422e+01,2.699378776550292969e+01,3.000000000000000000e+00
2.046000000000000085e+01,8.065367889404296875e+01,1.402313423156738281e+01,2.699046325683593750e+01,3.000000000000000000e+00
2.048000000000000043e+01,8.093675994873046875e+01,1.403870677947998047e+01,2.698504829406738281e+01,3.000000000000000000e+00
2.050000000000000000e+01,8.122026062011718750e+01,1.405406665802001953e+01,2.697772789001464844e+01,3.000000000000000000e+00
2.051999999999999957e+01,8.150415039062500000e+01,1.406920528411865234e+01,2.696879768371582031e+01,3.000000000000000000e+00
2.053999999999999915e+01,8.178835296630859375e+01,1.408411502838134766e+01,2.695861434936523438e+01,3.000000000000000000e+00
2.055999999999999872e+01,8.207277679443359375e+01,1.409878730773925781e+01,2.694755363464355469e+01,3.000000000000000000e+00
2.058000000000000185e+01,8.235737609863281250e+01,1.411321640014648438e+01,2.693602561950683594e+01,3.000000000000000000e+00
2.060000000000000142e+01,8.264208221435546875e+01,1.412739849090576172e+01,2.692448043823242188e+01,3.000000000000000000e+00
2.062000000000000099e+01,8.292681121826171875e+01,1.414132881164550781e+01,2.691345977783203125e+01,3.000000000000000000e+00
2.064000000000000057e+01,8.321148681640625000e+01,1.415501403808593750e+01,2.690345382690429688e+01,3.000000000000000000e+00
2.066000000000000014e+01,8.349598693847656250e+01,1.416846179962158203e+01,2.689481353759765625e+01,3.000000000000000000e+00
2.067999999999999972e+01,8.378028106689453125e+01,1.418168544769287109e+01,2.688779067993164062e+01,3.000000000000000000e+00
2.069999999999999929e+01,8.406433105468750000e+01,1.419469738006591797e+01,2.688259124755859375e+01,3.000000000000000000e+00
2.071999999999999886e+01,8.434808349609375000e+01,1.420751476287841797e+01,2.687947273254394531e+01,3.000000000000000000e+00
2.074000000000000199e+01,8.463147735595703125e+01,1.422014808654785156e+01,2.687859344482421875e+01,3.000000000000000000e+00
2.076000000000000156e+01,8.491448974609375000e+01,1.423261451721191406e+01,2.687993049621582031e+01,3.000000000000000000e+00
2.078000000000000114e+01,8.519714355468750000e+01,1.424492645263671875e+01,2.688335990905761719e+01,3.000000000000000000e+00
2.080000000000000071e+01,8.547944641113281250e+01,1.425709056854248047e+01,2.688871192932128906e+01,3.000000000000000000e+00
2.082000000000000028e+01,8.576141357421875000e+01,1.426911163330078125e+01,2.689583015441894531e+01,3.000000000000000000e+00
2.083999999999999986e+01,8.604308319091796875e+01,1.428098964691162109e+01,2.690454673767089844e+01,3.000000000000000000e+00
2.085999999999999943e+01,8.632447814941406250e+01,1.429271888732910156e+01,2.691465568542480469e+01,3.000000000000000000e+00
2.087999999999999901e+01,8.660568237304687500e+01,1.430428695678710938e+01,2.692582511901855469e+01,3.000000000000000000e+00
2.090000000000000213e+01,8.688682556152343750e+01,1.431568622589111328e+01,2.693756103515625000e+01,3.000000000000000000e+00
2.092000000000000171e+01,8.716802215576171875e+01,1.432690429687500000e+01,2.694937324523925781e+01,3.000000000000000000e+00
2.094000000000000128e+01,8.744940948486328125e+01,1.433793354034423828e+01,2.696079444885253906e+01,3.000000000000000000e+00
2.096000000000000085e+01,8.773112487792968750e+01,1.434876823425292969e+01,2.697132492065429688e+01,3.000000000000000000e+00
2.098000000000000043e+01,8.801322174072265625e+01,1.435941123962402344e+01,2.698046493530273438e+01,3.000000000000000000e+00
2.100000000000000000e+01,8.829574584960937500e+01,1.436986446380615234e+01,2.698777770996093750e+01,3.000000000000000000e+00
2.101999999999999957e+01,8.857868194580078125e+01,1.438013648986816406e+01,2.699289894104003906e+01,3.000000000000000000e+00
2.103999999999999915e+01,8.886199951171875000e+01,1.439023303985595703e+01,2.699556159973144531e+01,3.000000000000000000e+00
2.105999999999999872e+01,8.914567565917968750e+01,1.440015888214111328e+01,2.699561882019042969e+01,3.000000000000000000e+00
2.108000000000000185e+01,8.942968750000000000e+01,1.440991306304931641e+01,2.699306297302246094e+01,3.000000000000000000e+00
2.110000000000000142e+01,8.971403503417968750e+01,1.441949081420898438e+01,2.698797607421875000e+01,3.000000000000000000e+00
2.112000000000000099e+01,8.999878692626953125e+01,1.442887878417968750e+01,2.698057365417480469e+01,3.000000000000000000e+00
2.114000000000000057e+01,9.028396606445312500e+01,1.443806648254394531e+01,2.697116470336914062e+01,3.000000000000000000e+00
2.116000000000000014e+01,9.056950378417968750e+01,1.444703960418701172e+01,2.696009826660156250e+01,3.000000000000000000e+00
2.117999999999999972e+01,9.085532379150390625e+01,1.445578861236572266e+01,2.694776344299316406e+01,3.000000000000000000e+00
2.119999999999999929e+01,9.114138793945312500e+01,1.446429920196533203e+01,2.693463897705078125e+01,3.000000000000000000e+00
2.121999999999999886e+01,9.142762756347656250e+01,1.447256088256835938e+01,2.692127037048339844e+01,3.000000000000000000e+00
2.124000000000000199e+01,9.171392059326171875e+01,1.448056888580322266e+01,2.690818977355957031e+01,3.000000000000000000e+00
2.126000000000000156e+01,9.200016784667968750e+01,1.448832130432128906e+01,2.689585685729980469e+01,3.000000000000000000e+00
2.128000000000000114e+01,9.228629302978515625e+01,1.449582386016845703e+01,2.688467788696289062e+01,3.000000000000000000e+00
2.130000000000000071e+01,9.257224273681640625e+01,1.450308132171630859e+01,2.687502861022949219e+01,3.000000000000000000e+00
2.132000000000000028e+01,9.285797119140625000e+01,1.451010227203369141e+01,2.686730766296386719e+01,3.000000000000000000e+00
2.133999999999999986e+01,9.314338684082031250e+01,1.451690196990966797e+01,2.686177635192871094e+01,3.000000000000000000e+00
2.135999999999999943e+01,9.342842102050781250e+01,1.452349376678466797e+01,2.685851097106933594e+01,3.000000000000000000e+00
2.137999999999999901e+01,9.371304321289062500e+01,1.452989482879638672e+01,2.685748481750488281e+01,3.000000000000000000e+00
2.140000000000000213e+01,9.399726104736328125e+01,1.453611850738525391e+01,2.685863113403320312e+01,3.000000000000000000e+00
2.142000000000000171e+01,9.428105926513671875e+01,1.454217338562011719e+01,2.686198806762695312e+01,3.000000000000000000e+00
2.144000000000000128e+01,9.456443786621093750e+01,1.454806232452392578e+01,2.686754417419433594e+01,3.000000000000000000e+00
2.146000000000000085e+01,9.484741210937500000e+01,1.455378723144531250e+01,2.687514877319335938e+01,3.000000000000000000e+00
2.148000000000000043e+01,9.513002014160156250e+01,1.455934619903564453e+01,2.688458824157714844e+01,3.000000000000000000e+00
2.150000000000000000e+01,9.541235351562500000e+01,1.456473064422607422e+01,2.689552497863769531e+01,3.000000000000000000e+00
2.151999999999999957e+01,9.569452667236328125e+01,1.456993198394775391e+01,2.690754699707031250e+01,3.000000000000000000e+00
2.153999999999999915e+01,9.597668457031250000e+01,1.457493877410888672e+01,2.692016601562500000e+01,3.000000000000000000e+00
2.155999999999999872e+01,9.625897979736328125e+01,1.457974433898925781e+01,2.693280601501464844e+01,3.000000000000000000e+00
2.158000000000000185e+01,9.654157257080078125e+01,1.458434772491455078e+01,2.694483375549316406e+01,3.000000000000000000e+00
2.160000000000000142e+01,9.682454681396484375e+01,1.458875465393066406e+01,2.695559883117675781e+01,3.000000000000000000e+00
2.162000000000000099e+01,9.710794067382812500e+01,1.459298133850097656e+01,2.696448707580566406e+01,3.000000000000000000e+00
2.164000000000000057e+01,9.739171600341796875e+01,1.459704494476318359e+01,2.697096061706542969e+01,3.000000000000000000e+00
2.166000000000000014e+01,9.767584991455078125e+01,1.460096263885498047e+01,2.697459793090820312e+01,3.000000000000000000e+00
2.167999999999999972e+01,9.796031951904296875e+01,1.460474777221679688e+01,2.697513008117675781e+01,3.000000000000000000e+00
2.169999999999999929e+01,9.824511718750000000e+01,1.460840320587158203e+01,2.697243690490722656e+01,3.000000000000000000e+00
2.171999999999999886e+01,9.853024291992187500e+01,1.461193084716796875e+01,2.696652221679687500e+01,3.000000000000000000e+00
2.174000000000000199e+01,9.881570434570312500e+01,1.461532306671142578e+01,2.695751190185546875e+01,3.000000000000000000e+00
2.176000000000000156e+01,9.910153961181640625e+01,1.461856746673583984e+01,2.694564056396484375e+01,3.000000000000000000e+00
2.178000000000000114e+01,9.938777923583984375e+01,1.462164497375488281e+01,2.693124771118164062e+01,3.000000000000000000e+00
2.180000000000000071e+01,9.967444610595703125e+01,1.462453174591064453e+01,2.691477584838867188e+01,3.000000000000000000e+00
2.182000000000000028e+01,9.996144104003906250e+01,1.462720394134521484e+01,2.689679145812988281e+01,3.000000000000000000e+00
2.183999999999999986e+01,1.002486877441406250e+02,1.462963771820068359e+01,2.687792968750000000e+01,3.000000000000000000e+00
2.185999999999999943e+01,1.005360565185546875e+02,1.463181018829345703e+01,2.685883522033691406e+01,3.000000000000000000e+00
2.187999999999999901e+01,1.008234558105468750e+02,1.463370323181152344e+01,2.684014511108398438e+01,3.000000000000000000e+00
2.190000000000000213e+01,1.011108245849609375e+02,1.463530158996582031e+01,2.682247924804687500e+01,3.000000000000000000e+00
2.192000000000000171e+01,1.013980712890625000e+02,1.463660049438476562e+01,2.680642509460449219e+01,3.000000000000000000e+00
2.194000000000000128e+01,1.016850814819335938e+02,1.463760280609130859e+01,2.679244613647460938e+01,3.000000000000000000e+00
2.196000000000000085e+01,1.019717559814453125e+02,1.463831996917724609e+01,2.678084373474121094e+01,3.000000000000000000e+00
2.198000000000000043e+01,1.022580413818359375e+02,1.463876533508300781e+01,2.677179336547851562e+01,3.000000000000000000e+00
2.200000000000000000e+01,1.025439147949218750e+02,1.463895416259765625e+01,2.676540565490722656e+01,3.000000000000000000e+00
2.201999999999999957e+01,1.028293457031250000e+02,1.463889694213867188e+01,2.676183509826660156e+01,3.000000000000000000e+00
2.203999999999999915e+01,1.031143112182617188e+02,1.463860511779785156e+01,2.676112174987792969e+01,3.000000000000000000e+00
2.205999999999999872e+01,1.033987808227539062e+02,1.463809013366699219e+01,2.676311111450195312e+01,3.000000000000000000e+00
2.208000000000000185e+01,1.036828002929687500e+02,1.463736057281494141e+01,2.676758575439453125e+01,3.000000000000000000e+00
2.210000000000000142e+01,1.039663848876953125e+02,1.463641643524169922e+01,2.677428817749023438e+01,3.000000000000000000e+00
2.212000000000000099e+01,1.042496261596679688e+02,1.463525772094726562e+01,2.678293228149414062e+01,3.000000000000000000e+00
2.214000000000000057e+01,1.045326004028320312e+02,1.463387584686279297e+01,2.679318046569824219e+01,3.000000000000000000e+00
2.216000000000000014e+01,1.048154449462890625e+02,1.463226127624511719e+01,2.680458641052246094e+01,3.000000000000000000e+00
2.217999999999999972e+01,1.050982971191406250e+02,1.463041114807128906e+01,2.681658935546875000e+01,3.000000000000000000e+00
2.219999999999999929e+01,1.053813171386718750e+02,1.462832927703857422e+01,2.682853507995605469e+01,3.000000000000000000e+00
2.221999999999999886e+01,1.056646728515625000e+02,1.462602233886718750e+01,2.683977508544921875e+01,3.000000000000000000e+00
2.224000000000000199e+01,1.059484405517578125e+02,1.462350940704345703e+01,2.684966468811035156e+01,3.000000000000000000e+00
2.226000000000000156e+01,1.062325973510742188e+02,1.462081527709960938e+01,2.685758972167968750e+01,3.000000000000000000e+00
2.228000000000000114e+01,1.065171279907226562e+02,1.461796855926513672e+01,2.686303329467773438e+01,3.000000000000000000e+00
2.230000000000000071e+01,1.068020095825195312e+02,1.461498832702636719e+01,2.686560058593750000e+01,3.000000000000000000e+00
2.232000000000000028e+01,1.070872421264648438e+02,1.461189270019531250e+01,2.686499023437500000e+01,3.000000000000000000e+00
2.233999999999999986e+01,1.073727874755859375e+02,1.460869503021240234e+01,2.686103248596191406e+01,3.000000000000000000e+00
2.235999999999999943e+01,1.076586303710937500e+02,1.460539627075195312e+01,2.685373115539550781e+01,3.000000000000000000e+00
2.237999999999999901e+01,1.079447631835937500e+02,1.460198688507080078e+01,2.684323692321777344e+01,3.000000000000000000e+00
2.240000000000000213e+01,1.082312469482421875e+02,1.459844779968261719e+01,2.682980918884277344e+01,3.000000000000000000e+00
2.242000000000000171e+01,1.085181427001953125e+02,1.459475421905517578e+01,2.681384468078613281e+01,3.000000000000000000e+00
2.244000000000000128e+01,1.088054580688476562e+02,1.459087657928466797e+01,2.679583549499511719e+01,3.000000000000000000e+00
2.246000000000000085e+01,1.090930862426757812e+02,1.458679294586181641e+01,2.677633094787597656e+01,3.000000000000000000e+00
2.248000000000000043e+01,1.093809432983398438e+02,1.458247566223144531e+01,2.675595474243164062e+01,3.000000000000000000e+00
2.250000000000000000e+01,1.096689453125000000e+02,1.457790184020996094e+01,2.673537445068359375e+01,3.000000000000000000e+00
2.251999999999999957e+01,1.099569931030273438e+02,1.457305145263671875e+01,2.671525382995605469e+01,3.000000000000000000e+00
2.253999999999999915e+01,1.102450027465820312e+02,1.456791496276855469e+01,2.669620323181152344e+01,3.000000000000000000e+00
2.255999999999999872e+01,1.105328598022460938e+02,1.456248855590820312e+01,2.667873764038085938e+01,3.000000000000000000e+00
2.258000000000000185e+01,1.108204956054687500e+02,1.455677700042724609e+01,2.666328620910644531e+01,3.000000000000000000e+00
2.260000000000000142e+01,1.111078414916992188e+02,1.455078697204589844e+01,2.665021324157714844e+01,3.000000000000000000e+00
2.262000000000000099e+01,1.113948287963867188e+02,1.454453086853027344e+01,2.663984107971191406e+01,3.000000000000000000e+00
2.264000000000000057e+01,1.116813812255859375e+02,1.453801918029785156e+01,2.663235664367675781e+01,3.000000000000000000e+00
2.266000000000000014e+01,1.119674377441406250e+02,1.453127098083496094e+01,2.662776565551757812e+01,3.000000000000000000e+00
2.267999999999999972e+01,1.122529678344726562e+02,1.452430152893066406e+01,2.662598609924316406e+01,3.000000000000000000e+00
2.269999999999999929e+01,1.125379638671875000e+02,1.451712131500244141e+01,2.662694931030273438e+01,3.000000000000000000e+00
2.271999999999999886e+01,1.128224258422851562e+02,1.450973415374755859e+01,2.663064765930175781e+01,3.000000000000000000e+00
2.274000000000000199e+01,1.131063156127929688e+02,1.450214004516601562e+01,2.663703346252441406e+01,3.000000000000000000e+00
2.276000000000000156e+01,1.133896789550781250e+02,1.449433898925781250e+01,2.664595222473144531e+01,3.000000000000000000e+00
2.278000000000000114e+01,1.136725540161132812e+02,1.448632812500000000e+01,2.665719413757324219e+01,3.000000000000000000e+00
2.280000000000000071e+01,1.139550552368164062e+02,1.447809791564941406e+01,2.667041397094726562e+01,3.000000000000000000e+00
2.282000000000000028e+01,1.142373123168945312e+02,1.446964454650878906e+01,2.668515968322753906e+01,3.000000000000000000e+00
2.283999999999999986e+01,1.145194854736328125e+02,1.446096515655517578e+01,2.670088768005371094e+01,3.000000000000000000e+00
2.285999999999999943e+01,1.148017349243164062e+02,1.445205974578857422e+01,2.671697425842285156e+01,3.000000000000000000e+00
2.287999999999999901e+01,1.150842514038085938e+02,1.444293403625488281e+01,2.673277091979980469e+01,3.000000000000000000e+00
2.290000000000000213e+01,1.153671951293945312e+02,1.443360614776611328e+01,2.674761390686035156e+01,3.000000000000000000e+00
2.292000000000000171e+01,1.156505737304687500e+02,1.442410373687744141e+01,2.676080703735351562e+01,3.000000000000000000e+00
2.294000000000000128e+01,1.159344024658203125e+02,1.441446113586425781e+01,2.677168846130371094e+01,3.000000000000000000e+00
2.296000000000000085e+01,1.162186508178710938e+02,1.440470981597900391e+01,2.677970695495605469e+01,3.000000000000000000e+00
2.298000000000000043e+01,1.165033187866210938e+02,1.439486980438232422e+01,2.678447151184082031e+01,3.000000000000000000e+00
2.300000000000000000e+01,1.167883911132812500e+02,1.438496017456054688e+01,2.678571128845214844e+01,3.000000000000000000e+00
2.301999999999999957e+01,1.170738449096679688e+02,1.437499332427978516e+01,2.678323745727539062e+01,3.000000000000000000e+00
2.303999999999999915e+01,1.173596420288085938e+02,1.436497497558593750e+01,2.677697563171386719e+01,3.000000000000000000e+00
2.305999999999999872e+01,1.176457748413085938e+02,1.435490226745605469e+01,2.676702499389648438e+01,3.000000000000000000e+00
2.308000000000000185e+01,1.179322586059570312e+02,1.434476184844970703e+01,2.675361442565917969e+01,3.000000000000000000e+00
2.310000000000000142e+01,1.182191467285156250e+02,1.433453273773193359e+01,2.673709869384765625e+01,3.000000000000000000e+00
2.312000000000000099e+01,1.185065002441406250e+02,1.432418632507324219e+01,2.671797752380371094e+01,3.000000000000000000e+00
2.314000000000000057e+01,1.187942810058593750e+02,1.431369495391845703e+01,2.669686508178710938e+01,3.000000000000000000e+00
2.316000000000000014e+01,1.190823669433593750e+02,1.430303287506103516e+01,2.667443275451660156e+01,3.000000000000000000e+00
2.317999999999999972e+01,1.193706741333007812e+02,1.429217624664306641e+01,2.665139389038085938e+01,3.000000000000000000e+00
2.319999999999999929e+01,1.196591110229492188e+02,1.428110218048095703e+01,2.662846183776855469e+01,3.000000000000000000e+00
2.321999999999999886e+01,1.199475784301757812e+02,1.426979064941406250e+01,2.660634422302246094e+01,3.000000000000000000e+00
2.324000000000000199e+01,1.202359848022460938e+02,1.425823020935058594e+01,2.658567237854003906e+01,3.000000000000000000e+00
2.326000000000000156e+01,1.205242156982421875e+02,1.424641418457031250e+01,2.656697654724121094e+01,3.000000000000000000e+00
2.328000000000000114e+01,1.208121795654296875e+02,1.423433685302734375e+01,2.655070114135742188e+01,3.000000000000000000e+00
2.330000000000000071e+01,1.210998077392578125e+02,1.422199630737304688e+01,2.653721618652343750e+01,3.000000000000000000e+00
2.332000000000000028e+01,1.213870391845703125e+02,1.420939731597900391e+01,2.652678489685058594e+01,3.000000000000000000e+00
2.333999999999999986e+01,1.216737823486328125e+02,1.419654178619384766e+01,2.651953506469726562e+01,3.000000000000000000e+00
2.335999999999999943e+01,1.219599990844726562e+02,1.418343925476074219e+01,2.651543045043945312e+01,3.000000000000000000e+00
2.337999999999999901e+01,1.222456436157226562e+02,1.417009639739990234e+01,2.651434898376464844e+01,3.000000000000000000e+00
2.340000000000000213e+01,1.225307159423828125e+02,1.415651607513427734e+01,2.651620864868164062e+01,3.000000000000000000e+00
2.342000000000000171e+01,1.228151779174804688e+02,1.414269733428955078e+01,2.652095031738281250e+01,3.000000000000000000e+00
2.344000000000000128e+01,1.230990676879882812e+02,1.412863636016845703e+01,2.652849578857421875e+01,3.000000000000000000e+00
2.346000000000000085e+01,1.233823928833007812e+02,1.411432552337646484e+01,2.653870010375976562e+01,3.000000000000000000e+00
2.348000000000000043e+01,1.236652221679687500e+02,1.409975910186767578e+01,2.655131721496582031e+01,3.000000000000000000e+00
2.350000000000000000e+01,1.239476776123046875e+02,1.408493423461914062e+01,2.656597709655761719e+01,3.000000000000000000e+00
2.351999999999999957e+01,1.242298965454101562e+02,1.406984615325927734e+01,2.658223152160644531e+01,3.000000000000000000e+00
2.353999999999999915e+01,1.245120391845703125e+02,1.405449390411376953e+01,2.659958267211914062e+01,3.000000000000000000e+00
2.355999999999999872e+01,1.247943191528320312e+02,1.403888416290283203e+01,2.661746406555175781e+01,3.000000000000000000e+00
2.358000000000000185e+01,1.250769577026367188e+02,1.402302646636962891e+01,2.663525009155273438e+01,3.000000000000000000e+00
2.360000000000000142e+01,1.253600692749023438e+02,1.400694751739501953e+01,2.665224838256835938e+01,3.000000000000000000e+00
2.362000000000000099e+01,1.256436767578125000e+02,1.399068546295166016e+01,2.666772842407226562e+01,3.000000000000000000e+00
2.364000000000000057e+01,1.259277877807617188e+02,1.397428226470947266e+01,2.668097686767578125e+01,3.000000000000000000e+00
2.366000000000000014e+01,1.262123947143554688e+02,1.395777797698974609e+01,2.669138336181640625e+01,3.000000000000000000e+00
2.367999999999999972e+01,1.264974899291992188e+02,1.394120311737060547e+01,2.669848823547363281e+01,3.000000000000000000e+00
2.369999999999999929e+01,1.267830581665039062e+02,1.392458438873291016e+01,2.670193290710449219e+01,3.000000000000000000e+00
2.371999999999999886e+01,1.270690536499023438e+02,1.390794372558593750e+01,2.670141792297363281e+01,3.000000000000000000e+00
2.374000000000000199e+01,1.273554611206054688e+02,1.389129734039306641e+01,2.669673728942871094e+01,3.000000000000000000e+00
2.376000000000000156e+01,1.276422119140625000e+02,1.387465000152587891e+01,2.668786239624023438e+01,3.000000000000000000e+00
2.378000000000000114e+01,1.279293136596679688e+02,1.385799312591552734e+01,2.667494201660156250e+01,3.000000000000000000e+00
2.380000000000000071e+01,1.282167816162109375e+02,1.384130764007568359e+01,2.665827369689941406e+01,3.000000000000000000e+00
2.382000000000000028e+01,1.285046539306640625e+02,1.382456302642822266e+01,2.663831138610839844e+01,3.000000000000000000e+00
2.383999999999999986e+01,1.287929992675781250e+02,1.380771923065185547e+01,2.661564064025878906e+01,3.000000000000000000e+00
2.385999999999999943e+01,1.290817718505859375e+02,1.379074096679687500e+01,2.659093666076660156e+01,3.000000000000000000e+00
2.387999999999999901e+01,1.293708648681640625e+02,1.377359580993652344e+01,2.656492805480957031e+01,3.000000000000000000e+00
2.390000000000000213e+01,1.296601867675781250e+02,1.375624752044677734e+01,2.653838729858398438e+01,3.000000000000000000e+00
2.392000000000000171e+01,1.299496307373046875e+02,1.373866748809814453e+01,2.651209068298339844e+01,3.000000000000000000e+00
2.394000000000000128e+01,1.302391357421875000e+02,1.372082424163818359e+01,2.648678207397460938e+01,3.000000000000000000e+00
2.396000000000000085e+01,1.305285797119140625e+02,1.370269489288330078e+01,2.646312713623046875e+01,3.000000000000000000e+00
2.398000000000000043e+01,1.308178710937500000e+02,1.368425941467285156e+01,2.644171524047851562e+01,3.000000000000000000e+00
2.400000000000000000e+01,1.311069488525390625e+02,1.366550159454345703e+01,2.642304992675781250e+01,3.000000000000000000e+00
2.401999999999999957e+01,1.313957214355468750e+02,1.364641380310058594e+01,2.640749359130859375e+01,3.000000000000000000e+00
2.403999999999999915e+01,1.316840362548828125e+02,1.362699604034423828e+01,2.639523696899414062e+01,3.000000000000000000e+00
2.406000000000000227e+01,1.319718017578125000e+02,1.360725021362304688e+01,2.638635635375976562e+01,3.000000000000000000e+00
2.408000000000000185e+01,1.322589416503906250e+02,1.358717727661132812e+01,2.638087844848632812e+01,3.000000000000000000e+00
2.410000000000000142e+01,1.325454101562500000e+02,1.356677627563476562e+01,2.637880325317382812e+01,3.000000000000000000e+00
2.412000000000000099e+01,1.328312072753906250e+02,1.354604434967041016e+01,2.638011360168457031e+01,3.000000000000000000e+00
2.414000000000000057e+01,1.331163177490234375e+02,1.352497768402099609e+01,2.638474845886230469e+01,3.000000000000000000e+00
2.416000000000000014e+01,1.334007568359375000e+02,1.350356674194335938e+01,2.639258956909179688e+01,3.000000000000000000e+00
2.417999999999999972e+01,1.336845855712890625e+02,1.348180580139160156e+01,2.640341567993164062e+01,3.000000000000000000e+00
2.419999999999999929e+01,1.339678802490234375e+02,1.345969581604003906e+01,2.641687202453613281e+01,3.000000000000000000e+00
2.421999999999999886e+01,1.342508087158203125e+02,1.343723869323730469e+01,2.643250465393066406e+01,3.000000000000000000e+00
2.424000000000000199e+01,1.345335083007812500e+02,1.341444110870361328e+01,2.644979667663574219e+01,3.000000000000000000e+00
2.426000000000000156e+01,1.348162078857421875e+02,1.339131259918212891e+01,2.646819496154785156e+01,3.000000000000000000e+00
2.428000000000000114e+01,1.350991210937500000e+02,1.336786937713623047e+01,2.648710060119628906e+01,3.000000000000000000e+00
2.430000000000000071e+01,1.353824462890625000e+02,1.334414386749267578e+01,2.650580978393554688e+01,3.000000000000000000e+00
2.432000000000000028e+01,1.356662445068359375e+02,1.332018566131591797e+01,2.652356147766113281e+01,3.000000000000000000e+00
2.433999999999999986e+01,1.359505615234375000e+02,1.329604625701904297e+01,2.653963088989257812e+01,3.000000000000000000e+00
2.435999999999999943e+01,1.362354125976562500e+02,1.327178096771240234e+01,2.655334281921386719e+01,3.000000000000000000e+00
2.437999999999999901e+01,1.365207977294921875e+02,1.324743652343750000e+01,2.656412506103515625e+01,3.000000000000000000e+00
2.440000000000000213e+01,1.368067016601562500e+02,1.322305202484130859e+01,2.657150077819824219e+01,3.000000000000000000e+00
2.442000000000000171e+01,1.370930328369140625e+02,1.319866752624511719e+01,2.657506179809570312e+01,3.000000000000000000e+00
2.444000000000000128e+01,1.373797454833984375e+02,1.317431449890136719e+01,2.657446289062500000e+01,3.000000000000000000e+00
2.446000000000000085e+01,1.376668395996093750e+02,1.315001392364501953e+01,2.656947517395019531e+01,3.000000000000000000e+00
2.448000000000000043e+01,1.379542388916015625e+02,1.312577438354492188e+01,2.656004333496093750e+01,3.000000000000000000e+00
2.450000000000000000e+01,1.382418975830078125e+02,1.310158920288085938e+01,2.654627609252929688e+01,3.000000000000000000e+00
2.451999999999999957e+01,1.385298309326171875e+02,1.307743835449218750e+01,2.652842903137207031e+01,3.000000000000000000e+00
2.453999999999999915e+01,1.388180694580078125e+02,1.305328941345214844e+01,2.650689888000488281e+01,3.000000000000000000e+00
2.456000000000000227e+01,1.391067199707031250e+02,1.302909469604492188e+01,2.648221588134765625e+01,3.000000000000000000e+00
2.458000000000000185e+01,1.393957977294921875e+02,1.300480747222900391e+01,2.645502853393554688e+01,3.000000000000000000e+00
2.460000000000000142e+01,1.396852416992187500e+02,1.298037719726562500e+01,2.642609596252441406e+01,3.000000000000000000e+00
2.462000000000000099e+01,1.399749450683593750e+02,1.295575618743896484e+01,2.639624786376953125e+01,3.000000000000000000e+00
2.464000000000000057e+01,1.402648315429687500e+02,1.293089771270751953e+01,2.636631774902343750e+01,3.000000000000000000e+00
2.466000000000000014e+01,1.405548095703125000e+02,1.290575981140136719e+01,2.633710861206054688e+01,3.000000000000000000e+00
2.467999999999999972e+01,1.408448028564453125e+02,1.288030433654785156e+01,2.630935287475585938e+01,3.000000000000000000e+00
2.469999999999999929e+01,1.411347351074218750e+02,1.285450172424316406e+01,2.628369903564453125e+01,3.000000000000000000e+00
2.471999999999999886e+01,1.414244995117187500e+02,1.282833099365234375e+01,2.626065444946289062e+01,3.000000000000000000e+00
2.474000000000000199e+01,1.417139587402343750e+02,1.280177974700927734e+01,2.624059867858886719e+01,3.000000000000000000e+00
2.476000000000000156e+01,1.420030059814453125e+02,1.277483654022216797e+01,2.622381210327148438e+01,3.000000000000000000e+00
2.478000000000000114e+01,1.422915344238281250e+02,1.274748992919921875e+01,2.621050643920898438e+01,3.000000000000000000e+00
2.480000000000000071e+01,1.425794677734375000e+02,1.271973323822021484e+01,2.620083427429199219e+01,3.000000000000000000e+00
2.482000000000000028e+01,1.428667449951171875e+02,1.269156074523925781e+01,2.619482803344726562e+01,3.000000000000000000e+00
2.483999999999999986e+01,1.431533050537109375e+02,1.266297054290771484e+01,2.619239425659179688e+01,3.000000000000000000e+00
2.485999999999999943e+01,1.434390563964843750e+02,1.263396358489990234e+01,2.619338798522949219e+01,3.000000000000000000e+00
2.487999999999999901e+01,1.437240142822265625e+02,1.260453510284423828e+01,2.619766044616699219e+01,3.000000000000000000e+00
2.490000000000000213e+01,1.440082397460937500e+02,1.257468032836914062e+01,2.620504570007324219e+01,3.000000000000000000e+00
2.492000000000000171e+01,1.442918395996093750e+02,1.254439640045166016e+01,2.621526527404785156e+01,3.000000000000000000e+00
2.494000000000000128e+01,1.445749664306640625e+02,1.251368427276611328e+01,2.622797012329101562e+01,3.000000000000000000e+00
2.496000000000000085e+01,1.448577270507812500e+02,1.248254489898681641e+01,2.624279975891113281e+01,3.000000000000000000e+00
2.498000000000000043e+01,1.451402893066406250e+02,1.245098400115966797e+01,2.625935173034667969e+01,3.000000000000000000e+00
2.500000000000000000e+01,1.454228820800781250e+02,1.241901683807373047e+01,2.627710723876953125e+01,3.000000000000000000e+00
2.501999999999999957e+01,1.457057189941406250e+02,1.238667583465576172e+01,2.629544448852539062e+01,3.000000000000000000e+00
2.503999999999999915e+01,1.459889221191406250e+02,1.235400676727294922e+01,2.631368255615234375e+01,3.000000000000000000e+00
2.506000000000000227e+01,1.462725067138671875e+02,1.232107448577880859e+01,2.633112907409667969e+01,3.000000000000000000e+00
2.508000000000000185e+01,1.465565338134765625e+02,1.228794097900390625e+01,2.634708595275878906e+01,3.000000000000000000e+00
2.510000000000000142e+01,1.468409576416015625e+02,1.225467300415039062e+01,2.636087608337402344e+01,3.000000000000000000e+00
2.512000000000000099e+01,1.471258392333984375e+02,1.222133064270019531e+01,2.637190437316894531e+01,3.000000000000000000e+00
2.514000000000000057e+01,1.474111022949218750e+02,1.218796253204345703e+01,2.637968635559082031e+01,3.000000000000000000e+00
2.516000000000000014e+01,1.476967468261718750e+02,1.215460872650146484e+01,2.638382530212402344e+01,3.000000000000000000e+00
2.517999999999999972e+01,1.479827423095703125e+02,1.212130260467529297e+01,2.638402366638183594e+01,3.000000000000000000e+00
2.519999999999999929e+01,1.482689819335937500e+02,1.208806896209716797e+01,2.638008689880371094e+01,3.000000000000000000e+00
2.521999999999999886e+01,1.485553741455078125e+02,1.205492687225341797e+01,2.637185859680175781e+01,3.000000000000000000e+00
2.524000000000000199e+01,1.488419494628906250e+02,1.202188587188720703e+01,2.635922431945800781e+01,3.000000000000000000e+00
2.526000000000000156e+01,1.491287078857421875e+02,1.198894882202148438e+01,2.634219551086425781e+01,3.000000000000000000e+00
2.528000000000000114e+01,1.494156646728515625e+02,1.195609569549560547e+01,2.632097244262695312e+01,3.000000000000000000e+00
2.530000000000000071e+01,1.497028503417968750e+02,1.192328643798828125e+01,2.629596328735351562e+01,3.000000000000000000e+00
2.532000000000000028e+01,1.499904022216796875e+02,1.189046192169189453e+01,2.626778411865234375e+01,3.000000000000000000e+00
2.533999999999999986e+01,1.502783355712890625e+02,1.185754680633544922e+01,2.623721313476562500e+01,3.000000000000000000e+00
2.535999999999999943e+01,1.505666351318359375e+02,1.182447624206542969e+01,2.620510673522949219e+01,3.000000000000000000e+00
2.537999999999999901e+01,1.508551940917968750e+02,1.179118442535400391e+01,2.617232894897460938e+01,3.000000000000000000e+00
2.540000000000000213e+01,1.511439361572265625e+02,1.175760841369628906e+01,2.613973999023437500e+01,3.000000000000000000e+00
2.542000000000000171e+01,1.514327850341796875e+02,1.172369289398193359e+01,2.610815620422363281e+01,3.000000000000000000e+00
2.544000000000000128e+01,1.517215881347656250e+02,1.168938636779785156e+01,2.607832717895507812e+01,3.000000000000000000e+00
2.546000000000000085e+01,1.520102539062500000e+02,1.165464210510253906e+01,2.605093193054199219e+01,3.000000000000000000e+00
2.548000000000000043e+01,1.522986907958984375e+02,1.161942100524902344e+01,2.602655410766601562e+01,3.000000000000000000e+00
2.550000000000000000e+01,1.525867767333984375e+02,1.158368682861328125e+01,2.600565528869628906e+01,3.000000000000000000e+00
2.551999999999999957e+01,1.528744506835937500e+02,1.154742622375488281e+01,2.598849868774414062e+01,3.000000000000000000e+00
2.553999999999999915e+01,1.531615142822265625e+02,1.151063060760498047e+01,2.597517585754394531e+01,3.000000000000000000e+00
2.556000000000000227e+01,1.534478454589843750e+02,1.147329807281494141e+01,2.596569061279296875e+01,3.000000000000000000e+00
2.558000000000000185e+01,1.537334136962890625e+02,1.143542289733886719e+01,2.596001243591308594e+01,3.000000000000000000e+00
2.560000000000000142e+01,1.540181427001953125e+02,1.139699363708496094e+01,2.595811653137207031e+01,3.000000000000000000e+00
2.562000000000000099e+01,1.543020782470703125e+02,1.135800266265869141e+01,2.595989227294921875e+01,3.000000000000000000e+00
2.564000000000000057e+01,1.545852203369140625e+02,1.131844711303710938e+01,2.596513175964355469e+01,3.000000000000000000e+00
2.566000000000000014e+01,1.548676605224609375e+02,1.127832221984863281e+01,2.597360992431640625e+01,3.000000000000000000e+00
2.567999999999999972e+01,1.551494750976562500e+02,1.123762130737304688e+01,2.598508071899414062e+01,3.000000000000000000e+00
2.569999999999999929e+01,1.554307708740234375e+02,1.119634532928466797e+01,2.599921607971191406e+01,3.000000000000000000e+00
2.571999999999999886e+01,1.557117004394531250e+02,1.115451622009277344e+01,2.601552772521972656e+01,3.000000000000000000e+00
2.574000000000000199e+01,1.559924621582031250e+02,1.111216449737548828e+01,2.603346443176269531e+01,3.000000000000000000e+00
2.576000000000000156e+01,1.562732849121093750e+02,1.106932735443115234e+01,2.605246162414550781e+01,3.000000000000000000e+00
2.578000000000000114e+01,1.565543060302734375e+02,1.102606678009033203e+01,2.607184600830078125e+01,3.000000000000000000e+00
2.580000000000000071e+01,1.568355865478515625e+02,1.098247337341308594e+01,2.609080886840820312e+01,3.000000000000000000e+00
2.582000000000000028e+01,1.571171875000000000e+02,1.093864345550537109e+01,2.610851287841796875e+01,3.000000000000000000e+00
2.583999999999999986e+01,1.573991699218750000e+02,1.089466285705566406e+01,2.612420463562011719e+01,3.000000000000000000e+00
2.585999999999999943e+01,1.576815338134765625e+02,1.085061073303222656e+01,2.613725280761718750e+01,3.000000000000000000e+00
2.587999999999999901e+01,1.579642791748046875e+02,1.080655479431152344e+01,2.614711189270019531e+01,3.000000000000000000e+00
2.590000000000000213e+01,1.582473297119140625e+02,1.076255416870117188e+01,2.615332603454589844e+01,3.000000000000000000e+00
2.592000000000000171e+01,1.585306396484375000e+02,1.071864891052246094e+01,2.615560340881347656e+01,3.000000000000000000e+00
2.594000000000000128e+01,1.588141632080078125e+02,1.067486095428466797e+01,2.615376091003417969e+01,3.000000000000000000e+00
2.596000000000000085e+01,1.590978546142578125e+02,1.063121032714843750e+01,2.614767456054687500e+01,3.000000000000000000e+00
2.598000000000000043e+01,1.593816375732421875e+02,1.058770656585693359e+01,2.613731193542480469e+01,3.000000000000000000e+00
2.600000000000000000e+01,1.596654510498046875e+02,1.054434871673583984e+01,2.612274360656738281e+01,3.000000000000000000e+00
2.601999999999999957e+01,1.599492797851562500e+02,1.050113010406494141e+01,2.610402870178222656e+01,3.000000000000000000e+00
2.603999999999999915e+01,1.602332153320312500e+02,1.045803260803222656e+01,2.608132553100585938e+01,3.000000000000000000e+00
2.606000000000000227e+01,1.605173492431640625e+02,1.041500759124755859e+01,2.605502700805664062e+01,3.000000000000000000e+00
2.608000000000000185e+01,1.608017730712890625e+02,1.037198543548583984e+01,2.602570343017578125e+01,3.000000000000000000e+00
2.610000000000000142e+01,1.610865783691406250e+02,1.032888507843017578e+01,2.599408340454101562e+01,3.000000000000000000e+00
2.612000000000000099e+01,1.613716583251953125e+02,1.028562355041503906e+01,2.596103286743164062e+01,3.000000000000000000e+00
2.614000000000000057e+01,1.616569213867187500e+02,1.024211406707763672e+01,2.592747116088867188e+01,3.000000000000000000e+00
2.616000000000000014e+01,1.619422607421875000e+02,1.019827079772949219e+01,2.589431381225585938e+01,3.000000000000000000e+00
2.617999999999999972e+01,1.622276000976562500e+02,1.015401363372802734e+01,2.586244964599609375e+01,3.000000000000000000e+00
2.619999999999999929e+01,1.625129241943359375e+02,1.010926818847656250e+01,2.583268737792968750e+01,3.000000000000000000e+00
2.621999999999999886e+01,1.627980804443359375e+02,1.006397724151611328e+01,2.580566215515136719e+01,3.000000000000000000e+00
2.624000000000000199e+01,1.630829620361328125e+02,1.001810169219970703e+01,2.578186225891113281e+01,3.000000000000000000e+00
2.626000000000000156e+01,1.633673858642578125e+02,9.971602439880371094e+00,2.576166725158691406e+01,3.000000000000000000e+00
2.628000000000000114e+01,1.636512756347656250e+02,9.924446105957031250e+00,2.574535560607910156e+01,3.000000000000000000e+00
2.630000000000000071e+01,1.639345550537109375e+02,9.876603126525878906e+00,2.573311614990234375e+01,3.000000000000000000e+00
2.632000000000000028e+01,1.642171478271484375e+02,9.828058242797851562e+00,2.572496223449707031e+01,3.000000000000000000e+00
2.633999999999999986e+01,1.644989776611328125e+02,9.778807640075683594e+00,2.572078132629394531e+01,3.000000000000000000e+00
2.635999999999999943e+01,1.647800140380859375e+02,9.728845596313476562e+00,2.572040939331054688e+01,3.000000000000000000e+00
2.637999999999999901e+01,1.650602416992187500e+02,9.678158760070800781e+00,2.572371101379394531e+01,3.000000000000000000e+00
2.640000000000000213e+01,1.653397369384765625e+02,9.626738548278808594e+00,2.573050117492675781e+01,3.000000000000000000e+00
2.642000000000000171e+01,1.656185760498046875e+02,9.574592590332031250e+00,2.574045181274414062e+01,3.000000000000000000e+00
2.644000000000000128e+01,1.658968811035156250e+02,9.521740913391113281e+00,2.575317382812500000e+01,3.000000000000000000e+00
2.646000000000000085e+01,1.661747741699218750e+02,9.468202590942382812e+00,2.576829719543457031e+01,3.000000000000000000e+00
2.648000000000000043e+01,1.664524841308593750e+02,9.414008140563964844e+00,2.578536987304687500e+01,3.000000000000000000e+00
2.650000000000000000e+01,1.667302246093750000e+02,9.359217643737792969e+00,2.580377197265625000e+01,3.000000000000000000e+00
2.651999999999999957e+01,1.670080871582031250e+02,9.303936958312988281e+00,2.582267189025878906e+01,3.000000000000000000e+00
2.653999999999999915e+01,1.672861328125000000e+02,9.248289108276367188e+00,2.584118080139160156e+01,3.000000000000000000e+00
2.656000000000000227e+01,1.675644226074218750e+02,9.192383766174316406e+00,2.585850906372070312e+01,3.000000000000000000e+00
2.658000000000000185e+01,1.678429718017578125e+02,9.136325836181640625e+00,2.587394523620605469e+01,3.000000000000000000e+00
2.660000000000000142e+01,1.681217803955078125e+02,9.080210685729980469e+00,2.588682174682617188e+01,3.000000000000000000e+00
2.662000000000000099e+01,1.684008483886718750e+02,9.024115562438964844e+00,2.589662551879882812e+01,3.000000000000000000e+00
2.664000000000000057e+01,1.686801910400390625e+02,8.968092918395996094e+00,2.590298271179199219e+01,3.000000000000000000e+00
2.666000000000000014e+01,1.689597625732421875e+02,8.912186622619628906e+00,2.590559768676757812e+01,3.000000000000000000e+00
2.667999999999999972e+01,1.692395019531250000e+02,8.856432914733886719e+00,2.590424537658691406e+01,3.000000000000000000e+00
2.669999999999999929e+01,1.695193176269531250e+02,8.800853729248046875e+00,2.589880561828613281e+01,3.000000000000000000e+00
2.671999999999999886e+01,1.697991638183593750e+02,8.745460510253906250e+00,2.588923072814941406e+01,3.000000000000000000e+00
2.674000000000000199e+01,1.700790405273437500e+02,8.690259933471679688e+00,2.587547111511230469e+01,3.000000000000000000e+00
2.676000000000000156e+01,1.703589630126953125e+02,8.635256767272949219e+00,2.585753440856933594e+01,3.000000000000000000e+00
2.678000000000000114e+01,1.706389007568359375e+02,8.580424308776855469e+00,2.583561897277832031e+01,3.000000000000000000e+00
2.680000000000000071e+01,1.709189300537109375e+02,8.525712013244628906e+00,2.581014823913574219e+01,3.000000000000000000e+00
2.682000000000000028e+01,1.711991271972656250e+02,8.471043586730957031e+00,2.578169822692871094e+01,3.000000000000000000e+00
2.683999999999999986e+01,1.714796295166015625e+02,8.416336059570312500e+00,2.575097465515136719e+01,3.000000000000000000e+00
2.685999999999999943e+01,1.717603759765625000e+02,8.361501693725585938e+00,2.571880149841308594e+01,3.000000000000000000e+00
2.687999999999999901e+01,1.720412902832031250e+02,8.306452751159667969e+00,2.568607139587402344e+01,3.000000000000000000e+00
2.690000000000000213e+01,1.723222808837890625e+02,8.251097679138183594e+00,2.565373420715332031e+01,3.000000000000000000e+00
2.692000000000000171e+01,1.726032714843750000e+02,8.195356369018554688e+00,2.562264633178710938e+01,3.000000000000000000e+00
2.694000000000000128e+01,1.728841552734375000e+02,8.139162063598632812e+00,2.559354591369628906e+01,3.000000000000000000e+00
2.696000000000000085e+01,1.731648101806640625e+02,8.082450866699218750e+00,2.556709861755371094e+01,3.000000000000000000e+00
2.698000000000000043e+01,1.734451751708984375e+02,8.025160789489746094e+00,2.554389762878417969e+01,3.000000000000000000e+00
2.700000000000000000e+01,1.737251739501953125e+02,7.967231273651123047e+00,2.552442359924316406e+01,3.000000000000000000e+00
2.701999999999999957e+01,1.740046539306640625e+02,7.908626079559326172e+00,2.550892829895019531e+01,3.000000000000000000e+00
2.703999999999999915e+01,1.742835388183593750e+02,7.849324226379394531e+00,2.549747657775878906e+01,3.000000000000000000e+00
2.706000000000000227e+01,1.745617065429687500e+02,7.789309501647949219e+00,2.549001693725585938e+01,3.000000000000000000e+00
2.708000000000000185e+01,1.748391113281250000e+02,7.728568553924560547e+00,2.548645973205566406e+01,3.000000000000000000e+00
2.710000000000000142e+01,1.751157531738281250e+02,7.667082786560058594e+00,2.548671150207519531e+01,3.000000000000000000e+00
2.712000000000000099e+01,1.753916320800781250e+02,7.604840755462646484e+00,2.549061584472656250e+01,3.000000000000000000e+00
2.714000000000000057e+01,1.756667785644531250e+02,7.541840076446533203e+00,2.549796104431152344e+01,3.000000000000000000e+00
2.716000000000000014e+01,1.759412994384765625e+02,7.478077888488769531e+00,2.550852394104003906e+01,3.000000000000000000e+00
2.717999999999999972e+01,1.762153015136718750e+02,7.413571357727050781e+00,2.552193641662597656e+01,3.000000000000000000e+00
2.719999999999999929e+01,1.764890441894531250e+02,7.348362922668457031e+00,2.553763771057128906e+01,3.000000000000000000e+00
2.721999999999999886e+01,1.767627258300781250e+02,7.282537937164306641e+00,2.555484008789062500e+01,3.000000000000000000e+00
2.724000000000000199e+01,1.770364685058593750e+02,7.216224670410156250e+00,2.557259368896484375e+01,3.000000000000000000e+00
2.726000000000000156e+01,1.773102874755859375e+02,7.149558544158935547e+00,2.558996582031250000e+01,3.000000000000000000e+00
2.728000000000000114e+01,1.775842285156250000e+02,7.082666397094726562e+00,2.560609054565429688e+01,3.000000000000000000e+00
2.730000000000000071e+01,1.778583068847656250e+02,7.015672683715820312e+00,2.562016868591308594e+01,3.000000000000000000e+00
2.732000000000000028e+01,1.781325683593750000e+02,6.948684692382812500e+00,2.563148689270019531e+01,3.000000000000000000e+00
2.733999999999999986e+01,1.784070434570312500e+02,6.881786346435546875e+00,2.563949012756347656e+01,3.000000000000000000e+00
2.735999999999999943e+01,1.786817169189453125e+02,6.815043926239013672e+00,2.564375114440917969e+01,3.000000000000000000e+00
2.737999999999999901e+01,1.789565277099609375e+02,6.748508453369140625e+00,2.564394950866699219e+01,3.000000000000000000e+00
2.740000000000000213e+01,1.792314147949218750e+02,6.682213306427001953e+00,2.563989830017089844e+01,3.000000000000000000e+00
2.742000000000000171e+01,1.795063476562500000e+02,6.616161823272705078e+00,2.563160514831542969e+01,3.000000000000000000e+00
2.744000000000000128e+01,1.797813110351562500e+02,6.550345897674560547e+00,2.561915206909179688e+01,3.000000000000000000e+00
2.746000000000000085e+01,1.800562744140625000e+02,6.484759807586669922e+00,2.560260200500488281e+01,3.000000000000000000e+00
2.748000000000000043e+01,1.803312377929687500e+02,6.419384956359863281e+00,2.558213043212890625e+01,3.000000000000000000e+00
2.750000000000000000e+01,1.806062316894531250e+02,6.354179382324218750e+00,2.555807304382324219e+01,3.000000000000000000e+00
2.751999999999999957e+01,1.808813323974609375e+02,6.289094924926757812e+00,2.553078460693359375e+01,3.000000000000000000e+00
2.753999999999999915e+01,1.811566467285156250e+02,6.224064826965332031e+00,2.550074386596679688e+01,3.000000000000000000e+00
2.756000000000000227e+01,1.814322662353515625e+02,6.158999919891357422e+00,2.546866226196289062e+01,3.000000000000000000e+00
2.758000000000000185e+01,1.817081146240234375e+02,6.093805313110351562e+00,2.543545913696289062e+01,3.000000000000000000e+00
2.760000000000000142e+01,1.819840698242187500e+02,6.028378486633300781e+00,2.540215873718261719e+01,3.000000000000000000e+00
2.762000000000000099e+01,1.822600250244140625e+02,5.962626934051513672e+00,2.536970329284667969e+01,3.000000000000000000e+00
2.764000000000000057e+01,1.825359191894531250e+02,5.896469593048095703e+00,2.533893775939941406e+01,3.000000000000000000e+00
2.766000000000000014e+01,1.828116302490234375e+02,5.829832077026367188e+00,2.531060981750488281e+01,3.000000000000000000e+00
2.767999999999999972e+01,1.830870971679687500e+02,5.762641906738281250e+00,2.528537750244140625e+01,3.000000000000000000e+00
2.769999999999999929e+01,1.833622131347656250e+02,5.694836139678955078e+00,2.526374435424804688e+01,3.000000000000000000e+00
2.771999999999999886e+01,1.836369171142578125e+02,5.626370429992675781e+00,2.524599456787109375e+01,3.000000000000000000e+00
2.774000000000000199e+01,1.839110412597656250e+02,5.557219028472900391e+00,2.523222541809082031e+01,3.000000000000000000e+00
2.776000000000000156e+01,1.841844940185546875e+02,5.487361431121826172e+00,2.522242546081542969e+01,3.000000000000000000e+00
2.778000000000000114e+01,1.844572448730468750e+02,5.416775226593017578e+00,2.521655654907226562e+01,3.000000000000000000e+00
2.780000000000000071e+01,1.847293243408203125e+02,5.345441341400146484e+00,2.521451759338378906e+01,3.000000000000000000e+00
2.782000000000000028e+01,1.850007324218750000e+02,5.273349761962890625e+00,2.521615028381347656e+01,3.000000000000000000e+00
2.783999999999999986e+01,1.852715606689453125e+02,5.200501918792724609e+00,2.522122573852539062e+01,3.000000000000000000e+00
2.785999999999999943e+01,1.855418701171875000e+02,5.126919269561767578e+00,2.522933959960937500e+01,3.000000000000000000e+00
2.787999999999999901e+01,1.858119506835937500e+02,5.052653789520263672e+00,2.523986625671386719e+01,3.000000000000000000e+00
2.790000000000000213e+01,1.860819549560546875e+02,4.977797985076904297e+00,2.525195121765136719e+01,3.000000000000000000e+00
2.792000000000000171e+01,1.863519897460937500e+02,4.902491092681884766e+00,2.526458549499511719e+01,3.000000000000000000e+00
2.794000000000000128e+01,1.866221160888671875e+02,4.826880455017089844e+00,2.527673149108886719e+01,3.000000000000000000e+00
2.796000000000000085e+01,1.868924102783203125e+02,4.751110553741455078e+00,2.528742599487304688e+01,3.000000000000000000e+00
2.798000000000000043e+01,1.871628570556640625e+02,4.675312995910644531e+00,2.529581832885742188e+01,3.000000000000000000e+00
2.800000000000000000e+01,1.874334869384765625e+02,4.599604606628417969e+00,2.530116462707519531e+01,3.000000000000000000e+00
2.801999999999999957e+01,1.877042694091796875e+02,4.524075508117675781e+00,2.530290603637695312e+01,3.000000000000000000e+00
2.803999999999999915e+01,1.879752502441406250e+02,4.448787689208984375e+00,2.530064773559570312e+01,3.000000000000000000e+00
2.806000000000000227e+01,1.882463531494140625e+02,4.373785495758056641e+00,2.529412269592285156e+01,3.000000000000000000e+00
2.808000000000000185e+01,1.885175323486328125e+02,4.299098014831542969e+00,2.528317070007324219e+01,3.000000000000000000e+00
2.810000000000000142e+01,1.887887115478515625e+02,4.224738597869873047e+00,2.526774406433105469e+01,3.000000000000000000e+00
2.812000000000000099e+01,1.890598602294921875e+02,4.150709629058837891e+00,2.524785423278808594e+01,3.000000000000000000e+00
2.814000000000000057e+01,1.893310089111328125e+02,4.077000141143798828e+00,2.522357368469238281e+01,3.000000000000000000e+00
2.816000000000000014e+01,1.896021881103515625e+02,4.003582000732421875e+00,2.519509506225585938e+01,3.000000000000000000e+00
2.817999999999999972e+01,1.898734283447265625e+02,3.930403232574462891e+00,2.516278839111328125e+01,3.000000000000000000e+00
2.819999999999999929e+01,1.901447906494140625e+02,3.857378005981445312e+00,2.512724494934082031e+01,4.000000000000000000e+00
2.821999999999999886e+01,1.904164733886718750e+02,3.784387826919555664e+00,2.508926773071289062e+01,4.000000000000000000e+00
2.824000000000000199e+01,1.906886138916015625e+02,3.711310386657714844e+00,2.504980659484863281e+01,4.000000000000000000e+00
2.826000000000000156e+01,1.909611358642578125e+02,3.638041973114013672e+00,2.500977897644042969e+01,4.000000000000000000e+00
2.828000000000000114e+01,1.912340393066406250e+02,3.564512491226196289e+00,2.496989440917968750e+01,4.000000000000000000e+00
2.830000000000000071e+01,1.915073089599609375e+02,3.490687131881713867e+00,2.493063735961914062e+01,4.000000000000000000e+00
2.832000000000000028e+01,1.917809753417968750e+02,3.416569232940673828e+00,2.489218330383300781e+01,4.000000000000000000e+00
2.833999999999999986e+01,1.920551147460937500e+02,3.342184782028198242e+00,2.485450553894042969e+01,4.000000000000000000e+00
2.835999999999999943e+01,1.923298492431640625e+02,3.267566204071044922e+00,2.481750106811523438e+01,4.000000000000000000e+00
2.837999999999999901e+01,1.926052703857421875e+02,3.192745923995971680e+00,2.478105926513671875e+01,4.000000000000000000e+00
2.840000000000000213e+01,1.928814392089843750e+02,3.117763280868530273e+00,2.474491500854492188e+01,4.000000000000000000e+00
2.842000000000000171e+01,1.931582489013671875e+02,3.042687654495239258e+00,2.470844841003417969e+01,4.000000000000000000e+00
2.844000000000000128e+01,1.934355773925781250e+02,2.967612266540527344e+00,2.467076683044433594e+01,4.000000000000000000e+00
2.846000000000000085e+01,1.937131652832031250e+02,2.892633914947509766e+00,2.463086700439453125e+01,4.000000000000000000e+00
2.848000000000000043e+01,1.939908447265625000e+02,2.817854881286621094e+00,2.458769226074218750e+01,4.000000000000000000e+00
2.850000000000000000e+01,1.942683563232421875e+02,2.743384361267089844e+00,2.454017829895019531e+01,4.000000000000000000e+00
2.851999999999999957e+01,1.945454559326171875e+02,2.669344425201416016e+00,2.448727798461914062e+01,4.000000000000000000e+00
2.853999999999999915e+01,1.948218536376953125e+02,2.595864295959472656e+00,2.442802238464355469e+01,4.000000000000000000e+00
2.856000000000000227e+01,1.950972747802734375e+02,2.523072957992553711e+00,2.436159706115722656e+01,4.000000000000000000e+00
2.858000000000000185e+01,1.953714141845703125e+02,2.451097726821899414e+00,2.428733062744140625e+01,4.000000000000000000e+00
2.860000000000000142e+01,1.956439361572265625e+02,2.380061864852905273e+00,2.420468711853027344e+01,4.000000000000000000e+00
2.862000000000000099e+01,1.959145050048828125e+02,2.310093402862548828e+00,2.411317825317382812e+01,4.000000000000000000e+00
2.864000000000000057e+01,1.961828002929687500e+02,2.241311788558959961e+00,2.401242446899414062e+01,4.000000000000000000e+00
2.866000000000000014e+01,1.964485321044921875e+02,2.173802614212036133e+00,2.390226173400878906e+01,4.000000000000000000e+00
2.867999999999999972e+01,1.967115173339843750e+02,2.107606649398803711e+00,2.378275299072265625e+01,4.000000000000000000e+00
2.869999999999999929e+01,1.969716339111328125e+02,2.042720556259155273e+00,2.365412521362304688e+01,4.000000000000000000e+00
2.871999999999999886e+01,1.972288513183593750e+02,1.979107260704040527e+00,2.351671791076660156e+01,4.000000000000000000e+00
2.874000000000000199e+01,1.974832305908203125e+02,1.916689276695251465e+00,2.337099075317382812e+01,4.000000000000000000e+00
2.876000000000000156e+01,1.977349395751953125e+02,1.855352044105529785e+00,2.321750831604003906e+01,4.000000000000000000e+00
2.878000000000000114e+01,1.979842529296875000e+02,1.794954419136047363e+00,2.305691528320312500e+01,4.000000000000000000e+00
2.880000000000000071e+01,1.982315368652343750e+02,1.735340952873229980e+00,2.288989448547363281e+01,4.000000000000000000e+00
2.882000000000000028e+01,1.984772186279296875e+02,1.676356792449951172e+00,2.271711921691894531e+01,4.000000000000000000e+00
2.883999999999999986e+01,1.987217559814453125e+02,1.617854237556457520e+00,2.253925514221191406e+01,4.000000000000000000e+00
2.885999999999999943e+01,1.989656219482421875e+02,1.559697508811950684e+00,2.235695075988769531e+01,4.000000000000000000e+00
2.887999999999999901e+01,1.992093048095703125e+02,1.501772403717041016e+00,2.217083740234375000e+01,4.000000000000000000e+00
2.890000000000000213e+01,1.994532165527343750e+02,1.443989872932434082e+00,2.198153114318847656e+01,4.000000000000000000e+00
2.892000000000000171e+01,1.996976776123046875e+02,1.386288404464721680e+00,2.178961372375488281e+01,4.000000000000000000e+00
2.894000000000000128e+01,1.999429473876953125e+02,1.328627705574035645e+00,2.159562683105468750e+01,4.000000000000000000e+00
2.896000000000000085e+01,2.001893005371093750e+02,1.270984768867492676e+00,2.140007591247558594e+01,4.000000000000000000e+00
2.898000000000000043e+01,2.004369659423828125e+02,1.213353872299194336e+00,2.120339584350585938e+01,4.000000000000000000e+00
2.900000000000000000e+01,2.006861572265625000e+02,1.155743479728698730e+00,2.100595283508300781e+01,4.000000000000000000e+00
2.901999999999999957e+01,2.009370269775390625e+02,1.098175525665283203e+00,2.080802917480468750e+01,4.000000000000000000e+00
2.903999999999999915e+01,2.011896667480468750e+02,1.040679693222045898e+00,2.060983848571777344e+01,4.000000000000000000e+00
2.906000000000000227e+01,2.014441833496093750e+02,9.832908511161804199e-01,2.041154098510742188e+01,4.000000000000000000e+00
2.908000000000000185e+01,2.017006072998046875e+02,9.260462522506713867e-01,2.021323585510253906e+01,4.000000000000000000e+00
2.910000000000000142e+01,2.019590148925781250e+02,8.689833879470825195e-01,2.001497650146484375e+01,4.000000000000000000e+00
2.912000000000000099e+01,2.022193298339843750e+02,8.121379613876342773e-01,1.981674003601074219e+01,4.000000000000000000e+00
2.914000000000000057e+01,2.024815521240234375e+02,7.555422186851501465e-01,1.961845779418945312e+01,4.000000000000000000e+00
2.916000000000000014e+01,2.027456359863281250e+02,6.992231607437133789e-01,1.942004203796386719e+01,4.000000000000000000e+00
2.917999999999999972e+01,2.030115203857421875e+02,6.432025432586669922e-01,1.922138786315917969e+01,4.000000000000000000e+00
2.919999999999999929e+01,2.032791442871093750e+02,5.874971747398376465e-01,1.902238655090332031e+01,4.000000000000000000e+00
2.921999999999999886e+01,2.035484313964843750e+02,5.321185588836669922e-01,1.882290649414062500e+01,4.000000000000000000e+00
2.924000000000000199e+01,2.038193206787109375e+02,4.770739674568176270e-01,1.862281608581542969e+01,4.000000000000000000e+00
2.926000000000000156e+01,2.040917663574218750e+02,4.223681688308715820e-01,1.842200660705566406e+01,4.000000000000000000e+00
2.928000000000000114e+01,2.043656768798828125e+02,3.680051565170288086e-01,1.822039413452148438e+01,4.000000000000000000e+00
2.930000000000000071e+01,2.046410827636718750e+02,3.139889538288116455e-01,1.801792907714843750e+01,4.000000000000000000e+00
2.932000000000000028e+01,2.049179382324218750e+02,2.603229284286499023e-01,1.781456947326660156e+01,4.000000000000000000e+00
2.933999999999999986e+01,2.051962432861328125e+02,2.070112377405166626e-01,1.761029434204101562e+01,4.000000000000000000e+00
2.935999999999999943e+01,2.054760131835937500e+02,1.540614217519760132e-01,1.740513038635253906e+01,4.000000000000000000e+00
2.937999999999999901e+01,2.057572326660156250e+02,1.014856845140457153e-01,1.719914436340332031e+01,4.000000000000000000e+00
2.940000000000000213e+01,2.060400238037109375e+02,4.930109903216362000e-02,1.699245071411132812e+01,4.000000000000000000e+00
2.942000000000000171e+01,2.063244018554687500e+02,-2.473118714988231659e-03,1.678517723083496094e+01,4.000000000000000000e+00
2.944000000000000128e+01,2.066104431152343750e+02,-5.381420254707336426e-02,1.657747840881347656e+01,4.000000000000000000e+00
2.946000000000000085e+01,2.068982238769531250e+02,-1.046940982341766357e-01,1.636954307556152344e+01,4.000000000000000000e+00
2.948000000000000043e+01,2.071878356933593750e+02,-1.550797224044799805e-01,1.616159248352050781e+01,4.000000000000000000e+00
2.950000000000000000e+01,2.074794006347656250e+02,-2.049344927072525024e-01,1.595387840270996094e+01,4.000000000000000000e+00
2.951999999999999957e+01,2.077730102539062500e+02,-2.542237639427185059e-01,1.574662494659423828e+01,4.000000000000000000e+00
2.953999999999999915e+01,2.080687103271484375e+02,-3.029140233993530273e-01,1.554004955291748047e+01,4.000000000000000000e+00
2.956000000000000227e+01,2.083665924072265625e+02,-3.509702682495117188e-01,1.533437252044677734e+01,4.000000000000000000e+00
2.958000000000000185e+01,2.086667327880859375e+02,-3.983552455902099609e-01,1.512983703613281250e+01,4.000000000000000000e+00
2.960000000000000142e+01,2.089691925048828125e+02,-4.450301826000213623e-01,1.492669582366943359e+01,4.000000000000000000e+00
2.962000000000000099e+01,2.092740325927734375e+02,-4.909597933292388916e-01,1.472518253326416016e+01,4.000000000000000000e+00
2.964000000000000057e+01,2.095812988281250000e+02,-5.361112356185913086e-01,1.452551174163818359e+01,4.000000000000000000e+00
2.966000000000000014e+01,2.098910369873046875e+02,-5.804508328437805176e-01,1.432791519165039062e+01,4.000000000000000000e+00
2.967999999999999972e+01,2.102032775878906250e+02,-6.239448189735412598e-01,1.413263225555419922e+01,4.000000000000000000e+00
2.969999999999999929e+01,2.105180664062500000e+02,-6.665598750114440918e-01,1.393990707397460938e+01,4.000000000000000000e+00
2.971999999999999886e+01,2.108353881835937500e+02,-7.082690000534057617e-01,1.374994182586669922e+01,4.000000000000000000e+00
2.974000000000000199e+01,2.111552276611328125e+02,-7.490507364273071289e-01,1.356291198730468750e+01,4.000000000000000000e+00
2.976000000000000156e+01,2.114775848388671875e+02,-7.888863682746887207e-01,1.337897968292236328e+01,4.000000000000000000e+00
2.978000000000000114e+01,2.118024139404296875e+02,-8.277602791786193848e-01,1.319829750061035156e+01,4.000000000000000000e+00
2.980000000000000071e+01,2.121296844482421875e+02,-8.656620383262634277e-01,1.302098941802978516e+01,4.000000000000000000e+00
2.982000000000000028e+01,2.124593048095703125e+02,-9.025912880897521973e-01,1.284710979461669922e+01,4.000000000000000000e+00
2.983999999999999986e+01,2.127911834716796875e+02,-9.385535120964050293e-01,1.267667007446289062e+01,4.000000000000000000e+00
2.985999999999999943e+01,2.131252746582031250e+02,-9.735547304153442383e-01,1.250968551635742188e+01,4.000000000000000000e+00
2.987999999999999901e+01,2.134614715576171875e+02,-1.007601261138916016e+00,1.234617233276367188e+01,4.000000000000000000e+00
2.990000000000000213e+01,2.137996826171875000e+02,-1.040700197219848633e+00,1.218614578247070312e+01,4.000000000000000000e+00
2.992000000000000171e+01,2.141398773193359375e+02,-1.072859883308410645e+00,1.202961349487304688e+01,4.000000000000000000e+00
2.994000000000000128e+01,2.144819030761718750e+02,-1.104087948799133301e+00,1.187659645080566406e+01,4.000000000000000000e+00
2.996000000000000085e+01,2.148257293701171875e+02,-1.134388089179992676e+00,1.172714328765869141e+01,4.000000000000000000e+00
2.998000000000000043e+01,2.151712799072265625e+02,-1.163760304450988770e+00,1.158134555816650391e+01,4.000000000000000000e+00
3.000000000000000000e+01,2.155185241699218750e+02,-1.192201137542724609e+00,1.143932914733886719e+01,4.000000000000000000e+00
3.001999999999999957e+01,2.158673706054687500e+02,-1.219705104827880859e+00,1.130124759674072266e+01,4.000000000000000000e+00
3.003999999999999915e+01,2.162177886962890625e+02,-1.246265888214111328e+00,1.116728591918945312e+01,4.000000000000000000e+00
3.006000000000000227e+01,2.165697174072265625e+02,-1.271875619888305664e+00,1.103764533996582031e+01,4.000000000000000000e+00
3.008000000000000185e+01,2.169230804443359375e+02,-1.296526432037353516e+00,1.091254520416259766e+01,4.000000000000000000e+00
3.010000000000000142e+01,2.172778320312500000e+02,-1.320212841033935547e+00,1.079220581054687500e+01,4.000000000000000000e+00
3.012000000000000099e+01,2.176338806152343750e+02,-1.342933416366577148e+00,1.067683315277099609e+01,4.000000000000000000e+00
3.014000000000000057e+01,2.179911651611328125e+02,-1.364687919616699219e+00,1.056664562225341797e+01,4.000000000000000000e+00
3.016000000000000014e+01,2.183495635986328125e+02,-1.385478019714355469e+00,1.046185970306396484e+01,4.000000000000000000e+00
3.017999999999999972e+01,2.187089691162109375e+02,-1.405309319496154785e+00,1.036266136169433594e+01,4.000000000000000000e+00
3.019999999999999929e+01,2.190692749023437500e+02,-1.424192309379577637e+00,1.026920413970947266e+01,4.000000000000000000e+00
3.021999999999999886e+01,2.194303436279296875e+02,-1.442140221595764160e+00,1.018164730072021484e+01,4.000000000000000000e+00
3.024000000000000199e+01,2.197920227050781250e+02,-1.459167480468750000e+00,1.010018444061279297e+01,4.000000000000000000e+00
3.026000000000000156e+01,2.201541900634765625e+02,-1.475290536880493164e+00,1.002502441406250000e+01,4.000000000000000000e+00
3.028000000000000114e+01,2.205166625976562500e+02,-1.490530490875244141e+00,9.956363677978515625e+00,4.000000000000000000e+00
3.030000000000000071e+01,2.208792877197265625e+02,-1.504913926124572754e+00,9.894365310668945312e+00,4.000000000000000000e+00
3.032000000000000028e+01,2.212418975830078125e+02,-1.518474698066711426e+00,9.839158058166503906e+00,4.000000000000000000e+00
3.033999999999999986e+01,2.216043090820312500e+02,-1.531252503395080566e+00,9.790832519531250000e+00,4.000000000000000000e+00
3.035999999999999943e+01,2.219663391113281250e+02,-1.543290019035339355e+00,9.749438285827636719e+00,4.000000000000000000e+00
3.037999999999999901e+01,2.223277893066406250e+02,-1.554629325866699219e+00,9.714998245239257812e+00,4.000000000000000000e+00
3.040000000000000213e+01,2.226885070800781250e+02,-1.565310835838317871e+00,9.687555313110351562e+00,4.000000000000000000e+00
3.042000000000000171e+01,2.230483245849609375e+02,-1.575382590293884277e+00,9.667028427124023438e+00,4.000000000000000000e+00
3.044000000000000128e+01,2.234070587158203125e+02,-1.584897518157958984e+00,9.653250694274902344e+00,4.000000000000000000e+00
3.046000000000000085e+01,2.237646179199218750e+02,-1.593904376029968262e+00,9.646083831787109375e+00,4.000000000000000000e+00
3.048000000000000043e+01,2.241208953857421875e+02,-1.602446556091308594e+00,9.645391464233398438e+00,4.000000000000000000e+00
3.050000000000000000e+01,2.244757995605468750e+02,-1.610563755035400391e+00,9.651011466979980469e+00,4.000000000000000000e+00
3.051999999999999957e+01,2.248293151855468750e+02,-1.618301391601562500e+00,9.662563323974609375e+00,4.000000000000000000e+00
3.053999999999999915e+01,2.251814727783203125e+02,-1.625710248947143555e+00,9.679452896118164062e+00,4.000000000000000000e+00
3.056000000000000227e+01,2.255323638916015625e+02,-1.632844209671020508e+00,9.700959205627441406e+00,4.000000000000000000e+00
3.058000000000000185e+01,2.258821716308593750e+02,-1.639756202697753906e+00,9.726287841796875000e+00,4.000000000000000000e+00
3.060000000000000142e+01,2.262310791015625000e+02,-1.646499872207641602e+00,9.754567146301269531e+00,4.000000000000000000e+00
3.062000000000000099e+01,2.265793457031250000e+02,-1.653127908706665039e+00,9.784764289855957031e+00,4.000000000000000000e+00
3.064000000000000057e+01,2.269270019531250000e+02,-1.659685254096984863e+00,9.815702438354492188e+00,4.000000000000000000e+00
3.066000000000000014e+01,2.272740631103515625e+02,-1.666208267211914062e+00,9.846202850341796875e+00,4.000000000000000000e+00
3.067999999999999972e+01,2.276205444335937500e+02,-1.672724485397338867e+00,9.875157356262207031e+00,4.000000000000000000e+00
3.069999999999999929e+01,2.279664764404296875e+02,-1.679250717163085938e+00,9.901535987854003906e+00,4.000000000000000000e+00
3.071999999999999886e+01,2.283118743896484375e+02,-1.685790300369262695e+00,9.924301147460937500e+00,4.000000000000000000e+00
3.074000000000000199e+01,2.286567382812500000e+02,-1.692332744598388672e+00,9.942499160766601562e+00,4.000000000000000000e+00
3.076000000000000156e+01,2.290010070800781250e+02,-1.698856949806213379e+00,9.955380439758300781e+00,4.000000000000000000e+00
3.078000000000000114e+01,2.293446502685546875e+02,-1.705335497856140137e+00,9.962420463562011719e+00,4.000000000000000000e+00
3.080000000000000071e+01,2.296875915527343750e+02,-1.711739897727966309e+00,9.963302612304687500e+00,4.000000000000000000e+00
3.082000000000000028e+01,2.300298309326171875e+02,-1.718037962913513184e+00,9.957698822021484375e+00,4.000000000000000000e+00
3.083999999999999986e+01,2.303712463378906250e+02,-1.724203228950500488e+00,9.945429801940917969e+00,4.000000000000000000e+00
3.085999999999999943e+01,2.307118530273437500e+02,-1.730226635932922363e+00,9.926648139953613281e+00,4.000000000000000000e+00
3.087999999999999901e+01,2.310516662597656250e+02,-1.736118316650390625e+00,9.901793479919433594e+00,4.000000000000000000e+00
3.090000000000000213e+01,2.313907470703125000e+02,-1.741904258728027344e+00,9.871543884277343750e+00,4.000000000000000000e+00
3.092000000000000171e+01,2.317292175292968750e+02,-1.747619152069091797e+00,9.836724281311035156e+00,4.000000000000000000e+00
3.094000000000000128e+01,2.320672912597656250e+02,-1.753303527832031250e+00,9.798318862915039062e+00,4.000000000000000000e+00
3.096000000000000085e+01,2.324051971435546875e+02,-1.759002685546875000e+00,9.757513046264648438e+00,4.000000000000000000e+00
3.098000000000000043e+01,2.327431793212890625e+02,-1.764763474464416504e+00,9.715675354003906250e+00,4.000000000000000000e+00
3.100000000000000000e+01,2.330812377929687500e+02,-1.770637392997741699e+00,9.674279212951660156e+00,4.000000000000000000e+00
3.101999999999999957e+01,2.334192199707031250e+02,-1.776678919792175293e+00,9.634759902954101562e+00,4.000000000000000000e+00
3.103999999999999915e+01,2.337569732666015625e+02,-1.782948255538940430e+00,9.598443984985351562e+00,4.000000000000000000e+00
3.106000000000000227e+01,2.340943145751953125e+02,-1.789512276649475098e+00,9.566580772399902344e+00,4.000000000000000000e+00
3.108000000000000185e+01,2.344309997558593750e+02,-1.796442031860351562e+00,9.540312767028808594e+00,4.000000000000000000e+00
3.110000000000000142e+01,2.347668151855468750e+02,-1.803804874420166016e+00,9.520556449890136719e+00,4.000000000000000000e+00
3.112000000000000099e+01,2.351014556884765625e+02,-1.811658501625061035e+00,9.507927894592285156e+00,4.000000000000000000e+00
3.114000000000000057e+01,2.354346160888671875e+02,-1.820050716400146484e+00,9.502782821655273438e+00,4.000000000000000000e+00
3.116000000000000014e+01,2.357660369873046875e+02,-1.829018235206604004e+00,9.505272865295410156e+00,4.000000000000000000e+00
3.117999999999999972e+01,2.360954895019531250e+02,-1.838584899902343750e+00,9.515362739562988281e+00,4.000000000000000000e+00
3.119999999999999929e+01,2.364227905273437500e+02,-1.848764300346374512e+00,9.532922744750976562e+00,4.000000000000000000e+00
3.122000000000000242e+01,2.367478790283203125e+02,-1.859550356864929199e+00,9.557558059692382812e+00,4.000000000000000000e+00
3.124000000000000199e+01,2.370707244873046875e+02,-1.870916604995727539e+00,9.588624000549316406e+00,4.000000000000000000e+00
3.126000000000000156e+01,2.373914794921875000e+02,-1.882821798324584961e+00,9.625329017639160156e+00,4.000000000000000000e+00
3.128000000000000114e+01,2.377103729248046875e+02,-1.895209908485412598e+00,9.666710853576660156e+00,4.000000000000000000e+00
3.130000000000000071e+01,2.380277709960937500e+02,-1.908008337020874023e+00,9.711571693420410156e+00,4.000000000000000000e+00
3.132000000000000028e+01,2.383440856933593750e+02,-1.921137332916259766e+00,9.758572578430175781e+00,4.000000000000000000e+00
3.133999999999999986e+01,2.386595611572265625e+02,-1.934513568878173828e+00,9.806265830993652344e+00,4.000000000000000000e+00
3.135999999999999943e+01,2.389743194580078125e+02,-1.948051571846008301e+00,9.853178024291992188e+00,4.000000000000000000e+00
3.137999999999999901e+01,2.392885284423828125e+02,-1.961664438247680664e+00,9.897910118103027344e+00,4.000000000000000000e+00
3.140000000000000213e+01,2.396022949218750000e+02,-1.975263714790344238e+00,9.939177513122558594e+00,4.000000000000000000e+00
3.142000000000000171e+01,2.399157104492187500e+02,-1.988759398460388184e+00,9.975841522216796875e+00,4.000000000000000000e+00
3.144000000000000128e+01,2.402288055419921875e+02,-2.002063035964965820e+00,1.000694656372070312e+01,4.000000000000000000e+00
3.146000000000000085e+01,2.405415802001953125e+02,-2.015089273452758789e+00,1.003171730041503906e+01,4.000000000000000000e+00
3.148000000000000043e+01,2.408540039062500000e+02,-2.027760505676269531e+00,1.004955959320068359e+01,4.000000000000000000e+00
3.150000000000000000e+01,2.411659851074218750e+02,-2.040012121200561523e+00,1.006007766723632812e+01,4.000000000000000000e+00
3.151999999999999957e+01,2.414774322509765625e+02,-2.051781415939331055e+00,1.006293678283691406e+01,4.000000000000000000e+00
3.153999999999999915e+01,2.417882385253906250e+02,-2.063020944595336914e+00,1.005792903900146484e+01,4.000000000000000000e+00
3.156000000000000227e+01,2.420982971191406250e+02,-2.073716402053833008e+00,1.004508018493652344e+01,4.000000000000000000e+00
3.158000000000000185e+01,2.424075775146484375e+02,-2.083884239196777344e+00,1.002461528778076172e+01,4.000000000000000000e+00
3.160000000000000142e+01,2.427160034179687500e+02,-2.093568563461303711e+00,9.996907234191894531e+00,4.000000000000000000e+00
3.162000000000000099e+01,2.430235748291015625e+02,-2.102821826934814453e+00,9.962349891662597656e+00,4.000000000000000000e+00
3.164000000000000057e+01,2.433303527832031250e+02,-2.111712932586669922e+00,9.921431541442871094e+00,4.000000000000000000e+00
3.166000000000000014e+01,2.436363983154296875e+02,-2.120333433151245117e+00,9.874832153320312500e+00,4.000000000000000000e+00
3.167999999999999972e+01,2.439418945312500000e+02,-2.128797292709350586e+00,9.823461532592773438e+00,4.000000000000000000e+00
3.169999999999999929e+01,2.442471008300781250e+02,-2.137230634689331055e+00,9.768457412719726562e+00,4.000000000000000000e+00
3.172000000000000242e+01,2.445523376464843750e+02,-2.145755290985107422e+00,9.711067199707031250e+00,4.000000000000000000e+00
3.174000000000000199e+01,2.448578338623046875e+02,-2.154486894607543945e+00,9.652624130249023438e+00,4.000000000000000000e+00
3.176000000000000156e+01,2.451635894775390625e+02,-2.163537740707397461e+00,9.594578742980957031e+00,4.000000000000000000e+00
3.178000000000000114e+01,2.454695892333984375e+02,-2.173010110855102539e+00,9.538371086120605469e+00,4.000000000000000000e+00
3.180000000000000071e+01,2.457757415771484375e+02,-2.182993412017822266e+00,9.485342979431152344e+00,4.000000000000000000e+00
3.182000000000000028e+01,2.460819396972656250e+02,-2.193567514419555664e+00,9.436676979064941406e+00,4.000000000000000000e+00
3.183999999999999986e+01,2.463880004882812500e+02,-2.204805374145507812e+00,9.393366813659667969e+00,4.000000000000000000e+00
3.185999999999999943e+01,2.466936798095703125e+02,-2.216773271560668945e+00,9.356208801269531250e+00,4.000000000000000000e+00
3.187999999999999901e+01,2.469987640380859375e+02,-2.229529857635498047e+00,9.325778007507324219e+00,4.000000000000000000e+00
3.190000000000000213e+01,2.473029632568359375e+02,-2.243121385574340820e+00,9.302433967590332031e+00,4.000000000000000000e+00
3.192000000000000171e+01,2.476060485839843750e+02,-2.257576704025268555e+00,9.286285400390625000e+00,4.000000000000000000e+00
3.194000000000000128e+01,2.479077758789062500e+02,-2.272909641265869141e+00,9.277271270751953125e+00,4.000000000000000000e+00
3.196000000000000085e+01,2.482079467773437500e+02,-2.289121389389038086e+00,9.275253295898437500e+00,4.000000000000000000e+00
3.198000000000000043e+01,2.485064086914062500e+02,-2.306195020675659180e+00,9.279989242553710938e+00,4.000000000000000000e+00
3.200000000000000000e+01,2.488031005859375000e+02,-2.324094057083129883e+00,9.291101455688476562e+00,4.000000000000000000e+00
3.202000000000000313e+01,2.490980529785156250e+02,-2.342755317687988281e+00,9.307954788208007812e+00,4.000000000000000000e+00
3.203999999999999915e+01,2.493914337158203125e+02,-2.362095832824707031e+00,9.329683303833007812e+00,4.000000000000000000e+00
3.206000000000000227e+01,2.496834869384765625e+02,-2.382023811340332031e+00,9.355237960815429688e+00,4.000000000000000000e+00
3.207999999999999829e+01,2.499745635986328125e+02,-2.402444839477539062e+00,9.383436203002929688e+00,4.000000000000000000e+00
3.210000000000000142e+01,2.502649536132812500e+02,-2.423260211944580078e+00,9.412981033325195312e+00,4.000000000000000000e+00
3.211999999999999744e+01,2.505547332763671875e+02,-2.444366931915283203e+00,9.442543029785156250e+00,4.000000000000000000e+00
3.214000000000000057e+01,2.508439941406250000e+02,-2.465664625167846680e+00,9.470831871032714844e+00,4.000000000000000000e+00
3.216000000000000369e+01,2.511328430175781250e+02,-2.487052679061889648e+00,9.496614456176757812e+00,4.000000000000000000e+00
3.217999999999999972e+01,2.514213104248046875e+02,-2.508430004119873047e+00,9.518746376037597656e+00,4.000000000000000000e+00
3.220000000000000284e+01,2.517094421386718750e+02,-2.529694080352783203e+00,9.536203384399414062e+00,4.000000000000000000e+00
3.221999999999999886e+01,2.519972229003906250e+02,-2.550741195678710938e+00,9.548076629638671875e+00,4.000000000000000000e+00
3.224000000000000199e+01,2.522846221923828125e+02,-2.571473598480224609e+00,9.553620338439941406e+00,4.000000000000000000e+00
3.225999999999999801e+01,2.525715484619140625e+02,-2.591807365417480469e+00,9.552291870117187500e+00,4.000000000000000000e+00
3.228000000000000114e+01,2.528579254150390625e+02,-2.611677646636962891e+00,9.543749809265136719e+00,4.000000000000000000e+00
3.229999999999999716e+01,2.531436462402343750e+02,-2.631045103073120117e+00,9.527846336364746094e+00,4.000000000000000000e+00
3.232000000000000028e+01,2.534286041259765625e+02,-2.649872779846191406e+00,9.504440307617187500e+00,4.000000000000000000e+00
3.234000000000000341e+01,2.537126922607421875e+02,-2.668143987655639648e+00,9.473494529724121094e+00,4.000000000000000000e+00
3.235999999999999943e+01,2.539958953857421875e+02,-2.685885667800903320e+00,9.435229301452636719e+00,4.000000000000000000e+00
3.238000000000000256e+01,2.542782135009765625e+02,-2.703156471252441406e+00,9.390051841735839844e+00,4.000000000000000000e+00
3.239999999999999858e+01,2.545596618652343750e+02,-2.720039844512939453e+00,9.338529586791992188e+00,4.000000000000000000e+00
3.242000000000000171e+01,2.548403625488281250e+02,-2.736622095108032227e+00,9.281253814697265625e+00,4.000000000000000000e+00
3.243999999999999773e+01,2.551204528808593750e+02,-2.753001928329467773e+00,9.218955993652343750e+00,4.000000000000000000e+00
3.246000000000000085e+01,2.554002075195312500e+02,-2.769300460815429688e+00,9.152622222900390625e+00,4.000000000000000000e+00
3.248000000000000398e+01,2.556800079345703125e+02,-2.785645961761474609e+00,9.083451271057128906e+00,4.000000000000000000e+00
3.250000000000000000e+01,2.559601593017578125e+02,-2.802160263061523438e+00,9.012796401977539062e+00,4.000000000000000000e+00
3.252000000000000313e+01,2.562407531738281250e+02,-2.818938493728637695e+00,8.941950798034667969e+00,4.000000000000000000e+00
3.253999999999999915e+01,2.565218200683593750e+02,-2.836058616638183594e+00,8.872136116027832031e+00,4.000000000000000000e+00
3.256000000000000227e+01,2.568034057617187500e+02,-2.853590965270996094e+00,8.804556846618652344e+00,4.000000000000000000e+00
3.257999999999999829e+01,2.570854187011718750e+02,-2.871595144271850586e+00,8.740320205688476562e+00,4.000000000000000000e+00
3.260000000000000142e+01,2.573678283691406250e+02,-2.890120506286621094e+00,8.680400848388671875e+00,4.000000000000000000e+00
3.261999999999999744e+01,2.576504821777343750e+02,-2.909213542938232422e+00,8.625650405883789062e+00,4.000000000000000000e+00
3.264000000000000057e+01,2.579332275390625000e+02,-2.928919076919555664e+00,8.576789855957031250e+00,4.000000000000000000e+00
3.266000000000000369e+01,2.582157592773437500e+02,-2.949277639389038086e+00,8.534373283386230469e+00,4.000000000000000000e+00
3.267999999999999972e+01,2.584978637695312500e+02,-2.970322608947753906e+00,8.498767852783203125e+00,4.000000000000000000e+00
3.270000000000000284e+01,2.587793273925781250e+02,-2.992077827453613281e+00,8.470180511474609375e+00,4.000000000000000000e+00
3.271999999999999886e+01,2.590598144531250000e+02,-3.014559030532836914e+00,8.448682785034179688e+00,4.000000000000000000e+00
3.274000000000000199e+01,2.593391113281250000e+02,-3.037772893905639648e+00,8.434235572814941406e+00,4.000000000000000000e+00
3.275999999999999801e+01,2.596169738769531250e+02,-3.061713457107543945e+00,8.426711082458496094e+00,4.000000000000000000e+00
3.278000000000000114e+01,2.598932495117187500e+02,-3.086359262466430664e+00,8.425896644592285156e+00,4.000000000000000000e+00
3.279999999999999716e+01,2.601678161621093750e+02,-3.111672163009643555e+00,8.431464195251464844e+00,4.000000000000000000e+00
3.282000000000000028e+01,2.604407043457031250e+02,-3.137593030929565430e+00,8.442823410034179688e+00,4.000000000000000000e+00
3.284000000000000341e+01,2.607120056152343750e+02,-3.164049148559570312e+00,8.459167480468750000e+00,4.000000000000000000e+00
3.285999999999999943e+01,2.609819946289062500e+02,-3.190964698791503906e+00,8.479540824890136719e+00,4.000000000000000000e+00
3.288000000000000256e+01,2.612509765625000000e+02,-3.218262672424316406e+00,8.502831459045410156e+00,4.000000000000000000e+00
3.289999999999999858e+01,2.615192260742187500e+02,-3.245865106582641602e+00,8.527801513671875000e+00,4.000000000000000000e+00
3.292000000000000171e+01,2.617869262695312500e+02,-3.273691654205322266e+00,8.553181648254394531e+00,4.000000000000000000e+00
3.293999999999999773e+01,2.620541381835937500e+02,-3.301665067672729492e+00,8.577740669250488281e+00,4.000000000000000000e+00
3.296000000000000085e+01,2.623209838867187500e+02,-3.329708099365234375e+00,8.600285530090332031e+00,4.000000000000000000e+00
3.298000000000000398e+01,2.625875549316406250e+02,-3.357740640640258789e+00,8.619669914245605469e+00,4.000000000000000000e+00
3.300000000000000000e+01,2.628538818359375000e+02,-3.385680198669433594e+00,8.634846687316894531e+00,4.000000000000000000e+00
3.302000000000000313e+01,2.631199951171875000e+02,-3.413443326950073242e+00,8.644882202148437500e+00,4.000000000000000000e+00
3.303999999999999915e+01,2.633858337402343750e+02,-3.440951108932495117e+00,8.649007797241210938e+00,4.000000000000000000e+00
3.306000000000000227e+01,2.636513671875000000e+02,-3.468135356903076172e+00,8.646637916564941406e+00,4.000000000000000000e+00
3.307999999999999829e+01,2.639164428710937500e+02,-3.494940519332885742e+00,8.637367248535156250e+00,4.000000000000000000e+00
3.310000000000000142e+01,2.641809997558593750e+02,-3.521328926086425781e+00,8.620958328247070312e+00,4.000000000000000000e+00
3.311999999999999744e+01,2.644449462890625000e+02,-3.547267198562622070e+00,8.597198486328125000e+00,4.000000000000000000e+00
3.314000000000000057e+01,2.647081604003906250e+02,-3.572737932205200195e+00,8.565988540649414062e+00,4.000000000000000000e+00
3.316000000000000369e+01,2.649705810546875000e+02,-3.597758293151855469e+00,8.527478218078613281e+00,4.000000000000000000e+00
3.317999999999999972e+01,2.652321166992187500e+02,-3.622369527816772461e+00,8.482007980346679688e+00,4.000000000000000000e+00
3.320000000000000284e+01,2.654928894042968750e+02,-3.646628141403198242e+00,8.430050849914550781e+00,4.000000000000000000e+00
3.321999999999999886e+01,2.657528991699218750e+02,-3.670591354370117188e+00,8.372083663940429688e+00,4.000000000000000000e+00
3.324000000000000199e+01,2.660122070312500000e+02,-3.694324970245361328e+00,8.308731079101562500e+00,4.000000000000000000e+00
3.325999999999999801e+01,2.662711181640625000e+02,-3.717911243438720703e+00,8.240889549255371094e+00,4.000000000000000000e+00
3.328000000000000114e+01,2.665299377441406250e+02,-3.741437196731567383e+00,8.169677734375000000e+00,4.000000000000000000e+00
3.329999999999999716e+01,2.667890930175781250e+02,-3.764980316162109375e+00,8.096302986145019531e+00,4.000000000000000000e+00
3.332000000000000028e+01,2.670488281250000000e+02,-3.788597345352172852e+00,8.021909713745117188e+00,4.000000000000000000e+00
3.334000000000000341e+01,2.673091735839843750e+02,-3.812334537506103516e+00,7.947665691375732422e+00,4.000000000000000000e+00
3.335999999999999943e+01,2.675702514648437500e+02,-3.836231231689453125e+00,7.874739646911621094e+00,4.000000000000000000e+00
3.338000000000000256e+01,2.678319702148437500e+02,-3.860319375991821289e+00,7.804237842559814453e+00,4.000000000000000000e+00
3.339999999999999858e+01,2.680944213867187500e+02,-3.884628534317016602e+00,7.737189292907714844e+00,4.000000000000000000e+00
3.342000000000000171e+01,2.683574523925781250e+02,-3.909188032150268555e+00,7.674533367156982422e+00,4.000000000000000000e+00
3.343999999999999773e+01,2.686210021972656250e+02,-3.934029579162597656e+00,7.617107868194580078e+00,4.000000000000000000e+00
3.346000000000000085e+01,2.688847961425781250e+02,-3.959181547164916992e+00,7.565601825714111328e+00,4.000000000000000000e+00
3.348000000000000398e+01,2.691486206054687500e+02,-3.984670162200927734e+00,7.520532131195068359e+00,4.000000000000000000e+00
3.350000000000000000e+01,2.694122619628906250e+02,-4.010518074035644531e+00,7.482275009155273438e+00,4.000000000000000000e+00
3.352000000000000313e+01,2.696754150390625000e+02,-4.036747932434082031e+00,7.451106071472167969e+00,4.000000000000000000e+00
3.353999999999999915e+01,2.699376831054687500e+02,-4.063378334045410156e+00,7.427196979522705078e+00,4.000000000000000000e+00
3.356000000000000227e+01,2.701988525390625000e+02,-4.090420246124267578e+00,7.410598754882812500e+00,4.000000000000000000e+00
3.357999999999999829e+01,2.704585571289062500e+02,-4.117871761322021484e+00,7.401233673095703125e+00,4.000000000000000000e+00
3.360000000000000142e+01,2.707166442871093750e+02,-4.145719528198242188e+00,7.398968219757080078e+00,4.000000000000000000e+00
3.361999999999999744e+01,2.709728698730468750e+02,-4.173937320709228516e+00,7.403573036193847656e+00,4.000000000000000000e+00
3.364000000000000057e+01,2.712270812988281250e+02,-4.202486515045166016e+00,7.414643764495849609e+00,4.000000000000000000e+00
3.366000000000000369e+01,2.714792480468750000e+02,-4.231320858001708984e+00,7.431634902954101562e+00,4.000000000000000000e+00
3.367999999999999972e+01,2.717294616699218750e+02,-4.260392665863037109e+00,7.453876495361328125e+00,4.000000000000000000e+00
3.370000000000000284e+01,2.719778747558593750e+02,-4.289659023284912109e+00,7.480567455291748047e+00,4.000000000000000000e+00
3.371999999999999886e+01,2.722247924804687500e+02,-4.319082736968994141e+00,7.510759830474853516e+00,4.000000000000000000e+00
3.374000000000000199e+01,2.724705200195312500e+02,-4.348634243011474609e+00,7.543388366699218750e+00,4.000000000000000000e+00
3.375999999999999801e+01,2.727154235839843750e+02,-4.378284931182861328e+00,7.577288150787353516e+00,4.000000000000000000e+00
3.378000000000000114e+01,2.729597167968750000e+02,-4.408000946044921875e+00,7.611259460449218750e+00,4.000000000000000000e+00
3.379999999999999716e+01,2.732035217285156250e+02,-4.437749385833740234e+00,7.644121170043945312e+00,4.000000000000000000e+00
3.382000000000000028e+01,2.734470520019531250e+02,-4.467497348785400391e+00,7.674755573272705078e+00,4.000000000000000000e+00
3.384000000000000341e+01,2.736903686523437500e+02,-4.497207641601562500e+00,7.702142715454101562e+00,4.000000000000000000e+00
3.385999999999999943e+01,2.739335937500000000e+02,-4.526842117309570312e+00,7.725359439849853516e+00,4.000000000000000000e+00
3.388000000000000256e+01,2.741768188476562500e+02,-4.556361198425292969e+00,7.743583679199218750e+00,4.000000000000000000e+00
3.389999999999999858e+01,2.744198913574218750e+02,-4.585725784301757812e+00,7.756130695343017578e+00,4.000000000000000000e+00
3.392000000000000171e+01,2.746629333496093750e+02,-4.614897251129150391e+00,7.762416362762451172e+00,4.000000000000000000e+00
3.393999999999999773e+01,2.749057922363281250e+02,-4.643846988677978516e+00,7.762003898620605469e+00,4.000000000000000000e+00
3.396000000000000085e+01,2.751484375000000000e+02,-4.672556400299072266e+00,7.754626274108886719e+00,4.000000000000000000e+00
3.398000000000000398e+01,2.753907165527343750e+02,-4.701017379760742188e+00,7.740164279937744141e+00,4.000000000000000000e+00
3.400000000000000000e+01,2.756325683593750000e+02,-4.729235172271728516e+00,7.718610286712646484e+00,4.000000000000000000e+00
3.402000000000000313e+01,2.758738708496093750e+02,-4.757215499877929688e+00,7.689933300018310547e+00,4.000000000000000000e+00
3.403999999999999915e+01,2.761145324707031250e+02,-4.784977436065673828e+00,7.654273986816406250e+00,4.000000000000000000e+00
3.406000000000000227e+01,2.763545532226562500e+02,-4.812549114227294922e+00,7.612028598785400391e+00,4.000000000000000000e+00
3.407999999999999829e+01,2.765939941406250000e+02,-4.839959621429443359e+00,7.563751220703125000e+00,4.000000000000000000e+00
3.410000000000000142e+01,2.768329162597656250e+02,-4.867236614227294922e+00,7.510119438171386719e+00,4.000000000000000000e+00
3.411999999999999744e+01,2.770714721679687500e+02,-4.894398212432861328e+00,7.451829910278320312e+00,4.000000000000000000e+00
3.414000000000000057e+01,2.773098144531250000e+02,-4.921459674835205078e+00,7.389716148376464844e+00,4.000000000000000000e+00
3.416000000000000369e+01,2.775483703613281250e+02,-4.948434352874755859e+00,7.324811935424804688e+00,4.000000000000000000e+00
3.417999999999999972e+01,2.777874450683593750e+02,-4.975325584411621094e+00,7.258266925811767578e+00,4.000000000000000000e+00
3.420000000000000284e+01,2.780271606445312500e+02,-5.002134323120117188e+00,7.191278934478759766e+00,4.000000000000000000e+00
3.421999999999999886e+01,2.782676391601562500e+02,-5.028856754302978516e+00,7.124962806701660156e+00,4.000000000000000000e+00
3.424000000000000199e+01,2.785088806152343750e+02,-5.055489063262939453e+00,7.060381889343261719e+00,4.000000000000000000e+00
3.425999999999999801e+01,2.787508850097656250e+02,-5.082027435302734375e+00,6.998542785644531250e+00,4.000000000000000000e+00
3.428000000000000114e+01,2.789934997558593750e+02,-5.108467578887939453e+00,6.940334320068359375e+00,4.000000000000000000e+00
3.430000000000000426e+01,2.792366638183593750e+02,-5.134808063507080078e+00,6.886539459228515625e+00,4.000000000000000000e+00
3.432000000000000028e+01,2.794801940917968750e+02,-5.161050796508789062e+00,6.837900161743164062e+00,4.000000000000000000e+00
3.434000000000000341e+01,2.797238769531250000e+02,-5.187198162078857422e+00,6.795069217681884766e+00,4.000000000000000000e+00
3.435999999999999943e+01,2.799674072265625000e+02,-5.213255882263183594e+00,6.758525848388671875e+00,4.000000000000000000e+00
3.438000000000000256e+01,2.802105407714843750e+02,-5.239232540130615234e+00,6.728612899780273438e+00,4.000000000000000000e+00
3.439999999999999858e+01,2.804529418945312500e+02,-5.265138626098632812e+00,6.705572128295898438e+00,4.000000000000000000e+00
3.442000000000000171e+01,2.806942749023437500e+02,-5.290988922119140625e+00,6.689557075500488281e+00,4.000000000000000000e+00
3.443999999999999773e+01,2.809341430664062500e+02,-5.316800117492675781e+00,6.680639266967773438e+00,4.000000000000000000e+00
3.446000000000000085e+01,2.811723632812500000e+02,-5.342585086822509766e+00,6.678785800933837891e+00,4.000000000000000000e+00
3.448000000000000398e+01,2.814085388183593750e+02,-5.368351459503173828e+00,6.683861732482910156e+00,4.000000000000000000e+00
3.450000000000000000e+01,2.816424560546875000e+02,-5.394099712371826172e+00,6.695661067962646484e+00,4.000000000000000000e+00
3.452000000000000313e+01,2.818739013671875000e+02,-5.419822216033935547e+00,6.713862419128417969e+00,4.000000000000000000e+00
3.453999999999999915e+01,2.821027832031250000e+02,-5.445504665374755859e+00,6.738037586212158203e+00,4.000000000000000000e+00
3.456000000000000227e+01,2.823290710449218750e+02,-5.471129417419433594e+00,6.767677307128906250e+00,4.000000000000000000e+00
3.457999999999999829e+01,2.825528259277343750e+02,-5.496676445007324219e+00,6.802180290222167969e+00,4.000000000000000000e+00
3.460000000000000142e+01,2.827742309570312500e+02,-5.522129535675048828e+00,6.840855121612548828e+00,4.000000000000000000e+00
3.461999999999999744e+01,2.829935607910156250e+02,-5.547477245330810547e+00,6.882913589477539062e+00,4.000000000000000000e+00
3.464000000000000057e+01,2.832112121582031250e+02,-5.572714328765869141e+00,6.927436828613281250e+00,4.000000000000000000e+00
3.466000000000000369e+01,2.834276428222656250e+02,-5.597842216491699219e+00,6.973429679870605469e+00,4.000000000000000000e+00
3.467999999999999972e+01,2.836431884765625000e+02,-5.622866153717041016e+00,7.019813060760498047e+00,4.000000000000000000e+00
3.470000000000000284e+01,2.838580627441406250e+02,-5.647792816162109375e+00,7.065505504608154297e+00,4.000000000000000000e+00
3.471999999999999886e+01,2.840725097656250000e+02,-5.672629356384277344e+00,7.109489917755126953e+00,4.000000000000000000e+00
3.474000000000000199e+01,2.842867736816406250e+02,-5.697382926940917969e+00,7.150831699371337891e+00,4.000000000000000000e+00
3.475999999999999801e+01,2.845010070800781250e+02,-5.722059726715087891e+00,7.188664913177490234e+00,4.000000000000000000e+00
3.478000000000000114e+01,2.847153930664062500e+02,-5.746664524078369141e+00,7.222202301025390625e+00,4.000000000000000000e+00
3.480000000000000426e+01,2.849299926757812500e+02,-5.771202087402343750e+00,7.250760078430175781e+00,4.000000000000000000e+00
3.482000000000000028e+01,2.851447753906250000e+02,-5.795679092407226562e+00,7.273756027221679688e+00,4.000000000000000000e+00
3.484000000000000341e+01,2.853598022460937500e+02,-5.820105075836181641e+00,7.290759086608886719e+00,4.000000000000000000e+00
3.485999999999999943e+01,2.855750122070312500e+02,-5.844489097595214844e+00,7.301494598388671875e+00,4.000000000000000000e+00
3.488000000000000256e+01,2.857903137207031250e+02,-5.868845939636230469e+00,7.305815219879150391e+00,4.000000000000000000e+00
3.489999999999999858e+01,2.860056152343750000e+02,-5.893189907073974609e+00,7.303643703460693359e+00,4.000000000000000000e+00
3.492000000000000171e+01,2.862209167480468750e+02,-5.917540073394775391e+00,7.294899463653564453e+00,4.000000000000000000e+00
3.493999999999999773e+01,2.864360351562500000e+02,-5.941913127899169922e+00,7.279606819152832031e+00,4.000000000000000000e+00
3.496000000000000085e+01,2.866509399414062500e+02,-5.966319561004638672e+00,7.257941246032714844e+00,4.000000000000000000e+00
3.498000000000000398e+01,2.868655395507812500e+02,-5.990757465362548828e+00,7.230202198028564453e+00,4.000000000000000000e+00
3.500000000000000000e+01,2.870798339843750000e+02,-6.015211105346679688e+00,7.196821689605712891e+00,4.000000000000000000e+00
3.502000000000000313e+01,2.872938537597656250e+02,-6.039649486541748047e+00,7.158320426940917969e+00,4.000000000000000000e+00
3.503999999999999915e+01,2.875077819824218750e+02,-6.064024448394775391e+00,7.115341663360595703e+00,4.000000000000000000e+00
3.506000000000000227e+01,2.877217102050781250e+02,-6.088270187377929688e+00,7.068673610687255859e+00,4.000000000000000000e+00
3.507999999999999829e+01,2.879358215332031250e+02,-6.112309455871582031e+00,7.019200801849365234e+00,4.000000000000000000e+00
3.510000000000000142e+01,2.881503906250000000e+02,-6.136060237884521484e+00,6.967862129211425781e+00,4.000000000000000000e+00
3.511999999999999744e+01,2.883656616210937500e+02,-6.159443378448486328e+00,6.915609359741210938e+00,4.000000000000000000e+00
3.514000000000000057e+01,2.885815734863281250e+02,-6.182392120361328125e+00,6.863408088684082031e+00,4.000000000000000000e+00
3.516000000000000369e+01,2.887982177734375000e+02,-6.204854011535644531e+00,6.812156677246093750e+00,4.000000000000000000e+00
3.517999999999999972e+01,2.890154724121093750e+02,-6.226782321929931641e+00,6.762682914733886719e+00,4.000000000000000000e+00
3.520000000000000284e+01,2.892332763671875000e+02,-6.248138427734375000e+00,6.715763568878173828e+00,4.000000000000000000e+00
3.521999999999999886e+01,2.894515075683593750e+02,-6.268885135650634766e+00,6.672165870666503906e+00,4.000000000000000000e+00
3.524000000000000199e+01,2.896700744628906250e+02,-6.288990497589111328e+00,6.632601261138916016e+00,4.000000000000000000e+00
3.525999999999999801e+01,2.898887329101562500e+02,-6.308435916900634766e+00,6.597658157348632812e+00,4.000000000000000000e+00
3.528000000000000114e+01,2.901072387695312500e+02,-6.327211856842041016e+00,6.567801475524902344e+00,4.000000000000000000e+00
3.530000000000000426e+01,2.903253173828125000e+02,-6.345318794250488281e+00,6.543468475341796875e+00,4.000000000000000000e+00
3.532000000000000028e+01,2.905426940917968750e+02,-6.362771034240722656e+00,6.525077342987060547e+00,4.000000000000000000e+00
3.534000000000000341e+01,2.907590026855468750e+02,-6.379596710205078125e+00,6.513004779815673828e+00,4.000000000000000000e+00
3.535999999999999943e+01,2.909738464355468750e+02,-6.395839214324951172e+00,6.507572174072265625e+00,4.000000000000000000e+00
3.538000000000000256e+01,2.911868286132812500e+02,-6.411551952362060547e+00,6.509033203125000000e+00,4.000000000000000000e+00
3.539999999999999858e+01,2.913975219726562500e+02,-6.426796436309814453e+00,6.517573356628417969e+00,4.000000000000000000e+00
3.542000000000000171e+01,2.916054992675781250e+02,-6.441636085510253906e+00,6.533273220062255859e+00,4.000000000000000000e+00
3.543999999999999773e+01,2.918103637695312500e+02,-6.456135749816894531e+00,6.556123256683349609e+00,4.000000000000000000e+00
3.546000000000000085e+01,2.920116271972656250e+02,-6.470365047454833984e+00,6.586055278778076172e+00,4.000000000000000000e+00
3.548000000000000398e+01,2.922089538574218750e+02,-6.484395503997802734e+00,6.622935295104980469e+00,4.000000000000000000e+00
3.550000000000000000e+01,2.924019775390625000e+02,-6.498300075531005859e+00,6.666534900665283203e+00,4.000000000000000000e+00
3.552000000000000313e+01,2.925903625488281250e+02,-6.512149333953857422e+00,6.716499805450439453e+00,4.000000000000000000e+00
3.553999999999999915e+01,2.927738647460937500e+02,-6.526007652282714844e+00,6.772407054901123047e+00,4.000000000000000000e+00
3.556000000000000227e+01,2.929523010253906250e+02,-6.539936065673828125e+00,6.833812713623046875e+00,4.000000000000000000e+00
3.557999999999999829e+01,2.931254882812500000e+02,-6.553994178771972656e+00,6.900251388549804688e+00,4.000000000000000000e+00
3.560000000000000142e+01,2.932934875488281250e+02,-6.568233013153076172e+00,6.971230506896972656e+00,4.000000000000000000e+00
3.561999999999999744e+01,2.934561462402343750e+02,-6.582694053649902344e+00,7.046228885650634766e+00,4.000000000000000000e+00
3.564000000000000057e+01,2.936136474609375000e+02,-6.597407341003417969e+00,7.124712944030761719e+00,4.000000000000000000e+00
3.566000000000000369e+01,2.937660522460937500e+02,-6.612393379211425781e+00,7.206175327301025391e+00,4.000000000000000000e+00
3.567999999999999972e+01,2.939135131835937500e+02,-6.627664566040039062e+00,7.290140151977539062e+00,4.000000000000000000e+00
3.570000000000000284e+01,2.940561828613281250e+02,-6.643223762512207031e+00,7.376158237457275391e+00,4.000000000000000000e+00
3.571999999999999886e+01,2.941943054199218750e+02,-6.659063816070556641e+00,7.463810443878173828e+00,4.000000000000000000e+00
3.574000000000000199e+01,2.943280944824218750e+02,-6.675170421600341797e+00,7.552709579467773438e+00,4.000000000000000000e+00
3.575999999999999801e+01,2.944578247070312500e+02,-6.691521644592285156e+00,7.642485618591308594e+00,4.000000000000000000e+00
3.578000000000000114e+01,2.945838012695312500e+02,-6.708088874816894531e+00,7.732787609100341797e+00,4.000000000000000000e+00
3.580000000000000426e+01,2.947063293457031250e+02,-6.724841594696044922e+00,7.823284149169921875e+00,4.000000000000000000e+00
3.582000000000000028e+01,2.948257141113281250e+02,-6.741744518280029297e+00,7.913652896881103516e+00,4.000000000000000000e+00
3.584000000000000341e+01,2.949423217773437500e+02,-6.758762359619140625e+00,8.003594398498535156e+00,4.000000000000000000e+00
3.585999999999999943e+01,2.950564575195312500e+02,-6.775863647460937500e+00,8.092831611633300781e+00,4.000000000000000000e+00
3.588000000000000256e+01,2.951683349609375000e+02,-6.793018817901611328e+00,8.181097984313964844e+00,4.000000000000000000e+00
3.589999999999999858e+01,2.952782287597656250e+02,-6.810205459594726562e+00,8.268163681030273438e+00,4.000000000000000000e+00
3.592000000000000171e+01,2.953862915039062500e+02,-6.827401638031005859e+00,8.353843688964843750e+00,4.000000000000000000e+00
3.593999999999999773e+01,2.954926452636718750e+02,-6.844590187072753906e+00,8.437994003295898438e+00,4.000000000000000000e+00
3.596000000000000085e+01,2.955974731445312500e+02,-6.861754894256591797e+00,8.520503997802734375e+00,4.000000000000000000e+00
3.598000000000000398e+01,2.957009277343750000e+02,-6.878883361816406250e+00,8.601293563842773438e+00,4.000000000000000000e+00
3.600000000000000000e+01,2.958030700683593750e+02,-6.895963191986083984e+00,8.680314064025878906e+00,4.000000000000000000e+00
3.602000000000000313e+01,2.959039611816406250e+02,-6.912984371185302734e+00,8.757526397705078125e+00,4.000000000000000000e+00
3.603999999999999915e+01,2.960036315917968750e+02,-6.929937362670898438e+00,8.832916259765625000e+00,4.000000000000000000e+00
3.606000000000000227e+01,2.961021728515625000e+02,-6.946812152862548828e+00,8.906499862670898438e+00,4.000000000000000000e+00
3.607999999999999829e+01,2.961996154785156250e+02,-6.963600635528564453e+00,8.978320121765136719e+00,4.000000000000000000e+00
3.610000000000000142e+01,2.962959289550781250e+02,-6.980294227600097656e+00,9.048439025878906250e+00,4.000000000000000000e+00
3.611999999999999744e+01,2.963911132812500000e+02,-6.996885299682617188e+00,9.116909027099609375e+00,4.000000000000000000e+00
3.614000000000000057e+01,2.964851379394531250e+02,-7.013367176055908203e+00,9.183803558349609375e+00,4.000000000000000000e+00
3.616000000000000369e+01,2.965780029296875000e+02,-7.029732227325439453e+00,9.249219894409179688e+00,4.000000000000000000e+00
3.617999999999999972e+01,2.966696472167968750e+02,-7.045976638793945312e+00,9.313255310058593750e+00,4.000000000000000000e+00
3.620000000000000284e+01,2.967600097656250000e+02,-7.062096595764160156e+00,9.376004219055175781e+00,4.000000000000000000e+00
3.621999999999999886e+01,2.968489685058593750e+02,-7.078088760375976562e+00,9.437610626220703125e+00,4.000000000000000000e+00
3.624000000000000199e+01,2.969365539550781250e+02,-7.093952655792236328e+00,9.498250961303710938e+00,4.000000000000000000e+00
3.625999999999999801e+01,2.970224609375000000e+02,-7.109693527221679688e+00,9.558066368103027344e+00,4.000000000000000000e+00
3.628000000000000114e+01,2.971067199707031250e+02,-7.125324249267578125e+00,9.617168426513671875e+00,4.000000000000000000e+00
3.630000000000000426e+01,2.971892089843750000e+02,-7.140860557556152344e+00,9.675645828247070312e+00,4.000000000000000000e+00
3.632000000000000028e+01,2.972698059082031250e+02,-7.156324863433837891e+00,9.733600616455078125e+00,4.000000000000000000e+00
3.634000000000000341e+01,2.973484497070312500e+02,-7.171741485595703125e+00,9.791135787963867188e+00,4.000000000000000000e+00
3.635999999999999943e+01,2.974249572753906250e+02,-7.187140941619873047e+00,9.848340034484863281e+00,4.000000000000000000e+00
3.638000000000000256e+01,2.974992675781250000e+02,-7.202556610107421875e+00,9.905289649963378906e+00,4.000000000000000000e+00
3.639999999999999858e+01,2.975712890625000000e+02,-7.218023777008056641e+00,9.962032318115234375e+00,4.000000000000000000e+00
3.642000000000000171e+01,2.976409912109375000e+02,-7.233578681945800781e+00,1.001857757568359375e+01,4.000000000000000000e+00
3.643999999999999773e+01,2.977082824707031250e+02,-7.249255657196044922e+00,1.007491970062255859e+01,4.000000000000000000e+00
3.646000000000000085e+01,2.977731323242187500e+02,-7.265088558197021484e+00,1.013105678558349609e+01,4.000000000000000000e+00
3.648000000000000398e+01,2.978355102539062500e+02,-7.281112194061279297e+00,1.018698787689208984e+01,4.000000000000000000e+00
3.650000000000000000e+01,2.978954162597656250e+02,-7.297358989715576172e+00,1.024269485473632812e+01,4.000000000000000000e+00
3.652000000000000313e+01,2.979528503417968750e+02,-7.313857078552246094e+00,1.029814529418945312e+01,4.000000000000000000e+00
3.653999999999999915e+01,2.980078735351562500e+02,-7.330632686614990234e+00,1.035330200195312500e+01,4.000000000000000000e+00
3.656000000000000227e+01,2.980604858398437500e+02,-7.347710132598876953e+00,1.040814495086669922e+01,4.000000000000000000e+00
3.657999999999999829e+01,2.981106872558593750e+02,-7.365110874176025391e+00,1.046265316009521484e+01,4.000000000000000000e+00
3.660000000000000142e+01,2.981585998535156250e+02,-7.382852077484130859e+00,1.051679229736328125e+01,4.000000000000000000e+00
3.661999999999999744e+01,2.982042236328125000e+02,-7.400948524475097656e+00,1.057053661346435547e+01,4.000000000000000000e+00
3.664000000000000057e+01,2.982475585937500000e+02,-7.419412612915039062e+00,1.062386798858642578e+01,4.000000000000000000e+00
3.666000000000000369e+01,2.982887268066406250e+02,-7.438255786895751953e+00,1.067677974700927734e+01,4.000000000000000000e+00
3.667999999999999972e+01,2.983277282714843750e+02,-7.457488059997558594e+00,1.072925376892089844e+01,4.000000000000000000e+00
3.670000000000000284e+01,2.983645935058593750e+02,-7.477119445800781250e+00,1.078127193450927734e+01,4.000000000000000000e+00
3.671999999999999886e+01,2.983993530273437500e+02,-7.497166156768798828e+00,1.083285999298095703e+01,4.000000000000000000e+00
3.674000000000000199e+01,2.984319763183593750e+02,-7.517650127410888672e+00,1.088408946990966797e+01,4.000000000000000000e+00
3.675999999999999801e+01,2.984623413085937500e+02,-7.538595676422119141e+00,1.093503093719482422e+01,4.000000000000000000e+00
3.678000000000000114e+01,2.984904174804687500e+02,-7.560026168823242188e+00,1.098573875427246094e+01,4.000000000000000000e+00
3.680000000000000426e+01,2.985162048339843750e+02,-7.581960678100585938e+00,1.103624057769775391e+01,4.000000000000000000e+00
3.682000000000000028e+01,2.985397033691406250e+02,-7.604416370391845703e+00,1.108655357360839844e+01,4.000000000000000000e+00
3.684000000000000341e+01,2.985608825683593750e+02,-7.627411365509033203e+00,1.113670444488525391e+01,4.000000000000000000e+00
3.685999999999999943e+01,2.985796203613281250e+02,-7.650962829589843750e+00,1.118671321868896484e+01,4.000000000000000000e+00
3.688000000000000256e+01,2.985958862304687500e+02,-7.675083160400390625e+00,1.123657035827636719e+01,4.000000000000000000e+00
3.689999999999999858e+01,2.986096801757812500e+02,-7.699781417846679688e+00,1.128624534606933594e+01,4.000000000000000000e+00
3.692000000000000171e+01,2.986209106445312500e+02,-7.725061893463134766e+00,1.133570384979248047e+01,4.000000000000000000e+00
3.693999999999999773e+01,2.986295776367187500e+02,-7.750928878784179688e+00,1.138490867614746094e+01,4.000000000000000000e+00
3.696000000000000085e+01,2.986356506347656250e+02,-7.777381420135498047e+00,1.143381595611572266e+01,4.000000000000000000e+00
3.698000000000000398e+01,2.986391601562500000e+02,-7.804416179656982422e+00,1.148238182067871094e+01,4.000000000000000000e+00
3.700000000000000000e+01,2.986401062011718750e+02,-7.832027435302734375e+00,1.153055763244628906e+01,4.000000000000000000e+00
3.702000000000000313e+01,2.986384887695312500e+02,-7.860207557678222656e+00,1.157829284667968750e+01,4.000000000000000000e+00
3.703999999999999915e+01,2.986343688964843750e+02,-7.888946056365966797e+00,1.162554073333740234e+01,4.000000000000000000e+00
3.706000000000000227e+01,2.986277160644531250e+02,-7.918233394622802734e+00,1.167225646972656250e+01,4.000000000000000000e+00
3.707999999999999829e+01,2.986185607910156250e+02,-7.948057651519775391e+00,1.171840286254882812e+01,4.000000000000000000e+00
3.710000000000000142e+01,2.986069030761718750e+02,-7.978404998779296875e+00,1.176393032073974609e+01,4.000000000000000000e+00
3.711999999999999744e+01,2.985927734375000000e+02,-8.009258270263671875e+00,1.180879497528076172e+01,4.000000000000000000e+00
3.714000000000000057e+01,2.985761718750000000e+02,-8.040600776672363281e+00,1.185295200347900391e+01,4.000000000000000000e+00
3.716000000000000369e+01,2.985571594238281250e+02,-8.072412490844726562e+00,1.189636039733886719e+01,4.000000000000000000e+00
3.717999999999999972e+01,2.985357360839843750e+02,-8.104673385620117188e+00,1.193897914886474609e+01,4.000000000000000000e+00
3.720000000000000284e+01,2.985119323730468750e+02,-8.137363433837890625e+00,1.198076820373535156e+01,4.000000000000000000e+00
3.721999999999999886e+01,2.984857177734375000e+02,-8.170461654663085938e+00,1.202169322967529297e+01,4.000000000000000000e+00
3.724000000000000199e+01,2.984571838378906250e+02,-8.203947067260742188e+00,1.206172275543212891e+01,4.000000000000000000e+00
3.725999999999999801e+01,2.984263610839843750e+02,-8.237796783447265625e+00,1.210082435607910156e+01,4.000000000000000000e+00
3.728000000000000114e+01,2.983931579589843750e+02,-8.272003173828125000e+00,1.213907337188720703e+01,4.000000000000000000e+00
3.730000000000000426e+01,2.983575744628906250e+02,-8.306556701660156250e+00,1.217654323577880859e+01,4.000000000000000000e+00
3.732000000000000028e+01,2.983195800781250000e+02,-8.341436386108398438e+00,1.221321201324462891e+01,4.000000000000000000e+00
3.734000000000000341e+01,2.982792053222656250e+02,-8.376619338989257812e+00,1.224906158447265625e+01,4.000000000000000000e+00
3.735999999999999943e+01,2.982364807128906250e+02,-8.412082672119140625e+00,1.228406620025634766e+01,4.000000000000000000e+00
3.738000000000000256e+01,2.981914672851562500e+02,-8.447805404663085938e+00,1.231819438934326172e+01,4.000000000000000000e+00
3.739999999999999858e+01,2.981441650390625000e+02,-8.483765602111816406e+00,1.235141372680664062e+01,4.000000000000000000e+00
3.742000000000000171e+01,2.980945739746093750e+02,-8.519944190979003906e+00,1.238369655609130859e+01,4.000000000000000000e+00
3.743999999999999773e+01,2.980426940917968750e+02,-8.556322097778320312e+00,1.241502666473388672e+01,4.000000000000000000e+00
3.746000000000000085e+01,2.979885253906250000e+02,-8.592883110046386719e+00,1.244538307189941406e+01,4.000000000000000000e+00
3.748000000000000398e+01,2.979321899414062500e+02,-8.629609107971191406e+00,1.247473812103271484e+01,4.000000000000000000e+00
3.750000000000000000e+01,2.978736267089843750e+02,-8.666485786437988281e+00,1.250305175781250000e+01,4.000000000000000000e+00
3.752000000000000313e+01,2.978129272460937500e+02,-8.703498840332031250e+00,1.253029537200927734e+01,4.000000000000000000e+00
3.753999999999999915e+01,2.977500915527343750e+02,-8.740634918212890625e+00,1.255645561218261719e+01,4.000000000000000000e+00
3.756000000000000227e+01,2.976851196289062500e+02,-8.777886390686035156e+00,1.258152294158935547e+01,4.000000000000000000e+00
3.757999999999999829e+01,2.976180419921875000e+02,-8.815242767333984375e+00,1.260548210144042969e+01,4.000000000000000000e+00
3.760000000000000142e+01,2.975488586425781250e+02,-8.852698326110839844e+00,1.262830162048339844e+01,4.000000000000000000e+00
3.761999999999999744e+01,2.974776611328125000e+02,-8.890243530273437500e+00,1.264996051788330078e+01,4.000000000000000000e+00
3.764000000000000057e+01,2.974044189453125000e+02,-8.927876472473144531e+00,1.267045593261718750e+01,4.000000000000000000e+00
3.766000000000000369e+01,2.973291320800781250e+02,-8.965592384338378906e+00,1.268978691101074219e+01,4.000000000000000000e+00
3.767999999999999972e+01,2.972518310546875000e+02,-9.003388404846191406e+00,1.270793914794921875e+01,4.000000000000000000e+00
3.770000000000000284e+01,2.971725158691406250e+02,-9.041261672973632812e+00,1.272489261627197266e+01,4.000000000000000000e+00
3.771999999999999886e+01,2.970912475585937500e+02,-9.079212188720703125e+00,1.274063587188720703e+01,4.000000000000000000e+00
3.774000000000000199e+01,2.970079956054687500e+02,-9.117240905761718750e+00,1.275517082214355469e+01,4.000000000000000000e+00
3.775999999999999801e+01,2.969228210449218750e+02,-9.155346870422363281e+00,1.276849460601806641e+01,4.000000000000000000e+00
3.778000000000000114e+01,2.968356933593750000e+02,-9.193530082702636719e+00,1.278059768676757812e+01,4.000000000000000000e+00
3.780000000000000426e+01,2.967466430664062500e+02,-9.231794357299804688e+00,1.279146480560302734e+01,4.000000000000000000e+00
3.782000000000000028e+01,2.966557312011718750e+02,-9.270140647888183594e+00,1.280109691619873047e+01,4.000000000000000000e+00
3.784000000000000341e+01,2.965629272460937500e+02,-9.308571815490722656e+00,1.280950355529785156e+01,4.000000000000000000e+00
3.785999999999999943e+01,2.964682006835937500e+02,-9.347091674804687500e+00,1.281668949127197266e+01,4.000000000000000000e+00
3.788000000000000256e+01,2.963716430664062500e+02,-9.385704994201660156e+00,1.282266426086425781e+01,4.000000000000000000e+00
3.789999999999999858e+01,2.962731933593750000e+02,-9.424414634704589844e+00,1.282743740081787109e+01,4.000000000000000000e+00
3.792000000000000171e+01,2.961729125976562500e+02,-9.463224411010742188e+00,1.283102607727050781e+01,4.000000000000000000e+00
3.793999999999999773e+01,2.960708007812500000e+02,-9.502140998840332031e+00,1.283344554901123047e+01,4.000000000000000000e+00
3.796000000000000085e+01,2.959668273925781250e+02,-9.541168212890625000e+00,1.283471488952636719e+01,4.000000000000000000e+00
3.798000000000000398e+01,2.958610229492187500e+02,-9.580311775207519531e+00,1.283485889434814453e+01,4.000000000000000000e+00
3.800000000000000000e+01,2.957533874511718750e+02,-9.619579315185546875e+00,1.283392143249511719e+01,4.000000000000000000e+00
3.802000000000000313e+01,2.956439208984375000e+02,-9.658974647521972656e+00,1.283193778991699219e+01,4.000000000000000000e+00
3.803999999999999915e+01,2.955326538085937500e+02,-9.698501586914062500e+00,1.282892608642578125e+01,4.000000000000000000e+00
3.806000000000000227e+01,2.954195861816406250e+02,-9.738163948059082031e+00,1.282491207122802734e+01,4.000000000000000000e+00
3.807999999999999829e+01,2.953047180175781250e+02,-9.777965545654296875e+00,1.281993389129638672e+01,4.000000000000000000e+00
3.810000000000000142e+01,2.951880493164062500e+02,-9.817910194396972656e+00,1.281406593322753906e+01,4.000000000000000000e+00
3.811999999999999744e+01,2.950695495605468750e+02,-9.858000755310058594e+00,1.280736064910888672e+01,4.000000000000000000e+00
3.814000000000000057e+01,2.949492492675781250e+02,-9.898236274719238281e+00,1.279984283447265625e+01,4.000000000000000000e+00
3.816000000000000369e+01,2.948272094726562500e+02,-9.938615798950195312e+00,1.279155635833740234e+01,4.000000000000000000e+00
3.817999999999999972e+01,2.947033691406250000e+02,-9.979142189025878906e+00,1.278258705139160156e+01,4.000000000000000000e+00
3.820000000000000284e+01,2.945777282714843750e+02,-1.001981544494628906e+01,1.277305126190185547e+01,4.000000000000000000e+00
3.821999999999999886e+01,2.944502868652343750e+02,-1.006063175201416016e+01,1.276303386688232422e+01,4.000000000000000000e+00
3.824000000000000199e+01,2.943210754394531250e+02,-1.010158348083496094e+01,1.275258922576904297e+01,4.000000000000000000e+00
3.825999999999999801e+01,2.941900939941406250e+02,-1.014266490936279297e+01,1.274179458618164062e+01,4.000000000000000000e+00
3.828000000000000114e+01,2.940573120117187500e+02,-1.018386745452880859e+01,1.273076820373535156e+01,4.000000000000000000e+00
3.830000000000000426e+01,2.939227294921875000e+02,-1.022517967224121094e+01,1.271964645385742188e+01,4.000000000000000000e+00
3.832000000000000028e+01,2.937863769531250000e+02,-1.026658821105957031e+01,1.270853328704833984e+01,4.000000000000000000e+00
3.834000000000000341e+01,2.936482238769531250e+02,-1.030807209014892578e+01,1.269748687744140625e+01,4.000000000000000000e+00
3.835999999999999943e+01,2.935083618164062500e+02,-1.034961223602294922e+01,1.268656826019287109e+01,4.000000000000000000e+00
3.838000000000000256e+01,2.933667907714843750e+02,-1.039118194580078125e+01,1.267587280273437500e+01,4.000000000000000000e+00
3.839999999999999858e+01,2.932234497070312500e+02,-1.043275547027587891e+01,1.266552162170410156e+01,4.000000000000000000e+00
3.842000000000000171e+01,2.930784301757812500e+02,-1.047430133819580078e+01,1.265557765960693359e+01,4.000000000000000000e+00
3.843999999999999773e+01,2.929317932128906250e+02,-1.051578617095947266e+01,1.264603805541992188e+01,4.000000000000000000e+00
3.846000000000000085e+01,2.927835388183593750e+02,-1.055717468261718750e+01,1.263689804077148438e+01,4.000000000000000000e+00
3.848000000000000398e+01,2.926336975097656250e+02,-1.059842777252197266e+01,1.262819099426269531e+01,4.000000000000000000e+00
3.850000000000000000e+01,2.924823303222656250e+02,-1.063950443267822266e+01,1.261998081207275391e+01,4.000000000000000000e+00
3.852000000000000313e+01,2.923295288085937500e+02,-1.068035888671875000e+01,1.261229991912841797e+01,4.000000000000000000e+00
3.853999999999999915e+01,2.921752624511718750e+02,-1.072095012664794922e+01,1.260513687133789062e+01,4.000000000000000000e+00
3.856000000000000227e+01,2.920196228027343750e+02,-1.076123237609863281e+01,1.259848690032958984e+01,4.000000000000000000e+00
3.857999999999999829e+01,2.918626098632812500e+02,-1.080115795135498047e+01,1.259238338470458984e+01,4.000000000000000000e+00
3.860000000000000142e+01,2.917042541503906250e+02,-1.084067440032958984e+01,1.258689594268798828e+01,4.000000000000000000e+00
3.861999999999999744e+01,2.915445556640625000e+02,-1.087973308563232422e+01,1.258205604553222656e+01,4.000000000000000000e+00
3.864000000000000057e+01,2.913835754394531250e+02,-1.091828727722167969e+01,1.257784843444824219e+01,4.000000000000000000e+00
3.866000000000000369e+01,2.912213745117187500e+02,-1.095629215240478516e+01,1.257425880432128906e+01,4.000000000000000000e+00
3.867999999999999972e+01,2.910579528808593750e+02,-1.099369907379150391e+01,1.257130718231201172e+01,4.000000000000000000e+00
3.870000000000000284e+01,2.908933410644531250e+02,-1.103045749664306641e+01,1.256904697418212891e+01,4.000000000000000000e+00
3.871999999999999886e+01,2.907275085449218750e+02,-1.106652069091796875e+01,1.256748294830322266e+01,4.000000000000000000e+00
3.874000000000000199e+01,2.905605773925781250e+02,-1.110185432434082031e+01,1.256656074523925781e+01,4.000000000000000000e+00
3.875999999999999801e+01,2.903925476074218750e+02,-1.113642692565917969e+01,1.256621742248535156e+01,4.000000000000000000e+00
3.878000000000000114e+01,2.902234802246093750e+02,-1.117020511627197266e+01,1.256642341613769531e+01,4.000000000000000000e+00
3.880000000000000426e+01,2.900533447265625000e+02,-1.120314598083496094e+01,1.256719684600830078e+01,4.000000000000000000e+00
3.882000000000000028e+01,2.898822021484375000e+02,-1.123521041870117188e+01,1.256854915618896484e+01,4.000000000000000000e+00
3.884000000000000341e+01,2.897100524902343750e+02,-1.126637268066406250e+01,1.257044696807861328e+01,4.000000000000000000e+00
3.885999999999999943e+01,2.895369262695312500e+02,-1.129660224914550781e+01,1.257285213470458984e+01,4.000000000000000000e+00
3.888000000000000256e+01,2.893628540039062500e+02,-1.132587051391601562e+01,1.257576084136962891e+01,4.000000000000000000e+00
3.889999999999999858e+01,2.891878662109375000e+02,-1.135414028167724609e+01,1.257921218872070312e+01,4.000000000000000000e+00
3.892000000000000171e+01,2.890119323730468750e+02,-1.138137912750244141e+01,1.258321762084960938e+01,4.000000000000000000e+00
3.893999999999999773e+01,2.888350830078125000e+02,-1.140757179260253906e+01,1.258773136138916016e+01,4.000000000000000000e+00
3.896000000000000085e+01,2.886573791503906250e+02,-1.143271255493164062e+01,1.259269428253173828e+01,4.000000000000000000e+00
3.898000000000000398e+01,2.884788513183593750e+02,-1.145678806304931641e+01,1.259806537628173828e+01,4.000000000000000000e+00
3.900000000000000000e+01,2.882994384765625000e+02,-1.147978115081787109e+01,1.260385322570800781e+01,4.000000000000000000e+00
3.902000000000000313e+01,2.881192321777343750e+02,-1.150167274475097656e+01,1.261005687713623047e+01,4.000000000000000000e+00
3.903999999999999915e+01,2.879382629394531250e+02,-1.152246093750000000e+01,1.261663532257080078e+01,4.000000000000000000e+00
3.906000000000000227e+01,2.877565307617187500e+02,-1.154214477539062500e+01,1.262353706359863281e+01,4.000000000000000000e+00
3.907999999999999829e+01,2.875740356445312500e+02,-1.156072330474853516e+01,1.263072872161865234e+01,4.000000000000000000e+00
3.910000000000000142e+01,2.873907775878906250e+02,-1.157818412780761719e+01,1.263823032379150391e+01,4.000000000000000000e+00
3.911999999999999744e+01,2.872067565917968750e+02,-1.159451866149902344e+01,1.264604377746582031e+01,4.000000000000000000e+00
3.914000000000000057e+01,2.870220947265625000e+02,-1.160973262786865234e+01,1.265412998199462891e+01,4.000000000000000000e+00
3.916000000000000369e+01,2.868367004394531250e+02,-1.162383365631103516e+01,1.266243934631347656e+01,4.000000000000000000e+00
3.917999999999999972e+01,2.866506652832031250e+02,-1.163682460784912109e+01,1.267095661163330078e+01,4.000000000000000000e+00
3.920000000000000284e+01,2.864639587402343750e+02,-1.164869403839111328e+01,1.267971611022949219e+01,4.000000000000000000e+00
3.921999999999999886e+01,2.862765808105468750e+02,-1.165943717956542969e+01,1.268873214721679688e+01,4.000000000000000000e+00
3.924000000000000199e+01,2.860885925292968750e+02,-1.166906261444091797e+01,1.269797515869140625e+01,4.000000000000000000e+00
3.925999999999999801e+01,2.858999633789062500e+02,-1.167758178710937500e+01,1.270740699768066406e+01,4.000000000000000000e+00
3.928000000000000114e+01,2.857107238769531250e+02,-1.168499946594238281e+01,1.271701526641845703e+01,4.000000000000000000e+00
3.930000000000000426e+01,2.855208740234375000e+02,-1.169130992889404297e+01,1.272683238983154297e+01,4.000000000000000000e+00
3.932000000000000028e+01,2.853304138183593750e+02,-1.169651412963867188e+01,1.273686695098876953e+01,4.000000000000000000e+00
3.934000000000000341e+01,2.851394042968750000e+02,-1.170062541961669922e+01,1.274708080291748047e+01,4.000000000000000000e+00
3.935999999999999943e+01,2.849478149414062500e+02,-1.170366287231445312e+01,1.275742816925048828e+01,4.000000000000000000e+00
3.938000000000000256e+01,2.847556457519531250e+02,-1.170563316345214844e+01,1.276789474487304688e+01,4.000000000000000000e+00
3.939999999999999858e+01,2.845629272460937500e+02,-1.170653438568115234e+01,1.277850914001464844e+01,4.000000000000000000e+00
3.942000000000000171e+01,2.843696594238281250e+02,-1.170637035369873047e+01,1.278928184509277344e+01,4.000000000000000000e+00
3.943999999999999773e+01,2.841758422851562500e+02,-1.170515537261962891e+01,1.280017852783203125e+01,4.000000000000000000e+00
3.946000000000000085e+01,2.839815063476562500e+02,-1.170290470123291016e+01,1.281116390228271484e+01,4.000000000000000000e+00
3.948000000000000398e+01,2.837866210937500000e+02,-1.169962882995605469e+01,1.282222938537597656e+01,4.000000000000000000e+00
3.950000000000000000e+01,2.835912170410156250e+02,-1.169532394409179688e+01,1.283341026306152344e+01,4.000000000000000000e+00
3.952000000000000313e+01,2.833952636718750000e+02,-1.168999481201171875e+01,1.284471607208251953e+01,4.000000000000000000e+00
3.953999999999999915e+01,2.831987915039062500e+02,-1.168365764617919922e+01,1.285611248016357422e+01,4.000000000000000000e+00
3.956000000000000227e+01,2.830018005371093750e+02,-1.167633152008056641e+01,1.286756038665771484e+01,4.000000000000000000e+00
3.957999999999999829e+01,2.828042907714843750e+02,-1.166802787780761719e+01,1.287904071807861328e+01,4.000000000000000000e+00
3.960000000000000142e+01,2.826062927246093750e+02,-1.165874862670898438e+01,1.289058017730712891e+01,4.000000000000000000e+00
3.961999999999999744e+01,2.824077758789062500e+02,-1.164850330352783203e+01,1.290217685699462891e+01,4.000000000000000000e+00
3.964000000000000057e+01,2.822087402343750000e+02,-1.163730907440185547e+01,1.291379165649414062e+01,4.000000000000000000e+00
3.966000000000000369e+01,2.820091552734375000e+02,-1.162518692016601562e+01,1.292537784576416016e+01,4.000000000000000000e+00
3.967999999999999972e+01,2.818090515136718750e+02,-1.161215019226074219e+01,1.293691253662109375e+01,4.000000000000000000e+00
3.970000000000000284e+01,2.816084594726562500e+02,-1.159820365905761719e+01,1.294841670989990234e+01,4.000000000000000000e+00
3.971999999999999886e+01,2.814073486328125000e+02,-1.158335399627685547e+01,1.295989608764648438e+01,4.000000000000000000e+00
3.974000000000000199e+01,2.812057189941406250e+02,-1.156761837005615234e+01,1.297132682800292969e+01,4.000000000000000000e+00
3.975999999999999801e+01,2.810035705566406250e+02,-1.155100822448730469e+01,1.298268604278564453e+01,4.000000000000000000e+00
3.978000000000000114e+01,2.808008728027343750e+02,-1.153353691101074219e+01,1.299396514892578125e+01,4.000000000000000000e+00
3.980000000000000426e+01,2.805976562500000000e+02,-1.151520919799804688e+01,1.300519084930419922e+01,4.000000000000000000e+00
3.982000000000000028e+01,2.803938903808593750e+02,-1.149603652954101562e+01,1.301635837554931641e+01,4.000000000000000000e+00
3.984000000000000341e+01,2.801895751953125000e+02,-1.147604274749755859e+01,1.302741432189941406e+01,4.000000000000000000e+00
3.985999999999999943e+01,2.799847106933593750e+02,-1.145525169372558594e+01,1.303829956054687500e+01,4.000000000000000000e+00
3.988000000000000256e+01,2.797792968750000000e+02,-1.143368148803710938e+01,1.304897594451904297e+01,4.000000000000000000e+00
3.989999999999999858e+01,2.795733337402343750e+02,-1.141134166717529297e+01,1.305945014953613281e+01,4.000000000000000000e+00
3.992000000000000171e+01,2.793667907714843750e+02,-1.138824939727783203e+01,1.306971359252929688e+01,4.000000000000000000e+00
3.993999999999999773e+01,2.791596984863281250e+02,-1.136442184448242188e+01,1.307973003387451172e+01,4.000000000000000000e+00
3.996000000000000085e+01,2.789520263671875000e+02,-1.133987998962402344e+01,1.308946132659912109e+01,4.000000000000000000e+00
3.998000000000000398e+01,2.787437744140625000e+02,-1.131464099884033203e+01,1.309889125823974609e+01,4.000000000000000000e+00
4.000000000000000000e+01,2.785349426269531250e+02,-1.128871154785156250e+01,1.310804176330566406e+01,4.000000000000000000e+00
4.002000000000000313e+01,2.783255004882812500e+02,-1.126210403442382812e+01,1.311691570281982422e+01,4.000000000000000000e+00
4.003999999999999915e+01,2.781154479980468750e+02,-1.123483943939208984e+01,1.312547874450683594e+01,4.000000000000000000e+00
4.006000000000000227e+01,2.779047851562500000e+02,-1.120694065093994141e+01,1.313369369506835938e+01,4.000000000000000000e+00
4.007999999999999829e+01,2.776935119628906250e+02,-1.117842483520507812e+01,1.314154434204101562e+01,4.000000000000000000e+00
4.010000000000000142e+01,2.774815979003906250e+02,-1.114930438995361328e+01,1.314904594421386719e+01,4.000000000000000000e+00
4.011999999999999744e+01,2.772690429687500000e+02,-1.111959457397460938e+01,1.315619468688964844e+01,4.000000000000000000e+00
4.014000000000000057e+01,2.770558776855468750e+02,-1.108931732177734375e+01,1.316295146942138672e+01,4.000000000000000000e+00
4.016000000000000369e+01,2.768420410156250000e+02,-1.105849742889404297e+01,1.316926956176757812e+01,4.000000000000000000e+00
4.017999999999999972e+01,2.766275329589843750e+02,-1.102715492248535156e+01,1.317512607574462891e+01,4.000000000000000000e+00
4.020000000000000284e+01,2.764123840332031250e+02,-1.099530696868896484e+01,1.318052387237548828e+01,4.000000000000000000e+00
4.021999999999999886e+01,2.761965637207031250e+02,-1.096296787261962891e+01,1.318545913696289062e+01,4.000000000000000000e+00
4.024000000000000199e+01,2.759800415039062500e+02,-1.093015861511230469e+01,1.318990802764892578e+01,4.000000000000000000e+00
4.025999999999999801e+01,2.757628784179687500e+02,-1.089690113067626953e+01,1.319384193420410156e+01,4.000000000000000000e+00
4.028000000000000114e+01,2.755449829101562500e+02,-1.086321449279785156e+01,1.319725608825683594e+01,4.000000000000000000e+00
4.030000000000000426e+01,2.753264160156250000e+02,-1.082911205291748047e+01,1.320016765594482422e+01,4.000000000000000000e+00
4.032000000000000028e+01,2.751071472167968750e+02,-1.079461383819580078e+01,1.320258045196533203e+01,4.000000000000000000e+00
4.034000000000000341e+01,2.748871154785156250e+02,-1.075973892211914062e+01,1.320447540283203125e+01,4.000000000000000000e+00
4.035999999999999943e+01,2.746663208007812500e+02,-1.072450828552246094e+01,1.320582580566406250e+01,4.000000000000000000e+00
4.038000000000000256e+01,2.744449157714843750e+02,-1.068894195556640625e+01,1.320662975311279297e+01,4.000000000000000000e+00
4.039999999999999858e+01,2.742227478027343750e+02,-1.065305519104003906e+01,1.320691585540771484e+01,4.000000000000000000e+00
4.042000000000000171e+01,2.739998168945312500e+02,-1.061686706542968750e+01,1.320669174194335938e+01,4.000000000000000000e+00
4.043999999999999773e+01,2.737761230468750000e+02,-1.058039951324462891e+01,1.320593357086181641e+01,4.000000000000000000e+00
4.046000000000000085e+01,2.735516662597656250e+02,-1.054367351531982422e+01,1.320461273193359375e+01,4.000000000000000000e+00
4.048000000000000398e+01,2.733264465332031250e+02,-1.050670909881591797e+01,1.320273113250732422e+01,4.000000000000000000e+00
4.050000000000000000e+01,2.731003723144531250e+02,-1.046952342987060547e+01,1.320031547546386719e+01,4.000000000000000000e+00
4.052000000000000313e+01,2.728734741210937500e+02,-1.043213558197021484e+01,1.319737339019775391e+01,4.000000000000000000e+00
4.053999999999999915e+01,2.726458129882812500e+02,-1.039456653594970703e+01,1.319388008117675781e+01,4.000000000000000000e+00
4.056000000000000227e+01,2.724173889160156250e+02,-1.035683917999267578e+01,1.318980884552001953e+01,4.000000000000000000e+00
4.057999999999999829e+01,2.721881713867187500e+02,-1.031897163391113281e+01,1.318516826629638672e+01,4.000000000000000000e+00
4.060000000000000142e+01,2.719580688476562500e+02,-1.028097915649414062e+01,1.317999172210693359e+01,4.000000000000000000e+00
4.061999999999999744e+01,2.717272033691406250e+02,-1.024288463592529297e+01,1.317429447174072266e+01,4.000000000000000000e+00
4.064000000000000057e+01,2.714954528808593750e+02,-1.020470523834228516e+01,1.316806221008300781e+01,4.000000000000000000e+00
4.066000000000000369e+01,2.712629089355468750e+02,-1.016646003723144531e+01,1.316127300262451172e+01,4.000000000000000000e+00
4.067999999999999972e+01,2.710295104980468750e+02,-1.012816905975341797e+01,1.315394210815429688e+01,4.000000000000000000e+00
4.070000000000000284e+01,2.707952880859375000e+02,-1.008985137939453125e+01,1.314611053466796875e+01,4.000000000000000000e+00
4.071999999999999886e+01,2.705601501464843750e+02,-1.005152511596679688e+01,1.313778495788574219e+01,4.000000000000000000e+00
4.074000000000000199e+01,2.703241882324218750e+02,-1.001321029663085938e+01,1.312893676757812500e+01,4.000000000000000000e+00
4.075999999999999801e+01,2.700873718261718750e+02,-9.974924087524414062e+00,1.311953163146972656e+01,4.000000000000000000e+00
4.078000000000000114e+01,2.698497009277343750e+02,-9.936685562133789062e+00,1.310956954956054688e+01,4.000000000000000000e+00
4.080000000000000426e+01,2.696111755371093750e+02,-9.898513793945312500e+00,1.309908199310302734e+01,4.000000000000000000e+00
4.082000000000000028e+01,2.693717651367187500e+02,-9.860424995422363281e+00,1.308807945251464844e+01,4.000000000000000000e+00
4.084000000000000341e+01,2.691314697265625000e+02,-9.822439193725585938e+00,1.307653999328613281e+01,4.000000000000000000e+00
4.085999999999999943e+01,2.688903503417968750e+02,-9.784572601318359375e+00,1.306444263458251953e+01,4.000000000000000000e+00
4.088000000000000256e+01,2.686483459472656250e+02,-9.746841430664062500e+00,1.305180263519287109e+01,4.000000000000000000e+00
4.089999999999999858e+01,2.684054565429687500e+02,-9.709266662597656250e+00,1.303866577148437500e+01,4.000000000000000000e+00
4.092000000000000171e+01,2.681616821289062500e+02,-9.671865463256835938e+00,1.302505207061767578e+01,4.000000000000000000e+00
4.093999999999999773e+01,2.679170227050781250e+02,-9.634654998779296875e+00,1.301094341278076172e+01,4.000000000000000000e+00
4.096000000000000085e+01,2.676714782714843750e+02,-9.597649574279785156e+00,1.299632835388183594e+01,4.000000000000000000e+00
4.098000000000000398e+01,2.674250488281250000e+02,-9.560868263244628906e+00,1.298122310638427734e+01,4.000000000000000000e+00
4.100000000000000000e+01,2.671777038574218750e+02,-9.524330139160156250e+00,1.296567726135253906e+01,4.000000000000000000e+00
4.102000000000000313e+01,2.669294738769531250e+02,-9.488054275512695312e+00,1.294970703125000000e+01,4.000000000000000000e+00
4.103999999999999915e+01,2.666803283691406250e+02,-9.452054023742675781e+00,1.293328380584716797e+01,4.000000000000000000e+00
4.106000000000000227e+01,2.664302978515625000e+02,-9.416345596313476562e+00,1.291638565063476562e+01,4.000000000000000000e+00
4.107999999999999829e+01,2.661793823242187500e+02,-9.380945205688476562e+00,1.289901924133300781e+01,4.000000000000000000e+00
4.110000000000000142e+01,2.659275512695312500e+02,-9.345870971679687500e+00,1.288122463226318359e+01,4.000000000000000000e+00
4.111999999999999744e+01,2.656748046875000000e+02,-9.311142921447753906e+00,1.286301517486572266e+01,4.000000000000000000e+00
4.114000000000000057e+01,2.654211730957031250e+02,-9.276772499084472656e+00,1.284436798095703125e+01,4.000000000000000000e+00
4.116000000000000369e+01,2.651666259765625000e+02,-9.242774009704589844e+00,1.282526683807373047e+01,4.000000000000000000e+00
4.117999999999999972e+01,2.649111938476562500e+02,-9.209163665771484375e+00,1.280573272705078125e+01,4.000000000000000000e+00
4.120000000000000284e+01,2.646548156738281250e+02,-9.175963401794433594e+00,1.278580665588378906e+01,4.000000000000000000e+00
4.121999999999999886e+01,2.643975219726562500e+02,-9.143186569213867188e+00,1.276549816131591797e+01,4.000000000000000000e+00
4.124000000000000199e+01,2.641393127441406250e+02,-9.110846519470214844e+00,1.274477100372314453e+01,4.000000000000000000e+00
4.125999999999999801e+01,2.638801879882812500e+02,-9.078951835632324219e+00,1.272358894348144531e+01,4.000000000000000000e+00
4.128000000000000114e+01,2.636201477050781250e+02,-9.047517776489257812e+00,1.270194625854492188e+01,4.000000000000000000e+00
4.130000000000000426e+01,2.633591918945312500e+02,-9.016560554504394531e+00,1.267987346649169922e+01,4.000000000000000000e+00
4.132000000000000028e+01,2.630972900390625000e+02,-8.986096382141113281e+00,1.265737819671630859e+01,4.000000000000000000e+00
4.134000000000000341e+01,2.628344726562500000e+02,-8.956134796142578125e+00,1.263443374633789062e+01,4.000000000000000000e+00
4.135999999999999943e+01,2.625707397460937500e+02,-8.926687240600585938e+00,1.261101436614990234e+01,4.000000000000000000e+00
4.138000000000000256e+01,2.623060913085937500e+02,-8.897766113281250000e+00,1.258712673187255859e+01,4.000000000000000000e+00
4.139999999999999858e+01,2.620404968261718750e+02,-8.869390487670898438e+00,1.256280803680419922e+01,4.000000000000000000e+00
4.142000000000000171e+01,2.617739562988281250e+02,-8.841573715209960938e+00,1.253806114196777344e+01,4.000000000000000000e+00
4.143999999999999773e+01,2.615065002441406250e+02,-8.814320564270019531e+00,1.251284122467041016e+01,4.000000000000000000e+00
4.146000000000000085e+01,2.612380981445312500e+02,-8.787637710571289062e+00,1.248711299896240234e+01,4.000000000000000000e+00
4.148000000000000398e+01,2.609687805175781250e+02,-8.761537551879882812e+00,1.246087646484375000e+01,4.000000000000000000e+00
4.150000000000000000e+01,2.606985168457031250e+02,-8.736037254333496094e+00,1.243416404724121094e+01,4.000000000000000000e+00
4.152000000000000313e+01,2.604273071289062500e+02,-8.711148262023925781e+00,1.240699005126953125e+01,4.000000000000000000e+00
4.153999999999999915e+01,2.601551818847656250e+02,-8.686877250671386719e+00,1.237932300567626953e+01,4.000000000000000000e+00
4.156000000000000227e+01,2.598821411132812500e+02,-8.663230895996093750e+00,1.235114097595214844e+01,4.000000000000000000e+00
4.157999999999999829e+01,2.596081542968750000e+02,-8.640219688415527344e+00,1.232245635986328125e+01,4.000000000000000000e+00
4.160000000000000142e+01,2.593332519531250000e+02,-8.617862701416015625e+00,1.229331302642822266e+01,4.000000000000000000e+00
4.161999999999999744e+01,2.590574035644531250e+02,-8.596173286437988281e+00,1.226373291015625000e+01,4.000000000000000000e+00
4.164000000000000057e+01,2.587806091308593750e+02,-8.575158119201660156e+00,1.223370647430419922e+01,4.000000000000000000e+00
4.166000000000000369e+01,2.585028991699218750e+02,-8.554822921752929688e+00,1.220322418212890625e+01,4.000000000000000000e+00
4.167999999999999972e+01,2.582242431640625000e+02,-8.535181045532226562e+00,1.217230987548828125e+01,4.000000000000000000e+00
4.170000000000000284e+01,2.579446411132812500e+02,-8.516250610351562500e+00,1.214100646972656250e+01,4.000000000000000000e+00
4.171999999999999886e+01,2.576641235351562500e+02,-8.498038291931152344e+00,1.210931491851806641e+01,4.000000000000000000e+00
4.174000000000000199e+01,2.573826599121093750e+02,-8.480545043945312500e+00,1.207719612121582031e+01,4.000000000000000000e+00
4.175999999999999801e+01,2.571003112792968750e+02,-8.463771820068359375e+00,1.204461383819580078e+01,4.000000000000000000e+00
4.178000000000000114e+01,2.568170471191406250e+02,-8.447725296020507812e+00,1.201156234741210938e+01,4.000000000000000000e+00
4.180000000000000426e+01,2.565328674316406250e+02,-8.432420730590820312e+00,1.197807502746582031e+01,4.000000000000000000e+00
4.182000000000000028e+01,2.562477722167968750e+02,-8.417866706848144531e+00,1.194415950775146484e+01,4.000000000000000000e+00
4.184000000000000341e+01,2.559618072509765625e+02,-8.404063224792480469e+00,1.190978908538818359e+01,4.000000000000000000e+00
4.185999999999999943e+01,2.556749420166015625e+02,-8.391014099121093750e+00,1.187494182586669922e+01,4.000000000000000000e+00
4.188000000000000256e+01,2.553871917724609375e+02,-8.378727912902832031e+00,1.183962726593017578e+01,4.000000000000000000e+00
4.189999999999999858e+01,2.550985412597656250e+02,-8.367221832275390625e+00,1.180388832092285156e+01,4.000000000000000000e+00
4.192000000000000171e+01,2.548089752197265625e+02,-8.356503486633300781e+00,1.176773548126220703e+01,4.000000000000000000e+00
4.193999999999999773e+01,2.545185546875000000e+02,-8.346576690673828125e+00,1.173115348815917969e+01,4.000000000000000000e+00
4.196000000000000085e+01,2.542272338867187500e+02,-8.337444305419921875e+00,1.169413185119628906e+01,4.000000000000000000e+00
4.198000000000000398e+01,2.539350585937500000e+02,-8.329118728637695312e+00,1.165669155120849609e+01,4.000000000000000000e+00
4.200000000000000000e+01,2.536419830322265625e+02,-8.321618080139160156e+00,1.161888122558593750e+01,4.000000000000000000e+00
4.202000000000000313e+01,2.533480529785156250e+02,-8.314951896667480469e+00,1.158071231842041016e+01,4.000000000000000000e+00
4.203999999999999915e+01,2.530532379150390625e+02,-8.309115409851074219e+00,1.154215908050537109e+01,4.000000000000000000e+00
4.206000000000000227e+01,2.527575683593750000e+02,-8.304114341735839844e+00,1.150319957733154297e+01,4.000000000000000000e+00
4.207999999999999829e+01,2.524610595703125000e+02,-8.299956321716308594e+00,1.146384143829345703e+01,4.000000000000000000e+00
4.210000000000000142e+01,2.521636962890625000e+02,-8.296656608581542969e+00,1.142412376403808594e+01,4.000000000000000000e+00
4.211999999999999744e+01,2.518654785156250000e+02,-8.294221878051757812e+00,1.138404655456542969e+01,4.000000000000000000e+00
4.214000000000000057e+01,2.515664215087890625e+02,-8.292648315429687500e+00,1.134357070922851562e+01,4.000000000000000000e+00
4.216000000000000369e+01,2.512665405273437500e+02,-8.291933059692382812e+00,1.130265331268310547e+01,4.000000000000000000e+00
4.217999999999999972e+01,2.509658660888671875e+02,-8.292080879211425781e+00,1.126129055023193359e+01,4.000000000000000000e+00
4.220000000000000284e+01,2.506643524169921875e+02,-8.293106079101562500e+00,1.121950912475585938e+01,4.000000000000000000e+00
4.221999999999999886e+01,2.503620147705078125e+02,-8.295014381408691406e+00,1.117730903625488281e+01,4.000000000000000000e+00
4.224000000000000199e+01,2.500588989257812500e+02,-8.297803878784179688e+00,1.113465499877929688e+01,4.000000000000000000e+00
4.225999999999999801e+01,2.497549743652343750e+02,-8.301471710205078125e+00,1.109151458740234375e+01,4.000000000000000000e+00
4.228000000000000114e+01,2.494502563476562500e+02,-8.306025505065917969e+00,1.104788208007812500e+01,4.000000000000000000e+00
4.230000000000000426e+01,2.491447753906250000e+02,-8.311477661132812500e+00,1.100379180908203125e+01,4.000000000000000000e+00
4.232000000000000028e+01,2.488385162353515625e+02,-8.317838668823242188e+00,1.095924854278564453e+01,4.000000000000000000e+00
4.234000000000000341e+01,2.485314331054687500e+02,-8.325102806091308594e+00,1.091422080993652344e+01,4.000000000000000000e+00
4.235999999999999943e+01,2.482236480712890625e+02,-8.333271026611328125e+00,1.086868476867675781e+01,4.000000000000000000e+00
4.238000000000000256e+01,2.479151153564453125e+02,-8.342350959777832031e+00,1.082264328002929688e+01,4.000000000000000000e+00
4.239999999999999858e+01,2.476058197021484375e+02,-8.352361679077148438e+00,1.077614021301269531e+01,4.000000000000000000e+00
4.242000000000000171e+01,2.472957611083984375e+02,-8.363309860229492188e+00,1.072918224334716797e+01,4.000000000000000000e+00
4.243999999999999773e+01,2.469849548339843750e+02,-8.375193595886230469e+00,1.068174171447753906e+01,4.000000000000000000e+00
4.246000000000000085e+01,2.466734466552734375e+02,-8.388012886047363281e+00,1.063379478454589844e+01,4.000000000000000000e+00
4.248000000000000398e+01,2.463612213134765625e+02,-8.401775360107421875e+00,1.058535289764404297e+01,4.000000000000000000e+00
4.250000000000000000e+01,2.460482635498046875e+02,-8.416501998901367188e+00,1.053646087646484375e+01,4.000000000000000000e+00
4.252000000000000313e+01,2.457346038818359375e+02,-8.432200431823730469e+00,1.048712730407714844e+01,4.000000000000000000e+00
4.253999999999999915e+01,2.454202423095703125e+02,-8.448866844177246094e+00,1.043731498718261719e+01,4.000000000000000000e+00
4.256000000000000227e+01,2.451052093505859375e+02,-8.466499328613281250e+00,1.038700103759765625e+01,4.000000000000000000e+00
4.257999999999999829e+01,2.447894897460937500e+02,-8.485106468200683594e+00,1.033619308471679688e+01,4.000000000000000000e+00
4.260000000000000142e+01,2.444730987548828125e+02,-8.504709243774414062e+00,1.028493785858154297e+01,4.000000000000000000e+00
4.261999999999999744e+01,2.441560363769531250e+02,-8.525313377380371094e+00,1.023323631286621094e+01,4.000000000000000000e+00
4.264000000000000057e+01,2.438383178710937500e+02,-8.546910285949707031e+00,1.018104457855224609e+01,4.000000000000000000e+00
4.266000000000000369e+01,2.435199737548828125e+02,-8.569496154785156250e+00,1.012832832336425781e+01,4.000000000000000000e+00
4.267999999999999972e+01,2.432009887695312500e+02,-8.593075752258300781e+00,1.007508659362792969e+01,4.000000000000000000e+00
4.270000000000000284e+01,2.428813629150390625e+02,-8.617667198181152344e+00,1.002135753631591797e+01,4.000000000000000000e+00
4.271999999999999886e+01,2.425611267089843750e+02,-8.643277168273925781e+00,9.967144966125488281e+00,4.000000000000000000e+00
4.274000000000000199e+01,2.422402801513671875e+02,-8.669898986816406250e+00,9.912409782409667969e+00,4.000000000000000000e+00
4.275999999999999801e+01,2.419188385009765625e+02,-8.697529792785644531e+00,9.857128143310546875e+00,4.000000000000000000e+00
4.278000000000000114e+01,2.415967864990234375e+02,-8.726178169250488281e+00,9.801309585571289062e+00,4.000000000000000000e+00
4.280000000000000426e+01,2.412741394042968750e+02,-8.755866050720214844e+00,9.745005607604980469e+00,4.000000000000000000e+00
4.282000000000000028e+01,2.409508972167968750e+02,-8.786597251892089844e+00,9.688213348388671875e+00,4.000000000000000000e+00
4.284000000000000341e+01,2.406270904541015625e+02,-8.818359375000000000e+00,9.630878448486328125e+00,4.000000000000000000e+00
4.285999999999999943e+01,2.403027038574218750e+02,-8.851142883300781250e+00,9.572953224182128906e+00,4.000000000000000000e+00
4.288000000000000256e+01,2.399777526855468750e+02,-8.884945869445800781e+00,9.514425277709960938e+00,4.000000000000000000e+00
4.289999999999999858e+01,2.396522674560546875e+02,-8.919788360595703125e+00,9.455326080322265625e+00,4.000000000000000000e+00
4.292000000000000171e+01,2.393262023925781250e+02,-8.955671310424804688e+00,9.395649909973144531e+00,4.000000000000000000e+00
4.293999999999999773e+01,2.389996032714843750e+02,-8.992580413818359375e+00,9.335337638854980469e+00,4.000000000000000000e+00
4.296000000000000085e+01,2.386724853515625000e+02,-9.030504226684570312e+00,9.274343490600585938e+00,4.000000000000000000e+00
4.298000000000000398e+01,2.383448333740234375e+02,-9.069442749023437500e+00,9.212655067443847656e+00,4.000000000000000000e+00
4.300000000000000000e+01,2.380166625976562500e+02,-9.109410285949707031e+00,9.150299072265625000e+00,4.000000000000000000e+00
4.302000000000000313e+01,2.376879577636718750e+02,-9.150412559509277344e+00,9.087278366088867188e+00,4.000000000000000000e+00
4.303999999999999915e+01,2.373587493896484375e+02,-9.192440986633300781e+00,9.023561477661132812e+00,4.000000000000000000e+00
4.306000000000000227e+01,2.370290374755859375e+02,-9.235491752624511719e+00,8.959120750427246094e+00,4.000000000000000000e+00
4.307999999999999829e+01,2.366988220214843750e+02,-9.279566764831542969e+00,8.893954277038574219e+00,4.000000000000000000e+00
4.310000000000000142e+01,2.363681030273437500e+02,-9.324680328369140625e+00,8.828092575073242188e+00,4.000000000000000000e+00
4.311999999999999744e+01,2.360368804931640625e+02,-9.370840072631835938e+00,8.761537551879882812e+00,4.000000000000000000e+00
4.314000000000000057e+01,2.357051544189453125e+02,-9.418034553527832031e+00,8.694256782531738281e+00,4.000000000000000000e+00
4.316000000000000369e+01,2.353729400634765625e+02,-9.466254234313964844e+00,8.626214027404785156e+00,4.000000000000000000e+00
4.317999999999999972e+01,2.350402526855468750e+02,-9.515497207641601562e+00,8.557392120361328125e+00,4.000000000000000000e+00
4.320000000000000284e+01,2.347070770263671875e+02,-9.565771102905273438e+00,8.487802505493164062e+00,4.000000000000000000e+00
4.321999999999999886e+01,2.343734130859375000e+02,-9.617079734802246094e+00,8.417444229125976562e+00,4.000000000000000000e+00
4.324000000000000199e+01,2.340392608642578125e+02,-9.669413566589355469e+00,8.346287727355957031e+00,4.000000000000000000e+00
4.325999999999999801e+01,2.337046203613281250e+02,-9.722766876220703125e+00,8.274303436279296875e+00,4.000000000000000000e+00
4.328000000000000114e+01,2.333695068359375000e+02,-9.777132987976074219e+00,8.201468467712402344e+00,4.000000000000000000e+00
4.330000000000000426e+01,2.330339202880859375e+02,-9.832514762878417969e+00,8.127778053283691406e+00,4.000000000000000000e+00
4.332000000000000028e+01,2.326978454589843750e+02,-9.888908386230468750e+00,8.053217887878417969e+00,4.000000000000000000e+00
4.334000000000000341e+01,2.323612823486328125e+02,-9.946305274963378906e+00,7.977759838104248047e+00,4.000000000000000000e+00
4.335999999999999943e+01,2.320242462158203125e+02,-1.000469779968261719e+01,7.901371479034423828e+00,4.000000000000000000e+00
4.338000000000000256e+01,2.316867370605468750e+02,-1.006407546997070312e+01,7.824026107788085938e+00,4.000000000000000000e+00
4.339999999999999858e+01,2.313487396240234375e+02,-1.012443351745605469e+01,7.745707511901855469e+00,4.000000000000000000e+00
4.342000000000000171e+01,2.310102691650390625e+02,-1.018576717376708984e+01,7.666395187377929688e+00,4.000000000000000000e+00
4.343999999999999773e+01,2.306713104248046875e+02,-1.024806690216064453e+01,7.586059570312500000e+00,4.000000000000000000e+00
4.346000000000000085e+01,2.303318634033203125e+02,-1.031131839752197266e+01,7.504667758941650391e+00,4.000000000000000000e+00
4.348000000000000398e+01,2.299919281005859375e+02,-1.037550926208496094e+01,7.422187805175781250e+00,4.000000000000000000e+00
4.350000000000000000e+01,2.296515197753906250e+02,-1.044062995910644531e+01,7.338593482971191406e+00,4.000000000000000000e+00
4.352000000000000313e+01,2.293106079101562500e+02,-1.050666999816894531e+01,7.253861904144287109e+00,4.000000000000000000e+00
4.353999999999999915e+01,2.289692230224609375e+02,-1.057361793518066406e+01,7.167967796325683594e+00,4.000000000000000000e+00
4.356000000000000227e+01,2.286273345947265625e+02,-1.064146137237548828e+01,7.080884456634521484e+00,4.000000000000000000e+00
4.357999999999999829e+01,2.282849578857421875e+02,-1.071018791198730469e+01,6.992587566375732422e+00,4.000000000000000000e+00
4.360000000000000142e+01,2.279420776367187500e+02,-1.077978801727294922e+01,6.903057098388671875e+00,4.000000000000000000e+00
4.361999999999999744e+01,2.275987091064453125e+02,-1.085025310516357422e+01,6.812280178070068359e+00,4.000000000000000000e+00
4.364000000000000057e+01,2.272548217773437500e+02,-1.092157459259033203e+01,6.720245361328125000e+00,4.000000000000000000e+00
4.366000000000000369e+01,2.269104003906250000e+02,-1.099374198913574219e+01,6.626935958862304688e+00,4.000000000000000000e+00
4.367999999999999972e+01,2.265654754638671875e+02,-1.106674003601074219e+01,6.532330989837646484e+00,4.000000000000000000e+00
4.370000000000000284e+01,2.262200164794921875e+02,-1.114055442810058594e+01,6.436409950256347656e+00,4.000000000000000000e+00
4.371999999999999886e+01,2.258740386962890625e+02,-1.121517753601074219e+01,6.339162349700927734e+00,4.000000000000000000e+00
4.374000000000000199e+01,2.255275268554687500e+02,-1.129059886932373047e+01,6.240581989288330078e+00,4.000000000000000000e+00
4.375999999999999801e+01,2.251804656982421875e+02,-1.136680603027343750e+01,6.140655517578125000e+00,4.000000000000000000e+00
4.378000000000000114e+01,2.248328704833984375e+02,-1.144378471374511719e+01,6.039363861083984375e+00,4.000000000000000000e+00
4.380000000000000426e+01,2.244847412109375000e+02,-1.152151966094970703e+01,5.936689853668212891e+00,4.000000000000000000e+00
4.382000000000000028e+01,2.241360626220703125e+02,-1.159999752044677734e+01,5.832626342773437500e+00,4.000000000000000000e+00
4.384000000000000341e+01,2.237868499755859375e+02,-1.167920875549316406e+01,5.727163791656494141e+00,4.000000000000000000e+00
4.385999999999999943e+01,2.234371032714843750e+02,-1.175914001464843750e+01,5.620290756225585938e+00,4.000000000000000000e+00
4.388000000000000256e+01,2.230868072509765625e+02,-1.183977603912353516e+01,5.511993408203125000e+00,4.000000000000000000e+00
4.389999999999999858e+01,2.227359771728515625e+02,-1.192110157012939453e+01,5.402259826660156250e+00,4.000000000000000000e+00
4.392000000000000171e+01,2.223846130371093750e+02,-1.200310516357421875e+01,5.291082859039306641e+00,4.000000000000000000e+00
4.393999999999999773e+01,2.220327148437500000e+02,-1.208577442169189453e+01,5.178457736968994141e+00,4.000000000000000000e+00
4.396000000000000085e+01,2.216802825927734375e+02,-1.216909694671630859e+01,5.064377784729003906e+00,4.000000000000000000e+00
4.398000000000000398e+01,2.213273315429687500e+02,-1.225305938720703125e+01,4.948834896087646484e+00,4.000000000000000000e+00
4.400000000000000000e+01,2.209738616943359375e+02,-1.233764934539794922e+01,4.831824779510498047e+00,4.000000000000000000e+00
4.402000000000000313e+01,2.206198577880859375e+02,-1.242285346984863281e+01,4.713344573974609375e+00,4.000000000000000000e+00
4.403999999999999915e+01,2.202653503417968750e+02,-1.250866413116455078e+01,4.593396186828613281e+00,4.000000000000000000e+00
4.406000000000000227e+01,2.199103240966796875e+02,-1.259506988525390625e+01,4.471980094909667969e+00,4.000000000000000000e+00
4.407999999999999829e+01,2.195547790527343750e+02,-1.268205833435058594e+01,4.349095344543457031e+00,4.000000000000000000e+00
4.410000000000000142e+01,2.191987457275390625e+02,-1.276961803436279297e+01,4.224742412567138672e+00,4.000000000000000000e+00
4.411999999999999744e+01,2.188421936035156250e+02,-1.285773944854736328e+01,4.098923206329345703e+00,4.000000000000000000e+00
4.414000000000000057e+01,2.184851379394531250e+02,-1.294641113281250000e+01,3.971641540527343750e+00,4.000000000000000000e+00
