time_s,north_m,east_m,altitude_m,phase
0.000000000000000000e+00,0.000000000000000000e+00,0.000000000000000000e+00,9.377412497997283936e-02,0.000000000000000000e+00
2.000000000000000042e-02,0.000000000000000000e+00,0.000000000000000000e+00,9.474229812622070312e-02,0.000000000000000000e+00
4.000000000000000083e-02,0.000000000000000000e+00,0.000000000000000000e+00,9.584950655698776245e-02,0.000000000000000000e+00
5.999999999999999778e-02,0.000000000000000000e+00,0.000000000000000000e+00,9.725560247898101807e-02,0.000000000000000000e+00
8.000000000000000167e-02,0.000000000000000000e+00,0.000000000000000000e+00,9.913198649883270264e-02,0.000000000000000000e+00
1.000000000000000056e-01,0.000000000000000000e+00,0.000000000000000000e+00,1.015153154730796814e-01,0.000000000000000000e+00
1.199999999999999956e-01,0.000000000000000000e+00,0.000000000000000000e+00,1.044117733836174011e-01,0.000000000000000000e+00
1.400000000000000133e-01,0.000000000000000000e+00,0.000000000000000000e+00,1.078208759427070618e-01,0.000000000000000000e+00
1.600000000000000033e-01,0.000000000000000000e+00,0.000000000000000000e+00,1.117397695779800415e-01,0.000000000000000000e+00
1.799999999999999933e-01,0.000000000000000000e+00,0.000000000000000000e+00,1.161646842956542969e-01,0.000000000000000000e+00
2.000000000000000111e-01,0.000000000000000000e+00,0.000000000000000000e+00,1.210909336805343628e-01,0.000000000000000000e+00
2.200000000000000011e-01,0.000000000000000000e+00,0.000000000000000000e+00,1.265139877796173096e-01,0.000000000000000000e+00
2.399999999999999911e-01,0.000000000000000000e+00,0.000000000000000000e+00,1.324300318956375122e-01,0.000000000000000000e+00
2.600000000000000089e-01,0.000000000000000000e+00,0.000000000000000000e+00,1.388354003429412842e-01,0.000000000000000000e+00
2.800000000000000266e-01,0.000000000000000000e+00,0.000000000000000000e+00,1.457266807556152344e-01,0.000000000000000000e+00
2.999999999999999889e-01,0.000000000000000000e+00,0.000000000000000000e+00,1.530993729829788208e-01,0.000000000000000000e+00
3.200000000000000067e-01,0.000000000000000000e+00,0.000000000000000000e+00,1.609489619731903076e-01,0.000000000000000000e+00
3.400000000000000244e-01,0.000000000000000000e+00,0.000000000000000000e+00,1.692716330289840698e-01,0.000000000000000000e+00
3.599999999999999867e-01,0.000000000000000000e+00,0.000000000000000000e+00,1.780640780925750732e-01,0.000000000000000000e+00
3.800000000000000044e-01,0.000000000000000000e+00,0.000000000000000000e+00,1.873229146003723145e-01,0.000000000000000000e+00
4.000000000000000222e-01,0.000000000000000000e+00,0.000000000000000000e+00,1.970434337854385376e-01,0.000000000000000000e+00
4.199999999999999845e-01,0.000000000000000000e+00,0.000000000000000000e+00,2.072205096483230591e-01,0.000000000000000000e+00
4.400000000000000022e-01,0.000000000000000000e+00,0.000000000000000000e+00,2.178553044795989990e-01,0.000000000000000000e+00
4.600000000000000200e-01,0.000000000000000000e+00,0.000000000000000000e+00,2.289496660232543945e-01,0.000000000000000000e+00
4.799999999999999822e-01,0.000000000000000000e+00,0.000000000000000000e+00,2.405014634132385254e-01,0.000000000000000000e+00
5.000000000000000000e-01,0.000000000000000000e+00,0.000000000000000000e+00,2.525067925453186035e-01,0.000000000000000000e+00
5.200000000000000178e-01,0.000000000000000000e+00,0.000000000000000000e+00,2.649606764316558838e-01,0.000000000000000000e+00
5.400000000000000355e-01,0.000000000000000000e+00,0.000000000000000000e+00,2.778580188751220703e-01,0.000000000000000000e+00
5.600000000000000533e-01,0.000000000000000000e+00,0.000000000000000000e+00,2.911944091320037842e-01,0.000000000000000000e+00
5.799999999999999600e-01,0.000000000000000000e+00,0.000000000000000000e+00,3.049660325050354004e-01,0.000000000000000000e+00
5.999999999999999778e-01,0.000000000000000000e+00,0.000000000000000000e+00,3.191690146923065186e-01,0.000000000000000000e+00
6.199999999999999956e-01,0.000000000000000000e+00,0.000000000000000000e+00,3.337992429733276367e-01,0.000000000000000000e+00
6.400000000000000133e-01,0.000000000000000000e+00,0.000000000000000000e+00,3.488526940345764160e-01,0.000000000000000000e+00
6.600000000000000311e-01,0.000000000000000000e+00,0.000000000000000000e+00,3.643256425857543945e-01,0.000000000000000000e+00
6.800000000000000488e-01,0.000000000000000000e+00,0.000000000000000000e+00,3.802145719528198242e-01,0.000000000000000000e+00
7.000000000000000666e-01,0.000000000000000000e+00,0.000000000000000000e+00,3.965156972408294678e-01,0.000000000000000000e+00
7.199999999999999734e-01,0.000000000000000000e+00,0.000000000000000000e+00,4.132250249385833740e-01,0.000000000000000000e+00
7.399999999999999911e-01,0.000000000000000000e+00,0.000000000000000000e+00,4.303390085697174072e-01,0.000000000000000000e+00
7.600000000000000089e-01,0.000000000000000000e+00,0.000000000000000000e+00,4.478543102741241455e-01,0.000000000000000000e+00
7.800000000000000266e-01,0.000000000000000000e+00,0.000000000000000000e+00,4.657676219940185547e-01,0.000000000000000000e+00
8.000000000000000444e-01,0.000000000000000000e+00,0.000000000000000000e+00,4.840752184391021729e-01,0.000000000000000000e+00
8.200000000000000622e-01,0.000000000000000000e+00,0.000000000000000000e+00,5.027729868888854980e-01,0.000000000000000000e+00
8.399999999999999689e-01,0.000000000000000000e+00,0.000000000000000000e+00,5.218571424484252930e-01,0.000000000000000000e+00
8.599999999999999867e-01,0.000000000000000000e+00,0.000000000000000000e+00,5.413242578506469727e-01,0.000000000000000000e+00
8.800000000000000044e-01,0.000000000000000000e+00,0.000000000000000000e+00,5.611711740493774414e-01,0.000000000000000000e+00
9.000000000000000222e-01,0.000000000000000000e+00,0.000000000000000000e+00,5.813945531845092773e-01,0.000000000000000000e+00
9.200000000000000400e-01,0.000000000000000000e+00,0.000000000000000000e+00,6.019909977912902832e-01,0.000000000000000000e+00
9.400000000000000577e-01,0.000000000000000000e+00,0.000000000000000000e+00,6.229573488235473633e-01,0.000000000000000000e+00
9.599999999999999645e-01,0.000000000000000000e+00,0.000000000000000000e+00,6.442906856536865234e-01,0.000000000000000000e+00
9.799999999999999822e-01,0.000000000000000000e+00,0.000000000000000000e+00,6.659880876541137695e-01,0.000000000000000000e+00
1.000000000000000000e+00,0.000000000000000000e+00,0.000000000000000000e+00,6.880461573600769043e-01,0.000000000000000000e+00
1.020000000000000018e+00,0.000000000000000000e+00,0.000000000000000000e+00,7.104610800743103027e-01,0.000000000000000000e+00
1.040000000000000036e+00,0.000000000000000000e+00,0.000000000000000000e+00,7.332293987274169922e-01,0.000000000000000000e+00
1.060000000000000053e+00,0.000000000000000000e+00,0.000000000000000000e+00,7.563481926918029785e-01,0.000000000000000000e+00
1.080000000000000071e+00,0.000000000000000000e+00,0.000000000000000000e+00,7.798146605491638184e-01,0.000000000000000000e+00
1.100000000000000089e+00,0.000000000000000000e+00,0.000000000000000000e+00,8.036257028579711914e-01,0.000000000000000000e+00
1.120000000000000107e+00,0.000000000000000000e+00,0.000000000000000000e+00,8.277776241302490234e-01,0.000000000000000000e+00
1.140000000000000124e+00,0.000000000000000000e+00,0.000000000000000000e+00,8.522671461105346680e-01,0.000000000000000000e+00
1.159999999999999920e+00,0.000000000000000000e+00,0.000000000000000000e+00,8.770915269851684570e-01,0.000000000000000000e+00
1.179999999999999938e+00,0.000000000000000000e+00,0.000000000000000000e+00,9.022481441497802734e-01,0.000000000000000000e+00
1.199999999999999956e+00,0.000000000000000000e+00,0.000000000000000000e+00,9.277340173721313477e-01,0.000000000000000000e+00
1.219999999999999973e+00,0.000000000000000000e+00,0.000000000000000000e+00,9.535458683967590332e-01,0.000000000000000000e+00
1.239999999999999991e+00,0.000000000000000000e+00,0.000000000000000000e+00,9.796805381774902344e-01,0.000000000000000000e+00
1.260000000000000009e+00,0.000000000000000000e+00,0.000000000000000000e+00,1.006135225296020508e+00,1.000000000000000000e+00
1.280000000000000027e+00,0.000000000000000000e+00,0.000000000000000000e+00,1.032874822616577148e+00,1.000000000000000000e+00
1.300000000000000044e+00,0.000000000000000000e+00,0.000000000000000000e+00,1.059838771820068359e+00,1.000000000000000000e+00
1.320000000000000062e+00,0.000000000000000000e+00,0.000000000000000000e+00,1.086979985237121582e+00,1.000000000000000000e+00
1.340000000000000080e+00,0.000000000000000000e+00,0.000000000000000000e+00,1.114269614219665527e+00,1.000000000000000000e+00
1.360000000000000098e+00,0.000000000000000000e+00,0.000000000000000000e+00,1.141689896583557129e+00,1.000000000000000000e+00
1.380000000000000115e+00,0.000000000000000000e+00,0.000000000000000000e+00,1.169228315353393555e+00,1.000000000000000000e+00
1.400000000000000133e+00,0.000000000000000000e+00,0.000000000000000000e+00,1.196873664855957031e+00,1.000000000000000000e+00
1.419999999999999929e+00,0.000000000000000000e+00,0.000000000000000000e+00,1.224620819091796875e+00,1.000000000000000000e+00
1.439999999999999947e+00,0.000000000000000000e+00,0.000000000000000000e+00,1.252468585968017578e+00,1.000000000000000000e+00
1.459999999999999964e+00,0.000000000000000000e+00,0.000000000000000000e+00,1.280415415763854980e+00,1.000000000000000000e+00
1.479999999999999982e+00,0.000000000000000000e+00,0.000000000000000000e+00,1.308458209037780762e+00,1.000000000000000000e+00
1.500000000000000000e+00,0.000000000000000000e+00,0.000000000000000000e+00,1.336592078208923340e+00,1.000000000000000000e+00
1.520000000000000018e+00,0.000000000000000000e+00,0.000000000000000000e+00,1.364812612533569336e+00,1.000000000000000000e+00
1.540000000000000036e+00,0.000000000000000000e+00,0.000000000000000000e+00,1.393116831779479980e+00,1.000000000000000000e+00
1.560000000000000053e+00,0.000000000000000000e+00,0.000000000000000000e+00,1.421501517295837402e+00,1.000000000000000000e+00
1.580000000000000071e+00,0.000000000000000000e+00,0.000000000000000000e+00,1.449962735176086426e+00,1.000000000000000000e+00
1.600000000000000089e+00,0.000000000000000000e+00,0.000000000000000000e+00,1.478495359420776367e+00,1.000000000000000000e+00
1.620000000000000107e+00,0.000000000000000000e+00,0.000000000000000000e+00,1.507102489471435547e+00,1.000000000000000000e+00
1.640000000000000124e+00,0.000000000000000000e+00,0.000000000000000000e+00,1.535791397094726562e+00,1.000000000000000000e+00
1.660000000000000142e+00,0.000000000000000000e+00,0.000000000000000000e+00,1.564564585685729980e+00,1.000000000000000000e+00
1.679999999999999938e+00,0.000000000000000000e+00,0.000000000000000000e+00,1.593420743942260742e+00,1.000000000000000000e+00
1.699999999999999956e+00,0.000000000000000000e+00,0.000000000000000000e+00,1.622356772422790527e+00,1.000000000000000000e+00
1.719999999999999973e+00,0.000000000000000000e+00,0.000000000000000000e+00,1.651372313499450684e+00,1.000000000000000000e+00
1.739999999999999991e+00,0.000000000000000000e+00,0.000000000000000000e+00,1.680468916893005371e+00,1.000000000000000000e+00
1.760000000000000009e+00,0.000000000000000000e+00,0.000000000000000000e+00,1.709645748138427734e+00,1.000000000000000000e+00
1.780000000000000027e+00,0.000000000000000000e+00,0.000000000000000000e+00,1.738900899887084961e+00,1.000000000000000000e+00
1.800000000000000044e+00,0.000000000000000000e+00,0.000000000000000000e+00,1.768230319023132324e+00,1.000000000000000000e+00
1.820000000000000062e+00,0.000000000000000000e+00,0.000000000000000000e+00,1.797630786895751953e+00,1.000000000000000000e+00
1.840000000000000080e+00,0.000000000000000000e+00,0.000000000000000000e+00,1.827099442481994629e+00,1.000000000000000000e+00
1.860000000000000098e+00,0.000000000000000000e+00,0.000000000000000000e+00,1.856633663177490234e+00,1.000000000000000000e+00
1.880000000000000115e+00,0.000000000000000000e+00,0.000000000000000000e+00,1.886229515075683594e+00,1.000000000000000000e+00
1.900000000000000133e+00,0.000000000000000000e+00,0.000000000000000000e+00,1.915882349014282227e+00,1.000000000000000000e+00
1.919999999999999929e+00,0.000000000000000000e+00,0.000000000000000000e+00,1.945590734481811523e+00,1.000000000000000000e+00
1.939999999999999947e+00,0.000000000000000000e+00,0.000000000000000000e+00,1.975354909896850586e+00,1.000000000000000000e+00
1.959999999999999964e+00,0.000000000000000000e+00,0.000000000000000000e+00,2.005174398422241211e+00,1.000000000000000000e+00
1.979999999999999982e+00,0.000000000000000000e+00,0.000000000000000000e+00,2.035046577453613281e+00,1.000000000000000000e+00
2.000000000000000000e+00,0.000000000000000000e+00,0.000000000000000000e+00,2.064968109130859375e+00,1.000000000000000000e+00
2.020000000000000018e+00,0.000000000000000000e+00,0.000000000000000000e+00,2.094943284988403320e+00,1.000000000000000000e+00
2.040000000000000036e+00,0.000000000000000000e+00,0.000000000000000000e+00,2.124979734420776367e+00,1.000000000000000000e+00
2.060000000000000053e+00,0.000000000000000000e+00,0.000000000000000000e+00,2.155081272125244141e+00,1.000000000000000000e+00
2.080000000000000071e+00,0.000000000000000000e+00,0.000000000000000000e+00,2.185247182846069336e+00,1.000000000000000000e+00
2.100000000000000089e+00,0.000000000000000000e+00,0.000000000000000000e+00,2.215474605560302734e+00,1.000000000000000000e+00
2.120000000000000107e+00,0.000000000000000000e+00,0.000000000000000000e+00,2.245763301849365234e+00,1.000000000000000000e+00
2.140000000000000124e+00,0.000000000000000000e+00,0.000000000000000000e+00,2.276115179061889648e+00,1.000000000000000000e+00
2.160000000000000142e+00,0.000000000000000000e+00,0.000000000000000000e+00,2.306529998779296875e+00,1.000000000000000000e+00
2.180000000000000160e+00,0.000000000000000000e+00,0.000000000000000000e+00,2.337005853652954102e+00,1.000000000000000000e+00
2.200000000000000178e+00,0.000000000000000000e+00,0.000000000000000000e+00,2.367538928985595703e+00,1.000000000000000000e+00
2.220000000000000195e+00,0.000000000000000000e+00,0.000000000000000000e+00,2.398125171661376953e+00,1.000000000000000000e+00
2.240000000000000213e+00,0.000000000000000000e+00,0.000000000000000000e+00,2.428761720657348633e+00,1.000000000000000000e+00
2.260000000000000231e+00,0.000000000000000000e+00,0.000000000000000000e+00,2.459445476531982422e+00,1.000000000000000000e+00
2.280000000000000249e+00,0.000000000000000000e+00,0.000000000000000000e+00,2.490172863006591797e+00,1.000000000000000000e+00
2.300000000000000266e+00,0.000000000000000000e+00,0.000000000000000000e+00,2.520938873291015625e+00,1.000000000000000000e+00
2.319999999999999840e+00,0.000000000000000000e+00,0.000000000000000000e+00,2.551746129989624023e+00,1.000000000000000000e+00
2.339999999999999858e+00,0.000000000000000000e+00,0.000000000000000000e+00,2.582599878311157227e+00,1.000000000000000000e+00
2.359999999999999876e+00,0.000000000000000000e+00,0.000000000000000000e+00,2.613502025604248047e+00,1.000000000000000000e+00
2.379999999999999893e+00,0.000000000000000000e+00,0.000000000000000000e+00,2.644451141357421875e+00,1.000000000000000000e+00
2.399999999999999911e+00,0.000000000000000000e+00,0.000000000000000000e+00,2.675444364547729492e+00,1.000000000000000000e+00
2.419999999999999929e+00,0.000000000000000000e+00,0.000000000000000000e+00,2.706481695175170898e+00,1.000000000000000000e+00
2.439999999999999947e+00,0.000000000000000000e+00,0.000000000000000000e+00,2.737565517425537109e+00,1.000000000000000000e+00
2.459999999999999964e+00,0.000000000000000000e+00,0.000000000000000000e+00,2.768695831298828125e+00,1.000000000000000000e+00
2.479999999999999982e+00,0.000000000000000000e+00,0.000000000000000000e+00,2.799870729446411133e+00,1.000000000000000000e+00
2.500000000000000000e+00,0.000000000000000000e+00,0.000000000000000000e+00,2.831086635589599609e+00,1.000000000000000000e+00
2.520000000000000018e+00,0.000000000000000000e+00,0.000000000000000000e+00,2.862342596054077148e+00,1.000000000000000000e+00
2.540000000000000036e+00,0.000000000000000000e+00,0.000000000000000000e+00,2.893638849258422852e+00,1.000000000000000000e+00
2.560000000000000053e+00,0.000000000000000000e+00,0.000000000000000000e+00,2.924974918365478516e+00,1.000000000000000000e+00
2.580000000000000071e+00,0.000000000000000000e+00,0.000000000000000000e+00,2.956348657608032227e+00,1.000000000000000000e+00
2.600000000000000089e+00,0.000000000000000000e+00,0.000000000000000000e+00,2.987756967544555664e+00,1.000000000000000000e+00
2.620000000000000107e+00,0.000000000000000000e+00,0.000000000000000000e+00,3.019200563430786133e+00,1.000000000000000000e+00
2.640000000000000124e+00,0.000000000000000000e+00,0.000000000000000000e+00,3.050683021545410156e+00,1.000000000000000000e+00
2.660000000000000142e+00,0.000000000000000000e+00,0.000000000000000000e+00,3.082205057144165039e+00,1.000000000000000000e+00
2.680000000000000160e+00,0.000000000000000000e+00,0.000000000000000000e+00,3.113765239715576172e+00,1.000000000000000000e+00
2.700000000000000178e+00,0.000000000000000000e+00,0.000000000000000000e+00,3.145360231399536133e+00,1.000000000000000000e+00
2.720000000000000195e+00,0.000000000000000000e+00,0.000000000000000000e+00,3.176987409591674805e+00,1.000000000000000000e+00
2.740000000000000213e+00,0.000000000000000000e+00,0.000000000000000000e+00,3.208645820617675781e+00,1.000000000000000000e+00
2.760000000000000231e+00,0.000000000000000000e+00,0.000000000000000000e+00,3.240332841873168945e+00,1.000000000000000000e+00
2.780000000000000249e+00,0.000000000000000000e+00,0.000000000000000000e+00,3.272045850753784180e+00,1.000000000000000000e+00
2.800000000000000266e+00,0.000000000000000000e+00,0.000000000000000000e+00,3.303780794143676758e+00,1.000000000000000000e+00
2.819999999999999840e+00,0.000000000000000000e+00,0.000000000000000000e+00,3.335540056228637695e+00,1.000000000000000000e+00
2.839999999999999858e+00,0.000000000000000000e+00,0.000000000000000000e+00,3.367327690124511719e+00,1.000000000000000000e+00
2.859999999999999876e+00,0.000000000000000000e+00,0.000000000000000000e+00,3.399145841598510742e+00,1.000000000000000000e+00
2.879999999999999893e+00,0.000000000000000000e+00,0.000000000000000000e+00,3.430992126464843750e+00,1.000000000000000000e+00
2.899999999999999911e+00,0.000000000000000000e+00,0.000000000000000000e+00,3.462863922119140625e+00,1.000000000000000000e+00
2.919999999999999929e+00,0.000000000000000000e+00,0.000000000000000000e+00,3.494762659072875977e+00,1.000000000000000000e+00
2.939999999999999947e+00,0.000000000000000000e+00,0.000000000000000000e+00,3.526690483093261719e+00,1.000000000000000000e+00
2.959999999999999964e+00,0.000000000000000000e+00,0.000000000000000000e+00,3.558648824691772461e+00,1.000000000000000000e+00
2.979999999999999982e+00,0.000000000000000000e+00,0.000000000000000000e+00,3.590635776519775391e+00,1.000000000000000000e+00
3.000000000000000000e+00,0.000000000000000000e+00,0.000000000000000000e+00,3.622648239135742188e+00,1.000000000000000000e+00
3.020000000000000018e+00,0.000000000000000000e+00,0.000000000000000000e+00,3.654685258865356445e+00,1.000000000000000000e+00
3.040000000000000036e+00,0.000000000000000000e+00,0.000000000000000000e+00,3.686746835708618164e+00,1.000000000000000000e+00
3.060000000000000053e+00,0.000000000000000000e+00,0.000000000000000000e+00,3.718832015991210938e+00,1.000000000000000000e+00
3.080000000000000071e+00,0.000000000000000000e+00,0.000000000000000000e+00,3.750939130783081055e+00,1.000000000000000000e+00
3.100000000000000089e+00,0.000000000000000000e+00,0.000000000000000000e+00,3.783064603805541992e+00,1.000000000000000000e+00
3.120000000000000107e+00,0.000000000000000000e+00,0.000000000000000000e+00,3.815209865570068359e+00,1.000000000000000000e+00
3.140000000000000124e+00,0.000000000000000000e+00,0.000000000000000000e+00,3.847379684448242188e+00,1.000000000000000000e+00
3.160000000000000142e+00,0.000000000000000000e+00,0.000000000000000000e+00,3.879575729370117188e+00,1.000000000000000000e+00
3.180000000000000160e+00,0.000000000000000000e+00,0.000000000000000000e+00,3.911796808242797852e+00,1.000000000000000000e+00
3.200000000000000178e+00,0.000000000000000000e+00,0.000000000000000000e+00,3.944040536880493164e+00,1.000000000000000000e+00
3.220000000000000195e+00,0.000000000000000000e+00,0.000000000000000000e+00,3.976306200027465820e+00,1.000000000000000000e+00
3.240000000000000213e+00,0.000000000000000000e+00,0.000000000000000000e+00,4.008594036102294922e+00,1.000000000000000000e+00
3.260000000000000231e+00,0.000000000000000000e+00,0.000000000000000000e+00,4.040903568267822266e+00,1.000000000000000000e+00
3.280000000000000249e+00,0.000000000000000000e+00,0.000000000000000000e+00,4.073232650756835938e+00,1.000000000000000000e+00
3.300000000000000266e+00,0.000000000000000000e+00,0.000000000000000000e+00,4.105578422546386719e+00,1.000000000000000000e+00
3.320000000000000284e+00,0.000000000000000000e+00,0.000000000000000000e+00,4.137943267822265625e+00,1.000000000000000000e+00
3.339999999999999858e+00,0.000000000000000000e+00,0.000000000000000000e+00,4.170332431793212891e+00,1.000000000000000000e+00
3.359999999999999876e+00,0.000000000000000000e+00,0.000000000000000000e+00,4.202746391296386719e+00,1.000000000000000000e+00
3.379999999999999893e+00,0.000000000000000000e+00,0.000000000000000000e+00,4.235185623168945312e+00,1.000000000000000000e+00
3.399999999999999911e+00,0.000000000000000000e+00,0.000000000000000000e+00,4.267645359039306641e+00,1.000000000000000000e+00
3.419999999999999929e+00,0.000000000000000000e+00,0.000000000000000000e+00,4.300124645233154297e+00,1.000000000000000000e+00
3.439999999999999947e+00,0.000000000000000000e+00,0.000000000000000000e+00,4.332619667053222656e+00,1.000000000000000000e+00
3.459999999999999964e+00,0.000000000000000000e+00,0.000000000000000000e+00,4.365128040313720703e+00,1.000000000000000000e+00
3.479999999999999982e+00,0.000000000000000000e+00,0.000000000000000000e+00,4.397647857666015625e+00,1.000000000000000000e+00
3.500000000000000000e+00,0.000000000000000000e+00,0.000000000000000000e+00,4.430174827575683594e+00,1.000000000000000000e+00
3.520000000000000018e+00,0.000000000000000000e+00,0.000000000000000000e+00,4.462708473205566406e+00,1.000000000000000000e+00
3.540000000000000036e+00,0.000000000000000000e+00,0.000000000000000000e+00,4.495251178741455078e+00,1.000000000000000000e+00
3.560000000000000053e+00,0.000000000000000000e+00,0.000000000000000000e+00,4.527803421020507812e+00,1.000000000000000000e+00
3.580000000000000071e+00,0.000000000000000000e+00,0.000000000000000000e+00,4.560364246368408203e+00,1.000000000000000000e+00
3.600000000000000089e+00,0.000000000000000000e+00,0.000000000000000000e+00,4.592930793762207031e+00,1.000000000000000000e+00
3.620000000000000107e+00,0.000000000000000000e+00,0.000000000000000000e+00,4.625505924224853516e+00,1.000000000000000000e+00
3.640000000000000124e+00,0.000000000000000000e+00,0.000000000000000000e+00,4.658095359802246094e+00,1.000000000000000000e+00
3.660000000000000142e+00,0.000000000000000000e+00,0.000000000000000000e+00,4.690701484680175781e+00,1.000000000000000000e+00
3.680000000000000160e+00,0.000000000000000000e+00,0.000000000000000000e+00,4.723323345184326172e+00,1.000000000000000000e+00
3.700000000000000178e+00,0.000000000000000000e+00,0.000000000000000000e+00,4.755958080291748047e+00,1.000000000000000000e+00
3.720000000000000195e+00,0.000000000000000000e+00,0.000000000000000000e+00,4.788604736328125000e+00,1.000000000000000000e+00
3.740000000000000213e+00,0.000000000000000000e+00,0.000000000000000000e+00,4.821260452270507812e+00,1.000000000000000000e+00
3.760000000000000231e+00,0.000000000000000000e+00,0.000000000000000000e+00,4.853923320770263672e+00,1.000000000000000000e+00
3.780000000000000249e+00,0.000000000000000000e+00,0.000000000000000000e+00,4.886590003967285156e+00,1.000000000000000000e+00
3.800000000000000266e+00,0.000000000000000000e+00,0.000000000000000000e+00,4.919258117675781250e+00,1.000000000000000000e+00
3.820000000000000284e+00,0.000000000000000000e+00,0.000000000000000000e+00,4.951923847198486328e+00,1.000000000000000000e+00
3.839999999999999858e+00,0.000000000000000000e+00,0.000000000000000000e+00,4.984589576721191406e+00,1.000000000000000000e+00
3.859999999999999876e+00,0.000000000000000000e+00,0.000000000000000000e+00,5.017252922058105469e+00,1.000000000000000000e+00
3.879999999999999893e+00,0.000000000000000000e+00,0.000000000000000000e+00,5.049912929534912109e+00,1.000000000000000000e+00
3.899999999999999911e+00,0.000000000000000000e+00,0.000000000000000000e+00,5.082566738128662109e+00,1.000000000000000000e+00
3.919999999999999929e+00,0.000000000000000000e+00,0.000000000000000000e+00,5.115216255187988281e+00,1.000000000000000000e+00
3.939999999999999947e+00,0.000000000000000000e+00,0.000000000000000000e+00,5.147865295410156250e+00,1.000000000000000000e+00
3.959999999999999964e+00,0.000000000000000000e+00,0.000000000000000000e+00,5.180516719818115234e+00,1.000000000000000000e+00
3.979999999999999982e+00,0.000000000000000000e+00,0.000000000000000000e+00,5.213168144226074219e+00,1.000000000000000000e+00
4.000000000000000000e+00,0.000000000000000000e+00,0.000000000000000000e+00,5.245818138122558594e+00,1.000000000000000000e+00
4.020000000000000462e+00,0.000000000000000000e+00,0.000000000000000000e+00,5.278467178344726562e+00,1.000000000000000000e+00
4.040000000000000036e+00,0.000000000000000000e+00,0.000000000000000000e+00,5.311113834381103516e+00,1.000000000000000000e+00
4.060000000000000497e+00,0.000000000000000000e+00,0.000000000000000000e+00,5.343760013580322266e+00,1.000000000000000000e+00
4.080000000000000071e+00,0.000000000000000000e+00,0.000000000000000000e+00,5.376403331756591797e+00,1.000000000000000000e+00
4.099999999999999645e+00,0.000000000000000000e+00,0.000000000000000000e+00,5.409040927886962891e+00,1.000000000000000000e+00
4.120000000000000107e+00,0.000000000000000000e+00,0.000000000000000000e+00,5.441672801971435547e+00,1.000000000000000000e+00
4.139999999999999680e+00,0.000000000000000000e+00,0.000000000000000000e+00,5.474297046661376953e+00,1.000000000000000000e+00
4.160000000000000142e+00,0.000000000000000000e+00,0.000000000000000000e+00,5.506912231445312500e+00,1.000000000000000000e+00
4.179999999999999716e+00,0.000000000000000000e+00,0.000000000000000000e+00,5.539516448974609375e+00,1.000000000000000000e+00
4.200000000000000178e+00,0.000000000000000000e+00,0.000000000000000000e+00,5.572108268737792969e+00,1.000000000000000000e+00
4.219999999999999751e+00,0.000000000000000000e+00,0.000000000000000000e+00,5.604690551757812500e+00,1.000000000000000000e+00
4.240000000000000213e+00,0.000000000000000000e+00,0.000000000000000000e+00,5.637266159057617188e+00,1.000000000000000000e+00
4.259999999999999787e+00,0.000000000000000000e+00,0.000000000000000000e+00,5.669836044311523438e+00,1.000000000000000000e+00
4.280000000000000249e+00,0.000000000000000000e+00,0.000000000000000000e+00,5.702400207519531250e+00,1.000000000000000000e+00
4.299999999999999822e+00,0.000000000000000000e+00,0.000000000000000000e+00,5.734957218170166016e+00,1.000000000000000000e+00
4.320000000000000284e+00,0.000000000000000000e+00,0.000000000000000000e+00,5.767503738403320312e+00,1.000000000000000000e+00
4.339999999999999858e+00,0.000000000000000000e+00,0.000000000000000000e+00,5.800035953521728516e+00,1.000000000000000000e+00
4.360000000000000320e+00,0.000000000000000000e+00,0.000000000000000000e+00,5.832551002502441406e+00,1.000000000000000000e+00
4.379999999999999893e+00,0.000000000000000000e+00,0.000000000000000000e+00,5.865046024322509766e+00,1.000000000000000000e+00
4.400000000000000355e+00,0.000000000000000000e+00,0.000000000000000000e+00,5.897520542144775391e+00,1.000000000000000000e+00
4.419999999999999929e+00,0.000000000000000000e+00,0.000000000000000000e+00,5.929975032806396484e+00,1.000000000000000000e+00
4.440000000000000391e+00,0.000000000000000000e+00,0.000000000000000000e+00,5.962411403656005859e+00,1.000000000000000000e+00
4.459999999999999964e+00,0.000000000000000000e+00,0.000000000000000000e+00,5.994829654693603516e+00,1.000000000000000000e+00
4.480000000000000426e+00,0.000000000000000000e+00,0.000000000000000000e+00,6.027230262756347656e+00,1.000000000000000000e+00
4.500000000000000000e+00,0.000000000000000000e+00,0.000000000000000000e+00,6.059611797332763672e+00,1.000000000000000000e+00
4.520000000000000462e+00,0.000000000000000000e+00,0.000000000000000000e+00,6.091976642608642578e+00,1.000000000000000000e+00
4.540000000000000036e+00,0.000000000000000000e+00,0.000000000000000000e+00,6.124327659606933594e+00,1.000000000000000000e+00
4.560000000000000497e+00,0.000000000000000000e+00,0.000000000000000000e+00,6.156666755676269531e+00,1.000000000000000000e+00
4.580000000000000071e+00,0.000000000000000000e+00,0.000000000000000000e+00,6.188993930816650391e+00,1.000000000000000000e+00
4.600000000000000533e+00,0.000000000000000000e+00,0.000000000000000000e+00,6.221306324005126953e+00,1.000000000000000000e+00
4.620000000000000107e+00,0.000000000000000000e+00,0.000000000000000000e+00,6.253607273101806641e+00,1.000000000000000000e+00
4.639999999999999680e+00,0.000000000000000000e+00,0.000000000000000000e+00,6.285899639129638672e+00,1.000000000000000000e+00
4.660000000000000142e+00,0.000000000000000000e+00,0.000000000000000000e+00,6.318184852600097656e+00,1.000000000000000000e+00
4.679999999999999716e+00,0.000000000000000000e+00,0.000000000000000000e+00,6.350462913513183594e+00,1.000000000000000000e+00
4.700000000000000178e+00,0.000000000000000000e+00,0.000000000000000000e+00,6.382731914520263672e+00,1.000000000000000000e+00
4.719999999999999751e+00,0.000000000000000000e+00,0.000000000000000000e+00,6.414989948272705078e+00,1.000000000000000000e+00
4.740000000000000213e+00,0.000000000000000000e+00,0.000000000000000000e+00,6.447236061096191406e+00,1.000000000000000000e+00
4.759999999999999787e+00,0.000000000000000000e+00,0.000000000000000000e+00,6.479467391967773438e+00,1.000000000000000000e+00
4.780000000000000249e+00,0.000000000000000000e+00,0.000000000000000000e+00,6.511682987213134766e+00,1.000000000000000000e+00
4.799999999999999822e+00,0.000000000000000000e+00,0.000000000000000000e+00,6.543881893157958984e+00,1.000000000000000000e+00
4.820000000000000284e+00,0.000000000000000000e+00,0.000000000000000000e+00,6.576064586639404297e+00,1.000000000000000000e+00
4.839999999999999858e+00,0.000000000000000000e+00,0.000000000000000000e+00,6.608232975006103516e+00,1.000000000000000000e+00
4.860000000000000320e+00,0.000000000000000000e+00,0.000000000000000000e+00,6.640388011932373047e+00,1.000000000000000000e+00
4.879999999999999893e+00,0.000000000000000000e+00,0.000000000000000000e+00,6.672529220581054688e+00,1.000000000000000000e+00
4.900000000000000355e+00,0.000000000000000000e+00,0.000000000000000000e+00,6.704655647277832031e+00,1.000000000000000000e+00
4.919999999999999929e+00,0.000000000000000000e+00,0.000000000000000000e+00,6.736767292022705078e+00,1.000000000000000000e+00
4.940000000000000391e+00,0.000000000000000000e+00,0.000000000000000000e+00,6.768864154815673828e+00,1.000000000000000000e+00
4.959999999999999964e+00,0.000000000000000000e+00,0.000000000000000000e+00,6.800945281982421875e+00,1.000000000000000000e+00
4.980000000000000426e+00,0.000000000000000000e+00,0.000000000000000000e+00,6.833010196685791016e+00,1.000000000000000000e+00
5.000000000000000000e+00,0.000000000000000000e+00,0.000000000000000000e+00,6.865058422088623047e+00,1.000000000000000000e+00
5.020000000000000462e+00,0.000000000000000000e+00,0.000000000000000000e+00,6.897090911865234375e+00,1.000000000000000000e+00
5.040000000000000036e+00,0.000000000000000000e+00,0.000000000000000000e+00,6.929108142852783203e+00,1.000000000000000000e+00
5.060000000000000497e+00,0.000000000000000000e+00,0.000000000000000000e+00,6.961110115051269531e+00,1.000000000000000000e+00
5.080000000000000071e+00,0.000000000000000000e+00,0.000000000000000000e+00,6.993096351623535156e+00,1.000000000000000000e+00
5.100000000000000533e+00,0.000000000000000000e+00,0.000000000000000000e+00,7.025066852569580078e+00,1.000000000000000000e+00
5.120000000000000107e+00,0.000000000000000000e+00,0.000000000000000000e+00,7.057019710540771484e+00,1.000000000000000000e+00
5.139999999999999680e+00,0.000000000000000000e+00,0.000000000000000000e+00,7.088953018188476562e+00,1.000000000000000000e+00
5.160000000000000142e+00,0.000000000000000000e+00,0.000000000000000000e+00,7.120865345001220703e+00,1.000000000000000000e+00
5.179999999999999716e+00,0.000000000000000000e+00,0.000000000000000000e+00,7.152755737304687500e+00,1.000000000000000000e+00
5.200000000000000178e+00,0.000000000000000000e+00,0.000000000000000000e+00,7.184622764587402344e+00,1.000000000000000000e+00
5.219999999999999751e+00,0.000000000000000000e+00,0.000000000000000000e+00,7.216468811035156250e+00,1.000000000000000000e+00
5.240000000000000213e+00,0.000000000000000000e+00,0.000000000000000000e+00,7.248294353485107422e+00,1.000000000000000000e+00
5.259999999999999787e+00,0.000000000000000000e+00,0.000000000000000000e+00,7.280100345611572266e+00,1.000000000000000000e+00
5.280000000000000249e+00,0.000000000000000000e+00,0.000000000000000000e+00,7.311885356903076172e+00,1.000000000000000000e+00
5.299999999999999822e+00,0.000000000000000000e+00,0.000000000000000000e+00,7.343650817871093750e+00,1.000000000000000000e+00
5.320000000000000284e+00,0.000000000000000000e+00,0.000000000000000000e+00,7.375397682189941406e+00,1.000000000000000000e+00
5.339999999999999858e+00,0.000000000000000000e+00,0.000000000000000000e+00,7.407128810882568359e+00,1.000000000000000000e+00
5.360000000000000320e+00,0.000000000000000000e+00,0.000000000000000000e+00,7.438844680786132812e+00,1.000000000000000000e+00
5.379999999999999893e+00,0.000000000000000000e+00,0.000000000000000000e+00,7.470546245574951172e+00,1.000000000000000000e+00
5.400000000000000355e+00,0.000000000000000000e+00,0.000000000000000000e+00,7.502233028411865234e+00,1.000000000000000000e+00
5.419999999999999929e+00,0.000000000000000000e+00,0.000000000000000000e+00,7.533902168273925781e+00,1.000000000000000000e+00
5.440000000000000391e+00,0.000000000000000000e+00,0.000000000000000000e+00,7.565547466278076172e+00,1.000000000000000000e+00
5.459999999999999964e+00,0.000000000000000000e+00,0.000000000000000000e+00,7.597165584564208984e+00,1.000000000000000000e+00
5.480000000000000426e+00,0.000000000000000000e+00,0.000000000000000000e+00,7.628754615783691406e+00,1.000000000000000000e+00
5.500000000000000000e+00,0.000000000000000000e+00,0.000000000000000000e+00,7.660314559936523438e+00,1.000000000000000000e+00
5.520000000000000462e+00,0.000000000000000000e+00,0.000000000000000000e+00,7.691844940185546875e+00,1.000000000000000000e+00
5.540000000000000036e+00,0.000000000000000000e+00,0.000000000000000000e+00,7.723346710205078125e+00,1.000000000000000000e+00
5.560000000000000497e+00,0.000000000000000000e+00,0.000000000000000000e+00,7.754821300506591797e+00,1.000000000000000000e+00
5.580000000000000071e+00,0.000000000000000000e+00,0.000000000000000000e+00,7.786269187927246094e+00,1.000000000000000000e+00
5.600000000000000533e+00,0.000000000000000000e+00,0.000000000000000000e+00,7.817691326141357422e+00,1.000000000000000000e+00
5.620000000000000107e+00,0.000000000000000000e+00,0.000000000000000000e+00,7.849088668823242188e+00,1.000000000000000000e+00
5.639999999999999680e+00,0.000000000000000000e+00,0.000000000000000000e+00,7.880460262298583984e+00,1.000000000000000000e+00
5.660000000000000142e+00,0.000000000000000000e+00,0.000000000000000000e+00,7.911807537078857422e+00,1.000000000000000000e+00
5.679999999999999716e+00,0.000000000000000000e+00,0.000000000000000000e+00,7.943128585815429688e+00,1.000000000000000000e+00
5.700000000000000178e+00,0.000000000000000000e+00,0.000000000000000000e+00,7.974425792694091797e+00,1.000000000000000000e+00
5.719999999999999751e+00,0.000000000000000000e+00,0.000000000000000000e+00,8.005699157714843750e+00,1.000000000000000000e+00
5.740000000000000213e+00,0.000000000000000000e+00,0.000000000000000000e+00,8.036946296691894531e+00,1.000000000000000000e+00
5.759999999999999787e+00,0.000000000000000000e+00,0.000000000000000000e+00,8.068168640136718750e+00,1.000000000000000000e+00
5.780000000000000249e+00,0.000000000000000000e+00,0.000000000000000000e+00,8.099363327026367188e+00,1.000000000000000000e+00
5.799999999999999822e+00,0.000000000000000000e+00,0.000000000000000000e+00,8.130534172058105469e+00,1.000000000000000000e+00
5.820000000000000284e+00,0.000000000000000000e+00,0.000000000000000000e+00,8.161681175231933594e+00,1.000000000000000000e+00
5.839999999999999858e+00,0.000000000000000000e+00,0.000000000000000000e+00,8.192800521850585938e+00,1.000000000000000000e+00
5.860000000000000320e+00,0.000000000000000000e+00,0.000000000000000000e+00,8.223893165588378906e+00,1.000000000000000000e+00
5.879999999999999893e+00,0.000000000000000000e+00,0.000000000000000000e+00,8.254959106445312500e+00,1.000000000000000000e+00
5.900000000000000355e+00,0.000000000000000000e+00,0.000000000000000000e+00,8.285999298095703125e+00,1.000000000000000000e+00
5.919999999999999929e+00,0.000000000000000000e+00,0.000000000000000000e+00,8.317012786865234375e+00,1.000000000000000000e+00
5.940000000000000391e+00,0.000000000000000000e+00,0.000000000000000000e+00,8.348002433776855469e+00,1.000000000000000000e+00
5.959999999999999964e+00,0.000000000000000000e+00,0.000000000000000000e+00,8.378968238830566406e+00,1.000000000000000000e+00
5.980000000000000426e+00,0.000000000000000000e+00,0.000000000000000000e+00,8.409910202026367188e+00,1.000000000000000000e+00
6.000000000000000000e+00,0.000000000000000000e+00,0.000000000000000000e+00,8.440832138061523438e+00,1.000000000000000000e+00
6.020000000000000462e+00,0.000000000000000000e+00,0.000000000000000000e+00,8.471731185913085938e+00,1.000000000000000000e+00
6.040000000000000036e+00,0.000000000000000000e+00,0.000000000000000000e+00,8.502606391906738281e+00,1.000000000000000000e+00
6.060000000000000497e+00,0.000000000000000000e+00,0.000000000000000000e+00,8.533452987670898438e+00,1.000000000000000000e+00
6.080000000000000071e+00,0.000000000000000000e+00,0.000000000000000000e+00,8.564275741577148438e+00,1.000000000000000000e+00
6.100000000000000533e+00,0.000000000000000000e+00,0.000000000000000000e+00,8.595074653625488281e+00,1.000000000000000000e+00
6.120000000000000107e+00,0.000000000000000000e+00,0.000000000000000000e+00,8.625845909118652344e+00,1.000000000000000000e+00
6.140000000000000568e+00,0.000000000000000000e+00,0.000000000000000000e+00,8.656589508056640625e+00,1.000000000000000000e+00
6.160000000000000142e+00,0.000000000000000000e+00,0.000000000000000000e+00,8.687303543090820312e+00,1.000000000000000000e+00
6.179999999999999716e+00,0.000000000000000000e+00,0.000000000000000000e+00,8.717988014221191406e+00,1.000000000000000000e+00
6.200000000000000178e+00,0.000000000000000000e+00,0.000000000000000000e+00,8.748643875122070312e+00,1.000000000000000000e+00
6.219999999999999751e+00,0.000000000000000000e+00,0.000000000000000000e+00,8.779272079467773438e+00,1.000000000000000000e+00
6.240000000000000213e+00,0.000000000000000000e+00,0.000000000000000000e+00,8.809868812561035156e+00,1.000000000000000000e+00
6.259999999999999787e+00,0.000000000000000000e+00,0.000000000000000000e+00,8.840434074401855469e+00,1.000000000000000000e+00
6.280000000000000249e+00,0.000000000000000000e+00,0.000000000000000000e+00,8.870968818664550781e+00,1.000000000000000000e+00
6.299999999999999822e+00,0.000000000000000000e+00,0.000000000000000000e+00,8.901473045349121094e+00,1.000000000000000000e+00
6.320000000000000284e+00,0.000000000000000000e+00,0.000000000000000000e+00,8.931946754455566406e+00,1.000000000000000000e+00
6.339999999999999858e+00,0.000000000000000000e+00,0.000000000000000000e+00,8.962390899658203125e+00,1.000000000000000000e+00
6.360000000000000320e+00,0.000000000000000000e+00,0.000000000000000000e+00,8.992805480957031250e+00,1.000000000000000000e+00
6.379999999999999893e+00,0.000000000000000000e+00,0.000000000000000000e+00,9.023190498352050781e+00,1.000000000000000000e+00
6.400000000000000355e+00,0.000000000000000000e+00,0.000000000000000000e+00,9.053548812866210938e+00,1.000000000000000000e+00
6.419999999999999929e+00,0.000000000000000000e+00,0.000000000000000000e+00,9.083880424499511719e+00,1.000000000000000000e+00
6.440000000000000391e+00,0.000000000000000000e+00,0.000000000000000000e+00,9.114184379577636719e+00,1.000000000000000000e+00
6.459999999999999964e+00,0.000000000000000000e+00,0.000000000000000000e+00,9.144461631774902344e+00,1.000000000000000000e+00
6.480000000000000426e+00,0.000000000000000000e+00,0.000000000000000000e+00,9.174712181091308594e+00,1.000000000000000000e+00
6.500000000000000000e+00,0.000000000000000000e+00,0.000000000000000000e+00,9.204938888549804688e+00,1.000000000000000000e+00
6.520000000000000462e+00,0.000000000000000000e+00,0.000000000000000000e+00,9.235141754150390625e+00,1.000000000000000000e+00
6.540000000000000036e+00,0.000000000000000000e+00,0.000000000000000000e+00,9.265320777893066406e+00,1.000000000000000000e+00
6.560000000000000497e+00,0.000000000000000000e+00,0.000000000000000000e+00,9.295477867126464844e+00,1.000000000000000000e+00
6.580000000000000071e+00,0.000000000000000000e+00,0.000000000000000000e+00,9.325613975524902344e+00,1.000000000000000000e+00
6.600000000000000533e+00,0.000000000000000000e+00,0.000000000000000000e+00,9.355730056762695312e+00,1.000000000000000000e+00
6.620000000000000107e+00,0.000000000000000000e+00,0.000000000000000000e+00,9.385824203491210938e+00,1.000000000000000000e+00
6.640000000000000568e+00,0.000000000000000000e+00,0.000000000000000000e+00,9.415893554687500000e+00,1.000000000000000000e+00
6.660000000000000142e+00,0.000000000000000000e+00,0.000000000000000000e+00,9.445939064025878906e+00,1.000000000000000000e+00
6.679999999999999716e+00,0.000000000000000000e+00,0.000000000000000000e+00,9.475960731506347656e+00,1.000000000000000000e+00
6.700000000000000178e+00,0.000000000000000000e+00,0.000000000000000000e+00,9.505958557128906250e+00,1.000000000000000000e+00
6.719999999999999751e+00,0.000000000000000000e+00,0.000000000000000000e+00,9.535927772521972656e+00,1.000000000000000000e+00
6.740000000000000213e+00,0.000000000000000000e+00,0.000000000000000000e+00,9.565873146057128906e+00,1.000000000000000000e+00
6.759999999999999787e+00,0.000000000000000000e+00,0.000000000000000000e+00,9.595789909362792969e+00,1.000000000000000000e+00
6.780000000000000249e+00,0.000000000000000000e+00,0.000000000000000000e+00,9.625679969787597656e+00,1.000000000000000000e+00
6.799999999999999822e+00,0.000000000000000000e+00,0.000000000000000000e+00,9.655544281005859375e+00,1.000000000000000000e+00
6.820000000000000284e+00,0.000000000000000000e+00,0.000000000000000000e+00,9.685383796691894531e+00,1.000000000000000000e+00
6.839999999999999858e+00,0.000000000000000000e+00,0.000000000000000000e+00,9.715194702148437500e+00,1.000000000000000000e+00
6.860000000000000320e+00,0.000000000000000000e+00,0.000000000000000000e+00,9.744976043701171875e+00,1.000000000000000000e+00
6.879999999999999893e+00,0.000000000000000000e+00,0.000000000000000000e+00,9.774727821350097656e+00,1.000000000000000000e+00
6.900000000000000355e+00,0.000000000000000000e+00,0.000000000000000000e+00,9.804450035095214844e+00,1.000000000000000000e+00
6.919999999999999929e+00,0.000000000000000000e+00,0.000000000000000000e+00,9.834144592285156250e+00,1.000000000000000000e+00
6.940000000000000391e+00,0.000000000000000000e+00,0.000000000000000000e+00,9.863812446594238281e+00,1.000000000000000000e+00
6.959999999999999964e+00,0.000000000000000000e+00,0.000000000000000000e+00,9.893452644348144531e+00,1.000000000000000000e+00
6.980000000000000426e+00,0.000000000000000000e+00,0.000000000000000000e+00,9.923069000244140625e+00,1.000000000000000000e+00
7.000000000000000000e+00,0.000000000000000000e+00,0.000000000000000000e+00,9.952661514282226562e+00,1.000000000000000000e+00
7.020000000000000462e+00,0.000000000000000000e+00,0.000000000000000000e+00,9.982230186462402344e+00,1.000000000000000000e+00
7.040000000000000036e+00,0.000000000000000000e+00,0.000000000000000000e+00,1.001177215576171875e+01,1.000000000000000000e+00
7.060000000000000497e+00,0.000000000000000000e+00,0.000000000000000000e+00,1.004128837585449219e+01,1.000000000000000000e+00
7.080000000000000071e+00,0.000000000000000000e+00,0.000000000000000000e+00,1.007077693939208984e+01,1.000000000000000000e+00
7.100000000000000533e+00,0.000000000000000000e+00,0.000000000000000000e+00,1.010024070739746094e+01,1.000000000000000000e+00
7.120000000000000107e+00,0.000000000000000000e+00,0.000000000000000000e+00,1.012968063354492188e+01,1.000000000000000000e+00
7.140000000000000568e+00,0.000000000000000000e+00,0.000000000000000000e+00,1.015909671783447266e+01,1.000000000000000000e+00
7.160000000000000142e+00,0.000000000000000000e+00,0.000000000000000000e+00,1.018848896026611328e+01,1.000000000000000000e+00
7.179999999999999716e+00,0.000000000000000000e+00,0.000000000000000000e+00,1.021785736083984375e+01,1.000000000000000000e+00
7.200000000000000178e+00,0.000000000000000000e+00,0.000000000000000000e+00,1.024720191955566406e+01,1.000000000000000000e+00
7.219999999999999751e+00,0.000000000000000000e+00,0.000000000000000000e+00,1.027652263641357422e+01,1.000000000000000000e+00
7.240000000000000213e+00,0.000000000000000000e+00,0.000000000000000000e+00,1.030581951141357422e+01,1.000000000000000000e+00
7.259999999999999787e+00,0.000000000000000000e+00,0.000000000000000000e+00,1.033509254455566406e+01,1.000000000000000000e+00
7.280000000000000249e+00,0.000000000000000000e+00,0.000000000000000000e+00,1.036434173583984375e+01,1.000000000000000000e+00
7.299999999999999822e+00,0.000000000000000000e+00,0.000000000000000000e+00,1.039356708526611328e+01,1.000000000000000000e+00
7.320000000000000284e+00,0.000000000000000000e+00,0.000000000000000000e+00,1.042276859283447266e+01,1.000000000000000000e+00
7.339999999999999858e+00,0.000000000000000000e+00,0.000000000000000000e+00,1.045194625854492188e+01,1.000000000000000000e+00
7.360000000000000320e+00,0.000000000000000000e+00,0.000000000000000000e+00,1.048109531402587891e+01,1.000000000000000000e+00
7.379999999999999893e+00,0.000000000000000000e+00,0.000000000000000000e+00,1.051021575927734375e+01,1.000000000000000000e+00
7.400000000000000355e+00,0.000000000000000000e+00,0.000000000000000000e+00,1.053930759429931641e+01,1.000000000000000000e+00
7.419999999999999929e+00,0.000000000000000000e+00,0.000000000000000000e+00,1.056837272644042969e+01,1.000000000000000000e+00
7.440000000000000391e+00,0.000000000000000000e+00,0.000000000000000000e+00,1.059741020202636719e+01,1.000000000000000000e+00
7.459999999999999964e+00,0.000000000000000000e+00,0.000000000000000000e+00,1.062641906738281250e+01,1.000000000000000000e+00
7.480000000000000426e+00,0.000000000000000000e+00,0.000000000000000000e+00,1.065540122985839844e+01,1.000000000000000000e+00
7.500000000000000000e+00,0.000000000000000000e+00,0.000000000000000000e+00,1.068435764312744141e+01,1.000000000000000000e+00
7.520000000000000462e+00,0.000000000000000000e+00,0.000000000000000000e+00,1.071328735351562500e+01,1.000000000000000000e+00
7.540000000000000036e+00,0.000000000000000000e+00,0.000000000000000000e+00,1.074218940734863281e+01,1.000000000000000000e+00
7.560000000000000497e+00,0.000000000000000000e+00,0.000000000000000000e+00,1.077106094360351562e+01,1.000000000000000000e+00
7.580000000000000071e+00,0.000000000000000000e+00,0.000000000000000000e+00,1.079990291595458984e+01,1.000000000000000000e+00
7.600000000000000533e+00,0.000000000000000000e+00,0.000000000000000000e+00,1.082871532440185547e+01,1.000000000000000000e+00
7.620000000000000107e+00,0.000000000000000000e+00,0.000000000000000000e+00,1.085749912261962891e+01,1.000000000000000000e+00
7.640000000000000568e+00,0.000000000000000000e+00,0.000000000000000000e+00,1.088625431060791016e+01,1.000000000000000000e+00
7.660000000000000142e+00,0.000000000000000000e+00,0.000000000000000000e+00,1.091498088836669922e+01,1.000000000000000000e+00
7.679999999999999716e+00,0.000000000000000000e+00,0.000000000000000000e+00,1.094367885589599609e+01,1.000000000000000000e+00
7.700000000000000178e+00,0.000000000000000000e+00,0.000000000000000000e+00,1.097235107421875000e+01,1.000000000000000000e+00
7.719999999999999751e+00,0.000000000000000000e+00,0.000000000000000000e+00,1.100099754333496094e+01,1.000000000000000000e+00
7.740000000000000213e+00,0.000000000000000000e+00,0.000000000000000000e+00,1.102961730957031250e+01,1.000000000000000000e+00
7.759999999999999787e+00,0.000000000000000000e+00,0.000000000000000000e+00,1.105820846557617188e+01,1.000000000000000000e+00
7.780000000000000249e+00,0.000000000000000000e+00,0.000000000000000000e+00,1.108677101135253906e+01,1.000000000000000000e+00
7.799999999999999822e+00,0.000000000000000000e+00,0.000000000000000000e+00,1.111530780792236328e+01,1.000000000000000000e+00
7.820000000000000284e+00,0.000000000000000000e+00,0.000000000000000000e+00,1.114381790161132812e+01,1.000000000000000000e+00
7.839999999999999858e+00,0.000000000000000000e+00,0.000000000000000000e+00,1.117230415344238281e+01,1.000000000000000000e+00
7.860000000000000320e+00,0.000000000000000000e+00,0.000000000000000000e+00,1.120076274871826172e+01,1.000000000000000000e+00
7.879999999999999893e+00,0.000000000000000000e+00,0.000000000000000000e+00,1.122919654846191406e+01,1.000000000000000000e+00
7.900000000000000355e+00,0.000000000000000000e+00,0.000000000000000000e+00,1.125760841369628906e+01,1.000000000000000000e+00
7.919999999999999929e+00,0.000000000000000000e+00,0.000000000000000000e+00,1.128599929809570312e+01,1.000000000000000000e+00
7.940000000000000391e+00,0.000000000000000000e+00,0.000000000000000000e+00,1.131436252593994141e+01,1.000000000000000000e+00
7.959999999999999964e+00,0.000000000000000000e+00,0.000000000000000000e+00,1.134270095825195312e+01,1.000000000000000000e+00
7.980000000000000426e+00,0.000000000000000000e+00,0.000000000000000000e+00,1.137101078033447266e+01,1.000000000000000000e+00
8.000000000000000000e+00,0.000000000000000000e+00,0.000000000000000000e+00,1.139929676055908203e+01,1.000000000000000000e+00
8.019999999999999574e+00,0.000000000000000000e+00,0.000000000000000000e+00,1.142755508422851562e+01,1.000000000000000000e+00
8.040000000000000924e+00,0.000000000000000000e+00,0.000000000000000000e+00,1.145578861236572266e+01,1.000000000000000000e+00
8.060000000000000497e+00,0.000000000000000000e+00,0.000000000000000000e+00,1.148399353027343750e+01,1.000000000000000000e+00
8.080000000000000071e+00,0.000000000000000000e+00,0.000000000000000000e+00,1.151217460632324219e+01,1.000000000000000000e+00
8.099999999999999645e+00,0.000000000000000000e+00,0.000000000000000000e+00,1.154033184051513672e+01,1.000000000000000000e+00
8.120000000000000995e+00,0.000000000000000000e+00,0.000000000000000000e+00,1.156846523284912109e+01,1.000000000000000000e+00
8.140000000000000568e+00,0.000000000000000000e+00,0.000000000000000000e+00,1.159657478332519531e+01,1.000000000000000000e+00
8.160000000000000142e+00,0.000000000000000000e+00,0.000000000000000000e+00,1.162465763092041016e+01,1.000000000000000000e+00
8.179999999999999716e+00,0.000000000000000000e+00,0.000000000000000000e+00,1.165271472930908203e+01,1.000000000000000000e+00
8.199999999999999289e+00,0.000000000000000000e+00,0.000000000000000000e+00,1.168075275421142578e+01,1.000000000000000000e+00
8.220000000000000639e+00,0.000000000000000000e+00,0.000000000000000000e+00,1.170876693725585938e+01,1.000000000000000000e+00
8.240000000000000213e+00,0.000000000000000000e+00,0.000000000000000000e+00,1.173675727844238281e+01,1.000000000000000000e+00
8.259999999999999787e+00,0.000000000000000000e+00,0.000000000000000000e+00,1.176472187042236328e+01,1.000000000000000000e+00
8.279999999999999361e+00,0.000000000000000000e+00,0.000000000000000000e+00,1.179265975952148438e+01,1.000000000000000000e+00
8.300000000000000711e+00,0.000000000000000000e+00,0.000000000000000000e+00,1.182057380676269531e+01,1.000000000000000000e+00
8.320000000000000284e+00,0.000000000000000000e+00,0.000000000000000000e+00,1.184846401214599609e+01,1.000000000000000000e+00
8.339999999999999858e+00,0.000000000000000000e+00,0.000000000000000000e+00,1.187632942199707031e+01,1.000000000000000000e+00
8.359999999999999432e+00,0.000000000000000000e+00,0.000000000000000000e+00,1.190416717529296875e+01,1.000000000000000000e+00
8.380000000000000782e+00,0.000000000000000000e+00,0.000000000000000000e+00,1.193198108673095703e+01,1.000000000000000000e+00
8.400000000000000355e+00,0.000000000000000000e+00,0.000000000000000000e+00,1.195977115631103516e+01,1.000000000000000000e+00
8.419999999999999929e+00,0.000000000000000000e+00,0.000000000000000000e+00,1.198753738403320312e+01,1.000000000000000000e+00
8.439999999999999503e+00,0.000000000000000000e+00,0.000000000000000000e+00,1.201527976989746094e+01,1.000000000000000000e+00
8.460000000000000853e+00,0.000000000000000000e+00,0.000000000000000000e+00,1.204299831390380859e+01,1.000000000000000000e+00
8.480000000000000426e+00,0.000000000000000000e+00,0.000000000000000000e+00,1.207069301605224609e+01,1.000000000000000000e+00
8.500000000000000000e+00,0.000000000000000000e+00,0.000000000000000000e+00,1.209836673736572266e+01,1.000000000000000000e+00
8.519999999999999574e+00,0.000000000000000000e+00,0.000000000000000000e+00,1.212601852416992188e+01,1.000000000000000000e+00
8.540000000000000924e+00,0.000000000000000000e+00,0.000000000000000000e+00,1.215365028381347656e+01,1.000000000000000000e+00
8.560000000000000497e+00,0.000000000000000000e+00,0.000000000000000000e+00,1.218125915527343750e+01,1.000000000000000000e+00
8.580000000000000071e+00,0.000000000000000000e+00,0.000000000000000000e+00,1.220884799957275391e+01,1.000000000000000000e+00
8.599999999999999645e+00,0.000000000000000000e+00,0.000000000000000000e+00,1.223641681671142578e+01,1.000000000000000000e+00
8.620000000000000995e+00,0.000000000000000000e+00,0.000000000000000000e+00,1.226396751403808594e+01,1.000000000000000000e+00
8.640000000000000568e+00,0.000000000000000000e+00,0.000000000000000000e+00,1.229149818420410156e+01,1.000000000000000000e+00
8.660000000000000142e+00,0.000000000000000000e+00,0.000000000000000000e+00,1.231900691986083984e+01,1.000000000000000000e+00
8.679999999999999716e+00,0.000000000000000000e+00,0.000000000000000000e+00,1.234649467468261719e+01,1.000000000000000000e+00
8.700000000000001066e+00,0.000000000000000000e+00,0.000000000000000000e+00,1.237396240234375000e+01,1.000000000000000000e+00
8.720000000000000639e+00,0.000000000000000000e+00,0.000000000000000000e+00,1.240140914916992188e+01,1.000000000000000000e+00
8.740000000000000213e+00,0.000000000000000000e+00,0.000000000000000000e+00,1.242883682250976562e+01,1.000000000000000000e+00
8.759999999999999787e+00,0.000000000000000000e+00,0.000000000000000000e+00,1.245624065399169922e+01,1.000000000000000000e+00
8.779999999999999361e+00,0.000000000000000000e+00,0.000000000000000000e+00,1.248362064361572266e+01,1.000000000000000000e+00
8.800000000000000711e+00,0.000000000000000000e+00,0.000000000000000000e+00,1.251097965240478516e+01,1.000000000000000000e+00
8.820000000000000284e+00,0.000000000000000000e+00,0.000000000000000000e+00,1.253831672668457031e+01,1.000000000000000000e+00
8.839999999999999858e+00,0.000000000000000000e+00,0.000000000000000000e+00,1.256562995910644531e+01,1.000000000000000000e+00
8.859999999999999432e+00,0.000000000000000000e+00,0.000000000000000000e+00,1.259291934967041016e+01,1.000000000000000000e+00
8.880000000000000782e+00,0.000000000000000000e+00,0.000000000000000000e+00,1.262018489837646484e+01,1.000000000000000000e+00
8.900000000000000355e+00,0.000000000000000000e+00,0.000000000000000000e+00,1.264742660522460938e+01,1.000000000000000000e+00
8.919999999999999929e+00,0.000000000000000000e+00,0.000000000000000000e+00,1.267464447021484375e+01,1.000000000000000000e+00
8.939999999999999503e+00,0.000000000000000000e+00,0.000000000000000000e+00,1.270183849334716797e+01,1.000000000000000000e+00
8.960000000000000853e+00,0.000000000000000000e+00,0.000000000000000000e+00,1.272900867462158203e+01,1.000000000000000000e+00
8.980000000000000426e+00,0.000000000000000000e+00,0.000000000000000000e+00,1.275615501403808594e+01,1.000000000000000000e+00
9.000000000000000000e+00,0.000000000000000000e+00,0.000000000000000000e+00,1.278328227996826172e+01,1.000000000000000000e+00
9.019999999999999574e+00,0.000000000000000000e+00,0.000000000000000000e+00,1.281038665771484375e+01,1.000000000000000000e+00
9.040000000000000924e+00,0.000000000000000000e+00,0.000000000000000000e+00,1.283747100830078125e+01,1.000000000000000000e+00
9.060000000000000497e+00,0.000000000000000000e+00,0.000000000000000000e+00,1.286453151702880859e+01,1.000000000000000000e+00
9.080000000000000071e+00,0.000000000000000000e+00,0.000000000000000000e+00,1.289156913757324219e+01,1.000000000000000000e+00
9.099999999999999645e+00,0.000000000000000000e+00,0.000000000000000000e+00,1.291858673095703125e+01,1.000000000000000000e+00
9.120000000000000995e+00,0.000000000000000000e+00,0.000000000000000000e+00,1.294558525085449219e+01,1.000000000000000000e+00
9.140000000000000568e+00,0.000000000000000000e+00,0.000000000000000000e+00,1.297256088256835938e+01,1.000000000000000000e+00
9.160000000000000142e+00,0.000000000000000000e+00,0.000000000000000000e+00,1.299951648712158203e+01,1.000000000000000000e+00
9.179999999999999716e+00,0.000000000000000000e+00,0.000000000000000000e+00,1.302644824981689453e+01,1.000000000000000000e+00
9.200000000000001066e+00,0.000000000000000000e+00,0.000000000000000000e+00,1.305335998535156250e+01,1.000000000000000000e+00
9.220000000000000639e+00,0.000000000000000000e+00,0.000000000000000000e+00,1.308025169372558594e+01,1.000000000000000000e+00
9.240000000000000213e+00,0.000000000000000000e+00,0.000000000000000000e+00,1.310712242126464844e+01,1.000000000000000000e+00
9.259999999999999787e+00,0.000000000000000000e+00,0.000000000000000000e+00,1.313397312164306641e+01,1.000000000000000000e+00
9.279999999999999361e+00,0.000000000000000000e+00,0.000000000000000000e+00,1.316080474853515625e+01,1.000000000000000000e+00
9.300000000000000711e+00,0.000000000000000000e+00,0.000000000000000000e+00,1.318761825561523438e+01,1.000000000000000000e+00
9.320000000000000284e+00,0.000000000000000000e+00,0.000000000000000000e+00,1.321441364288330078e+01,1.000000000000000000e+00
9.339999999999999858e+00,0.000000000000000000e+00,0.000000000000000000e+00,1.324118900299072266e+01,1.000000000000000000e+00
9.359999999999999432e+00,0.000000000000000000e+00,0.000000000000000000e+00,1.326794433593750000e+01,1.000000000000000000e+00
9.380000000000000782e+00,0.000000000000000000e+00,0.000000000000000000e+00,1.329467773437500000e+01,1.000000000000000000e+00
9.400000000000000355e+00,0.000000000000000000e+00,0.000000000000000000e+00,1.332139110565185547e+01,1.000000000000000000e+00
9.419999999999999929e+00,0.000000000000000000e+00,0.000000000000000000e+00,1.334808444976806641e+01,1.000000000000000000e+00
9.439999999999999503e+00,0.000000000000000000e+00,0.000000000000000000e+00,1.337475585937500000e+01,1.000000000000000000e+00
9.460000000000000853e+00,0.000000000000000000e+00,0.000000000000000000e+00,1.340140628814697266e+01,1.000000000000000000e+00
9.480000000000000426e+00,0.000000000000000000e+00,0.000000000000000000e+00,1.342803287506103516e+01,1.000000000000000000e+00
9.500000000000000000e+00,0.000000000000000000e+00,0.000000000000000000e+00,1.345464038848876953e+01,1.000000000000000000e+00
9.519999999999999574e+00,0.000000000000000000e+00,0.000000000000000000e+00,1.348122882843017578e+01,1.000000000000000000e+00
9.540000000000000924e+00,0.000000000000000000e+00,0.000000000000000000e+00,1.350779438018798828e+01,1.000000000000000000e+00
9.560000000000000497e+00,0.000000000000000000e+00,0.000000000000000000e+00,1.353433990478515625e+01,1.000000000000000000e+00
9.580000000000000071e+00,0.000000000000000000e+00,0.000000000000000000e+00,1.356086158752441406e+01,1.000000000000000000e+00
9.599999999999999645e+00,0.000000000000000000e+00,0.000000000000000000e+00,1.358736515045166016e+01,1.000000000000000000e+00
9.620000000000000995e+00,0.000000000000000000e+00,0.000000000000000000e+00,1.361384963989257812e+01,1.000000000000000000e+00
9.640000000000000568e+00,0.000000000000000000e+00,0.000000000000000000e+00,1.364031410217285156e+01,1.000000000000000000e+00
9.660000000000000142e+00,0.000000000000000000e+00,0.000000000000000000e+00,1.366675758361816406e+01,1.000000000000000000e+00
9.679999999999999716e+00,0.000000000000000000e+00,0.000000000000000000e+00,1.369317913055419922e+01,1.000000000000000000e+00
9.700000000000001066e+00,0.000000000000000000e+00,0.000000000000000000e+00,1.371958351135253906e+01,1.000000000000000000e+00
9.720000000000000639e+00,0.000000000000000000e+00,0.000000000000000000e+00,1.374596881866455078e+01,1.000000000000000000e+00
9.740000000000000213e+00,0.000000000000000000e+00,0.000000000000000000e+00,1.377233600616455078e+01,1.000000000000000000e+00
9.759999999999999787e+00,0.000000000000000000e+00,0.000000000000000000e+00,1.379868412017822266e+01,1.000000000000000000e+00
9.779999999999999361e+00,0.000000000000000000e+00,0.000000000000000000e+00,1.382501411437988281e+01,1.000000000000000000e+00
9.800000000000000711e+00,0.000000000000000000e+00,0.000000000000000000e+00,1.385132789611816406e+01,1.000000000000000000e+00
9.820000000000000284e+00,0.000000000000000000e+00,0.000000000000000000e+00,1.387762546539306641e+01,1.000000000000000000e+00
9.839999999999999858e+00,0.000000000000000000e+00,0.000000000000000000e+00,1.390390682220458984e+01,1.000000000000000000e+00
9.859999999999999432e+00,0.000000000000000000e+00,0.000000000000000000e+00,1.393017196655273438e+01,1.000000000000000000e+00
9.880000000000000782e+00,0.000000000000000000e+00,0.000000000000000000e+00,1.395641994476318359e+01,1.000000000000000000e+00
9.900000000000000355e+00,0.000000000000000000e+00,0.000000000000000000e+00,1.398265266418457031e+01,1.000000000000000000e+00
9.919999999999999929e+00,0.000000000000000000e+00,0.000000000000000000e+00,1.400886917114257812e+01,1.000000000000000000e+00
9.939999999999999503e+00,0.000000000000000000e+00,0.000000000000000000e+00,1.403506946563720703e+01,1.000000000000000000e+00
9.960000000000000853e+00,0.000000000000000000e+00,0.000000000000000000e+00,1.406125354766845703e+01,1.000000000000000000e+00
9.980000000000000426e+00,0.000000000000000000e+00,0.000000000000000000e+00,1.408741950988769531e+01,1.000000000000000000e+00
1.000000000000000000e+01,0.000000000000000000e+00,0.000000000000000000e+00,1.411356925964355469e+01,1.000000000000000000e+00
1.001999999999999957e+01,0.000000000000000000e+00,0.000000000000000000e+00,1.413970279693603516e+01,1.000000000000000000e+00
1.004000000000000092e+01,0.000000000000000000e+00,0.000000000000000000e+00,1.416581916809082031e+01,1.000000000000000000e+00
1.006000000000000050e+01,0.000000000000000000e+00,0.000000000000000000e+00,1.419191646575927734e+01,1.000000000000000000e+00
1.008000000000000007e+01,0.000000000000000000e+00,0.000000000000000000e+00,1.421799564361572266e+01,1.000000000000000000e+00
1.009999999999999964e+01,0.000000000000000000e+00,0.000000000000000000e+00,1.424405765533447266e+01,1.000000000000000000e+00
1.012000000000000099e+01,0.000000000000000000e+00,0.000000000000000000e+00,1.427010440826416016e+01,1.000000000000000000e+00
1.014000000000000057e+01,0.000000000000000000e+00,0.000000000000000000e+00,1.429613208770751953e+01,1.000000000000000000e+00
1.016000000000000014e+01,0.000000000000000000e+00,0.000000000000000000e+00,1.432214164733886719e+01,1.000000000000000000e+00
1.017999999999999972e+01,0.000000000000000000e+00,0.000000000000000000e+00,1.434813308715820312e+01,1.000000000000000000e+00
1.020000000000000107e+01,0.000000000000000000e+00,0.000000000000000000e+00,1.437410831451416016e+01,1.000000000000000000e+00
1.022000000000000064e+01,0.000000000000000000e+00,0.000000000000000000e+00,1.440006923675537109e+01,1.000000000000000000e+00
1.024000000000000021e+01,0.000000000000000000e+00,0.000000000000000000e+00,1.442601203918457031e+01,1.000000000000000000e+00
1.025999999999999979e+01,0.000000000000000000e+00,0.000000000000000000e+00,1.445193862915039062e+01,1.000000000000000000e+00
1.027999999999999936e+01,0.000000000000000000e+00,0.000000000000000000e+00,1.447784709930419922e+01,1.000000000000000000e+00
1.030000000000000071e+01,0.000000000000000000e+00,0.000000000000000000e+00,1.450374031066894531e+01,1.000000000000000000e+00
1.032000000000000028e+01,0.000000000000000000e+00,0.000000000000000000e+00,1.452962017059326172e+01,1.000000000000000000e+00
1.033999999999999986e+01,0.000000000000000000e+00,0.000000000000000000e+00,1.455548381805419922e+01,1.000000000000000000e+00
1.035999999999999943e+01,0.000000000000000000e+00,0.000000000000000000e+00,1.458133125305175781e+01,1.000000000000000000e+00
1.038000000000000078e+01,0.000000000000000000e+00,0.000000000000000000e+00,1.460716247558593750e+01,1.000000000000000000e+00
1.040000000000000036e+01,0.000000000000000000e+00,0.000000000000000000e+00,1.463297939300537109e+01,1.000000000000000000e+00
1.041999999999999993e+01,0.000000000000000000e+00,0.000000000000000000e+00,1.465878295898437500e+01,1.000000000000000000e+00
1.043999999999999950e+01,0.000000000000000000e+00,0.000000000000000000e+00,1.468457221984863281e+01,1.000000000000000000e+00
1.046000000000000085e+01,0.000000000000000000e+00,0.000000000000000000e+00,1.471034336090087891e+01,1.000000000000000000e+00
1.048000000000000043e+01,0.000000000000000000e+00,0.000000000000000000e+00,1.473609924316406250e+01,1.000000000000000000e+00
1.050000000000000000e+01,0.000000000000000000e+00,0.000000000000000000e+00,1.476184272766113281e+01,1.000000000000000000e+00
1.051999999999999957e+01,0.000000000000000000e+00,0.000000000000000000e+00,1.478757190704345703e+01,1.000000000000000000e+00
1.054000000000000092e+01,0.000000000000000000e+00,0.000000000000000000e+00,1.481328582763671875e+01,1.000000000000000000e+00
1.056000000000000050e+01,0.000000000000000000e+00,0.000000000000000000e+00,1.483898448944091797e+01,1.000000000000000000e+00
1.058000000000000007e+01,0.000000000000000000e+00,0.000000000000000000e+00,1.486466693878173828e+01,1.000000000000000000e+00
1.059999999999999964e+01,0.000000000000000000e+00,0.000000000000000000e+00,1.489033603668212891e+01,1.000000000000000000e+00
1.062000000000000099e+01,0.000000000000000000e+00,0.000000000000000000e+00,1.491599273681640625e+01,1.000000000000000000e+00
1.064000000000000057e+01,0.000000000000000000e+00,0.000000000000000000e+00,1.494163417816162109e+01,1.000000000000000000e+00
1.066000000000000014e+01,0.000000000000000000e+00,0.000000000000000000e+00,1.496725940704345703e+01,1.000000000000000000e+00
1.067999999999999972e+01,0.000000000000000000e+00,0.000000000000000000e+00,1.499287033081054688e+01,1.000000000000000000e+00
1.070000000000000107e+01,0.000000000000000000e+00,0.000000000000000000e+00,1.501846790313720703e+01,1.000000000000000000e+00
1.072000000000000064e+01,0.000000000000000000e+00,0.000000000000000000e+00,1.504405403137207031e+01,1.000000000000000000e+00
1.074000000000000021e+01,0.000000000000000000e+00,0.000000000000000000e+00,1.506962490081787109e+01,1.000000000000000000e+00
1.075999999999999979e+01,0.000000000000000000e+00,0.000000000000000000e+00,1.509518051147460938e+01,1.000000000000000000e+00
1.077999999999999936e+01,0.000000000000000000e+00,0.000000000000000000e+00,1.512071990966796875e+01,1.000000000000000000e+00
1.080000000000000071e+01,0.000000000000000000e+00,0.000000000000000000e+00,1.514624595642089844e+01,1.000000000000000000e+00
1.082000000000000028e+01,0.000000000000000000e+00,0.000000000000000000e+00,1.517175865173339844e+01,1.000000000000000000e+00
1.083999999999999986e+01,0.000000000000000000e+00,0.000000000000000000e+00,1.519725704193115234e+01,1.000000000000000000e+00
1.085999999999999943e+01,0.000000000000000000e+00,0.000000000000000000e+00,1.522273921966552734e+01,1.000000000000000000e+00
1.088000000000000078e+01,0.000000000000000000e+00,0.000000000000000000e+00,1.524820613861083984e+01,1.000000000000000000e+00
1.090000000000000036e+01,0.000000000000000000e+00,0.000000000000000000e+00,1.527366065979003906e+01,1.000000000000000000e+00
1.091999999999999993e+01,0.000000000000000000e+00,0.000000000000000000e+00,1.529910373687744141e+01,1.000000000000000000e+00
1.093999999999999950e+01,0.000000000000000000e+00,0.000000000000000000e+00,1.532453155517578125e+01,1.000000000000000000e+00
1.096000000000000085e+01,0.000000000000000000e+00,0.000000000000000000e+00,1.534994506835937500e+01,1.000000000000000000e+00
1.098000000000000043e+01,0.000000000000000000e+00,0.000000000000000000e+00,1.537534427642822266e+01,1.000000000000000000e+00
1.100000000000000000e+01,0.000000000000000000e+00,0.000000000000000000e+00,1.540073204040527344e+01,1.000000000000000000e+00
1.101999999999999957e+01,0.000000000000000000e+00,0.000000000000000000e+00,1.542610740661621094e+01,1.000000000000000000e+00
1.104000000000000092e+01,0.000000000000000000e+00,0.000000000000000000e+00,1.545146846771240234e+01,1.000000000000000000e+00
1.106000000000000050e+01,0.000000000000000000e+00,0.000000000000000000e+00,1.547681427001953125e+01,1.000000000000000000e+00
1.108000000000000007e+01,0.000000000000000000e+00,0.000000000000000000e+00,1.550214576721191406e+01,1.000000000000000000e+00
1.109999999999999964e+01,0.000000000000000000e+00,0.000000000000000000e+00,1.552746582031250000e+01,1.000000000000000000e+00
1.112000000000000099e+01,0.000000000000000000e+00,0.000000000000000000e+00,1.555277442932128906e+01,1.000000000000000000e+00
1.114000000000000057e+01,0.000000000000000000e+00,0.000000000000000000e+00,1.557806777954101562e+01,1.000000000000000000e+00
1.116000000000000014e+01,0.000000000000000000e+00,0.000000000000000000e+00,1.560334491729736328e+01,1.000000000000000000e+00
1.117999999999999972e+01,0.000000000000000000e+00,0.000000000000000000e+00,1.562860774993896484e+01,1.000000000000000000e+00
1.120000000000000107e+01,0.000000000000000000e+00,0.000000000000000000e+00,1.565385818481445312e+01,1.000000000000000000e+00
1.122000000000000064e+01,0.000000000000000000e+00,0.000000000000000000e+00,1.567909717559814453e+01,1.000000000000000000e+00
1.124000000000000021e+01,0.000000000000000000e+00,0.000000000000000000e+00,1.570432186126708984e+01,1.000000000000000000e+00
1.125999999999999979e+01,0.000000000000000000e+00,0.000000000000000000e+00,1.572953224182128906e+01,1.000000000000000000e+00
1.127999999999999936e+01,0.000000000000000000e+00,0.000000000000000000e+00,1.575472831726074219e+01,1.000000000000000000e+00
1.130000000000000071e+01,0.000000000000000000e+00,0.000000000000000000e+00,1.577991294860839844e+01,1.000000000000000000e+00
1.132000000000000028e+01,0.000000000000000000e+00,0.000000000000000000e+00,1.580508613586425781e+01,1.000000000000000000e+00
1.133999999999999986e+01,0.000000000000000000e+00,0.000000000000000000e+00,1.583024597167968750e+01,1.000000000000000000e+00
1.135999999999999943e+01,0.000000000000000000e+00,0.000000000000000000e+00,1.585539150238037109e+01,1.000000000000000000e+00
1.138000000000000078e+01,0.000000000000000000e+00,0.000000000000000000e+00,1.588052272796630859e+01,1.000000000000000000e+00
1.140000000000000036e+01,0.000000000000000000e+00,0.000000000000000000e+00,1.590564346313476562e+01,1.000000000000000000e+00
1.141999999999999993e+01,0.000000000000000000e+00,0.000000000000000000e+00,1.593075275421142578e+01,1.000000000000000000e+00
1.143999999999999950e+01,0.000000000000000000e+00,0.000000000000000000e+00,1.595584869384765625e+01,1.000000000000000000e+00
1.146000000000000085e+01,0.000000000000000000e+00,0.000000000000000000e+00,1.598093032836914062e+01,1.000000000000000000e+00
1.148000000000000043e+01,0.000000000000000000e+00,0.000000000000000000e+00,1.600599861145019531e+01,1.000000000000000000e+00
1.150000000000000000e+01,0.000000000000000000e+00,0.000000000000000000e+00,1.603105735778808594e+01,1.000000000000000000e+00
1.151999999999999957e+01,0.000000000000000000e+00,0.000000000000000000e+00,1.605610466003417969e+01,1.000000000000000000e+00
1.154000000000000092e+01,0.000000000000000000e+00,0.000000000000000000e+00,1.608114051818847656e+01,1.000000000000000000e+00
1.156000000000000050e+01,0.000000000000000000e+00,0.000000000000000000e+00,1.610616111755371094e+01,1.000000000000000000e+00
1.158000000000000007e+01,0.000000000000000000e+00,0.000000000000000000e+00,1.613117027282714844e+01,1.000000000000000000e+00
1.159999999999999964e+01,0.000000000000000000e+00,0.000000000000000000e+00,1.615616989135742188e+01,1.000000000000000000e+00
1.162000000000000099e+01,0.000000000000000000e+00,0.000000000000000000e+00,1.618115997314453125e+01,1.000000000000000000e+00
1.164000000000000057e+01,0.000000000000000000e+00,0.000000000000000000e+00,1.620613670349121094e+01,1.000000000000000000e+00
1.166000000000000014e+01,0.000000000000000000e+00,0.000000000000000000e+00,1.623110008239746094e+01,1.000000000000000000e+00
1.167999999999999972e+01,0.000000000000000000e+00,0.000000000000000000e+00,1.625605010986328125e+01,1.000000000000000000e+00
1.170000000000000107e+01,0.000000000000000000e+00,0.000000000000000000e+00,1.628099060058593750e+01,1.000000000000000000e+00
1.172000000000000064e+01,0.000000000000000000e+00,0.000000000000000000e+00,1.630592155456542969e+01,1.000000000000000000e+00
1.174000000000000021e+01,0.000000000000000000e+00,0.000000000000000000e+00,1.633084297180175781e+01,1.000000000000000000e+00
1.175999999999999979e+01,0.000000000000000000e+00,0.000000000000000000e+00,1.635575103759765625e+01,1.000000000000000000e+00
1.177999999999999936e+01,0.000000000000000000e+00,0.000000000000000000e+00,1.638064765930175781e+01,1.000000000000000000e+00
1.180000000000000071e+01,0.000000000000000000e+00,0.000000000000000000e+00,1.640553665161132812e+01,1.000000000000000000e+00
1.182000000000000028e+01,0.000000000000000000e+00,0.000000000000000000e+00,1.643041610717773438e+01,1.000000000000000000e+00
1.183999999999999986e+01,0.000000000000000000e+00,0.000000000000000000e+00,1.645528411865234375e+01,1.000000000000000000e+00
1.185999999999999943e+01,0.000000000000000000e+00,0.000000000000000000e+00,1.648014068603515625e+01,1.000000000000000000e+00
1.188000000000000078e+01,0.000000000000000000e+00,0.000000000000000000e+00,1.650498390197753906e+01,1.000000000000000000e+00
1.190000000000000036e+01,0.000000000000000000e+00,0.000000000000000000e+00,1.652981758117675781e+01,1.000000000000000000e+00
1.191999999999999993e+01,0.000000000000000000e+00,0.000000000000000000e+00,1.655464363098144531e+01,1.000000000000000000e+00
1.193999999999999950e+01,0.000000000000000000e+00,0.000000000000000000e+00,1.657946014404296875e+01,1.000000000000000000e+00
1.196000000000000085e+01,0.000000000000000000e+00,0.000000000000000000e+00,1.660426330566406250e+01,1.000000000000000000e+00
1.198000000000000043e+01,0.000000000000000000e+00,0.000000000000000000e+00,1.662905502319335938e+01,1.000000000000000000e+00
1.200000000000000000e+01,0.000000000000000000e+00,0.000000000000000000e+00,1.665384101867675781e+01,1.000000000000000000e+00
1.201999999999999957e+01,0.000000000000000000e+00,0.000000000000000000e+00,1.667861747741699219e+01,1.000000000000000000e+00
1.204000000000000092e+01,0.000000000000000000e+00,0.000000000000000000e+00,1.670338249206542969e+01,1.000000000000000000e+00
1.206000000000000050e+01,0.000000000000000000e+00,0.000000000000000000e+00,1.672813606262207031e+01,1.000000000000000000e+00
1.208000000000000007e+01,0.000000000000000000e+00,0.000000000000000000e+00,1.675288009643554688e+01,1.000000000000000000e+00
1.209999999999999964e+01,0.000000000000000000e+00,0.000000000000000000e+00,1.677761840820312500e+01,1.000000000000000000e+00
1.212000000000000099e+01,0.000000000000000000e+00,0.000000000000000000e+00,1.680234718322753906e+01,1.000000000000000000e+00
1.214000000000000057e+01,0.000000000000000000e+00,0.000000000000000000e+00,1.682706451416015625e+01,1.000000000000000000e+00
1.216000000000000014e+01,0.000000000000000000e+00,0.000000000000000000e+00,1.685177040100097656e+01,1.000000000000000000e+00
1.217999999999999972e+01,0.000000000000000000e+00,0.000000000000000000e+00,1.687646484375000000e+01,1.000000000000000000e+00
1.220000000000000107e+01,0.000000000000000000e+00,0.000000000000000000e+00,1.690115356445312500e+01,1.000000000000000000e+00
1.222000000000000064e+01,0.000000000000000000e+00,0.000000000000000000e+00,1.692583274841308594e+01,1.000000000000000000e+00
1.224000000000000021e+01,0.000000000000000000e+00,0.000000000000000000e+00,1.695050239562988281e+01,1.000000000000000000e+00
1.225999999999999979e+01,0.000000000000000000e+00,0.000000000000000000e+00,1.697516059875488281e+01,1.000000000000000000e+00
1.228000000000000114e+01,0.000000000000000000e+00,0.000000000000000000e+00,1.699980926513671875e+01,1.000000000000000000e+00
1.230000000000000071e+01,0.000000000000000000e+00,0.000000000000000000e+00,1.702445220947265625e+01,1.000000000000000000e+00
1.232000000000000028e+01,0.000000000000000000e+00,0.000000000000000000e+00,1.704908752441406250e+01,1.000000000000000000e+00
1.233999999999999986e+01,0.000000000000000000e+00,0.000000000000000000e+00,1.707371330261230469e+01,1.000000000000000000e+00
1.235999999999999943e+01,0.000000000000000000e+00,0.000000000000000000e+00,1.709832572937011719e+01,1.000000000000000000e+00
1.238000000000000078e+01,0.000000000000000000e+00,0.000000000000000000e+00,1.712292861938476562e+01,1.000000000000000000e+00
1.240000000000000036e+01,0.000000000000000000e+00,0.000000000000000000e+00,1.714752388000488281e+01,1.000000000000000000e+00
1.241999999999999993e+01,0.000000000000000000e+00,0.000000000000000000e+00,1.717211341857910156e+01,1.000000000000000000e+00
1.243999999999999950e+01,0.000000000000000000e+00,0.000000000000000000e+00,1.719669342041015625e+01,1.000000000000000000e+00
1.246000000000000085e+01,0.000000000000000000e+00,0.000000000000000000e+00,1.722126197814941406e+01,1.000000000000000000e+00
1.248000000000000043e+01,0.000000000000000000e+00,0.000000000000000000e+00,1.724581909179687500e+01,1.000000000000000000e+00
1.250000000000000000e+01,0.000000000000000000e+00,0.000000000000000000e+00,1.727037048339843750e+01,1.000000000000000000e+00
1.251999999999999957e+01,0.000000000000000000e+00,0.000000000000000000e+00,1.729491615295410156e+01,1.000000000000000000e+00
1.254000000000000092e+01,0.000000000000000000e+00,0.000000000000000000e+00,1.731945228576660156e+01,1.000000000000000000e+00
1.256000000000000050e+01,0.000000000000000000e+00,0.000000000000000000e+00,1.734397697448730469e+01,1.000000000000000000e+00
1.258000000000000007e+01,0.000000000000000000e+00,0.000000000000000000e+00,1.736849212646484375e+01,1.000000000000000000e+00
1.259999999999999964e+01,0.000000000000000000e+00,0.000000000000000000e+00,1.739300155639648438e+01,1.000000000000000000e+00
1.262000000000000099e+01,0.000000000000000000e+00,0.000000000000000000e+00,1.741750335693359375e+01,1.000000000000000000e+00
1.264000000000000057e+01,0.000000000000000000e+00,0.000000000000000000e+00,1.744199752807617188e+01,1.000000000000000000e+00
1.266000000000000014e+01,0.000000000000000000e+00,0.000000000000000000e+00,1.746648216247558594e+01,1.000000000000000000e+00
1.267999999999999972e+01,0.000000000000000000e+00,0.000000000000000000e+00,1.749095726013183594e+01,1.000000000000000000e+00
1.270000000000000107e+01,0.000000000000000000e+00,0.000000000000000000e+00,1.751542854309082031e+01,1.000000000000000000e+00
1.272000000000000064e+01,0.000000000000000000e+00,0.000000000000000000e+00,1.753989028930664062e+01,1.000000000000000000e+00
1.274000000000000021e+01,0.000000000000000000e+00,0.000000000000000000e+00,1.756434440612792969e+01,1.000000000000000000e+00
1.275999999999999979e+01,0.000000000000000000e+00,0.000000000000000000e+00,1.758878898620605469e+01,1.000000000000000000e+00
1.278000000000000114e+01,0.000000000000000000e+00,0.000000000000000000e+00,1.761322402954101562e+01,1.000000000000000000e+00
1.280000000000000071e+01,0.000000000000000000e+00,0.000000000000000000e+00,1.763765716552734375e+01,1.000000000000000000e+00
1.282000000000000028e+01,0.000000000000000000e+00,0.000000000000000000e+00,1.766208076477050781e+01,1.000000000000000000e+00
1.283999999999999986e+01,0.000000000000000000e+00,0.000000000000000000e+00,1.768649673461914062e+01,1.000000000000000000e+00
1.285999999999999943e+01,0.000000000000000000e+00,0.000000000000000000e+00,1.771090316772460938e+01,1.000000000000000000e+00
1.288000000000000078e+01,0.000000000000000000e+00,0.000000000000000000e+00,1.773530197143554688e+01,1.000000000000000000e+00
1.290000000000000036e+01,0.000000000000000000e+00,0.000000000000000000e+00,1.775969696044921875e+01,1.000000000000000000e+00
1.291999999999999993e+01,0.000000000000000000e+00,0.000000000000000000e+00,1.778408432006835938e+01,1.000000000000000000e+00
1.293999999999999950e+01,0.000000000000000000e+00,0.000000000000000000e+00,1.780846405029296875e+01,1.000000000000000000e+00
1.296000000000000085e+01,0.000000000000000000e+00,0.000000000000000000e+00,1.783283424377441406e+01,1.000000000000000000e+00
1.298000000000000043e+01,0.000000000000000000e+00,0.000000000000000000e+00,1.785719490051269531e+01,1.000000000000000000e+00
1.300000000000000000e+01,0.000000000000000000e+00,0.000000000000000000e+00,1.788155174255371094e+01,1.000000000000000000e+00
1.301999999999999957e+01,0.000000000000000000e+00,0.000000000000000000e+00,1.790590095520019531e+01,1.000000000000000000e+00
1.304000000000000092e+01,0.000000000000000000e+00,0.000000000000000000e+00,1.793024253845214844e+01,1.000000000000000000e+00
1.306000000000000050e+01,0.000000000000000000e+00,0.000000000000000000e+00,1.795457458496093750e+01,1.000000000000000000e+00
1.308000000000000007e+01,0.000000000000000000e+00,0.000000000000000000e+00,1.797889900207519531e+01,1.000000000000000000e+00
1.309999999999999964e+01,0.000000000000000000e+00,0.000000000000000000e+00,1.800321769714355469e+01,1.000000000000000000e+00
1.312000000000000099e+01,0.000000000000000000e+00,0.000000000000000000e+00,1.802753257751464844e+01,1.000000000000000000e+00
1.314000000000000057e+01,0.000000000000000000e+00,0.000000000000000000e+00,1.805183982849121094e+01,1.000000000000000000e+00
1.316000000000000014e+01,0.000000000000000000e+00,0.000000000000000000e+00,1.807613754272460938e+01,1.000000000000000000e+00
1.317999999999999972e+01,0.000000000000000000e+00,0.000000000000000000e+00,1.810042762756347656e+01,1.000000000000000000e+00
1.320000000000000107e+01,0.000000000000000000e+00,0.000000000000000000e+00,1.812471008300781250e+01,1.000000000000000000e+00
1.322000000000000064e+01,0.000000000000000000e+00,0.000000000000000000e+00,1.814899063110351562e+01,1.000000000000000000e+00
1.324000000000000021e+01,0.000000000000000000e+00,0.000000000000000000e+00,1.817326164245605469e+01,1.000000000000000000e+00
1.325999999999999979e+01,0.000000000000000000e+00,0.000000000000000000e+00,1.819752311706542969e+01,1.000000000000000000e+00
1.328000000000000114e+01,0.000000000000000000e+00,0.000000000000000000e+00,1.822177696228027344e+01,1.000000000000000000e+00
1.330000000000000071e+01,0.000000000000000000e+00,0.000000000000000000e+00,1.824602890014648438e+01,1.000000000000000000e+00
1.332000000000000028e+01,0.000000000000000000e+00,0.000000000000000000e+00,1.827027130126953125e+01,1.000000000000000000e+00
1.333999999999999986e+01,0.000000000000000000e+00,0.000000000000000000e+00,1.829450798034667969e+01,1.000000000000000000e+00
1.335999999999999943e+01,0.000000000000000000e+00,0.000000000000000000e+00,1.831873512268066406e+01,1.000000000000000000e+00
1.338000000000000078e+01,0.000000000000000000e+00,0.000000000000000000e+00,1.834295463562011719e+01,1.000000000000000000e+00
1.340000000000000036e+01,0.000000000000000000e+00,0.000000000000000000e+00,1.836716842651367188e+01,1.000000000000000000e+00
1.341999999999999993e+01,0.000000000000000000e+00,0.000000000000000000e+00,1.839138031005859375e+01,1.000000000000000000e+00
1.343999999999999950e+01,0.000000000000000000e+00,0.000000000000000000e+00,1.841558456420898438e+01,1.000000000000000000e+00
1.346000000000000085e+01,0.000000000000000000e+00,0.000000000000000000e+00,1.843978118896484375e+01,1.000000000000000000e+00
1.348000000000000043e+01,0.000000000000000000e+00,0.000000000000000000e+00,1.846397209167480469e+01,1.000000000000000000e+00
1.350000000000000000e+01,0.000000000000000000e+00,0.000000000000000000e+00,1.848815727233886719e+01,1.000000000000000000e+00
1.351999999999999957e+01,0.000000000000000000e+00,0.000000000000000000e+00,1.851234054565429688e+01,1.000000000000000000e+00
1.354000000000000092e+01,0.000000000000000000e+00,0.000000000000000000e+00,1.853651618957519531e+01,1.000000000000000000e+00
1.356000000000000050e+01,0.000000000000000000e+00,0.000000000000000000e+00,1.856068229675292969e+01,1.000000000000000000e+00
1.358000000000000007e+01,0.000000000000000000e+00,0.000000000000000000e+00,1.858484268188476562e+01,1.000000000000000000e+00
1.359999999999999964e+01,0.000000000000000000e+00,0.000000000000000000e+00,1.860899925231933594e+01,1.000000000000000000e+00
1.362000000000000099e+01,0.000000000000000000e+00,0.000000000000000000e+00,1.863315200805664062e+01,1.000000000000000000e+00
1.364000000000000057e+01,0.000000000000000000e+00,0.000000000000000000e+00,1.865729713439941406e+01,1.000000000000000000e+00
1.366000000000000014e+01,0.000000000000000000e+00,0.000000000000000000e+00,1.868143463134765625e+01,1.000000000000000000e+00
1.367999999999999972e+01,0.000000000000000000e+00,0.000000000000000000e+00,1.870556259155273438e+01,1.000000000000000000e+00
1.370000000000000107e+01,0.000000000000000000e+00,0.000000000000000000e+00,1.872969055175781250e+01,1.000000000000000000e+00
1.372000000000000064e+01,0.000000000000000000e+00,0.000000000000000000e+00,1.875381088256835938e+01,1.000000000000000000e+00
1.374000000000000021e+01,0.000000000000000000e+00,0.000000000000000000e+00,1.877792549133300781e+01,1.000000000000000000e+00
1.375999999999999979e+01,0.000000000000000000e+00,0.000000000000000000e+00,1.880203247070312500e+01,1.000000000000000000e+00
1.378000000000000114e+01,0.000000000000000000e+00,0.000000000000000000e+00,1.882613182067871094e+01,1.000000000000000000e+00
1.380000000000000071e+01,0.000000000000000000e+00,0.000000000000000000e+00,1.885022544860839844e+01,1.000000000000000000e+00
1.382000000000000028e+01,0.000000000000000000e+00,0.000000000000000000e+00,1.887431526184082031e+01,1.000000000000000000e+00
1.383999999999999986e+01,0.000000000000000000e+00,0.000000000000000000e+00,1.889839744567871094e+01,1.000000000000000000e+00
1.385999999999999943e+01,0.000000000000000000e+00,0.000000000000000000e+00,1.892247200012207031e+01,1.000000000000000000e+00
1.388000000000000078e+01,0.000000000000000000e+00,0.000000000000000000e+00,1.894654273986816406e+01,1.000000000000000000e+00
1.390000000000000036e+01,0.000000000000000000e+00,0.000000000000000000e+00,1.897060585021972656e+01,1.000000000000000000e+00
1.391999999999999993e+01,0.000000000000000000e+00,0.000000000000000000e+00,1.899466705322265625e+01,1.000000000000000000e+00
1.393999999999999950e+01,0.000000000000000000e+00,0.000000000000000000e+00,1.901872253417968750e+01,1.000000000000000000e+00
1.396000000000000085e+01,0.000000000000000000e+00,0.000000000000000000e+00,1.904277038574218750e+01,1.000000000000000000e+00
1.398000000000000043e+01,0.000000000000000000e+00,0.000000000000000000e+00,1.906681251525878906e+01,1.000000000000000000e+00
1.400000000000000000e+01,0.000000000000000000e+00,0.000000000000000000e+00,1.909085083007812500e+01,1.000000000000000000e+00
1.401999999999999957e+01,0.000000000000000000e+00,0.000000000000000000e+00,1.911488342285156250e+01,1.000000000000000000e+00
1.404000000000000092e+01,0.000000000000000000e+00,0.000000000000000000e+00,1.913891220092773438e+01,1.000000000000000000e+00
1.406000000000000050e+01,0.000000000000000000e+00,0.000000000000000000e+00,1.916293525695800781e+01,1.000000000000000000e+00
1.408000000000000007e+01,0.000000000000000000e+00,0.000000000000000000e+00,1.918694877624511719e+01,1.000000000000000000e+00
1.409999999999999964e+01,0.000000000000000000e+00,0.000000000000000000e+00,1.921096229553222656e+01,1.000000000000000000e+00
1.412000000000000099e+01,0.000000000000000000e+00,0.000000000000000000e+00,1.923497581481933594e+01,1.000000000000000000e+00
1.414000000000000057e+01,0.000000000000000000e+00,0.000000000000000000e+00,1.925897979736328125e+01,1.000000000000000000e+00
1.416000000000000014e+01,0.000000000000000000e+00,0.000000000000000000e+00,1.928297805786132812e+01,1.000000000000000000e+00
1.417999999999999972e+01,0.000000000000000000e+00,0.000000000000000000e+00,1.930697250366210938e+01,1.000000000000000000e+00
1.420000000000000107e+01,0.000000000000000000e+00,0.000000000000000000e+00,1.933095741271972656e+01,1.000000000000000000e+00
1.422000000000000064e+01,0.000000000000000000e+00,0.000000000000000000e+00,1.935494232177734375e+01,1.000000000000000000e+00
1.424000000000000021e+01,0.000000000000000000e+00,0.000000000000000000e+00,1.937892341613769531e+01,1.000000000000000000e+00
1.425999999999999979e+01,0.000000000000000000e+00,0.000000000000000000e+00,1.940289878845214844e+01,1.000000000000000000e+00
1.428000000000000114e+01,0.000000000000000000e+00,0.000000000000000000e+00,1.942686843872070312e+01,1.000000000000000000e+00
1.430000000000000071e+01,0.000000000000000000e+00,0.000000000000000000e+00,1.945083427429199219e+01,1.000000000000000000e+00
1.432000000000000028e+01,0.000000000000000000e+00,0.000000000000000000e+00,1.947480010986328125e+01,1.000000000000000000e+00
1.433999999999999986e+01,0.000000000000000000e+00,0.000000000000000000e+00,1.949876022338867188e+01,1.000000000000000000e+00
1.435999999999999943e+01,0.000000000000000000e+00,0.000000000000000000e+00,1.952271270751953125e+01,1.000000000000000000e+00
1.438000000000000078e+01,0.000000000000000000e+00,0.000000000000000000e+00,1.954665946960449219e+01,1.000000000000000000e+00
1.440000000000000036e+01,0.000000000000000000e+00,0.000000000000000000e+00,1.957060623168945312e+01,1.000000000000000000e+00
1.441999999999999993e+01,0.000000000000000000e+00,0.000000000000000000e+00,1.959454917907714844e+01,1.000000000000000000e+00
1.443999999999999950e+01,0.000000000000000000e+00,0.000000000000000000e+00,1.961848640441894531e+01,1.000000000000000000e+00
1.446000000000000085e+01,0.000000000000000000e+00,0.000000000000000000e+00,1.964241981506347656e+01,1.000000000000000000e+00
1.448000000000000043e+01,0.000000000000000000e+00,0.000000000000000000e+00,1.966634750366210938e+01,1.000000000000000000e+00
1.450000000000000000e+01,0.000000000000000000e+00,0.000000000000000000e+00,1.969027519226074219e+01,1.000000000000000000e+00
1.451999999999999957e+01,0.000000000000000000e+00,0.000000000000000000e+00,1.971420288085937500e+01,1.000000000000000000e+00
1.454000000000000092e+01,0.000000000000000000e+00,0.000000000000000000e+00,1.973812103271484375e+01,1.000000000000000000e+00
1.456000000000000050e+01,0.000000000000000000e+00,0.000000000000000000e+00,1.976203346252441406e+01,1.000000000000000000e+00
1.458000000000000007e+01,0.000000000000000000e+00,0.000000000000000000e+00,1.978594207763671875e+01,1.000000000000000000e+00
1.459999999999999964e+01,0.000000000000000000e+00,0.000000000000000000e+00,1.980984878540039062e+01,1.000000000000000000e+00
1.462000000000000099e+01,0.000000000000000000e+00,0.000000000000000000e+00,1.983374786376953125e+01,1.000000000000000000e+00
1.464000000000000057e+01,0.000000000000000000e+00,0.000000000000000000e+00,1.985764312744140625e+01,1.000000000000000000e+00
1.466000000000000014e+01,0.000000000000000000e+00,0.000000000000000000e+00,1.988153266906738281e+01,1.000000000000000000e+00
1.467999999999999972e+01,0.000000000000000000e+00,0.000000000000000000e+00,1.990541267395019531e+01,1.000000000000000000e+00
1.470000000000000107e+01,0.000000000000000000e+00,0.000000000000000000e+00,1.992929267883300781e+01,1.000000000000000000e+00
1.472000000000000064e+01,0.000000000000000000e+00,0.000000000000000000e+00,1.995317268371582031e+01,1.000000000000000000e+00
1.474000000000000021e+01,0.000000000000000000e+00,0.000000000000000000e+00,1.997704505920410156e+01,1.000000000000000000e+00
1.475999999999999979e+01,0.000000000000000000e+00,0.000000000000000000e+00,2.000091361999511719e+01,1.000000000000000000e+00
1.478000000000000114e+01,0.000000000000000000e+00,0.000000000000000000e+00,2.002477455139160156e+01,1.000000000000000000e+00
1.480000000000000071e+01,0.000000000000000000e+00,0.000000000000000000e+00,2.004863548278808594e+01,1.000000000000000000e+00
1.482000000000000028e+01,0.000000000000000000e+00,0.000000000000000000e+00,2.007249641418457031e+01,1.000000000000000000e+00
1.483999999999999986e+01,0.000000000000000000e+00,0.000000000000000000e+00,2.009635162353515625e+01,1.000000000000000000e+00
1.485999999999999943e+01,0.000000000000000000e+00,0.000000000000000000e+00,2.012020301818847656e+01,1.000000000000000000e+00
1.488000000000000078e+01,0.000000000000000000e+00,0.000000000000000000e+00,2.014404678344726562e+01,1.000000000000000000e+00
1.490000000000000036e+01,0.000000000000000000e+00,0.000000000000000000e+00,2.016788864135742188e+01,1.000000000000000000e+00
1.491999999999999993e+01,0.000000000000000000e+00,0.000000000000000000e+00,2.019173049926757812e+01,1.000000000000000000e+00
1.493999999999999950e+01,0.000000000000000000e+00,0.000000000000000000e+00,2.021556854248046875e+01,1.000000000000000000e+00
1.496000000000000085e+01,0.000000000000000000e+00,0.000000000000000000e+00,2.023940086364746094e+01,1.000000000000000000e+00
1.498000000000000043e+01,0.000000000000000000e+00,0.000000000000000000e+00,2.026322937011718750e+01,1.000000000000000000e+00
1.500000000000000000e+01,0.000000000000000000e+00,0.000000000000000000e+00,2.028705406188964844e+01,1.000000000000000000e+00
1.501999999999999957e+01,0.000000000000000000e+00,0.000000000000000000e+00,2.031087684631347656e+01,1.000000000000000000e+00
1.504000000000000092e+01,0.000000000000000000e+00,0.000000000000000000e+00,2.033469963073730469e+01,1.000000000000000000e+00
1.506000000000000050e+01,0.000000000000000000e+00,0.000000000000000000e+00,2.035851669311523438e+01,1.000000000000000000e+00
1.508000000000000007e+01,0.000000000000000000e+00,0.000000000000000000e+00,2.038232994079589844e+01,1.000000000000000000e+00
1.509999999999999964e+01,0.000000000000000000e+00,0.000000000000000000e+00,2.040614318847656250e+01,1.000000000000000000e+00
1.512000000000000099e+01,0.000000000000000000e+00,0.000000000000000000e+00,2.042995643615722656e+01,1.000000000000000000e+00
1.514000000000000057e+01,0.000000000000000000e+00,0.000000000000000000e+00,2.045376586914062500e+01,1.000000000000000000e+00
1.516000000000000014e+01,0.000000000000000000e+00,0.000000000000000000e+00,2.047756767272949219e+01,1.000000000000000000e+00
1.517999999999999972e+01,0.000000000000000000e+00,0.000000000000000000e+00,2.050136184692382812e+01,1.000000000000000000e+00
1.520000000000000107e+01,0.000000000000000000e+00,0.000000000000000000e+00,2.052515602111816406e+01,1.000000000000000000e+00
1.522000000000000064e+01,0.000000000000000000e+00,0.000000000000000000e+00,2.054895019531250000e+01,1.000000000000000000e+00
1.524000000000000021e+01,0.000000000000000000e+00,0.000000000000000000e+00,2.057273674011230469e+01,1.000000000000000000e+00
1.525999999999999979e+01,0.000000000000000000e+00,0.000000000000000000e+00,2.059652137756347656e+01,1.000000000000000000e+00
1.528000000000000114e+01,0.000000000000000000e+00,0.000000000000000000e+00,2.062029647827148438e+01,1.000000000000000000e+00
1.530000000000000071e+01,0.000000000000000000e+00,0.000000000000000000e+00,2.064407157897949219e+01,1.000000000000000000e+00
1.532000000000000028e+01,0.000000000000000000e+00,0.000000000000000000e+00,2.066784667968750000e+01,1.000000000000000000e+00
1.533999999999999986e+01,0.000000000000000000e+00,0.000000000000000000e+00,2.069162178039550781e+01,1.000000000000000000e+00
1.535999999999999943e+01,0.000000000000000000e+00,0.000000000000000000e+00,2.071538925170898438e+01,1.000000000000000000e+00
1.538000000000000078e+01,0.000000000000000000e+00,0.000000000000000000e+00,2.073915481567382812e+01,1.000000000000000000e+00
1.540000000000000036e+01,0.000000000000000000e+00,0.000000000000000000e+00,2.076292037963867188e+01,1.000000000000000000e+00
1.541999999999999993e+01,0.000000000000000000e+00,0.000000000000000000e+00,2.078668594360351562e+01,1.000000000000000000e+00
1.543999999999999950e+01,0.000000000000000000e+00,0.000000000000000000e+00,2.081044578552246094e+01,1.000000000000000000e+00
1.546000000000000085e+01,0.000000000000000000e+00,0.000000000000000000e+00,2.083420181274414062e+01,1.000000000000000000e+00
1.548000000000000043e+01,0.000000000000000000e+00,0.000000000000000000e+00,2.085794830322265625e+01,1.000000000000000000e+00
1.550000000000000000e+01,0.000000000000000000e+00,0.000000000000000000e+00,2.088169479370117188e+01,1.000000000000000000e+00
1.551999999999999957e+01,0.000000000000000000e+00,0.000000000000000000e+00,2.090544128417968750e+01,1.000000000000000000e+00
1.554000000000000092e+01,0.000000000000000000e+00,0.000000000000000000e+00,2.092918777465820312e+01,1.000000000000000000e+00
1.556000000000000050e+01,0.000000000000000000e+00,0.000000000000000000e+00,2.095292472839355469e+01,1.000000000000000000e+00
1.558000000000000007e+01,0.000000000000000000e+00,0.000000000000000000e+00,2.097666168212890625e+01,1.000000000000000000e+00
1.559999999999999964e+01,0.000000000000000000e+00,0.000000000000000000e+00,2.100039863586425781e+01,1.000000000000000000e+00
1.562000000000000099e+01,0.000000000000000000e+00,0.000000000000000000e+00,2.102413558959960938e+01,1.000000000000000000e+00
1.564000000000000057e+01,0.000000000000000000e+00,0.000000000000000000e+00,2.104786682128906250e+01,1.000000000000000000e+00
1.566000000000000014e+01,0.000000000000000000e+00,0.000000000000000000e+00,2.107159423828125000e+01,1.000000000000000000e+00
1.567999999999999972e+01,0.000000000000000000e+00,0.000000000000000000e+00,2.109531974792480469e+01,1.000000000000000000e+00
1.570000000000000107e+01,0.000000000000000000e+00,0.000000000000000000e+00,2.111904716491699219e+01,1.000000000000000000e+00
1.572000000000000064e+01,0.000000000000000000e+00,0.000000000000000000e+00,2.114277076721191406e+01,1.000000000000000000e+00
1.574000000000000021e+01,0.000000000000000000e+00,0.000000000000000000e+00,2.116648864746093750e+01,1.000000000000000000e+00
1.575999999999999979e+01,0.000000000000000000e+00,0.000000000000000000e+00,2.119020271301269531e+01,1.000000000000000000e+00
1.578000000000000114e+01,0.000000000000000000e+00,0.000000000000000000e+00,2.121391105651855469e+01,1.000000000000000000e+00
1.580000000000000071e+01,0.000000000000000000e+00,0.000000000000000000e+00,2.123761940002441406e+01,1.000000000000000000e+00
1.582000000000000028e+01,0.000000000000000000e+00,0.000000000000000000e+00,2.126132774353027344e+01,1.000000000000000000e+00
1.583999999999999986e+01,0.000000000000000000e+00,0.000000000000000000e+00,2.128503608703613281e+01,1.000000000000000000e+00
1.586000000000000121e+01,0.000000000000000000e+00,0.000000000000000000e+00,2.130873870849609375e+01,1.000000000000000000e+00
1.588000000000000078e+01,0.000000000000000000e+00,0.000000000000000000e+00,2.133243751525878906e+01,1.000000000000000000e+00
1.590000000000000036e+01,0.000000000000000000e+00,0.000000000000000000e+00,2.135613632202148438e+01,1.000000000000000000e+00
1.591999999999999993e+01,0.000000000000000000e+00,0.000000000000000000e+00,2.137983512878417969e+01,1.000000000000000000e+00
1.593999999999999950e+01,0.000000000000000000e+00,0.000000000000000000e+00,2.140353393554687500e+01,1.000000000000000000e+00
1.596000000000000085e+01,0.000000000000000000e+00,0.000000000000000000e+00,2.142722702026367188e+01,1.000000000000000000e+00
1.598000000000000043e+01,0.000000000000000000e+00,0.000000000000000000e+00,2.145091629028320312e+01,1.000000000000000000e+00
1.600000000000000000e+01,0.000000000000000000e+00,0.000000000000000000e+00,2.147460556030273438e+01,1.000000000000000000e+00
1.601999999999999957e+01,0.000000000000000000e+00,0.000000000000000000e+00,2.149829483032226562e+01,1.000000000000000000e+00
1.603999999999999915e+01,0.000000000000000000e+00,0.000000000000000000e+00,2.152198410034179688e+01,1.000000000000000000e+00
1.605999999999999872e+01,0.000000000000000000e+00,0.000000000000000000e+00,2.154566764831542969e+01,1.000000000000000000e+00
1.608000000000000185e+01,0.000000000000000000e+00,0.000000000000000000e+00,2.156934738159179688e+01,1.000000000000000000e+00
1.610000000000000142e+01,0.000000000000000000e+00,0.000000000000000000e+00,2.159302711486816406e+01,1.000000000000000000e+00
1.612000000000000099e+01,0.000000000000000000e+00,0.000000000000000000e+00,2.161670684814453125e+01,1.000000000000000000e+00
1.614000000000000057e+01,0.000000000000000000e+00,0.000000000000000000e+00,2.164038658142089844e+01,1.000000000000000000e+00
1.616000000000000014e+01,0.000000000000000000e+00,0.000000000000000000e+00,2.166406250000000000e+01,1.000000000000000000e+00
1.617999999999999972e+01,0.000000000000000000e+00,0.000000000000000000e+00,2.168773269653320312e+01,1.000000000000000000e+00
1.619999999999999929e+01,0.000000000000000000e+00,0.000000000000000000e+00,2.171140289306640625e+01,1.000000000000000000e+00
1.621999999999999886e+01,0.000000000000000000e+00,0.000000000000000000e+00,2.173507308959960938e+01,1.000000000000000000e+00
1.624000000000000199e+01,0.000000000000000000e+00,0.000000000000000000e+00,2.175874328613281250e+01,1.000000000000000000e+00
1.626000000000000156e+01,0.000000000000000000e+00,0.000000000000000000e+00,2.178241348266601562e+01,1.000000000000000000e+00
1.628000000000000114e+01,0.000000000000000000e+00,0.000000000000000000e+00,2.180607604980468750e+01,1.000000000000000000e+00
1.630000000000000071e+01,0.000000000000000000e+00,0.000000000000000000e+00,2.182974433898925781e+01,1.000000000000000000e+00
1.632000000000000028e+01,0.000000000000000000e+00,0.000000000000000000e+00,2.185341453552246094e+01,1.000000000000000000e+00
1.633999999999999986e+01,0.000000000000000000e+00,0.000000000000000000e+00,2.187707901000976562e+01,1.000000000000000000e+00
1.635999999999999943e+01,0.000000000000000000e+00,0.000000000000000000e+00,2.190073966979980469e+01,1.000000000000000000e+00
1.637999999999999901e+01,0.000000000000000000e+00,0.000000000000000000e+00,2.192440032958984375e+01,1.000000000000000000e+00
1.639999999999999858e+01,0.000000000000000000e+00,0.000000000000000000e+00,2.194806098937988281e+01,1.000000000000000000e+00
1.642000000000000171e+01,0.000000000000000000e+00,0.000000000000000000e+00,2.197172164916992188e+01,1.000000000000000000e+00
1.644000000000000128e+01,0.000000000000000000e+00,0.000000000000000000e+00,2.199537658691406250e+01,1.000000000000000000e+00
1.646000000000000085e+01,0.000000000000000000e+00,0.000000000000000000e+00,2.201902770996093750e+01,1.000000000000000000e+00
1.648000000000000043e+01,0.000000000000000000e+00,0.000000000000000000e+00,2.204267883300781250e+01,1.000000000000000000e+00
1.650000000000000000e+01,0.000000000000000000e+00,0.000000000000000000e+00,2.206632995605468750e+01,1.000000000000000000e+00
1.651999999999999957e+01,0.000000000000000000e+00,0.000000000000000000e+00,2.208998107910156250e+01,1.000000000000000000e+00
1.653999999999999915e+01,0.000000000000000000e+00,0.000000000000000000e+00,2.211363220214843750e+01,1.000000000000000000e+00
1.655999999999999872e+01,0.000000000000000000e+00,0.000000000000000000e+00,2.213727378845214844e+01,1.000000000000000000e+00
1.658000000000000185e+01,0.000000000000000000e+00,0.000000000000000000e+00,2.216091537475585938e+01,1.000000000000000000e+00
1.660000000000000142e+01,0.000000000000000000e+00,0.000000000000000000e+00,2.218455696105957031e+01,1.000000000000000000e+00
1.662000000000000099e+01,0.000000000000000000e+00,0.000000000000000000e+00,2.220819854736328125e+01,1.000000000000000000e+00
1.664000000000000057e+01,0.000000000000000000e+00,0.000000000000000000e+00,2.223184013366699219e+01,1.000000000000000000e+00
1.666000000000000014e+01,0.000000000000000000e+00,0.000000000000000000e+00,2.225547599792480469e+01,1.000000000000000000e+00
1.667999999999999972e+01,0.000000000000000000e+00,0.000000000000000000e+00,2.227910804748535156e+01,1.000000000000000000e+00
1.669999999999999929e+01,0.000000000000000000e+00,0.000000000000000000e+00,2.230274391174316406e+01,1.000000000000000000e+00
1.671999999999999886e+01,0.000000000000000000e+00,0.000000000000000000e+00,2.232638359069824219e+01,1.000000000000000000e+00
1.674000000000000199e+01,0.000000000000000000e+00,0.000000000000000000e+00,2.235001564025878906e+01,1.000000000000000000e+00
1.676000000000000156e+01,0.000000000000000000e+00,0.000000000000000000e+00,2.237364768981933594e+01,1.000000000000000000e+00
1.678000000000000114e+01,0.000000000000000000e+00,0.000000000000000000e+00,2.239727973937988281e+01,1.000000000000000000e+00
1.680000000000000071e+01,0.000000000000000000e+00,0.000000000000000000e+00,2.242091178894042969e+01,1.000000000000000000e+00
1.682000000000000028e+01,0.000000000000000000e+00,0.000000000000000000e+00,2.244454383850097656e+01,1.000000000000000000e+00
1.683999999999999986e+01,0.000000000000000000e+00,0.000000000000000000e+00,2.246817588806152344e+01,1.000000000000000000e+00
1.685999999999999943e+01,0.000000000000000000e+00,0.000000000000000000e+00,2.249180030822753906e+01,1.000000000000000000e+00
1.687999999999999901e+01,0.000000000000000000e+00,0.000000000000000000e+00,2.251542282104492188e+01,1.000000000000000000e+00
1.689999999999999858e+01,0.000000000000000000e+00,0.000000000000000000e+00,2.253904914855957031e+01,1.000000000000000000e+00
1.692000000000000171e+01,0.000000000000000000e+00,0.000000000000000000e+00,2.256268119812011719e+01,1.000000000000000000e+00
1.694000000000000128e+01,0.000000000000000000e+00,0.000000000000000000e+00,2.258630371093750000e+01,1.000000000000000000e+00
1.696000000000000085e+01,0.000000000000000000e+00,0.000000000000000000e+00,2.260992622375488281e+01,1.000000000000000000e+00
1.698000000000000043e+01,0.000000000000000000e+00,0.000000000000000000e+00,2.263354873657226562e+01,1.000000000000000000e+00
1.700000000000000000e+01,0.000000000000000000e+00,0.000000000000000000e+00,2.265717124938964844e+01,1.000000000000000000e+00
1.701999999999999957e+01,0.000000000000000000e+00,0.000000000000000000e+00,2.268079376220703125e+01,1.000000000000000000e+00
1.703999999999999915e+01,0.000000000000000000e+00,0.000000000000000000e+00,2.270441627502441406e+01,1.000000000000000000e+00
1.705999999999999872e+01,0.000000000000000000e+00,0.000000000000000000e+00,2.272803497314453125e+01,1.000000000000000000e+00
1.708000000000000185e+01,0.000000000000000000e+00,0.000000000000000000e+00,2.275164794921875000e+01,1.000000000000000000e+00
1.710000000000000142e+01,0.000000000000000000e+00,0.000000000000000000e+00,2.277526664733886719e+01,1.000000000000000000e+00
1.712000000000000099e+01,0.000000000000000000e+00,0.000000000000000000e+00,2.279888916015625000e+01,1.000000000000000000e+00
1.714000000000000057e+01,0.000000000000000000e+00,0.000000000000000000e+00,2.282250976562500000e+01,1.000000000000000000e+00
1.716000000000000014e+01,0.000000000000000000e+00,0.000000000000000000e+00,2.284612274169921875e+01,1.000000000000000000e+00
1.717999999999999972e+01,0.000000000000000000e+00,0.000000000000000000e+00,2.286973571777343750e+01,1.000000000000000000e+00
1.719999999999999929e+01,0.000000000000000000e+00,0.000000000000000000e+00,2.289335250854492188e+01,1.000000000000000000e+00
1.721999999999999886e+01,0.000000000000000000e+00,0.000000000000000000e+00,2.291697502136230469e+01,1.000000000000000000e+00
1.724000000000000199e+01,0.000000000000000000e+00,0.000000000000000000e+00,2.294059753417968750e+01,1.000000000000000000e+00
1.726000000000000156e+01,0.000000000000000000e+00,0.000000000000000000e+00,2.296421432495117188e+01,1.000000000000000000e+00
1.728000000000000114e+01,0.000000000000000000e+00,0.000000000000000000e+00,2.298783302307128906e+01,1.000000000000000000e+00
1.730000000000000071e+01,0.000000000000000000e+00,0.000000000000000000e+00,2.301145553588867188e+01,1.000000000000000000e+00
1.732000000000000028e+01,0.000000000000000000e+00,0.000000000000000000e+00,2.303508758544921875e+01,1.000000000000000000e+00
1.733999999999999986e+01,0.000000000000000000e+00,0.000000000000000000e+00,2.305871963500976562e+01,1.000000000000000000e+00
1.735999999999999943e+01,0.000000000000000000e+00,0.000000000000000000e+00,2.308235168457031250e+01,1.000000000000000000e+00
1.737999999999999901e+01,0.000000000000000000e+00,0.000000000000000000e+00,2.310598373413085938e+01,1.000000000000000000e+00
1.740000000000000213e+01,0.000000000000000000e+00,0.000000000000000000e+00,2.312962150573730469e+01,1.000000000000000000e+00
1.742000000000000171e+01,0.000000000000000000e+00,0.000000000000000000e+00,2.315326309204101562e+01,1.000000000000000000e+00
1.744000000000000128e+01,0.000000000000000000e+00,0.000000000000000000e+00,2.317690467834472656e+01,1.000000000000000000e+00
1.746000000000000085e+01,0.000000000000000000e+00,0.000000000000000000e+00,2.320054054260253906e+01,1.000000000000000000e+00
1.748000000000000043e+01,0.000000000000000000e+00,0.000000000000000000e+00,2.322417259216308594e+01,1.000000000000000000e+00
1.750000000000000000e+01,0.000000000000000000e+00,0.000000000000000000e+00,2.324780654907226562e+01,1.000000000000000000e+00
1.751999999999999957e+01,0.000000000000000000e+00,0.000000000000000000e+00,2.327144050598144531e+01,1.000000000000000000e+00
1.753999999999999915e+01,0.000000000000000000e+00,0.000000000000000000e+00,2.329507255554199219e+01,1.000000000000000000e+00
1.755999999999999872e+01,0.000000000000000000e+00,0.000000000000000000e+00,2.331870460510253906e+01,1.000000000000000000e+00
1.758000000000000185e+01,0.000000000000000000e+00,0.000000000000000000e+00,2.334233665466308594e+01,1.000000000000000000e+00
1.760000000000000142e+01,0.000000000000000000e+00,0.000000000000000000e+00,2.336597061157226562e+01,1.000000000000000000e+00
1.762000000000000099e+01,0.000000000000000000e+00,0.000000000000000000e+00,2.338961219787597656e+01,1.000000000000000000e+00
1.764000000000000057e+01,0.000000000000000000e+00,0.000000000000000000e+00,2.341324424743652344e+01,1.000000000000000000e+00
1.766000000000000014e+01,0.000000000000000000e+00,0.000000000000000000e+00,2.343687629699707031e+01,1.000000000000000000e+00
1.767999999999999972e+01,0.000000000000000000e+00,0.000000000000000000e+00,2.346050834655761719e+01,1.000000000000000000e+00
1.769999999999999929e+01,0.000000000000000000e+00,0.000000000000000000e+00,2.348414230346679688e+01,1.000000000000000000e+00
1.771999999999999886e+01,0.000000000000000000e+00,0.000000000000000000e+00,2.350778388977050781e+01,2.000000000000000000e+00
1.774000000000000199e+01,1.110308687202632427e-03,8.475868895629901090e-08,2.353144454956054688e+01,2.000000000000000000e+00
1.776000000000000156e+01,4.555806517601013184e-03,1.272716417588526383e-06,2.355516624450683594e+01,2.000000000000000000e+00
1.778000000000000114e+01,1.075896341353654861e-02,6.384905191225698218e-06,2.357898902893066406e+01,2.000000000000000000e+00
1.780000000000000071e+01,1.979723013937473297e-02,2.006654358410742134e-05,2.360293960571289062e+01,2.000000000000000000e+00
1.782000000000000028e+01,3.167170658707618713e-02,4.849716424359939992e-05,2.362702941894531250e+01,2.000000000000000000e+00
1.783999999999999986e+01,4.636863246560096741e-02,9.920098818838596344e-05,2.365127372741699219e+01,2.000000000000000000e+00
1.785999999999999943e+01,6.387229263782501221e-02,1.809309324016794562e-04,2.367567443847656250e+01,2.000000000000000000e+00
1.787999999999999901e+01,8.416789025068283081e-02,3.035104018636047840e-04,2.370023536682128906e+01,2.000000000000000000e+00
1.790000000000000213e+01,1.072422787547111511e-01,4.776610294356942177e-04,2.372495079040527344e+01,2.000000000000000000e+00
1.792000000000000171e+01,1.330860555171966553e-01,7.148766890168190002e-04,2.374981307983398438e+01,2.000000000000000000e+00
1.794000000000000128e+01,1.616946607828140259e-01,1.027322607114911079e-03,2.377481651306152344e+01,2.000000000000000000e+00
1.796000000000000085e+01,1.930660009384155273e-01,1.427843701094388962e-03,2.379994201660156250e+01,2.000000000000000000e+00
1.798000000000000043e+01,2.271999269723892212e-01,1.929919002577662468e-03,2.382517433166503906e+01,2.000000000000000000e+00
1.800000000000000000e+01,2.640975713729858398e-01,2.547502284869551659e-03,2.385048675537109375e+01,2.000000000000000000e+00
1.801999999999999957e+01,3.037603795528411865e-01,3.295029047876596451e-03,2.387585830688476562e+01,2.000000000000000000e+00
1.803999999999999915e+01,3.461904823780059814e-01,4.187283571809530258e-03,2.390126609802246094e+01,2.000000000000000000e+00
1.805999999999999872e+01,3.913912177085876465e-01,5.239238031208515167e-03,2.392668151855468750e+01,2.000000000000000000e+00
1.808000000000000185e+01,4.393669962882995605e-01,6.465977057814598083e-03,2.395207595825195312e+01,2.000000000000000000e+00
1.810000000000000142e+01,4.901230335235595703e-01,7.882589474320411682e-03,2.397740745544433594e+01,2.000000000000000000e+00
1.812000000000000099e+01,5.436653494834899902e-01,9.504385292530059814e-03,2.400264739990234375e+01,2.000000000000000000e+00
1.814000000000000057e+01,6.000005006790161133e-01,1.134662143886089325e-02,2.402776336669921875e+01,2.000000000000000000e+00
1.816000000000000014e+01,6.591353416442871094e-01,1.342426799237728119e-02,2.405271720886230469e+01,2.000000000000000000e+00
1.817999999999999972e+01,7.210769057273864746e-01,1.575201936066150665e-02,2.407746696472167969e+01,2.000000000000000000e+00
1.819999999999999929e+01,7.858319282531738281e-01,1.834420859813690186e-02,2.410196876525878906e+01,2.000000000000000000e+00
1.821999999999999886e+01,8.534070849418640137e-01,2.121512033045291901e-02,2.412618446350097656e+01,2.000000000000000000e+00
1.824000000000000199e+01,9.238084554672241211e-01,2.437873370945453644e-02,2.415007209777832031e+01,2.000000000000000000e+00
1.826000000000000156e+01,9.970407485961914062e-01,2.784883975982666016e-02,2.417359542846679688e+01,2.000000000000000000e+00
1.828000000000000114e+01,1.073108196258544922e+00,3.163890913128852844e-02,2.419671249389648438e+01,2.000000000000000000e+00
1.830000000000000071e+01,1.152013421058654785e+00,3.576202690601348877e-02,2.421938705444335938e+01,2.000000000000000000e+00
1.832000000000000028e+01,1.233758330345153809e+00,4.023137688636779785e-02,2.424158668518066406e+01,2.000000000000000000e+00
1.833999999999999986e+01,1.318344235420227051e+00,4.505971074104309082e-02,2.426328659057617188e+01,2.000000000000000000e+00
1.835999999999999943e+01,1.405771493911743164e+00,5.025914311408996582e-02,2.428445243835449219e+01,2.000000000000000000e+00
1.837999999999999901e+01,1.496039748191833496e+00,5.584130436182022095e-02,2.430505180358886719e+01,2.000000000000000000e+00
1.840000000000000213e+01,1.589147329330444336e+00,6.181721016764640808e-02,2.432505035400390625e+01,2.000000000000000000e+00
1.842000000000000171e+01,1.685092687606811523e+00,6.819798797369003296e-02,2.434442520141601562e+01,2.000000000000000000e+00
1.844000000000000128e+01,1.783873200416564941e+00,7.499460130929946899e-02,2.436314964294433594e+01,2.000000000000000000e+00
1.846000000000000085e+01,1.885485529899597168e+00,8.221735060214996338e-02,2.438119506835937500e+01,2.000000000000000000e+00
1.848000000000000043e+01,1.989924669265747070e+00,8.987610787153244019e-02,2.439853286743164062e+01,2.000000000000000000e+00
1.850000000000000000e+01,2.097185373306274414e+00,9.798039495944976807e-02,2.441513442993164062e+01,2.000000000000000000e+00
1.851999999999999957e+01,2.207261085510253906e+00,1.065398529171943665e-01,2.443097305297851562e+01,2.000000000000000000e+00
1.853999999999999915e+01,2.320144414901733398e+00,1.155639216303825378e-01,2.444602775573730469e+01,2.000000000000000000e+00
1.855999999999999872e+01,2.435827016830444336e+00,1.250617951154708862e-01,2.446027374267578125e+01,2.000000000000000000e+00
1.858000000000000185e+01,2.554299354553222656e+00,1.350427269935607910e-01,2.447368812561035156e+01,2.000000000000000000e+00
1.860000000000000142e+01,2.675551176071166992e+00,1.455159783363342285e-01,2.448624801635742188e+01,2.000000000000000000e+00
1.862000000000000099e+01,2.799571037292480469e+00,1.564912348985671997e-01,2.449794197082519531e+01,2.000000000000000000e+00
1.864000000000000057e+01,2.926347732543945312e+00,1.679783612489700317e-01,2.450875663757324219e+01,2.000000000000000000e+00
1.866000000000000014e+01,3.055868387222290039e+00,1.799870729446411133e-01,2.451867866516113281e+01,2.000000000000000000e+00
1.867999999999999972e+01,3.188118934631347656e+00,1.925271004438400269e-01,2.452769470214843750e+01,2.000000000000000000e+00
1.869999999999999929e+01,3.323085784912109375e+00,2.056083381175994873e-01,2.453579521179199219e+01,2.000000000000000000e+00
1.871999999999999886e+01,3.460753917694091797e+00,2.192412912845611572e-01,2.454296875000000000e+01,2.000000000000000000e+00
1.874000000000000199e+01,3.601107835769653320e+00,2.334365397691726685e-01,2.454921340942382812e+01,2.000000000000000000e+00
1.876000000000000156e+01,3.744131803512573242e+00,2.482047528028488159e-01,2.455452156066894531e+01,2.000000000000000000e+00
1.878000000000000114e+01,3.889808893203735352e+00,2.635570764541625977e-01,2.455888748168945312e+01,2.000000000000000000e+00
1.880000000000000071e+01,4.038122653961181641e+00,2.795050442218780518e-01,2.456230926513671875e+01,2.000000000000000000e+00
1.882000000000000028e+01,4.189054965972900391e+00,2.960606813430786133e-01,2.456478691101074219e+01,2.000000000000000000e+00
1.883999999999999986e+01,4.342587471008300781e+00,3.132364153861999512e-01,2.456632041931152344e+01,2.000000000000000000e+00
1.885999999999999943e+01,4.498701095581054688e+00,3.310449123382568359e-01,2.456691551208496094e+01,2.000000000000000000e+00
1.887999999999999901e+01,4.657377719879150391e+00,3.494994938373565674e-01,2.456657218933105469e+01,2.000000000000000000e+00
1.890000000000000213e+01,4.818597316741943359e+00,3.686139285564422607e-01,2.456529617309570312e+01,2.000000000000000000e+00
1.892000000000000171e+01,4.982340335845947266e+00,3.884025812149047852e-01,2.456309700012207031e+01,2.000000000000000000e+00
1.894000000000000128e+01,5.148585796356201172e+00,4.088804423809051514e-01,2.455998802185058594e+01,2.000000000000000000e+00
1.896000000000000085e+01,5.317314147949218750e+00,4.300628006458282471e-01,2.455597496032714844e+01,2.000000000000000000e+00
1.898000000000000043e+01,5.488504886627197266e+00,4.519653320312500000e-01,2.455106735229492188e+01,2.000000000000000000e+00
1.900000000000000000e+01,5.662137031555175781e+00,4.746041297912597656e-01,2.454527854919433594e+01,2.000000000000000000e+00
1.901999999999999957e+01,5.838190555572509766e+00,4.979960024356842041e-01,2.453862190246582031e+01,2.000000000000000000e+00
1.903999999999999915e+01,6.016644954681396484e+00,5.221581459045410156e-01,2.453111267089843750e+01,2.000000000000000000e+00
1.905999999999999872e+01,6.197477817535400391e+00,5.471080541610717773e-01,2.452276611328125000e+01,2.000000000000000000e+00
1.908000000000000185e+01,6.380670547485351562e+00,5.728635787963867188e-01,2.451359558105468750e+01,2.000000000000000000e+00
1.910000000000000142e+01,6.566200256347656250e+00,5.994427204132080078e-01,2.450361442565917969e+01,2.000000000000000000e+00
1.912000000000000099e+01,6.754048347473144531e+00,6.268634200096130371e-01,2.449283599853515625e+01,2.000000000000000000e+00
1.914000000000000057e+01,6.944192409515380859e+00,6.551442146301269531e-01,2.448127365112304688e+01,2.000000000000000000e+00
1.916000000000000014e+01,7.136612415313720703e+00,6.843038201332092285e-01,2.446894264221191406e+01,2.000000000000000000e+00
1.917999999999999972e+01,7.331288814544677734e+00,7.143611907958984375e-01,2.445585823059082031e+01,2.000000000000000000e+00
1.919999999999999929e+01,7.528200626373291016e+00,7.453349828720092773e-01,2.444202995300292969e+01,2.000000000000000000e+00
1.921999999999999886e+01,7.727327823638916016e+00,7.772442698478698730e-01,2.442747116088867188e+01,2.000000000000000000e+00
1.924000000000000199e+01,7.928650379180908203e+00,8.101084828376770020e-01,2.441219902038574219e+01,2.000000000000000000e+00
1.926000000000000156e+01,8.132149696350097656e+00,8.439469933509826660e-01,2.439622497558593750e+01,2.000000000000000000e+00
1.928000000000000114e+01,8.337804794311523438e+00,8.787786960601806641e-01,2.437956047058105469e+01,2.000000000000000000e+00
1.930000000000000071e+01,8.545596122741699219e+00,9.146220684051513672e-01,2.436221313476562500e+01,2.000000000000000000e+00
1.932000000000000028e+01,8.755505561828613281e+00,9.514959454536437988e-01,2.434418869018554688e+01,2.000000000000000000e+00
1.933999999999999986e+01,8.967514991760253906e+00,9.894192814826965332e-01,2.432550430297851562e+01,2.000000000000000000e+00
1.935999999999999943e+01,9.181604385375976562e+00,1.028410434722900391e+00,2.430616378784179688e+01,2.000000000000000000e+00
1.937999999999999901e+01,9.397754669189453125e+00,1.068487405776977539e+00,2.428617286682128906e+01,3.000000000000000000e+00
1.940000000000000213e+01,9.615450859069824219e+00,1.109382629394531250e+00,2.426473808288574219e+01,3.000000000000000000e+00
1.942000000000000171e+01,9.834219932556152344e+00,1.150911569595336914e+00,2.424139022827148438e+01,3.000000000000000000e+00
1.944000000000000128e+01,1.005392742156982422e+01,1.193094849586486816e+00,2.421626472473144531e+01,3.000000000000000000e+00
1.946000000000000085e+01,1.027453708648681641e+01,1.235988974571228027e+00,2.418957328796386719e+01,3.000000000000000000e+00
1.948000000000000043e+01,1.049605083465576172e+01,1.279663801193237305e+00,2.416155624389648438e+01,3.000000000000000000e+00
1.950000000000000000e+01,1.071847534179687500e+01,1.324190020561218262e+00,2.413245773315429688e+01,3.000000000000000000e+00
1.951999999999999957e+01,1.094177818298339844e+01,1.369631171226501465e+00,2.410251808166503906e+01,3.000000000000000000e+00
1.953999999999999915e+01,1.116592502593994141e+01,1.416044950485229492e+00,2.407196044921875000e+01,3.000000000000000000e+00
1.955999999999999872e+01,1.139088344573974609e+01,1.463483452796936035e+00,2.404099273681640625e+01,3.000000000000000000e+00
1.958000000000000185e+01,1.161662197113037109e+01,1.511991858482360840e+00,2.400978851318359375e+01,3.000000000000000000e+00
1.960000000000000142e+01,1.184311008453369141e+01,1.561608076095581055e+00,2.397850227355957031e+01,3.000000000000000000e+00
1.962000000000000099e+01,1.207032203674316406e+01,1.612363100051879883e+00,2.394726181030273438e+01,3.000000000000000000e+00
1.964000000000000057e+01,1.229823017120361328e+01,1.664281606674194336e+00,2.391617012023925781e+01,3.000000000000000000e+00
1.966000000000000014e+01,1.252681064605712891e+01,1.717381477355957031e+00,2.388530540466308594e+01,3.000000000000000000e+00
1.967999999999999972e+01,1.275604057312011719e+01,1.771673917770385742e+00,2.385472297668457031e+01,3.000000000000000000e+00
1.969999999999999929e+01,1.298589992523193359e+01,1.827163696289062500e+00,2.382445526123046875e+01,3.000000000000000000e+00
1.971999999999999886e+01,1.321637248992919922e+01,1.883851766586303711e+00,2.379450988769531250e+01,3.000000000000000000e+00
1.974000000000000199e+01,1.344744491577148438e+01,1.941734790802001953e+00,2.376488685607910156e+01,3.000000000000000000e+00
1.976000000000000156e+01,1.367910480499267578e+01,2.000805616378784180e+00,2.373556900024414062e+01,3.000000000000000000e+00
1.978000000000000114e+01,1.391134262084960938e+01,2.061053752899169922e+00,2.370651817321777344e+01,3.000000000000000000e+00
1.980000000000000071e+01,1.414415168762207031e+01,2.122466564178466797e+00,2.367769432067871094e+01,3.000000000000000000e+00
1.982000000000000028e+01,1.437752819061279297e+01,2.185029745101928711e+00,2.364904403686523438e+01,3.000000000000000000e+00
1.983999999999999986e+01,1.461146926879882812e+01,2.248727798461914062e+00,2.362051010131835938e+01,3.000000000000000000e+00
1.985999999999999943e+01,1.484597492218017578e+01,2.313544750213623047e+00,2.359203529357910156e+01,3.000000000000000000e+00
1.987999999999999901e+01,1.508104705810546875e+01,2.379464864730834961e+00,2.356355667114257812e+01,3.000000000000000000e+00
1.990000000000000213e+01,1.531668663024902344e+01,2.446471929550170898e+00,2.353501129150390625e+01,3.000000000000000000e+00
1.992000000000000171e+01,1.555289745330810547e+01,2.514550447463989258e+00,2.350633621215820312e+01,3.000000000000000000e+00
1.994000000000000128e+01,1.578968334197998047e+01,2.583685636520385742e+00,2.347747230529785156e+01,3.000000000000000000e+00
1.996000000000000085e+01,1.602704811096191406e+01,2.653863906860351562e+00,2.344836997985839844e+01,3.000000000000000000e+00
1.998000000000000043e+01,1.626499557495117188e+01,2.725072145462036133e+00,2.341897773742675781e+01,3.000000000000000000e+00
2.000000000000000000e+01,1.650352859497070312e+01,2.797298192977905273e+00,2.338924598693847656e+01,3.000000000000000000e+00
2.001999999999999957e+01,1.674265289306640625e+01,2.870530366897583008e+00,2.335913467407226562e+01,3.000000000000000000e+00
2.003999999999999915e+01,1.698237037658691406e+01,2.944758892059326172e+00,2.332860755920410156e+01,3.000000000000000000e+00
2.005999999999999872e+01,1.722268676757812500e+01,3.019975185394287109e+00,2.329763984680175781e+01,3.000000000000000000e+00
2.008000000000000185e+01,1.746360397338867188e+01,3.096171140670776367e+00,2.326620674133300781e+01,3.000000000000000000e+00
2.010000000000000142e+01,1.770512580871582031e+01,3.173339128494262695e+00,2.323428344726562500e+01,3.000000000000000000e+00
2.012000000000000099e+01,1.794725036621093750e+01,3.251471996307373047e+00,2.320185852050781250e+01,3.000000000000000000e+00
2.014000000000000057e+01,1.818998336791992188e+01,3.330563068389892578e+00,2.316891860961914062e+01,3.000000000000000000e+00
2.016000000000000014e+01,1.843332481384277344e+01,3.410606384277343750e+00,2.313546371459960938e+01,3.000000000000000000e+00
2.017999999999999972e+01,1.867727279663085938e+01,3.491596460342407227e+00,2.310148620605468750e+01,3.000000000000000000e+00
2.019999999999999929e+01,1.892183113098144531e+01,3.573527336120605469e+00,2.306699180603027344e+01,3.000000000000000000e+00
2.021999999999999886e+01,1.916700172424316406e+01,3.656392812728881836e+00,2.303197860717773438e+01,3.000000000000000000e+00
2.024000000000000199e+01,1.941278266906738281e+01,3.740185976028442383e+00,2.299645423889160156e+01,3.000000000000000000e+00
2.026000000000000156e+01,1.965917396545410156e+01,3.824901342391967773e+00,2.296042633056640625e+01,3.000000000000000000e+00
2.028000000000000114e+01,1.990617942810058594e+01,3.910531759262084961e+00,2.292390441894531250e+01,3.000000000000000000e+00
2.030000000000000071e+01,2.015380096435546875e+01,3.997069835662841797e+00,2.288689422607421875e+01,3.000000000000000000e+00
2.032000000000000028e+01,2.040203285217285156e+01,4.084507465362548828e+00,2.284940528869628906e+01,3.000000000000000000e+00
2.033999999999999986e+01,2.065088462829589844e+01,4.172833919525146484e+00,2.281144523620605469e+01,3.000000000000000000e+00
2.035999999999999943e+01,2.090035057067871094e+01,4.262041091918945312e+00,2.277302360534667969e+01,3.000000000000000000e+00
2.037999999999999901e+01,2.115043449401855469e+01,4.352118492126464844e+00,2.273414993286132812e+01,3.000000000000000000e+00
2.040000000000000213e+01,2.140114593505859375e+01,4.443054676055908203e+00,2.269483184814453125e+01,3.000000000000000000e+00
2.042000000000000171e+01,2.165247726440429688e+01,4.534837245941162109e+00,2.265507316589355469e+01,3.000000000000000000e+00
2.044000000000000128e+01,2.190443801879882812e+01,4.627452850341796875e+00,2.261488151550292969e+01,3.000000000000000000e+00
2.046000000000000085e+01,2.215703010559082031e+01,4.720887660980224609e+00,2.257426071166992188e+01,3.000000000000000000e+00
2.048000000000000043e+01,2.241025733947753906e+01,4.815126895904541016e+00,2.253321647644042969e+01,3.000000000000000000e+00
2.050000000000000000e+01,2.266412353515625000e+01,4.910154819488525391e+00,2.249175262451171875e+01,3.000000000000000000e+00
2.051999999999999957e+01,2.291863441467285156e+01,5.005955219268798828e+00,2.244986915588378906e+01,3.000000000000000000e+00
2.053999999999999915e+01,2.317379379272460938e+01,5.102510452270507812e+00,2.240756607055664062e+01,3.000000000000000000e+00
2.055999999999999872e+01,2.342960929870605469e+01,5.199802398681640625e+00,2.236484336853027344e+01,3.000000000000000000e+00
2.058000000000000185e+01,2.368608474731445312e+01,5.297812461853027344e+00,2.232170295715332031e+01,3.000000000000000000e+00
2.060000000000000142e+01,2.394322586059570312e+01,5.396522045135498047e+00,2.227814483642578125e+01,3.000000000000000000e+00
2.062000000000000099e+01,2.420104408264160156e+01,5.495910167694091797e+00,2.223416519165039062e+01,3.000000000000000000e+00
2.064000000000000057e+01,2.445954132080078125e+01,5.595956325531005859e+00,2.218976211547851562e+01,3.000000000000000000e+00
2.066000000000000014e+01,2.471872901916503906e+01,5.696639060974121094e+00,2.214493942260742188e+01,3.000000000000000000e+00
2.067999999999999972e+01,2.497861099243164062e+01,5.797936916351318359e+00,2.209968948364257812e+01,3.000000000000000000e+00
2.069999999999999929e+01,2.523919868469238281e+01,5.899827003479003906e+00,2.205401802062988281e+01,3.000000000000000000e+00
2.071999999999999886e+01,2.550049591064453125e+01,6.002285003662109375e+00,2.200791740417480469e+01,3.000000000000000000e+00
2.074000000000000199e+01,2.576251983642578125e+01,6.105287551879882812e+00,2.196138763427734375e+01,3.000000000000000000e+00
2.076000000000000156e+01,2.602527427673339844e+01,6.208809852600097656e+00,2.191442871093750000e+01,3.000000000000000000e+00
2.078000000000000114e+01,2.628876876831054688e+01,6.312828063964843750e+00,2.186703109741210938e+01,3.000000000000000000e+00
2.080000000000000071e+01,2.655301284790039062e+01,6.417314529418945312e+00,2.181920433044433594e+01,3.000000000000000000e+00
2.082000000000000028e+01,2.681801986694335938e+01,6.522242069244384766e+00,2.177094268798828125e+01,3.000000000000000000e+00
2.083999999999999986e+01,2.708379364013671875e+01,6.627583503723144531e+00,2.172224617004394531e+01,3.000000000000000000e+00
2.085999999999999943e+01,2.735034751892089844e+01,6.733311653137207031e+00,2.167311286926269531e+01,3.000000000000000000e+00
2.087999999999999901e+01,2.761769485473632812e+01,6.839396476745605469e+00,2.162354469299316406e+01,3.000000000000000000e+00
2.090000000000000213e+01,2.788584136962890625e+01,6.945807933807373047e+00,2.157354354858398438e+01,3.000000000000000000e+00
2.092000000000000171e+01,2.815480613708496094e+01,7.052515506744384766e+00,2.152310943603515625e+01,3.000000000000000000e+00
2.094000000000000128e+01,2.842459487915039062e+01,7.159487247467041016e+00,2.147224044799804688e+01,3.000000000000000000e+00
2.096000000000000085e+01,2.869522285461425781e+01,7.266691207885742188e+00,2.142094230651855469e+01,3.000000000000000000e+00
2.098000000000000043e+01,2.896670150756835938e+01,7.374093055725097656e+00,2.136921501159667969e+01,3.000000000000000000e+00
2.100000000000000000e+01,2.923904418945312500e+01,7.481658458709716797e+00,2.131706047058105469e+01,3.000000000000000000e+00
2.101999999999999957e+01,2.951226043701171875e+01,7.589352607727050781e+00,2.126447677612304688e+01,3.000000000000000000e+00
2.103999999999999915e+01,2.978636741638183594e+01,7.697139739990234375e+00,2.121147155761718750e+01,3.000000000000000000e+00
2.105999999999999872e+01,3.006137657165527344e+01,7.804982662200927734e+00,2.115803909301757812e+01,3.000000000000000000e+00
2.108000000000000185e+01,3.033729743957519531e+01,7.912841796875000000e+00,2.110418701171875000e+01,3.000000000000000000e+00
2.110000000000000142e+01,3.061414909362792969e+01,8.020679473876953125e+00,2.104991340637207031e+01,3.000000000000000000e+00
2.112000000000000099e+01,3.089194297790527344e+01,8.128456115722656250e+00,2.099521446228027344e+01,3.000000000000000000e+00
2.114000000000000057e+01,3.117069244384765625e+01,8.236129760742187500e+00,2.094009208679199219e+01,3.000000000000000000e+00
2.116000000000000014e+01,3.145041084289550781e+01,8.343657493591308594e+00,2.088454627990722656e+01,3.000000000000000000e+00
2.117999999999999972e+01,3.173111152648925781e+01,8.450997352600097656e+00,2.082857894897460938e+01,3.000000000000000000e+00
2.119999999999999929e+01,3.201280975341796875e+01,8.558105468750000000e+00,2.077218818664550781e+01,3.000000000000000000e+00
2.121999999999999886e+01,3.229551696777343750e+01,8.664937973022460938e+00,2.071536827087402344e+01,3.000000000000000000e+00
2.124000000000000199e+01,3.257924652099609375e+01,8.771446228027343750e+00,2.065811347961425781e+01,3.000000000000000000e+00
2.126000000000000156e+01,3.286401367187500000e+01,8.877587318420410156e+00,2.060042572021484375e+01,3.000000000000000000e+00
2.128000000000000114e+01,3.314982986450195312e+01,8.983308792114257812e+00,2.054230117797851562e+01,3.000000000000000000e+00
2.130000000000000071e+01,3.343671798706054688e+01,9.088564872741699219e+00,2.048373413085937500e+01,3.000000000000000000e+00
2.132000000000000028e+01,3.372468185424804688e+01,9.193305969238281250e+00,2.042471885681152344e+01,3.000000000000000000e+00
2.133999999999999986e+01,3.401373672485351562e+01,9.297479629516601562e+00,2.036524772644042969e+01,3.000000000000000000e+00
2.135999999999999943e+01,3.430388641357421875e+01,9.401038169860839844e+00,2.030529785156250000e+01,3.000000000000000000e+00
2.137999999999999901e+01,3.459514236450195312e+01,9.503935813903808594e+00,2.024483489990234375e+01,3.000000000000000000e+00
2.140000000000000213e+01,3.488750839233398438e+01,9.606125831604003906e+00,2.018383026123046875e+01,3.000000000000000000e+00
2.142000000000000171e+01,3.518098068237304688e+01,9.707558631896972656e+00,2.012226104736328125e+01,3.000000000000000000e+00
2.144000000000000128e+01,3.547557449340820312e+01,9.808181762695312500e+00,2.006012153625488281e+01,3.000000000000000000e+00
2.146000000000000085e+01,3.577128982543945312e+01,9.907939910888671875e+00,1.999741554260253906e+01,3.000000000000000000e+00
2.148000000000000043e+01,3.606813049316406250e+01,1.000677680969238281e+01,1.993416023254394531e+01,3.000000000000000000e+00
2.150000000000000000e+01,3.636610412597656250e+01,1.010463428497314453e+01,1.987037849426269531e+01,3.000000000000000000e+00
2.151999999999999957e+01,3.666521453857421875e+01,1.020145225524902344e+01,1.980610084533691406e+01,3.000000000000000000e+00
2.153999999999999915e+01,3.696547698974609375e+01,1.029716968536376953e+01,1.974136924743652344e+01,3.000000000000000000e+00
2.155999999999999872e+01,3.726689529418945312e+01,1.039172458648681641e+01,1.967622756958007812e+01,3.000000000000000000e+00
2.158000000000000185e+01,3.756947326660156250e+01,1.048505783081054688e+01,1.961072349548339844e+01,3.000000000000000000e+00
2.160000000000000142e+01,3.787321090698242188e+01,1.057711315155029297e+01,1.954490470886230469e+01,3.000000000000000000e+00
2.162000000000000099e+01,3.817811203002929688e+01,1.066783237457275391e+01,1.947881889343261719e+01,3.000000000000000000e+00
2.164000000000000057e+01,3.848418045043945312e+01,1.075716209411621094e+01,1.941251945495605469e+01,3.000000000000000000e+00
2.166000000000000014e+01,3.879141616821289062e+01,1.084505367279052734e+01,1.934604644775390625e+01,3.000000000000000000e+00
2.167999999999999972e+01,3.909981536865234375e+01,1.093146324157714844e+01,1.927943992614746094e+01,3.000000000000000000e+00
2.169999999999999929e+01,3.940937042236328125e+01,1.101635074615478516e+01,1.921273422241210938e+01,3.000000000000000000e+00
2.171999999999999886e+01,3.972007751464843750e+01,1.109968090057373047e+01,1.914595985412597656e+01,3.000000000000000000e+00
2.174000000000000199e+01,4.003192901611328125e+01,1.118142127990722656e+01,1.907914733886718750e+01,3.000000000000000000e+00
2.176000000000000156e+01,4.034490966796875000e+01,1.126154804229736328e+01,1.901231575012207031e+01,3.000000000000000000e+00
2.178000000000000114e+01,4.065901184082031250e+01,1.134004020690917969e+01,1.894547653198242188e+01,3.000000000000000000e+00
2.180000000000000071e+01,4.097422409057617188e+01,1.141688346862792969e+01,1.887864303588867188e+01,3.000000000000000000e+00
2.182000000000000028e+01,4.129053115844726562e+01,1.149206161499023438e+01,1.881182098388671875e+01,3.000000000000000000e+00
2.183999999999999986e+01,4.160792160034179688e+01,1.156556701660156250e+01,1.874501800537109375e+01,3.000000000000000000e+00
2.185999999999999943e+01,4.192638015747070312e+01,1.163739395141601562e+01,1.867823410034179688e+01,3.000000000000000000e+00
2.187999999999999901e+01,4.224589920043945312e+01,1.170753860473632812e+01,1.861146736145019531e+01,3.000000000000000000e+00
2.190000000000000213e+01,4.256644821166992188e+01,1.177600193023681641e+01,1.854471397399902344e+01,3.000000000000000000e+00
2.192000000000000171e+01,4.288801956176757812e+01,1.184278392791748047e+01,1.847797203063964844e+01,3.000000000000000000e+00
2.194000000000000128e+01,4.321060562133789062e+01,1.190788650512695312e+01,1.841123771667480469e+01,3.000000000000000000e+00
2.196000000000000085e+01,4.353418731689453125e+01,1.197131443023681641e+01,1.834450912475585938e+01,3.000000000000000000e+00
2.198000000000000043e+01,4.385874938964843750e+01,1.203307151794433594e+01,1.827778053283691406e+01,3.000000000000000000e+00
2.200000000000000000e+01,4.418427658081054688e+01,1.209316539764404297e+01,1.821104049682617188e+01,3.000000000000000000e+00
2.201999999999999957e+01,4.451075744628906250e+01,1.215160083770751953e+01,1.814429092407226562e+01,3.000000000000000000e+00
2.203999999999999915e+01,4.483817672729492188e+01,1.220838356018066406e+01,1.807753181457519531e+01,3.000000000000000000e+00
2.205999999999999872e+01,4.516651916503906250e+01,1.226352119445800781e+01,1.801076126098632812e+01,3.000000000000000000e+00
2.208000000000000185e+01,4.549578094482421875e+01,1.231702136993408203e+01,1.794397544860839844e+01,3.000000000000000000e+00
2.210000000000000142e+01,4.582594299316406250e+01,1.236889266967773438e+01,1.787717056274414062e+01,3.000000000000000000e+00
2.212000000000000099e+01,4.615699386596679688e+01,1.241914176940917969e+01,1.781034660339355469e+01,3.000000000000000000e+00
2.214000000000000057e+01,4.648892211914062500e+01,1.246777629852294922e+01,1.774350929260253906e+01,3.000000000000000000e+00
2.216000000000000014e+01,4.682171630859375000e+01,1.251480484008789062e+01,1.767665672302246094e+01,3.000000000000000000e+00
2.217999999999999972e+01,4.715536499023437500e+01,1.256023693084716797e+01,1.760978698730468750e+01,3.000000000000000000e+00
2.219999999999999929e+01,4.748985290527343750e+01,1.260408210754394531e+01,1.754289817810058594e+01,3.000000000000000000e+00
2.221999999999999886e+01,4.782517242431640625e+01,1.264634895324707031e+01,1.747599411010742188e+01,3.000000000000000000e+00
2.224000000000000199e+01,4.816131210327148438e+01,1.268704414367675781e+01,1.740907859802246094e+01,3.000000000000000000e+00
2.226000000000000156e+01,4.849826431274414062e+01,1.272617912292480469e+01,1.734215354919433594e+01,3.000000000000000000e+00
2.228000000000000114e+01,4.883601760864257812e+01,1.276376438140869141e+01,1.727521324157714844e+01,3.000000000000000000e+00
2.230000000000000071e+01,4.917455673217773438e+01,1.279981040954589844e+01,1.720825767517089844e+01,3.000000000000000000e+00
2.232000000000000028e+01,4.951387405395507812e+01,1.283432865142822266e+01,1.714128875732421875e+01,3.000000000000000000e+00
2.233999999999999986e+01,4.985396575927734375e+01,1.286732673645019531e+01,1.707431030273437500e+01,3.000000000000000000e+00
2.235999999999999943e+01,5.019480895996093750e+01,1.289881706237792969e+01,1.700732231140136719e+01,3.000000000000000000e+00
2.237999999999999901e+01,5.053641128540039062e+01,1.292880916595458984e+01,1.694032287597656250e+01,3.000000000000000000e+00
2.240000000000000213e+01,5.087875366210937500e+01,1.295731639862060547e+01,1.687330627441406250e+01,3.000000000000000000e+00
2.242000000000000171e+01,5.122182846069335938e+01,1.298435115814208984e+01,1.680627250671386719e+01,3.000000000000000000e+00
2.244000000000000128e+01,5.156562423706054688e+01,1.300992393493652344e+01,1.673922348022460938e+01,3.000000000000000000e+00
2.246000000000000085e+01,5.191013336181640625e+01,1.303404617309570312e+01,1.667215728759765625e+01,3.000000000000000000e+00
2.248000000000000043e+01,5.225535202026367188e+01,1.305672931671142578e+01,1.660507202148437500e+01,3.000000000000000000e+00
2.250000000000000000e+01,5.260126495361328125e+01,1.307798767089843750e+01,1.653796195983886719e+01,3.000000000000000000e+00
2.251999999999999957e+01,5.294786453247070312e+01,1.309783363342285156e+01,1.647082519531250000e+01,3.000000000000000000e+00
2.253999999999999915e+01,5.329514694213867188e+01,1.311627483367919922e+01,1.640366935729980469e+01,3.000000000000000000e+00
2.255999999999999872e+01,5.364310455322265625e+01,1.313332366943359375e+01,1.633649063110351562e+01,3.000000000000000000e+00
2.258000000000000185e+01,5.399172210693359375e+01,1.314899444580078125e+01,1.626928710937500000e+01,3.000000000000000000e+00
2.260000000000000142e+01,5.434099578857421875e+01,1.316329956054687500e+01,1.620205497741699219e+01,3.000000000000000000e+00
2.262000000000000099e+01,5.469091415405273438e+01,1.317624759674072266e+01,1.613479423522949219e+01,3.000000000000000000e+00
2.264000000000000057e+01,5.504147720336914062e+01,1.318785095214843750e+01,1.606751060485839844e+01,3.000000000000000000e+00
2.266000000000000014e+01,5.539267730712890625e+01,1.319812107086181641e+01,1.600020027160644531e+01,3.000000000000000000e+00
2.267999999999999972e+01,5.574450302124023438e+01,1.320707130432128906e+01,1.593285751342773438e+01,3.000000000000000000e+00
2.269999999999999929e+01,5.609694671630859375e+01,1.321471405029296875e+01,1.586547851562500000e+01,3.000000000000000000e+00
2.271999999999999886e+01,5.645000839233398438e+01,1.322106170654296875e+01,1.579806423187255859e+01,3.000000000000000000e+00
2.274000000000000199e+01,5.680367660522460938e+01,1.322612476348876953e+01,1.573061656951904297e+01,3.000000000000000000e+00
2.276000000000000156e+01,5.715794754028320312e+01,1.322991561889648438e+01,1.566313457489013672e+01,3.000000000000000000e+00
2.278000000000000114e+01,5.751281738281250000e+01,1.323244476318359375e+01,1.559561347961425781e+01,3.000000000000000000e+00
2.280000000000000071e+01,5.786827850341796875e+01,1.323372745513916016e+01,1.552805042266845703e+01,3.000000000000000000e+00
2.282000000000000028e+01,5.822432327270507812e+01,1.323377132415771484e+01,1.546044635772705078e+01,3.000000000000000000e+00
2.283999999999999986e+01,5.858095550537109375e+01,1.323258876800537109e+01,1.539280509948730469e+01,3.000000000000000000e+00
2.285999999999999943e+01,5.893816375732421875e+01,1.323019123077392578e+01,1.532512378692626953e+01,3.000000000000000000e+00
2.287999999999999901e+01,5.929594421386718750e+01,1.322659111022949219e+01,1.525739765167236328e+01,3.000000000000000000e+00
2.290000000000000213e+01,5.965429306030273438e+01,1.322180271148681641e+01,1.518961906433105469e+01,3.000000000000000000e+00
2.292000000000000171e+01,6.001319885253906250e+01,1.321583557128906250e+01,1.512178897857666016e+01,3.000000000000000000e+00
2.294000000000000128e+01,6.037267303466796875e+01,1.320870208740234375e+01,1.505391025543212891e+01,3.000000000000000000e+00
2.296000000000000085e+01,6.073270416259765625e+01,1.320041275024414062e+01,1.498598003387451172e+01,3.000000000000000000e+00
2.298000000000000043e+01,6.109328460693359375e+01,1.319098091125488281e+01,1.491799354553222656e+01,3.000000000000000000e+00
2.300000000000000000e+01,6.145441818237304688e+01,1.318041992187500000e+01,1.484994697570800781e+01,3.000000000000000000e+00
2.301999999999999957e+01,6.181610107421875000e+01,1.316873836517333984e+01,1.478184509277343750e+01,3.000000000000000000e+00
2.303999999999999915e+01,6.217833328247070312e+01,1.315594577789306641e+01,1.471369838714599609e+01,3.000000000000000000e+00
2.305999999999999872e+01,6.254110717773437500e+01,1.314205169677734375e+01,1.464550781250000000e+01,3.000000000000000000e+00
2.308000000000000185e+01,6.290442657470703125e+01,1.312707042694091797e+01,1.457727241516113281e+01,3.000000000000000000e+00
2.310000000000000142e+01,6.326828384399414062e+01,1.311101245880126953e+01,1.450898742675781250e+01,3.000000000000000000e+00
2.312000000000000099e+01,6.363268280029296875e+01,1.309389114379882812e+01,1.444065666198730469e+01,3.000000000000000000e+00
2.314000000000000057e+01,6.399762725830078125e+01,1.307571506500244141e+01,1.437228584289550781e+01,3.000000000000000000e+00
2.316000000000000014e+01,6.436311340332031250e+01,1.305649662017822266e+01,1.430387306213378906e+01,3.000000000000000000e+00
2.317999999999999972e+01,6.472913360595703125e+01,1.303625106811523438e+01,1.423541069030761719e+01,3.000000000000000000e+00
2.319999999999999929e+01,6.509568786621093750e+01,1.301499366760253906e+01,1.416688251495361328e+01,3.000000000000000000e+00
2.321999999999999886e+01,6.546277618408203125e+01,1.299274063110351562e+01,1.409828376770019531e+01,3.000000000000000000e+00
2.324000000000000199e+01,6.583039093017578125e+01,1.296950435638427734e+01,1.402961635589599609e+01,3.000000000000000000e+00
2.326000000000000156e+01,6.619853210449218750e+01,1.294529533386230469e+01,1.396088314056396484e+01,3.000000000000000000e+00
2.328000000000000114e+01,6.656720733642578125e+01,1.292012882232666016e+01,1.389208889007568359e+01,3.000000000000000000e+00
2.330000000000000071e+01,6.693640899658203125e+01,1.289401817321777344e+01,1.382324123382568359e+01,3.000000000000000000e+00
2.332000000000000028e+01,6.730612182617187500e+01,1.286697292327880859e+01,1.375435733795166016e+01,3.000000000000000000e+00
2.333999999999999986e+01,6.767636108398437500e+01,1.283900642395019531e+01,1.368546390533447266e+01,3.000000000000000000e+00
2.335999999999999943e+01,6.804712677001953125e+01,1.281013011932373047e+01,1.361658477783203125e+01,3.000000000000000000e+00
2.337999999999999901e+01,6.841840362548828125e+01,1.278035831451416016e+01,1.354773712158203125e+01,3.000000000000000000e+00
2.340000000000000213e+01,6.879019927978515625e+01,1.274970626831054688e+01,1.347894287109375000e+01,3.000000000000000000e+00
2.342000000000000171e+01,6.916250610351562500e+01,1.271818923950195312e+01,1.341023063659667969e+01,3.000000000000000000e+00
2.344000000000000128e+01,6.953533172607421875e+01,1.268582248687744141e+01,1.334163188934326172e+01,3.000000000000000000e+00
2.346000000000000085e+01,6.990866088867187500e+01,1.265262413024902344e+01,1.327317333221435547e+01,3.000000000000000000e+00
2.348000000000000043e+01,7.028250122070312500e+01,1.261861324310302734e+01,1.320487689971923828e+01,3.000000000000000000e+00
2.350000000000000000e+01,7.065685272216796875e+01,1.258381080627441406e+01,1.313676071166992188e+01,3.000000000000000000e+00
2.351999999999999957e+01,7.103170013427734375e+01,1.254823970794677734e+01,1.306885433197021484e+01,3.000000000000000000e+00
2.353999999999999915e+01,7.140705108642578125e+01,1.251191997528076172e+01,1.300118350982666016e+01,3.000000000000000000e+00
2.355999999999999872e+01,7.178290557861328125e+01,1.247487640380859375e+01,1.293377399444580078e+01,3.000000000000000000e+00
2.358000000000000185e+01,7.215925598144531250e+01,1.243713665008544922e+01,1.286664485931396484e+01,3.000000000000000000e+00
2.360000000000000142e+01,7.253610229492187500e+01,1.239872646331787109e+01,1.279980945587158203e+01,3.000000000000000000e+00
2.362000000000000099e+01,7.291344451904296875e+01,1.235967540740966797e+01,1.273329162597656250e+01,3.000000000000000000e+00
2.364000000000000057e+01,7.329127502441406250e+01,1.232001304626464844e+01,1.266711330413818359e+01,3.000000000000000000e+00
2.366000000000000014e+01,7.366959381103515625e+01,1.227976894378662109e+01,1.260129451751708984e+01,3.000000000000000000e+00
2.367999999999999972e+01,7.404840087890625000e+01,1.223897361755371094e+01,1.253585338592529297e+01,3.000000000000000000e+00
2.369999999999999929e+01,7.442769622802734375e+01,1.219766044616699219e+01,1.247080326080322266e+01,3.000000000000000000e+00
2.371999999999999886e+01,7.480747985839843750e+01,1.215586376190185547e+01,1.240616512298583984e+01,3.000000000000000000e+00
2.374000000000000199e+01,7.518773651123046875e+01,1.211361694335937500e+01,1.234195804595947266e+01,3.000000000000000000e+00
2.376000000000000156e+01,7.556847381591796875e+01,1.207095527648925781e+01,1.227820110321044922e+01,3.000000000000000000e+00
2.378000000000000114e+01,7.594968414306640625e+01,1.202791404724121094e+01,1.221491050720214844e+01,3.000000000000000000e+00
2.380000000000000071e+01,7.633137512207031250e+01,1.198453044891357422e+01,1.215210723876953125e+01,3.000000000000000000e+00
2.382000000000000028e+01,7.671353912353515625e+01,1.194084358215332031e+01,1.208980560302734375e+01,3.000000000000000000e+00
2.383999999999999986e+01,7.709618377685546875e+01,1.189689064025878906e+01,1.202802371978759766e+01,3.000000000000000000e+00
2.385999999999999943e+01,7.747928619384765625e+01,1.185270977020263672e+01,1.196677970886230469e+01,3.000000000000000000e+00
2.387999999999999901e+01,7.786286163330078125e+01,1.180834102630615234e+01,1.190609264373779297e+01,3.000000000000000000e+00
2.390000000000000213e+01,7.824689483642578125e+01,1.176382446289062500e+01,1.184597969055175781e+01,3.000000000000000000e+00
2.392000000000000171e+01,7.863139343261718750e+01,1.171920013427734375e+01,1.178645324707031250e+01,3.000000000000000000e+00
2.394000000000000128e+01,7.901634979248046875e+01,1.167450809478759766e+01,1.172752857208251953e+01,3.000000000000000000e+00
2.396000000000000085e+01,7.940176391601562500e+01,1.162979125976562500e+01,1.166922092437744141e+01,3.000000000000000000e+00
2.398000000000000043e+01,7.978762817382812500e+01,1.158509063720703125e+01,1.161154747009277344e+01,3.000000000000000000e+00
2.400000000000000000e+01,8.017394256591796875e+01,1.154044628143310547e+01,1.155452156066894531e+01,3.000000000000000000e+00
2.401999999999999957e+01,8.056069946289062500e+01,1.149590206146240234e+01,1.149815464019775391e+01,3.000000000000000000e+00
2.403999999999999915e+01,8.094789886474609375e+01,1.145149898529052734e+01,1.144245719909667969e+01,3.000000000000000000e+00
2.406000000000000227e+01,8.133553314208984375e+01,1.140727806091308594e+01,1.138744449615478516e+01,3.000000000000000000e+00
2.408000000000000185e+01,8.172359466552734375e+01,1.136328125000000000e+01,1.133312797546386719e+01,3.000000000000000000e+00
2.410000000000000142e+01,8.211208343505859375e+01,1.131955146789550781e+01,1.127951908111572266e+01,3.000000000000000000e+00
2.412000000000000099e+01,8.250099182128906250e+01,1.127612781524658203e+01,1.122662258148193359e+01,3.000000000000000000e+00
2.414000000000000057e+01,8.289031982421875000e+01,1.123305320739746094e+01,1.117444324493408203e+01,3.000000000000000000e+00
2.416000000000000014e+01,8.328005981445312500e+01,1.119036769866943359e+01,1.112298965454101562e+01,3.000000000000000000e+00
2.417999999999999972e+01,8.367018890380859375e+01,1.114811134338378906e+01,1.107227325439453125e+01,3.000000000000000000e+00
2.419999999999999929e+01,8.406073760986328125e+01,1.110632419586181641e+01,1.102230167388916016e+01,3.000000000000000000e+00
2.421999999999999886e+01,8.445166778564453125e+01,1.106504535675048828e+01,1.097307777404785156e+01,3.000000000000000000e+00
2.424000000000000199e+01,8.484297943115234375e+01,1.102431297302246094e+01,1.092460536956787109e+01,3.000000000000000000e+00
2.426000000000000156e+01,8.523467254638671875e+01,1.098416519165039062e+01,1.087689304351806641e+01,3.000000000000000000e+00
2.428000000000000114e+01,8.562672424316406250e+01,1.094464015960693359e+01,1.082994747161865234e+01,3.000000000000000000e+00
2.430000000000000071e+01,8.601914215087890625e+01,1.090577411651611328e+01,1.078377628326416016e+01,3.000000000000000000e+00
2.432000000000000028e+01,8.641190338134765625e+01,1.086760330200195312e+01,1.073837947845458984e+01,3.000000000000000000e+00
2.433999999999999986e+01,8.680501556396484375e+01,1.083016014099121094e+01,1.069375801086425781e+01,3.000000000000000000e+00
2.435999999999999943e+01,8.719845581054687500e+01,1.079348182678222656e+01,1.064991569519042969e+01,3.000000000000000000e+00
2.437999999999999901e+01,8.759223175048828125e+01,1.075759983062744141e+01,1.060685729980468750e+01,3.000000000000000000e+00
2.440000000000000213e+01,8.798632049560546875e+01,1.072254657745361328e+01,1.056458568572998047e+01,3.000000000000000000e+00
2.442000000000000171e+01,8.838072204589843750e+01,1.068835449218750000e+01,1.052309799194335938e+01,3.000000000000000000e+00
2.444000000000000128e+01,8.877542114257812500e+01,1.065505218505859375e+01,1.048238945007324219e+01,3.000000000000000000e+00
2.446000000000000085e+01,8.917040252685546875e+01,1.062266826629638672e+01,1.044246196746826172e+01,3.000000000000000000e+00
2.448000000000000043e+01,8.956567382812500000e+01,1.059123229980468750e+01,1.040331649780273438e+01,3.000000000000000000e+00
2.450000000000000000e+01,8.996121215820312500e+01,1.056077098846435547e+01,1.036495304107666016e+01,3.000000000000000000e+00
2.451999999999999957e+01,9.035700988769531250e+01,1.053131103515625000e+01,1.032736778259277344e+01,3.000000000000000000e+00
2.453999999999999915e+01,9.075305175781250000e+01,1.050287628173828125e+01,1.029055690765380859e+01,3.000000000000000000e+00
2.456000000000000227e+01,9.114933013916015625e+01,1.047549247741699219e+01,1.025452327728271484e+01,3.000000000000000000e+00
2.458000000000000185e+01,9.154583740234375000e+01,1.044918346405029297e+01,1.021926784515380859e+01,3.000000000000000000e+00
2.460000000000000142e+01,9.194256591796875000e+01,1.042397117614746094e+01,1.018479347229003906e+01,3.000000000000000000e+00
2.462000000000000099e+01,9.233948516845703125e+01,1.039987754821777344e+01,1.015109729766845703e+01,3.000000000000000000e+00
2.464000000000000057e+01,9.273659515380859375e+01,1.037692356109619141e+01,1.011817932128906250e+01,3.000000000000000000e+00
2.466000000000000014e+01,9.313389587402343750e+01,1.035512733459472656e+01,1.008604240417480469e+01,3.000000000000000000e+00
2.467999999999999972e+01,9.353136444091796875e+01,1.033450984954833984e+01,1.005468750000000000e+01,3.000000000000000000e+00
2.469999999999999929e+01,9.392899322509765625e+01,1.031508922576904297e+01,1.002411746978759766e+01,3.000000000000000000e+00
2.471999999999999886e+01,9.432676696777343750e+01,1.029688072204589844e+01,9.994332313537597656e+00,3.000000000000000000e+00
2.474000000000000199e+01,9.472466278076171875e+01,1.027990150451660156e+01,9.965331077575683594e+00,3.000000000000000000e+00
2.476000000000000156e+01,9.512268066406250000e+01,1.026416873931884766e+01,9.937120437622070312e+00,3.000000000000000000e+00
2.478000000000000114e+01,9.552081298828125000e+01,1.024969482421875000e+01,9.909700393676757812e+00,3.000000000000000000e+00
2.480000000000000071e+01,9.591902160644531250e+01,1.023649406433105469e+01,9.883072853088378906e+00,3.000000000000000000e+00
2.482000000000000028e+01,9.631729888916015625e+01,1.022457885742187500e+01,9.857237815856933594e+00,3.000000000000000000e+00
2.483999999999999986e+01,9.671563720703125000e+01,1.021395969390869141e+01,9.832189559936523438e+00,3.000000000000000000e+00
2.485999999999999943e+01,9.711401367187500000e+01,1.020464706420898438e+01,9.807932853698730469e+00,3.000000000000000000e+00
2.487999999999999901e+01,9.751242065429687500e+01,1.019664955139160156e+01,9.784465789794921875e+00,3.000000000000000000e+00
2.490000000000000213e+01,9.791082763671875000e+01,1.018997669219970703e+01,9.761792182922363281e+00,3.000000000000000000e+00
2.492000000000000171e+01,9.830922698974609375e+01,1.018463611602783203e+01,9.739915847778320312e+00,3.000000000000000000e+00
2.494000000000000128e+01,9.870759582519531250e+01,1.018063735961914062e+01,9.718844413757324219e+00,3.000000000000000000e+00
2.496000000000000085e+01,9.910591888427734375e+01,1.017798423767089844e+01,9.698585510253906250e+00,3.000000000000000000e+00
2.498000000000000043e+01,9.950418090820312500e+01,1.017668342590332031e+01,9.679146766662597656e+00,3.000000000000000000e+00
2.500000000000000000e+01,9.990236663818359375e+01,1.017673683166503906e+01,9.660534858703613281e+00,3.000000000000000000e+00
2.501999999999999957e+01,1.003004608154296875e+02,1.017814826965332031e+01,9.642757415771484375e+00,3.000000000000000000e+00
2.503999999999999915e+01,1.006984329223632812e+02,1.018091964721679688e+01,9.625821113586425781e+00,3.000000000000000000e+00
2.506000000000000227e+01,1.010962829589843750e+02,1.018505382537841797e+01,9.609735488891601562e+00,3.000000000000000000e+00
2.508000000000000185e+01,1.014939880371093750e+02,1.019054698944091797e+01,9.594502449035644531e+00,3.000000000000000000e+00
2.510000000000000142e+01,1.018915328979492188e+02,1.019739532470703125e+01,9.580124855041503906e+00,3.000000000000000000e+00
2.512000000000000099e+01,1.022889099121093750e+02,1.020559597015380859e+01,9.566606521606445312e+00,3.000000000000000000e+00
2.514000000000000057e+01,1.026860961914062500e+02,1.021514606475830078e+01,9.553951263427734375e+00,3.000000000000000000e+00
2.516000000000000014e+01,1.030830688476562500e+02,1.022603893280029297e+01,9.542160987854003906e+00,3.000000000000000000e+00
2.517999999999999972e+01,1.034798202514648438e+02,1.023826789855957031e+01,9.531233787536621094e+00,3.000000000000000000e+00
2.519999999999999929e+01,1.038763351440429688e+02,1.025182533264160156e+01,9.521167755126953125e+00,3.000000000000000000e+00
2.521999999999999886e+01,1.042725906372070312e+02,1.026670169830322266e+01,9.511960029602050781e+00,3.000000000000000000e+00
2.524000000000000199e+01,1.046685867309570312e+02,1.028288936614990234e+01,9.503615379333496094e+00,3.000000000000000000e+00
2.526000000000000156e+01,1.050643157958984375e+02,1.030037975311279297e+01,9.496129035949707031e+00,3.000000000000000000e+00
2.528000000000000114e+01,1.054597396850585938e+02,1.031916236877441406e+01,9.489498138427734375e+00,3.000000000000000000e+00
2.530000000000000071e+01,1.058548660278320312e+02,1.033922576904296875e+01,9.483716964721679688e+00,3.000000000000000000e+00
2.532000000000000028e+01,1.062496719360351562e+02,1.036055946350097656e+01,9.478784561157226562e+00,3.000000000000000000e+00
2.533999999999999986e+01,1.066441421508789062e+02,1.038315296173095703e+01,9.474698066711425781e+00,3.000000000000000000e+00
2.535999999999999943e+01,1.070382766723632812e+02,1.040699386596679688e+01,9.471453666687011719e+00,3.000000000000000000e+00
2.537999999999999901e+01,1.074320602416992188e+02,1.043206977844238281e+01,9.469045639038085938e+00,3.000000000000000000e+00
2.540000000000000213e+01,1.078254699707031250e+02,1.045836734771728516e+01,9.467471122741699219e+00,3.000000000000000000e+00
2.542000000000000171e+01,1.082184982299804688e+02,1.048587703704833984e+01,9.466727256774902344e+00,3.000000000000000000e+00
2.544000000000000128e+01,1.086111450195312500e+02,1.051458644866943359e+01,9.466815948486328125e+00,3.000000000000000000e+00
2.546000000000000085e+01,1.090033874511718750e+02,1.054448032379150391e+01,9.467733383178710938e+00,3.000000000000000000e+00
2.548000000000000043e+01,1.093952178955078125e+02,1.057554817199707031e+01,9.469476699829101562e+00,3.000000000000000000e+00
2.550000000000000000e+01,1.097866287231445312e+02,1.060777568817138672e+01,9.472043037414550781e+00,3.000000000000000000e+00
2.551999999999999957e+01,1.101776046752929688e+02,1.064114761352539062e+01,9.475430488586425781e+00,3.000000000000000000e+00
2.553999999999999915e+01,1.105681381225585938e+02,1.067564868927001953e+01,9.479637145996093750e+00,3.000000000000000000e+00
2.556000000000000227e+01,1.109582138061523438e+02,1.071126461029052734e+01,9.484660148620605469e+00,3.000000000000000000e+00
2.558000000000000185e+01,1.113478240966796875e+02,1.074797916412353516e+01,9.490499496459960938e+00,3.000000000000000000e+00
2.560000000000000142e+01,1.117369689941406250e+02,1.078577613830566406e+01,9.497151374816894531e+00,3.000000000000000000e+00
2.562000000000000099e+01,1.121256256103515625e+02,1.082463741302490234e+01,9.504613876342773438e+00,3.000000000000000000e+00
2.564000000000000057e+01,1.125137939453125000e+02,1.086454486846923828e+01,9.512887001037597656e+00,3.000000000000000000e+00
2.566000000000000014e+01,1.129014587402343750e+02,1.090548038482666016e+01,9.521970748901367188e+00,3.000000000000000000e+00
2.567999999999999972e+01,1.132886199951171875e+02,1.094742488861083984e+01,9.531860351562500000e+00,3.000000000000000000e+00
2.569999999999999929e+01,1.136752624511718750e+02,1.099035835266113281e+01,9.542556762695312500e+00,3.000000000000000000e+00
2.571999999999999886e+01,1.140613784790039062e+02,1.103425979614257812e+01,9.554058074951171875e+00,3.000000000000000000e+00
2.574000000000000199e+01,1.144469680786132812e+02,1.107910823822021484e+01,9.566366195678710938e+00,3.000000000000000000e+00
2.576000000000000156e+01,1.148320236206054688e+02,1.112487983703613281e+01,9.579480171203613281e+00,3.000000000000000000e+00
2.578000000000000114e+01,1.152165298461914062e+02,1.117155361175537109e+01,9.593397140502929688e+00,3.000000000000000000e+00
2.580000000000000071e+01,1.156004791259765625e+02,1.121910285949707031e+01,9.608116149902343750e+00,3.000000000000000000e+00
2.582000000000000028e+01,1.159838790893554688e+02,1.126750564575195312e+01,9.623636245727539062e+00,3.000000000000000000e+00
2.583999999999999986e+01,1.163667221069335938e+02,1.131673431396484375e+01,9.639953613281250000e+00,3.000000000000000000e+00
2.585999999999999943e+01,1.167489929199218750e+02,1.136676406860351562e+01,9.657065391540527344e+00,3.000000000000000000e+00
2.587999999999999901e+01,1.171306915283203125e+02,1.141756534576416016e+01,9.674968719482421875e+00,3.000000000000000000e+00
2.590000000000000213e+01,1.175118179321289062e+02,1.146911239624023438e+01,9.693660736083984375e+00,3.000000000000000000e+00
2.592000000000000171e+01,1.178923721313476562e+02,1.152137565612792969e+01,9.713139533996582031e+00,3.000000000000000000e+00
2.594000000000000128e+01,1.182723236083984375e+02,1.157432651519775391e+01,9.733405113220214844e+00,3.000000000000000000e+00
2.596000000000000085e+01,1.186516952514648438e+02,1.162793254852294922e+01,9.754457473754882812e+00,3.000000000000000000e+00
2.598000000000000043e+01,1.190304870605468750e+02,1.168216514587402344e+01,9.776289939880371094e+00,3.000000000000000000e+00
2.600000000000000000e+01,1.194086761474609375e+02,1.173699092864990234e+01,9.798898696899414062e+00,3.000000000000000000e+00
2.601999999999999957e+01,1.197862777709960938e+02,1.179237937927246094e+01,9.822285652160644531e+00,3.000000000000000000e+00
2.603999999999999915e+01,1.201632843017578125e+02,1.184829521179199219e+01,9.846451759338378906e+00,3.000000000000000000e+00
2.606000000000000227e+01,1.205396957397460938e+02,1.190470504760742188e+01,9.871394157409667969e+00,3.000000000000000000e+00
2.608000000000000185e+01,1.209155197143554688e+02,1.196157455444335938e+01,9.897106170654296875e+00,3.000000000000000000e+00
2.610000000000000142e+01,1.212907333374023438e+02,1.201886940002441406e+01,9.923580169677734375e+00,3.000000000000000000e+00
2.612000000000000099e+01,1.216653594970703125e+02,1.207655334472656250e+01,9.950812339782714844e+00,3.000000000000000000e+00
2.614000000000000057e+01,1.220393905639648438e+02,1.213458728790283203e+01,9.978800773620605469e+00,3.000000000000000000e+00
2.616000000000000014e+01,1.224128265380859375e+02,1.219293594360351562e+01,1.000754070281982422e+01,3.000000000000000000e+00
2.617999999999999972e+01,1.227856750488281250e+02,1.225156211853027344e+01,1.003702735900878906e+01,3.000000000000000000e+00
2.619999999999999929e+01,1.231579208374023438e+02,1.231042671203613281e+01,1.006725406646728516e+01,3.000000000000000000e+00
2.621999999999999886e+01,1.235295791625976562e+02,1.236948966979980469e+01,1.009821796417236328e+01,3.000000000000000000e+00
2.624000000000000199e+01,1.239006347656250000e+02,1.242871189117431641e+01,1.012991619110107422e+01,3.000000000000000000e+00
2.626000000000000156e+01,1.242710952758789062e+02,1.248805141448974609e+01,1.016234493255615234e+01,3.000000000000000000e+00
2.628000000000000114e+01,1.246409606933593750e+02,1.254746913909912109e+01,1.019549560546875000e+01,3.000000000000000000e+00
2.630000000000000071e+01,1.250102233886718750e+02,1.260692310333251953e+01,1.022936058044433594e+01,3.000000000000000000e+00
2.632000000000000028e+01,1.253788833618164062e+02,1.266637229919433594e+01,1.026393222808837891e+01,3.000000000000000000e+00
2.633999999999999986e+01,1.257469482421875000e+02,1.272577571868896484e+01,1.029920673370361328e+01,3.000000000000000000e+00
2.635999999999999943e+01,1.261144180297851562e+02,1.278508949279785156e+01,1.033517456054687500e+01,3.000000000000000000e+00
2.637999999999999901e+01,1.264812774658203125e+02,1.284427165985107422e+01,1.037183189392089844e+01,3.000000000000000000e+00
2.640000000000000213e+01,1.268475341796875000e+02,1.290327930450439453e+01,1.040916633605957031e+01,3.000000000000000000e+00
2.642000000000000171e+01,1.272131958007812500e+02,1.296207141876220703e+01,1.044717025756835938e+01,3.000000000000000000e+00
2.644000000000000128e+01,1.275782623291015625e+02,1.302060413360595703e+01,1.048583889007568359e+01,3.000000000000000000e+00
2.646000000000000085e+01,1.279427185058593750e+02,1.307883548736572266e+01,1.052516174316406250e+01,3.000000000000000000e+00
2.648000000000000043e+01,1.283065795898437500e+02,1.313672256469726562e+01,1.056512832641601562e+01,3.000000000000000000e+00
2.650000000000000000e+01,1.286698455810546875e+02,1.319422245025634766e+01,1.060572528839111328e+01,3.000000000000000000e+00
2.651999999999999957e+01,1.290325164794921875e+02,1.325129222869873047e+01,1.064694309234619141e+01,3.000000000000000000e+00
2.653999999999999915e+01,1.293945922851562500e+02,1.330788993835449219e+01,1.068877220153808594e+01,3.000000000000000000e+00
2.656000000000000227e+01,1.297560729980468750e+02,1.336397266387939453e+01,1.073120594024658203e+01,3.000000000000000000e+00
2.658000000000000185e+01,1.301169586181640625e+02,1.341949939727783203e+01,1.077422714233398438e+01,3.000000000000000000e+00
2.660000000000000142e+01,1.304772338867187500e+02,1.347442722320556641e+01,1.081782436370849609e+01,3.000000000000000000e+00
2.662000000000000099e+01,1.308369293212890625e+02,1.352871417999267578e+01,1.086198806762695312e+01,4.000000000000000000e+00
2.664000000000000057e+01,1.311955871582031250e+02,1.358203029632568359e+01,1.090837860107421875e+01,4.000000000000000000e+00
2.666000000000000014e+01,1.315529632568359375e+02,1.363413047790527344e+01,1.095808029174804688e+01,4.000000000000000000e+00
2.667999999999999972e+01,1.319091033935546875e+02,1.368501758575439453e+01,1.101078796386718750e+01,4.000000000000000000e+00
2.669999999999999929e+01,1.322641448974609375e+02,1.373473453521728516e+01,1.106598854064941406e+01,4.000000000000000000e+00
2.671999999999999886e+01,1.326181182861328125e+02,1.378331756591796875e+01,1.112324905395507812e+01,4.000000000000000000e+00
2.674000000000000199e+01,1.329710540771484375e+02,1.383078575134277344e+01,1.118225669860839844e+01,4.000000000000000000e+00
2.676000000000000156e+01,1.333229675292968750e+02,1.387714290618896484e+01,1.124281215667724609e+01,4.000000000000000000e+00
2.678000000000000114e+01,1.336738281250000000e+02,1.392237663269042969e+01,1.130481243133544922e+01,4.000000000000000000e+00
2.680000000000000071e+01,1.340236053466796875e+02,1.396646213531494141e+01,1.136822128295898438e+01,4.000000000000000000e+00
2.682000000000000028e+01,1.343722229003906250e+02,1.400936126708984375e+01,1.143304920196533203e+01,4.000000000000000000e+00
2.683999999999999986e+01,1.347196197509765625e+02,1.405103588104248047e+01,1.149933338165283203e+01,4.000000000000000000e+00
2.685999999999999943e+01,1.350657043457031250e+02,1.409144210815429688e+01,1.156712436676025391e+01,4.000000000000000000e+00
2.687999999999999901e+01,1.354103851318359375e+02,1.413053798675537109e+01,1.163646984100341797e+01,4.000000000000000000e+00
2.690000000000000213e+01,1.357536315917968750e+02,1.416828632354736328e+01,1.170740985870361328e+01,4.000000000000000000e+00
2.692000000000000171e+01,1.360953369140625000e+02,1.420465087890625000e+01,1.177996635437011719e+01,4.000000000000000000e+00
2.694000000000000128e+01,1.364354248046875000e+02,1.423960590362548828e+01,1.185414505004882812e+01,4.000000000000000000e+00
2.696000000000000085e+01,1.367738494873046875e+02,1.427312946319580078e+01,1.192993354797363281e+01,4.000000000000000000e+00
2.698000000000000043e+01,1.371105499267578125e+02,1.430520534515380859e+01,1.200729846954345703e+01,4.000000000000000000e+00
2.700000000000000000e+01,1.374455261230468750e+02,1.433582687377929688e+01,1.208618354797363281e+01,4.000000000000000000e+00
2.701999999999999957e+01,1.377787322998046875e+02,1.436499500274658203e+01,1.216651535034179688e+01,4.000000000000000000e+00
2.703999999999999915e+01,1.381101226806640625e+02,1.439271640777587891e+01,1.224820041656494141e+01,4.000000000000000000e+00
2.706000000000000227e+01,1.384397277832031250e+02,1.441900444030761719e+01,1.233113288879394531e+01,4.000000000000000000e+00
2.708000000000000185e+01,1.387675323486328125e+02,1.444387626647949219e+01,1.241519451141357422e+01,4.000000000000000000e+00
2.710000000000000142e+01,1.390935363769531250e+02,1.446735572814941406e+01,1.250026130676269531e+01,4.000000000000000000e+00
2.712000000000000099e+01,1.394177703857421875e+02,1.448946952819824219e+01,1.258620071411132812e+01,4.000000000000000000e+00
2.714000000000000057e+01,1.397402496337890625e+02,1.451024913787841797e+01,1.267287826538085938e+01,4.000000000000000000e+00
2.716000000000000014e+01,1.400610046386718750e+02,1.452972412109375000e+01,1.276015949249267578e+01,4.000000000000000000e+00
2.717999999999999972e+01,1.403800811767578125e+02,1.454792976379394531e+01,1.284790802001953125e+01,4.000000000000000000e+00
2.719999999999999929e+01,1.406975097656250000e+02,1.456489944458007812e+01,1.293599414825439453e+01,4.000000000000000000e+00
2.721999999999999886e+01,1.410133209228515625e+02,1.458066749572753906e+01,1.302428817749023438e+01,4.000000000000000000e+00
2.724000000000000199e+01,1.413275604248046875e+02,1.459526920318603516e+01,1.311266803741455078e+01,4.000000000000000000e+00
2.726000000000000156e+01,1.416402130126953125e+02,1.460873603820800781e+01,1.320102024078369141e+01,4.000000000000000000e+00
2.728000000000000114e+01,1.419514007568359375e+02,1.462110042572021484e+01,1.328923702239990234e+01,4.000000000000000000e+00
2.730000000000000071e+01,1.422611083984375000e+02,1.463239097595214844e+01,1.337722492218017578e+01,4.000000000000000000e+00
2.732000000000000028e+01,1.425693817138671875e+02,1.464263629913330078e+01,1.346489048004150391e+01,4.000000000000000000e+00
2.733999999999999986e+01,1.428762359619140625e+02,1.465186405181884766e+01,1.355215454101562500e+01,4.000000000000000000e+00
2.735999999999999943e+01,1.431817169189453125e+02,1.466009616851806641e+01,1.363894557952880859e+01,4.000000000000000000e+00
2.737999999999999901e+01,1.434858398437500000e+02,1.466735458374023438e+01,1.372519874572753906e+01,4.000000000000000000e+00
2.740000000000000213e+01,1.437886352539062500e+02,1.467365932464599609e+01,1.381086158752441406e+01,4.000000000000000000e+00
2.742000000000000171e+01,1.440901336669921875e+02,1.467902851104736328e+01,1.389588451385498047e+01,4.000000000000000000e+00
2.744000000000000128e+01,1.443903503417968750e+02,1.468347835540771484e+01,1.398022556304931641e+01,4.000000000000000000e+00
2.746000000000000085e+01,1.446893005371093750e+02,1.468702220916748047e+01,1.406385040283203125e+01,4.000000000000000000e+00
2.748000000000000043e+01,1.449869689941406250e+02,1.468967342376708984e+01,1.414673233032226562e+01,4.000000000000000000e+00
2.750000000000000000e+01,1.452834014892578125e+02,1.469144344329833984e+01,1.422884750366210938e+01,4.000000000000000000e+00
2.751999999999999957e+01,1.455786132812500000e+02,1.469234180450439453e+01,1.431017494201660156e+01,4.000000000000000000e+00
2.753999999999999915e+01,1.458726043701171875e+02,1.469237995147705078e+01,1.439069843292236328e+01,4.000000000000000000e+00
2.756000000000000227e+01,1.461653900146484375e+02,1.469156646728515625e+01,1.447040557861328125e+01,4.000000000000000000e+00
2.758000000000000185e+01,1.464569854736328125e+02,1.468990898132324219e+01,1.454928588867187500e+01,4.000000000000000000e+00
2.760000000000000142e+01,1.467473602294921875e+02,1.468741512298583984e+01,1.462733364105224609e+01,4.000000000000000000e+00
2.762000000000000099e+01,1.470365905761718750e+02,1.468409347534179688e+01,1.470453929901123047e+01,4.000000000000000000e+00
2.764000000000000057e+01,1.473246002197265625e+02,1.467995071411132812e+01,1.478089904785156250e+01,4.000000000000000000e+00
2.766000000000000014e+01,1.476114654541015625e+02,1.467499160766601562e+01,1.485640811920166016e+01,4.000000000000000000e+00
2.767999999999999972e+01,1.478971862792968750e+02,1.466922569274902344e+01,1.493106555938720703e+01,4.000000000000000000e+00
2.769999999999999929e+01,1.481817321777343750e+02,1.466265869140625000e+01,1.500487041473388672e+01,4.000000000000000000e+00
2.771999999999999886e+01,1.484650878906250000e+02,1.465529727935791016e+01,1.507782173156738281e+01,4.000000000000000000e+00
2.774000000000000199e+01,1.487472991943359375e+02,1.464714813232421875e+01,1.514991474151611328e+01,4.000000000000000000e+00
2.776000000000000156e+01,1.490283966064453125e+02,1.463821697235107422e+01,1.522115230560302734e+01,4.000000000000000000e+00
2.778000000000000114e+01,1.493083953857421875e+02,1.462851047515869141e+01,1.529153347015380859e+01,4.000000000000000000e+00
2.780000000000000071e+01,1.495872497558593750e+02,1.461803436279296875e+01,1.536106014251708984e+01,4.000000000000000000e+00
2.782000000000000028e+01,1.498649597167968750e+02,1.460679626464843750e+01,1.542972946166992188e+01,4.000000000000000000e+00
2.783999999999999986e+01,1.501415863037109375e+02,1.459480285644531250e+01,1.549754428863525391e+01,4.000000000000000000e+00
2.785999999999999943e+01,1.504170837402343750e+02,1.458206081390380859e+01,1.556450176239013672e+01,4.000000000000000000e+00
2.787999999999999901e+01,1.506914978027343750e+02,1.456857585906982422e+01,1.563060569763183594e+01,4.000000000000000000e+00
2.790000000000000213e+01,1.509647979736328125e+02,1.455435466766357422e+01,1.569585514068603516e+01,4.000000000000000000e+00
2.792000000000000171e+01,1.512370147705078125e+02,1.453940486907958984e+01,1.576025199890136719e+01,4.000000000000000000e+00
2.794000000000000128e+01,1.515081634521484375e+02,1.452373313903808594e+01,1.582379531860351562e+01,4.000000000000000000e+00
2.796000000000000085e+01,1.517782440185546875e+02,1.450734615325927734e+01,1.588648700714111328e+01,4.000000000000000000e+00
2.798000000000000043e+01,1.520472564697265625e+02,1.449025058746337891e+01,1.594832801818847656e+01,4.000000000000000000e+00
2.800000000000000000e+01,1.523152160644531250e+02,1.447245311737060547e+01,1.600932121276855469e+01,4.000000000000000000e+00
2.801999999999999957e+01,1.525821228027343750e+02,1.445396137237548828e+01,1.606946563720703125e+01,4.000000000000000000e+00
2.803999999999999915e+01,1.528479766845703125e+02,1.443478107452392578e+01,1.612876319885253906e+01,4.000000000000000000e+00
2.806000000000000227e+01,1.531127929687500000e+02,1.441491985321044922e+01,1.618721771240234375e+01,4.000000000000000000e+00
2.808000000000000185e+01,1.533765869140625000e+02,1.439438343048095703e+01,1.624483108520507812e+01,4.000000000000000000e+00
2.810000000000000142e+01,1.536393737792968750e+02,1.437317848205566406e+01,1.630160522460937500e+01,4.000000000000000000e+00
2.812000000000000099e+01,1.539011383056640625e+02,1.435131263732910156e+01,1.635754585266113281e+01,4.000000000000000000e+00
2.814000000000000057e+01,1.541618804931640625e+02,1.432879352569580078e+01,1.641265106201171875e+01,4.000000000000000000e+00
2.816000000000000014e+01,1.544216308593750000e+02,1.430562782287597656e+01,1.646692848205566406e+01,4.000000000000000000e+00
2.817999999999999972e+01,1.546804046630859375e+02,1.428182029724121094e+01,1.652038002014160156e+01,4.000000000000000000e+00
2.819999999999999929e+01,1.549381866455078125e+02,1.425737857818603516e+01,1.657301139831542969e+01,4.000000000000000000e+00
2.821999999999999886e+01,1.551949920654296875e+02,1.423230934143066406e+01,1.662482452392578125e+01,4.000000000000000000e+00
2.824000000000000199e+01,1.554508209228515625e+02,1.420662021636962891e+01,1.667582702636718750e+01,4.000000000000000000e+00
2.826000000000000156e+01,1.557057037353515625e+02,1.418031692504882812e+01,1.672601890563964844e+01,4.000000000000000000e+00
2.828000000000000114e+01,1.559596252441406250e+02,1.415340709686279297e+01,1.677540779113769531e+01,4.000000000000000000e+00
2.830000000000000071e+01,1.562126007080078125e+02,1.412589836120605469e+01,1.682399749755859375e+01,4.000000000000000000e+00
2.832000000000000028e+01,1.564646453857421875e+02,1.409779548645019531e+01,1.687179565429687500e+01,4.000000000000000000e+00
2.833999999999999986e+01,1.567157440185546875e+02,1.406910610198974609e+01,1.691880798339843750e+01,4.000000000000000000e+00
2.835999999999999943e+01,1.569659271240234375e+02,1.403983783721923828e+01,1.696504020690917969e+01,4.000000000000000000e+00
2.837999999999999901e+01,1.572151947021484375e+02,1.400999736785888672e+01,1.701049995422363281e+01,4.000000000000000000e+00
2.840000000000000213e+01,1.574635620117187500e+02,1.397959136962890625e+01,1.705518913269042969e+01,4.000000000000000000e+00
2.842000000000000171e+01,1.577110137939453125e+02,1.394862747192382812e+01,1.709912490844726562e+01,4.000000000000000000e+00
2.844000000000000128e+01,1.579575653076171875e+02,1.391711330413818359e+01,1.714230346679687500e+01,4.000000000000000000e+00
2.846000000000000085e+01,1.582032470703125000e+02,1.388505458831787109e+01,1.718473625183105469e+01,4.000000000000000000e+00
2.848000000000000043e+01,1.584480438232421875e+02,1.385245990753173828e+01,1.722642898559570312e+01,4.000000000000000000e+00
2.850000000000000000e+01,1.586919708251953125e+02,1.381933593750000000e+01,1.726738929748535156e+01,4.000000000000000000e+00
2.851999999999999957e+01,1.589350280761718750e+02,1.378569221496582031e+01,1.730762100219726562e+01,4.000000000000000000e+00
2.853999999999999915e+01,1.591772460937500000e+02,1.375153446197509766e+01,1.734713172912597656e+01,4.000000000000000000e+00
2.856000000000000227e+01,1.594186096191406250e+02,1.371687316894531250e+01,1.738592720031738281e+01,4.000000000000000000e+00
2.858000000000000185e+01,1.596591339111328125e+02,1.368171310424804688e+01,1.742401695251464844e+01,4.000000000000000000e+00
2.860000000000000142e+01,1.598988342285156250e+02,1.364606475830078125e+01,1.746140670776367188e+01,4.000000000000000000e+00
2.862000000000000099e+01,1.601377105712890625e+02,1.360993480682373047e+01,1.749810218811035156e+01,4.000000000000000000e+00
2.864000000000000057e+01,1.603757629394531250e+02,1.357333278656005859e+01,1.753410911560058594e+01,4.000000000000000000e+00
2.866000000000000014e+01,1.606130371093750000e+02,1.353626728057861328e+01,1.756943511962890625e+01,4.000000000000000000e+00
2.867999999999999972e+01,1.608494873046875000e+02,1.349874591827392578e+01,1.760408592224121094e+01,4.000000000000000000e+00
2.869999999999999929e+01,1.610851593017578125e+02,1.346077919006347656e+01,1.763806724548339844e+01,4.000000000000000000e+00
2.871999999999999886e+01,1.613200683593750000e+02,1.342237472534179688e+01,1.767138862609863281e+01,4.000000000000000000e+00
2.874000000000000199e+01,1.615542144775390625e+02,1.338354206085205078e+01,1.770405578613281250e+01,4.000000000000000000e+00
2.876000000000000156e+01,1.617875976562500000e+02,1.334428882598876953e+01,1.773607635498046875e+01,4.000000000000000000e+00
2.878000000000000114e+01,1.620202178955078125e+02,1.330462551116943359e+01,1.776745605468750000e+01,4.000000000000000000e+00
2.880000000000000071e+01,1.622520751953125000e+02,1.326456069946289062e+01,1.779820060729980469e+01,4.000000000000000000e+00
2.882000000000000028e+01,1.624832000732421875e+02,1.322410392761230469e+01,1.782831764221191406e+01,4.000000000000000000e+00
2.883999999999999986e+01,1.627136077880859375e+02,1.318326473236083984e+01,1.785781478881835938e+01,4.000000000000000000e+00
2.885999999999999943e+01,1.629432983398437500e+02,1.314205360412597656e+01,1.788669776916503906e+01,4.000000000000000000e+00
2.887999999999999901e+01,1.631722717285156250e+02,1.310047817230224609e+01,1.791497230529785156e+01,4.000000000000000000e+00
2.890000000000000213e+01,1.634005432128906250e+02,1.305855178833007812e+01,1.794264602661132812e+01,4.000000000000000000e+00
2.892000000000000171e+01,1.636281280517578125e+02,1.301628112792968750e+01,1.796972656250000000e+01,4.000000000000000000e+00
2.894000000000000128e+01,1.638550415039062500e+02,1.297367763519287109e+01,1.799621772766113281e+01,4.000000000000000000e+00
2.896000000000000085e+01,1.640812835693359375e+02,1.293075180053710938e+01,1.802212905883789062e+01,4.000000000000000000e+00
2.898000000000000043e+01,1.643068542480468750e+02,1.288751316070556641e+01,1.804746818542480469e+01,4.000000000000000000e+00
2.900000000000000000e+01,1.645317687988281250e+02,1.284397220611572266e+01,1.807223510742187500e+01,4.000000000000000000e+00
2.901999999999999957e+01,1.647560424804687500e+02,1.280014133453369141e+01,1.809644317626953125e+01,4.000000000000000000e+00
2.903999999999999915e+01,1.649796905517578125e+02,1.275602817535400391e+01,1.812009429931640625e+01,4.000000000000000000e+00
2.906000000000000227e+01,1.652026977539062500e+02,1.271164512634277344e+01,1.814319801330566406e+01,4.000000000000000000e+00
2.908000000000000185e+01,1.654250946044921875e+02,1.266700267791748047e+01,1.816575813293457031e+01,4.000000000000000000e+00
2.910000000000000142e+01,1.656468811035156250e+02,1.262211322784423828e+01,1.818778419494628906e+01,4.000000000000000000e+00
2.912000000000000099e+01,1.658680725097656250e+02,1.257698631286621094e+01,1.820928001403808594e+01,4.000000000000000000e+00
2.914000000000000057e+01,1.660886535644531250e+02,1.253163146972656250e+01,1.823025321960449219e+01,4.000000000000000000e+00
2.916000000000000014e+01,1.663086700439453125e+02,1.248606204986572266e+01,1.825071144104003906e+01,4.000000000000000000e+00
2.917999999999999972e+01,1.665281066894531250e+02,1.244028854370117188e+01,1.827065849304199219e+01,4.000000000000000000e+00
2.919999999999999929e+01,1.667469940185546875e+02,1.239432334899902344e+01,1.829010200500488281e+01,4.000000000000000000e+00
2.921999999999999886e+01,1.669653320312500000e+02,1.234817695617675781e+01,1.830904769897460938e+01,4.000000000000000000e+00
2.924000000000000199e+01,1.671831207275390625e+02,1.230186176300048828e+01,1.832750320434570312e+01,4.000000000000000000e+00
2.926000000000000156e+01,1.674003753662109375e+02,1.225538921356201172e+01,1.834547042846679688e+01,4.000000000000000000e+00
2.928000000000000114e+01,1.676171112060546875e+02,1.220876979827880859e+01,1.836296081542968750e+01,4.000000000000000000e+00
2.930000000000000071e+01,1.678333282470703125e+02,1.216201782226562500e+01,1.837997436523437500e+01,4.000000000000000000e+00
2.932000000000000028e+01,1.680490570068359375e+02,1.211514282226562500e+01,1.839652252197265625e+01,4.000000000000000000e+00
2.933999999999999986e+01,1.682642822265625000e+02,1.206815719604492188e+01,1.841260719299316406e+01,4.000000000000000000e+00
2.935999999999999943e+01,1.684790191650390625e+02,1.202107429504394531e+01,1.842823600769042969e+01,4.000000000000000000e+00
2.937999999999999901e+01,1.686932830810546875e+02,1.197390556335449219e+01,1.844341087341308594e+01,4.000000000000000000e+00
2.940000000000000213e+01,1.689070892333984375e+02,1.192666244506835938e+01,1.845814132690429688e+01,4.000000000000000000e+00
2.942000000000000171e+01,1.691204376220703125e+02,1.187935829162597656e+01,1.847243118286132812e+01,4.000000000000000000e+00
2.944000000000000128e+01,1.693333435058593750e+02,1.183200550079345703e+01,1.848628616333007812e+01,4.000000000000000000e+00
2.946000000000000085e+01,1.695458221435546875e+02,1.178461647033691406e+01,1.849971389770507812e+01,4.000000000000000000e+00
2.948000000000000043e+01,1.697578582763671875e+02,1.173720359802246094e+01,1.851271247863769531e+01,4.000000000000000000e+00
2.950000000000000000e+01,1.699694976806640625e+02,1.168977928161621094e+01,1.852528953552246094e+01,4.000000000000000000e+00
2.951999999999999957e+01,1.701807098388671875e+02,1.164235591888427734e+01,1.853745269775390625e+01,4.000000000000000000e+00
2.953999999999999915e+01,1.703915100097656250e+02,1.159494590759277344e+01,1.854920387268066406e+01,4.000000000000000000e+00
2.956000000000000227e+01,1.706019287109375000e+02,1.154756259918212891e+01,1.856055068969726562e+01,4.000000000000000000e+00
2.958000000000000185e+01,1.708119659423828125e+02,1.150021839141845703e+01,1.857149505615234375e+01,4.000000000000000000e+00
2.960000000000000142e+01,1.710216369628906250e+02,1.145292758941650391e+01,1.858204078674316406e+01,4.000000000000000000e+00
2.962000000000000099e+01,1.712309875488281250e+02,1.140570163726806641e+01,1.859219551086425781e+01,4.000000000000000000e+00
2.964000000000000057e+01,1.714399566650390625e+02,1.135855293273925781e+01,1.860196113586425781e+01,4.000000000000000000e+00
2.966000000000000014e+01,1.716486053466796875e+02,1.131149482727050781e+01,1.861134529113769531e+01,4.000000000000000000e+00
2.967999999999999972e+01,1.718569183349609375e+02,1.126454067230224609e+01,1.862034797668457031e+01,4.000000000000000000e+00
2.969999999999999929e+01,1.720649108886718750e+02,1.121770286560058594e+01,1.862897300720214844e+01,4.000000000000000000e+00
2.971999999999999886e+01,1.722725982666015625e+02,1.117099475860595703e+01,1.863722610473632812e+01,4.000000000000000000e+00
2.974000000000000199e+01,1.724799804687500000e+02,1.112442970275878906e+01,1.864510917663574219e+01,4.000000000000000000e+00
2.976000000000000156e+01,1.726870727539062500e+02,1.107802104949951172e+01,1.865262985229492188e+01,4.000000000000000000e+00
2.978000000000000114e+01,1.728938751220703125e+02,1.103178215026855469e+01,1.865979003906250000e+01,4.000000000000000000e+00
2.980000000000000071e+01,1.731004028320312500e+02,1.098572540283203125e+01,1.866659164428710938e+01,4.000000000000000000e+00
2.982000000000000028e+01,1.733066711425781250e+02,1.093986415863037109e+01,1.867304039001464844e+01,4.000000000000000000e+00
2.983999999999999986e+01,1.735126953125000000e+02,1.089421176910400391e+01,1.867914009094238281e+01,4.000000000000000000e+00
2.985999999999999943e+01,1.737184600830078125e+02,1.084878253936767578e+01,1.868489265441894531e+01,4.000000000000000000e+00
2.987999999999999901e+01,1.739239807128906250e+02,1.080358791351318359e+01,1.869030189514160156e+01,4.000000000000000000e+00
2.990000000000000213e+01,1.741292724609375000e+02,1.075864219665527344e+01,1.869537162780761719e+01,4.000000000000000000e+00
2.992000000000000171e+01,1.743343505859375000e+02,1.071395874023437500e+01,1.870010185241699219e+01,4.000000000000000000e+00
2.994000000000000128e+01,1.745392150878906250e+02,1.066954898834228516e+01,1.870449829101562500e+01,4.000000000000000000e+00
2.996000000000000085e+01,1.747438964843750000e+02,1.062542724609375000e+01,1.870856857299804688e+01,4.000000000000000000e+00
2.998000000000000043e+01,1.749483795166015625e+02,1.058160686492919922e+01,1.871230888366699219e+01,4.000000000000000000e+00
3.000000000000000000e+01,1.751526794433593750e+02,1.053810214996337891e+01,1.871572494506835938e+01,4.000000000000000000e+00
3.001999999999999957e+01,1.753567810058593750e+02,1.049492454528808594e+01,1.871882057189941406e+01,4.000000000000000000e+00
3.003999999999999915e+01,1.755607147216796875e+02,1.045208930969238281e+01,1.872159576416015625e+01,4.000000000000000000e+00
3.006000000000000227e+01,1.757644958496093750e+02,1.040960884094238281e+01,1.872405624389648438e+01,4.000000000000000000e+00
3.008000000000000185e+01,1.759681243896484375e+02,1.036749649047851562e+01,1.872620391845703125e+01,4.000000000000000000e+00
3.010000000000000142e+01,1.761716003417968750e+02,1.032576560974121094e+01,1.872804260253906250e+01,4.000000000000000000e+00
3.012000000000000099e+01,1.763749542236328125e+02,1.028442955017089844e+01,1.872957229614257812e+01,4.000000000000000000e+00
3.014000000000000057e+01,1.765781707763671875e+02,1.024350166320800781e+01,1.873079681396484375e+01,4.000000000000000000e+00
3.016000000000000014e+01,1.767812652587890625e+02,1.020299434661865234e+01,1.873171806335449219e+01,4.000000000000000000e+00
3.017999999999999972e+01,1.769842376708984375e+02,1.016292190551757812e+01,1.873234176635742188e+01,4.000000000000000000e+00
3.019999999999999929e+01,1.771871185302734375e+02,1.012329673767089844e+01,1.873266792297363281e+01,4.000000000000000000e+00
3.021999999999999886e+01,1.773898925781250000e+02,1.008413314819335938e+01,1.873269844055175781e+01,4.000000000000000000e+00
3.024000000000000199e+01,1.775925750732421875e+02,1.004544258117675781e+01,1.873243904113769531e+01,4.000000000000000000e+00
3.026000000000000156e+01,1.777951660156250000e+02,1.000723934173583984e+01,1.873188591003417969e+01,4.000000000000000000e+00
3.028000000000000114e+01,1.779976806640625000e+02,9.969536781311035156e+00,1.873104667663574219e+01,4.000000000000000000e+00
3.030000000000000071e+01,1.782001190185546875e+02,9.932348251342773438e+00,1.872992134094238281e+01,4.000000000000000000e+00
3.032000000000000028e+01,1.784024963378906250e+02,9.895686149597167969e+00,1.872851753234863281e+01,4.000000000000000000e+00
3.033999999999999986e+01,1.786048278808593750e+02,9.859562873840332031e+00,1.872682952880859375e+01,4.000000000000000000e+00
3.035999999999999943e+01,1.788070831298828125e+02,9.823992729187011719e+00,1.872486495971679688e+01,4.000000000000000000e+00
3.037999999999999901e+01,1.790093078613281250e+02,9.788988113403320312e+00,1.872262382507324219e+01,4.000000000000000000e+00
3.040000000000000213e+01,1.792114868164062500e+02,9.754561424255371094e+00,1.872010993957519531e+01,4.000000000000000000e+00
3.042000000000000171e+01,1.794136352539062500e+02,9.720726013183593750e+00,1.871732330322265625e+01,4.000000000000000000e+00
3.044000000000000128e+01,1.796157379150390625e+02,9.687495231628417969e+00,1.871426773071289062e+01,4.000000000000000000e+00
3.046000000000000085e+01,1.798178405761718750e+02,9.654881477355957031e+00,1.871094322204589844e+01,4.000000000000000000e+00
3.048000000000000043e+01,1.800199432373046875e+02,9.622897148132324219e+00,1.870735549926757812e+01,4.000000000000000000e+00
3.050000000000000000e+01,1.802219696044921875e+02,9.591555595397949219e+00,1.870350456237792969e+01,4.000000000000000000e+00
3.051999999999999957e+01,1.804239959716796875e+02,9.560869216918945312e+00,1.869939231872558594e+01,4.000000000000000000e+00
3.053999999999999915e+01,1.806260223388671875e+02,9.530850410461425781e+00,1.869502067565917969e+01,4.000000000000000000e+00
3.056000000000000227e+01,1.808280487060546875e+02,9.501512527465820312e+00,1.869039154052734375e+01,4.000000000000000000e+00
3.058000000000000185e+01,1.810300750732421875e+02,9.472867012023925781e+00,1.868550682067871094e+01,4.000000000000000000e+00
3.060000000000000142e+01,1.812321166992187500e+02,9.444926261901855469e+00,1.868037033081054688e+01,4.000000000000000000e+00
3.062000000000000099e+01,1.814342193603515625e+02,9.417703628540039062e+00,1.867498397827148438e+01,4.000000000000000000e+00
3.064000000000000057e+01,1.816363220214843750e+02,9.391210556030273438e+00,1.866934776306152344e+01,4.000000000000000000e+00
3.066000000000000014e+01,1.818384246826171875e+02,9.365458488464355469e+00,1.866346549987792969e+01,4.000000000000000000e+00
3.067999999999999972e+01,1.820405426025390625e+02,9.340460777282714844e+00,1.865733909606933594e+01,4.000000000000000000e+00
3.069999999999999929e+01,1.822427215576171875e+02,9.316229820251464844e+00,1.865096855163574219e+01,4.000000000000000000e+00
3.071999999999999886e+01,1.824449005126953125e+02,9.292775154113769531e+00,1.864435958862304688e+01,4.000000000000000000e+00
3.074000000000000199e+01,1.826471405029296875e+02,9.270111083984375000e+00,1.863751220703125000e+01,4.000000000000000000e+00
3.076000000000000156e+01,1.828493957519531250e+02,9.248248100280761719e+00,1.863042640686035156e+01,4.000000000000000000e+00
3.078000000000000114e+01,1.830516967773437500e+02,9.227196693420410156e+00,1.862310981750488281e+01,4.000000000000000000e+00
3.080000000000000071e+01,1.832540283203125000e+02,9.206969261169433594e+00,1.861556243896484375e+01,4.000000000000000000e+00
3.082000000000000028e+01,1.834564208984375000e+02,9.187576293945312500e+00,1.860778427124023438e+01,4.000000000000000000e+00
3.083999999999999986e+01,1.836588287353515625e+02,9.169028282165527344e+00,1.859977912902832031e+01,4.000000000000000000e+00
3.085999999999999943e+01,1.838613128662109375e+02,9.151334762573242188e+00,1.859154891967773438e+01,4.000000000000000000e+00
3.087999999999999901e+01,1.840638275146484375e+02,9.134508132934570312e+00,1.858309745788574219e+01,4.000000000000000000e+00
3.090000000000000213e+01,1.842663879394531250e+02,9.118557929992675781e+00,1.857442855834960938e+01,4.000000000000000000e+00
3.092000000000000171e+01,1.844690093994140625e+02,9.103491783142089844e+00,1.856554222106933594e+01,4.000000000000000000e+00
3.094000000000000128e+01,1.846716613769531250e+02,9.089321136474609375e+00,1.855644226074218750e+01,4.000000000000000000e+00
3.096000000000000085e+01,1.848743743896484375e+02,9.076055526733398438e+00,1.854713439941406250e+01,4.000000000000000000e+00
3.098000000000000043e+01,1.850771331787109375e+02,9.063702583312988281e+00,1.853762054443359375e+01,4.000000000000000000e+00
3.100000000000000000e+01,1.852799377441406250e+02,9.052271842956542969e+00,1.852790069580078125e+01,4.000000000000000000e+00
3.101999999999999957e+01,1.854828033447265625e+02,9.041771888732910156e+00,1.851798057556152344e+01,4.000000000000000000e+00
3.103999999999999915e+01,1.856857147216796875e+02,9.032209396362304688e+00,1.850786209106445312e+01,4.000000000000000000e+00
3.106000000000000227e+01,1.858886566162109375e+02,9.023592948913574219e+00,1.849755287170410156e+01,4.000000000000000000e+00
3.108000000000000185e+01,1.860916748046875000e+02,9.015930175781250000e+00,1.848705291748046875e+01,4.000000000000000000e+00
3.110000000000000142e+01,1.862947235107421875e+02,9.009225845336914062e+00,1.847636222839355469e+01,4.000000000000000000e+00
3.112000000000000099e+01,1.864978179931640625e+02,9.003487586975097656e+00,1.846548652648925781e+01,4.000000000000000000e+00
3.114000000000000057e+01,1.867009582519531250e+02,8.998723983764648438e+00,1.845442771911621094e+01,4.000000000000000000e+00
3.116000000000000014e+01,1.869041290283203125e+02,8.994938850402832031e+00,1.844318962097167969e+01,4.000000000000000000e+00
3.117999999999999972e+01,1.871073608398437500e+02,8.992138862609863281e+00,1.843177795410156250e+01,4.000000000000000000e+00
3.119999999999999929e+01,1.873106079101562500e+02,8.990328788757324219e+00,1.842019271850585938e+01,4.000000000000000000e+00
3.122000000000000242e+01,1.875139160156250000e+02,8.989513397216796875e+00,1.840844154357910156e+01,4.000000000000000000e+00
3.124000000000000199e+01,1.877172393798828125e+02,8.989699363708496094e+00,1.839652252197265625e+01,4.000000000000000000e+00
3.126000000000000156e+01,1.879206085205078125e+02,8.990888595581054688e+00,1.838443946838378906e+01,4.000000000000000000e+00
3.128000000000000114e+01,1.881240081787109375e+02,8.993086814880371094e+00,1.837219810485839844e+01,4.000000000000000000e+00
3.130000000000000071e+01,1.883274078369140625e+02,8.996296882629394531e+00,1.835979843139648438e+01,4.000000000000000000e+00
3.132000000000000028e+01,1.885308837890625000e+02,9.000523567199707031e+00,1.834724617004394531e+01,4.000000000000000000e+00
3.133999999999999986e+01,1.887343597412109375e+02,9.005767822265625000e+00,1.833454322814941406e+01,4.000000000000000000e+00
3.135999999999999943e+01,1.889378356933593750e+02,9.012033462524414062e+00,1.832169532775878906e+01,4.000000000000000000e+00
3.137999999999999901e+01,1.891413421630859375e+02,9.019324302673339844e+00,1.830869674682617188e+01,4.000000000000000000e+00
3.140000000000000213e+01,1.893448944091796875e+02,9.027640342712402344e+00,1.829556465148925781e+01,4.000000000000000000e+00
3.142000000000000171e+01,1.895484466552734375e+02,9.036985397338867188e+00,1.828228950500488281e+01,4.000000000000000000e+00
3.144000000000000128e+01,1.897519989013671875e+02,9.047359466552734375e+00,1.826888084411621094e+01,4.000000000000000000e+00
3.146000000000000085e+01,1.899555511474609375e+02,9.058764457702636719e+00,1.825533676147460938e+01,4.000000000000000000e+00
3.148000000000000043e+01,1.901591033935546875e+02,9.071202278137207031e+00,1.824166488647460938e+01,4.000000000000000000e+00
3.150000000000000000e+01,1.903626556396484375e+02,9.084672927856445312e+00,1.822786521911621094e+01,4.000000000000000000e+00
3.151999999999999957e+01,1.905662078857421875e+02,9.099177360534667969e+00,1.821394157409667969e+01,4.000000000000000000e+00
3.153999999999999915e+01,1.907697601318359375e+02,9.114715576171875000e+00,1.819989585876464844e+01,4.000000000000000000e+00
3.156000000000000227e+01,1.909733123779296875e+02,9.131287574768066406e+00,1.818573188781738281e+01,4.000000000000000000e+00
3.158000000000000185e+01,1.911768646240234375e+02,9.148892402648925781e+00,1.817145156860351562e+01,4.000000000000000000e+00
3.160000000000000142e+01,1.913803863525390625e+02,9.167530059814453125e+00,1.815705680847167969e+01,4.000000000000000000e+00
3.162000000000000099e+01,1.915838623046875000e+02,9.187198638916015625e+00,1.814255142211914062e+01,4.000000000000000000e+00
3.164000000000000057e+01,1.917873382568359375e+02,9.207898139953613281e+00,1.812793540954589844e+01,4.000000000000000000e+00
3.166000000000000014e+01,1.919907989501953125e+02,9.229627609252929688e+00,1.811321449279785156e+01,4.000000000000000000e+00
3.167999999999999972e+01,1.921941986083984375e+02,9.252384185791015625e+00,1.809838867187500000e+01,4.000000000000000000e+00
3.169999999999999929e+01,1.923975982666015625e+02,9.276168823242187500e+00,1.808346366882324219e+01,4.000000000000000000e+00
3.172000000000000242e+01,1.926009368896484375e+02,9.300973892211914062e+00,1.806843757629394531e+01,4.000000000000000000e+00
3.174000000000000199e+01,1.928042602539062500e+02,9.326801300048828125e+00,1.805331230163574219e+01,4.000000000000000000e+00
3.176000000000000156e+01,1.930075225830078125e+02,9.353647232055664062e+00,1.803809356689453125e+01,4.000000000000000000e+00
3.178000000000000114e+01,1.932107696533203125e+02,9.381509780883789062e+00,1.802278709411621094e+01,4.000000000000000000e+00
3.180000000000000071e+01,1.934139404296875000e+02,9.410384178161621094e+00,1.800738716125488281e+01,4.000000000000000000e+00
3.182000000000000028e+01,1.936170654296875000e+02,9.440266609191894531e+00,1.799189949035644531e+01,4.000000000000000000e+00
3.183999999999999986e+01,1.938201446533203125e+02,9.471156120300292969e+00,1.797632789611816406e+01,4.000000000000000000e+00
3.185999999999999943e+01,1.940231628417968750e+02,9.503046989440917969e+00,1.796067237854003906e+01,4.000000000000000000e+00
3.187999999999999901e+01,1.942261199951171875e+02,9.535935401916503906e+00,1.794493293762207031e+01,4.000000000000000000e+00
3.190000000000000213e+01,1.944290161132812500e+02,9.569816589355468750e+00,1.792911529541015625e+01,4.000000000000000000e+00
3.192000000000000171e+01,1.946318511962890625e+02,9.604685783386230469e+00,1.791322135925292969e+01,4.000000000000000000e+00
3.194000000000000128e+01,1.948346099853515625e+02,9.640539169311523438e+00,1.789725112915039062e+01,4.000000000000000000e+00
3.196000000000000085e+01,1.950372924804687500e+02,9.677370071411132812e+00,1.788120841979980469e+01,4.000000000000000000e+00
3.198000000000000043e+01,1.952398986816406250e+02,9.715176582336425781e+00,1.786509323120117188e+01,4.000000000000000000e+00
3.200000000000000000e+01,1.954424285888671875e+02,9.753952026367187500e+00,1.784890937805175781e+01,4.000000000000000000e+00
3.202000000000000313e+01,1.956448822021484375e+02,9.793688774108886719e+00,1.783265876770019531e+01,4.000000000000000000e+00
3.203999999999999915e+01,1.958472595214843750e+02,9.834382057189941406e+00,1.781634140014648438e+01,4.000000000000000000e+00
3.206000000000000227e+01,1.960495452880859375e+02,9.876026153564453125e+00,1.779996299743652344e+01,4.000000000000000000e+00
3.207999999999999829e+01,1.962517547607421875e+02,9.918613433837890625e+00,1.778352355957031250e+01,4.000000000000000000e+00
3.210000000000000142e+01,1.964538726806640625e+02,9.962138175964355469e+00,1.776702308654785156e+01,4.000000000000000000e+00
3.211999999999999744e+01,1.966558837890625000e+02,1.000659275054931641e+01,1.775046539306640625e+01,4.000000000000000000e+00
3.214000000000000057e+01,1.968578033447265625e+02,1.005196952819824219e+01,1.773385238647460938e+01,4.000000000000000000e+00
3.216000000000000369e+01,1.970596313476562500e+02,1.009826278686523438e+01,1.771718406677246094e+01,4.000000000000000000e+00
3.217999999999999972e+01,1.972613677978515625e+02,1.014546489715576172e+01,1.770046615600585938e+01,4.000000000000000000e+00
3.220000000000000284e+01,1.974629974365234375e+02,1.019356632232666016e+01,1.768370056152343750e+01,4.000000000000000000e+00
3.221999999999999886e+01,1.976645355224609375e+02,1.024255943298339844e+01,1.766688728332519531e+01,4.000000000000000000e+00
3.224000000000000199e+01,1.978659667968750000e+02,1.029243564605712891e+01,1.765002632141113281e+01,4.000000000000000000e+00
3.225999999999999801e+01,1.980672912597656250e+02,1.034318637847900391e+01,1.763311767578125000e+01,4.000000000000000000e+00
3.228000000000000114e+01,1.982685241699218750e+02,1.039480209350585938e+01,1.761616325378417969e+01,4.000000000000000000e+00
3.229999999999999716e+01,1.984696502685546875e+02,1.044727325439453125e+01,1.759916877746582031e+01,4.000000000000000000e+00
3.232000000000000028e+01,1.986706542968750000e+02,1.050059127807617188e+01,1.758213233947753906e+01,4.000000000000000000e+00
3.234000000000000341e+01,1.988715667724609375e+02,1.055474567413330078e+01,1.756505775451660156e+01,4.000000000000000000e+00
3.235999999999999943e+01,1.990723724365234375e+02,1.060972595214843750e+01,1.754794311523437500e+01,4.000000000000000000e+00
3.238000000000000256e+01,1.992730712890625000e+02,1.066552162170410156e+01,1.753079223632812500e+01,4.000000000000000000e+00
3.239999999999999858e+01,1.994736633300781250e+02,1.072212314605712891e+01,1.751360321044921875e+01,4.000000000000000000e+00
3.242000000000000171e+01,1.996741485595703125e+02,1.077952003479003906e+01,1.749637985229492188e+01,4.000000000000000000e+00
3.243999999999999773e+01,1.998745269775390625e+02,1.083769798278808594e+01,1.747912216186523438e+01,4.000000000000000000e+00
3.246000000000000085e+01,2.000748138427734375e+02,1.089664745330810547e+01,1.746183204650878906e+01,4.000000000000000000e+00
3.248000000000000398e+01,2.002749786376953125e+02,1.095635509490966797e+01,1.744451141357421875e+01,4.000000000000000000e+00
3.250000000000000000e+01,2.004750518798828125e+02,1.101680850982666016e+01,1.742716026306152344e+01,4.000000000000000000e+00
3.252000000000000313e+01,2.006750335693359375e+02,1.107799720764160156e+01,1.740978240966796875e+01,4.000000000000000000e+00
3.253999999999999915e+01,2.008748931884765625e+02,1.113990688323974609e+01,1.739237594604492188e+01,4.000000000000000000e+00
3.256000000000000227e+01,2.010746612548828125e+02,1.120252513885498047e+01,1.737494468688964844e+01,4.000000000000000000e+00
3.257999999999999829e+01,2.012743377685546875e+02,1.126583766937255859e+01,1.735749053955078125e+01,4.000000000000000000e+00
3.260000000000000142e+01,2.014739074707031250e+02,1.132983112335205078e+01,1.734001159667968750e+01,4.000000000000000000e+00
3.261999999999999744e+01,2.016733856201171875e+02,1.139449024200439453e+01,1.732251358032226562e+01,4.000000000000000000e+00
3.264000000000000057e+01,2.018727874755859375e+02,1.145980262756347656e+01,1.730499458312988281e+01,4.000000000000000000e+00
3.266000000000000369e+01,2.020720977783203125e+02,1.152575206756591797e+01,1.728746032714843750e+01,4.000000000000000000e+00
3.267999999999999972e+01,2.022713165283203125e+02,1.159232234954833984e+01,1.726990699768066406e+01,4.000000000000000000e+00
3.270000000000000284e+01,2.024704589843750000e+02,1.165949916839599609e+01,1.725233840942382812e+01,4.000000000000000000e+00
3.271999999999999886e+01,2.026695251464843750e+02,1.172726821899414062e+01,1.723475646972656250e+01,4.000000000000000000e+00
3.274000000000000199e+01,2.028685150146484375e+02,1.179561233520507812e+01,1.721716308593750000e+01,4.000000000000000000e+00
3.275999999999999801e+01,2.030674285888671875e+02,1.186451530456542969e+01,1.719955825805664062e+01,4.000000000000000000e+00
3.278000000000000114e+01,2.032662658691406250e+02,1.193395996093750000e+01,1.718194389343261719e+01,4.000000000000000000e+00
3.279999999999999716e+01,2.034650421142578125e+02,1.200393009185791016e+01,1.716432189941406250e+01,4.000000000000000000e+00
3.282000000000000028e+01,2.036637725830078125e+02,1.207440853118896484e+01,1.714669227600097656e+01,4.000000000000000000e+00
3.284000000000000341e+01,2.038624420166015625e+02,1.214537811279296875e+01,1.712905883789062500e+01,4.000000000000000000e+00
3.285999999999999943e+01,2.040610504150390625e+02,1.221681976318359375e+01,1.711141967773437500e+01,4.000000000000000000e+00
3.288000000000000256e+01,2.042596435546875000e+02,1.228871536254882812e+01,1.709377670288085938e+01,4.000000000000000000e+00
3.289999999999999858e+01,2.044581604003906250e+02,1.236104679107666016e+01,1.707613372802734375e+01,4.000000000000000000e+00
3.292000000000000171e+01,2.046566772460937500e+02,1.243379688262939453e+01,1.705849075317382812e+01,4.000000000000000000e+00
3.293999999999999773e+01,2.048551330566406250e+02,1.250694370269775391e+01,1.704084777832031250e+01,4.000000000000000000e+00
3.296000000000000085e+01,2.050535736083984375e+02,1.258046913146972656e+01,1.702320480346679688e+01,4.000000000000000000e+00
3.298000000000000398e+01,2.052520141601562500e+02,1.265435409545898438e+01,1.700556182861328125e+01,4.000000000000000000e+00
3.300000000000000000e+01,2.054504547119140625e+02,1.272857761383056641e+01,1.698791885375976562e+01,4.000000000000000000e+00
3.302000000000000313e+01,2.056488952636718750e+02,1.280312156677246094e+01,1.697027969360351562e+01,4.000000000000000000e+00
3.303999999999999915e+01,2.058473358154296875e+02,1.287796401977539062e+01,1.695264625549316406e+01,4.000000000000000000e+00
3.306000000000000227e+01,2.060457763671875000e+02,1.295308399200439453e+01,1.693501281738281250e+01,4.000000000000000000e+00
3.307999999999999829e+01,2.062442169189453125e+02,1.302846145629882812e+01,1.691738700866699219e+01,4.000000000000000000e+00
3.310000000000000142e+01,2.064426574707031250e+02,1.310407543182373047e+01,1.689976310729980469e+01,4.000000000000000000e+00
3.311999999999999744e+01,2.066411437988281250e+02,1.317990398406982422e+01,1.688214111328125000e+01,4.000000000000000000e+00
3.314000000000000057e+01,2.068396606445312500e+02,1.325592613220214844e+01,1.686452674865722656e+01,4.000000000000000000e+00
3.316000000000000369e+01,2.070382232666015625e+02,1.333211898803710938e+01,1.684691429138183594e+01,4.000000000000000000e+00
3.317999999999999972e+01,2.072368316650390625e+02,1.340846443176269531e+01,1.682930946350097656e+01,4.000000000000000000e+00
3.320000000000000284e+01,2.074355010986328125e+02,1.348493862152099609e+01,1.681170463562011719e+01,4.000000000000000000e+00
3.321999999999999886e+01,2.076342315673828125e+02,1.356151866912841797e+01,1.679409980773925781e+01,4.000000000000000000e+00
3.324000000000000199e+01,2.078330383300781250e+02,1.363818073272705078e+01,1.677650070190429688e+01,4.000000000000000000e+00
3.325999999999999801e+01,2.080319213867187500e+02,1.371490383148193359e+01,1.675890541076660156e+01,4.000000000000000000e+00
3.328000000000000114e+01,2.082309112548828125e+02,1.379166698455810547e+01,1.674131011962890625e+01,4.000000000000000000e+00
3.329999999999999716e+01,2.084299926757812500e+02,1.386844635009765625e+01,1.672371482849121094e+01,4.000000000000000000e+00
3.332000000000000028e+01,2.086291656494140625e+02,1.394521713256835938e+01,1.670611190795898438e+01,4.000000000000000000e+00
3.334000000000000341e+01,2.088284606933593750e+02,1.402195835113525391e+01,1.668850708007812500e+01,4.000000000000000000e+00
3.335999999999999943e+01,2.090278625488281250e+02,1.409864616394042969e+01,1.667090225219726562e+01,4.000000000000000000e+00
3.338000000000000256e+01,2.092274017333984375e+02,1.417525768280029297e+01,1.665328788757324219e+01,4.000000000000000000e+00
3.339999999999999858e+01,2.094270935058593750e+02,1.425176906585693359e+01,1.663566589355468750e+01,4.000000000000000000e+00
3.342000000000000171e+01,2.096269226074218750e+02,1.432815647125244141e+01,1.661803436279296875e+01,4.000000000000000000e+00
3.343999999999999773e+01,2.098269042968750000e+02,1.440439510345458984e+01,1.660039329528808594e+01,4.000000000000000000e+00
3.346000000000000085e+01,2.100270385742187500e+02,1.448046016693115234e+01,1.658273696899414062e+01,4.000000000000000000e+00
3.348000000000000398e+01,2.102273712158203125e+02,1.455632877349853516e+01,1.656506538391113281e+01,4.000000000000000000e+00
3.350000000000000000e+01,2.104278564453125000e+02,1.463197803497314453e+01,1.654737472534179688e+01,4.000000000000000000e+00
3.352000000000000313e+01,2.106285247802734375e+02,1.470738029479980469e+01,1.652966308593750000e+01,4.000000000000000000e+00
3.353999999999999915e+01,2.108294067382812500e+02,1.478251457214355469e+01,1.651192665100097656e+01,4.000000000000000000e+00
3.356000000000000227e+01,2.110305023193359375e+02,1.485735321044921875e+01,1.649416732788085938e+01,4.000000000000000000e+00
3.357999999999999829e+01,2.112318115234375000e+02,1.493187236785888672e+01,1.647637748718261719e+01,4.000000000000000000e+00
3.360000000000000142e+01,2.114333343505859375e+02,1.500604438781738281e+01,1.645855712890625000e+01,4.000000000000000000e+00
3.361999999999999744e+01,2.116350860595703125e+02,1.507984828948974609e+01,1.644070053100585938e+01,4.000000000000000000e+00
3.364000000000000057e+01,2.118370819091796875e+02,1.515325546264648438e+01,1.642280578613281250e+01,4.000000000000000000e+00
3.366000000000000369e+01,2.120393371582031250e+02,1.522623920440673828e+01,1.640486717224121094e+01,4.000000000000000000e+00
3.367999999999999972e+01,2.122418518066406250e+02,1.529877662658691406e+01,1.638688087463378906e+01,4.000000000000000000e+00
3.370000000000000284e+01,2.124446105957031250e+02,1.537084102630615234e+01,1.636884689331054688e+01,4.000000000000000000e+00
3.371999999999999886e+01,2.126476593017578125e+02,1.544240570068359375e+01,1.635076522827148438e+01,4.000000000000000000e+00
3.374000000000000199e+01,2.128509979248046875e+02,1.551344394683837891e+01,1.633262634277343750e+01,4.000000000000000000e+00
3.375999999999999801e+01,2.130546112060546875e+02,1.558392906188964844e+01,1.631442642211914062e+01,4.000000000000000000e+00
3.378000000000000114e+01,2.132585296630859375e+02,1.565383720397949219e+01,1.629616546630859375e+01,4.000000000000000000e+00
3.379999999999999716e+01,2.134627532958984375e+02,1.572313976287841797e+01,1.627783775329589844e+01,4.000000000000000000e+00
3.382000000000000028e+01,2.136672973632812500e+02,1.579181003570556641e+01,1.625943946838378906e+01,4.000000000000000000e+00
3.384000000000000341e+01,2.138721466064453125e+02,1.585982131958007812e+01,1.624096488952636719e+01,4.000000000000000000e+00
3.385999999999999943e+01,2.140773315429687500e+02,1.592714881896972656e+01,1.622241210937500000e+01,4.000000000000000000e+00
3.388000000000000256e+01,2.142828674316406250e+02,1.599376392364501953e+01,1.620377540588378906e+01,4.000000000000000000e+00
3.389999999999999858e+01,2.144887084960937500e+02,1.605964088439941406e+01,1.618505287170410156e+01,4.000000000000000000e+00
3.392000000000000171e+01,2.146949310302734375e+02,1.612475204467773438e+01,1.616623687744140625e+01,4.000000000000000000e+00
3.393999999999999773e+01,2.149014892578125000e+02,1.618906784057617188e+01,1.614732551574707031e+01,4.000000000000000000e+00
3.396000000000000085e+01,2.151083984375000000e+02,1.625256919860839844e+01,1.612831115722656250e+01,4.000000000000000000e+00
3.398000000000000398e+01,2.153156890869140625e+02,1.631522560119628906e+01,1.610919380187988281e+01,4.000000000000000000e+00
3.400000000000000000e+01,2.155233612060546875e+02,1.637701225280761719e+01,1.608996772766113281e+01,4.000000000000000000e+00
3.402000000000000313e+01,2.157314147949218750e+02,1.643790435791015625e+01,1.607063102722167969e+01,4.000000000000000000e+00
3.403999999999999915e+01,2.159398498535156250e+02,1.649787521362304688e+01,1.605118179321289062e+01,4.000000000000000000e+00
3.406000000000000227e+01,2.161486663818359375e+02,1.655689811706542969e+01,1.603162002563476562e+01,4.000000000000000000e+00
3.407999999999999829e+01,2.163578643798828125e+02,1.661495590209960938e+01,1.601194381713867188e+01,4.000000000000000000e+00
3.410000000000000142e+01,2.165674438476562500e+02,1.667202377319335938e+01,1.599215030670166016e+01,4.000000000000000000e+00
3.411999999999999744e+01,2.167774047851562500e+02,1.672807312011718750e+01,1.597224235534667969e+01,4.000000000000000000e+00
3.414000000000000057e+01,2.169877471923828125e+02,1.678308868408203125e+01,1.595221900939941406e+01,4.000000000000000000e+00
3.416000000000000369e+01,2.171984710693359375e+02,1.683704376220703125e+01,1.593208026885986328e+01,4.000000000000000000e+00
3.417999999999999972e+01,2.174095764160156250e+02,1.688992118835449219e+01,1.591182708740234375e+01,4.000000000000000000e+00
3.420000000000000284e+01,2.176210784912109375e+02,1.694169807434082031e+01,1.589146041870117188e+01,4.000000000000000000e+00
3.421999999999999886e+01,2.178330230712890625e+02,1.699235725402832031e+01,1.587098217010498047e+01,4.000000000000000000e+00
3.424000000000000199e+01,2.180453491210937500e+02,1.704188156127929688e+01,1.585039424896240234e+01,4.000000000000000000e+00
3.425999999999999801e+01,2.182580566406250000e+02,1.709024810791015625e+01,1.582969856262207031e+01,4.000000000000000000e+00
3.428000000000000114e+01,2.184711456298828125e+02,1.713744354248046875e+01,1.580889797210693359e+01,4.000000000000000000e+00
3.430000000000000426e+01,2.186846160888671875e+02,1.718344879150390625e+01,1.578799533843994141e+01,4.000000000000000000e+00
3.432000000000000028e+01,2.188984680175781250e+02,1.722825431823730469e+01,1.576699161529541016e+01,4.000000000000000000e+00
3.434000000000000341e+01,2.191127014160156250e+02,1.727184295654296875e+01,1.574589157104492188e+01,4.000000000000000000e+00
3.435999999999999943e+01,2.193273162841796875e+02,1.731420326232910156e+01,1.572469615936279297e+01,4.000000000000000000e+00
3.438000000000000256e+01,2.195422515869140625e+02,1.735531806945800781e+01,1.570340919494628906e+01,4.000000000000000000e+00
3.439999999999999858e+01,2.197575531005859375e+02,1.739517974853515625e+01,1.568203449249267578e+01,4.000000000000000000e+00
3.442000000000000171e+01,2.199732360839843750e+02,1.743377494812011719e+01,1.566057300567626953e+01,4.000000000000000000e+00
3.443999999999999773e+01,2.201892700195312500e+02,1.747109413146972656e+01,1.563903045654296875e+01,4.000000000000000000e+00
3.446000000000000085e+01,2.204056396484375000e+02,1.750713348388671875e+01,1.561740875244140625e+01,4.000000000000000000e+00
3.448000000000000398e+01,2.206223602294921875e+02,1.754187583923339844e+01,1.559571266174316406e+01,4.000000000000000000e+00
3.450000000000000000e+01,2.208394165039062500e+02,1.757531738281250000e+01,1.557394504547119141e+01,4.000000000000000000e+00
3.452000000000000313e+01,2.210567779541015625e+02,1.760745429992675781e+01,1.555210685729980469e+01,4.000000000000000000e+00
3.453999999999999915e+01,2.212744750976562500e+02,1.763827705383300781e+01,1.553020286560058594e+01,4.000000000000000000e+00
3.456000000000000227e+01,2.214924774169921875e+02,1.766777992248535156e+01,1.550823593139648438e+01,4.000000000000000000e+00
3.457999999999999829e+01,2.217107849121093750e+02,1.769596099853515625e+01,1.548620986938476562e+01,4.000000000000000000e+00
3.460000000000000142e+01,2.219293975830078125e+02,1.772281646728515625e+01,1.546412754058837891e+01,4.000000000000000000e+00
3.461999999999999744e+01,2.221483001708984375e+02,1.774833869934082031e+01,1.544199275970458984e+01,4.000000000000000000e+00
3.464000000000000057e+01,2.223674774169921875e+02,1.777253341674804688e+01,1.541980552673339844e+01,4.000000000000000000e+00
3.466000000000000369e+01,2.225869445800781250e+02,1.779539299011230469e+01,1.539757251739501953e+01,4.000000000000000000e+00
3.467999999999999972e+01,2.228066711425781250e+02,1.781691741943359375e+01,1.537529563903808594e+01,4.000000000000000000e+00
3.470000000000000284e+01,2.230266571044921875e+02,1.783710670471191406e+01,1.535297679901123047e+01,4.000000000000000000e+00
3.471999999999999886e+01,2.232468872070312500e+02,1.785596084594726562e+01,1.533061981201171875e+01,4.000000000000000000e+00
3.474000000000000199e+01,2.234673767089843750e+02,1.787347984313964844e+01,1.530822658538818359e+01,4.000000000000000000e+00
3.475999999999999801e+01,2.236880950927734375e+02,1.788966369628906250e+01,1.528579998016357422e+01,4.000000000000000000e+00
3.478000000000000114e+01,2.239090423583984375e+02,1.790451240539550781e+01,1.526334285736083984e+01,4.000000000000000000e+00
3.480000000000000426e+01,2.241302032470703125e+02,1.791803359985351562e+01,1.524085807800292969e+01,4.000000000000000000e+00
3.482000000000000028e+01,2.243515930175781250e+02,1.793022727966308594e+01,1.521834659576416016e+01,4.000000000000000000e+00
3.484000000000000341e+01,2.245731658935546875e+02,1.794109535217285156e+01,1.519581222534179688e+01,4.000000000000000000e+00
3.485999999999999943e+01,2.247949371337890625e+02,1.795064544677734375e+01,1.517325782775878906e+01,4.000000000000000000e+00
3.488000000000000256e+01,2.250168914794921875e+02,1.795887756347656250e+01,1.515068626403808594e+01,4.000000000000000000e+00
3.489999999999999858e+01,2.252390441894531250e+02,1.796579933166503906e+01,1.512809848785400391e+01,4.000000000000000000e+00
3.492000000000000171e+01,2.254613647460937500e+02,1.797141265869140625e+01,1.510549736022949219e+01,4.000000000000000000e+00
3.493999999999999773e+01,2.256838531494140625e+02,1.797572517395019531e+01,1.508288478851318359e+01,4.000000000000000000e+00
3.496000000000000085e+01,2.259064941406250000e+02,1.797874069213867188e+01,1.506026363372802734e+01,4.000000000000000000e+00
3.498000000000000398e+01,2.261292724609375000e+02,1.798046684265136719e+01,1.503763484954833984e+01,4.000000000000000000e+00
3.500000000000000000e+01,2.263522033691406250e+02,1.798090934753417969e+01,1.501500225067138672e+01,4.000000000000000000e+00
3.502000000000000313e+01,2.265752563476562500e+02,1.798007583618164062e+01,1.499236679077148438e+01,4.000000000000000000e+00
3.503999999999999915e+01,2.267984466552734375e+02,1.797797584533691406e+01,1.496973133087158203e+01,4.000000000000000000e+00
3.506000000000000227e+01,2.270217437744140625e+02,1.797461318969726562e+01,1.494709587097167969e+01,4.000000000000000000e+00
3.507999999999999829e+01,2.272451629638671875e+02,1.796999549865722656e+01,1.492446517944335938e+01,4.000000000000000000e+00
3.510000000000000142e+01,2.274686737060546875e+02,1.796413040161132812e+01,1.490184020996093750e+01,4.000000000000000000e+00
3.511999999999999744e+01,2.276922760009765625e+02,1.795703125000000000e+01,1.487922191619873047e+01,4.000000000000000000e+00
3.514000000000000057e+01,2.279159851074218750e+02,1.794870376586914062e+01,1.485661220550537109e+01,4.000000000000000000e+00
3.516000000000000369e+01,2.281397705078125000e+02,1.793915748596191406e+01,1.483401393890380859e+01,4.000000000000000000e+00
3.517999999999999972e+01,2.283636169433593750e+02,1.792840385437011719e+01,1.481142807006835938e+01,4.000000000000000000e+00
3.520000000000000284e+01,2.285875396728515625e+02,1.791645431518554688e+01,1.478885650634765625e+01,4.000000000000000000e+00
3.521999999999999886e+01,2.288115386962890625e+02,1.790331268310546875e+01,1.476630115509033203e+01,4.000000000000000000e+00
3.524000000000000199e+01,2.290355834960937500e+02,1.788899421691894531e+01,1.474376392364501953e+01,4.000000000000000000e+00
3.525999999999999801e+01,2.292596588134765625e+02,1.787351036071777344e+01,1.472124576568603516e+01,4.000000000000000000e+00
3.528000000000000114e+01,2.294838104248046875e+02,1.785686874389648438e+01,1.469874858856201172e+01,4.000000000000000000e+00
3.530000000000000426e+01,2.297079620361328125e+02,1.783908462524414062e+01,1.467627525329589844e+01,4.000000000000000000e+00
3.532000000000000028e+01,2.299321899414062500e+02,1.782017135620117188e+01,1.465382575988769531e+01,4.000000000000000000e+00
3.534000000000000341e+01,2.301564178466796875e+02,1.780013847351074219e+01,1.463140010833740234e+01,4.000000000000000000e+00
3.535999999999999943e+01,2.303806457519531250e+02,1.777899932861328125e+01,1.460899925231933594e+01,4.000000000000000000e+00
3.538000000000000256e+01,2.306049346923828125e+02,1.775676918029785156e+01,1.458662605285644531e+01,4.000000000000000000e+00
3.539999999999999858e+01,2.308292388916015625e+02,1.773345947265625000e+01,1.456428241729736328e+01,4.000000000000000000e+00
3.542000000000000171e+01,2.310535430908203125e+02,1.770908546447753906e+01,1.454196834564208984e+01,4.000000000000000000e+00
3.543999999999999773e+01,2.312778472900390625e+02,1.768366050720214844e+01,1.451968383789062500e+01,4.000000000000000000e+00
3.546000000000000085e+01,2.315021514892578125e+02,1.765720367431640625e+01,1.449743175506591797e+01,4.000000000000000000e+00
3.548000000000000398e+01,2.317264556884765625e+02,1.762972450256347656e+01,1.447521114349365234e+01,4.000000000000000000e+00
3.550000000000000000e+01,2.319507598876953125e+02,1.760124015808105469e+01,1.445302391052246094e+01,4.000000000000000000e+00
3.552000000000000313e+01,2.321750335693359375e+02,1.757176971435546875e+01,1.443087005615234375e+01,4.000000000000000000e+00
3.553999999999999915e+01,2.323992614746093750e+02,1.754132652282714844e+01,1.440875053405761719e+01,4.000000000000000000e+00
3.556000000000000227e+01,2.326234893798828125e+02,1.750992965698242188e+01,1.438666439056396484e+01,4.000000000000000000e+00
3.557999999999999829e+01,2.328477172851562500e+02,1.747759437561035156e+01,1.436461448669433594e+01,4.000000000000000000e+00
3.560000000000000142e+01,2.330719451904296875e+02,1.744433975219726562e+01,1.434259796142578125e+01,4.000000000000000000e+00
3.561999999999999744e+01,2.332960968017578125e+02,1.741018295288085938e+01,1.432061672210693359e+01,4.000000000000000000e+00
3.564000000000000057e+01,2.335202484130859375e+02,1.737514495849609375e+01,1.429867172241210938e+01,4.000000000000000000e+00
3.566000000000000369e+01,2.337444000244140625e+02,1.733924293518066406e+01,1.427676010131835938e+01,4.000000000000000000e+00
3.567999999999999972e+01,2.339684753417968750e+02,1.730249977111816406e+01,1.425488185882568359e+01,4.000000000000000000e+00
3.570000000000000284e+01,2.341925506591796875e+02,1.726493453979492188e+01,1.423303508758544922e+01,4.000000000000000000e+00
3.571999999999999886e+01,2.344166259765625000e+02,1.722656631469726562e+01,1.421121978759765625e+01,4.000000000000000000e+00
3.574000000000000199e+01,2.346406250000000000e+02,1.718741798400878906e+01,1.418943500518798828e+01,4.000000000000000000e+00
3.575999999999999801e+01,2.348646240234375000e+02,1.714750862121582031e+01,1.416767883300781250e+01,4.000000000000000000e+00
3.578000000000000114e+01,2.350886077880859375e+02,1.710686111450195312e+01,1.414595127105712891e+01,4.000000000000000000e+00
3.580000000000000426e+01,2.353125305175781250e+02,1.706549644470214844e+01,1.412425327301025391e+01,4.000000000000000000e+00
3.582000000000000028e+01,2.355364532470703125e+02,1.702344131469726562e+01,1.410258293151855469e+01,4.000000000000000000e+00
3.584000000000000341e+01,2.357603759765625000e+02,1.698071670532226562e+01,1.408094024658203125e+01,4.000000000000000000e+00
3.585999999999999943e+01,2.359842529296875000e+02,1.693734359741210938e+01,1.405932521820068359e+01,4.000000000000000000e+00
3.588000000000000256e+01,2.362080993652343750e+02,1.689334678649902344e+01,1.403773880004882812e+01,4.000000000000000000e+00
3.589999999999999858e+01,2.364319458007812500e+02,1.684875106811523438e+01,1.401618003845214844e+01,4.000000000000000000e+00
3.592000000000000171e+01,2.366557922363281250e+02,1.680357933044433594e+01,1.399464893341064453e+01,4.000000000000000000e+00
3.593999999999999773e+01,2.368796386718750000e+02,1.675785636901855469e+01,1.397314548492431641e+01,4.000000000000000000e+00
3.596000000000000085e+01,2.371034851074218750e+02,1.671160888671875000e+01,1.395166969299316406e+01,4.000000000000000000e+00
3.598000000000000398e+01,2.373273315429687500e+02,1.666486167907714844e+01,1.393022155761718750e+01,4.000000000000000000e+00
3.600000000000000000e+01,2.375511779785156250e+02,1.661763954162597656e+01,1.390880298614501953e+01,4.000000000000000000e+00
3.602000000000000313e+01,2.377750244140625000e+02,1.656996726989746094e+01,1.388741302490234375e+01,4.000000000000000000e+00
3.603999999999999915e+01,2.379988708496093750e+02,1.652187347412109375e+01,1.386605072021484375e+01,4.000000000000000000e+00
3.606000000000000227e+01,2.382227172851562500e+02,1.647338104248046875e+01,1.384471702575683594e+01,4.000000000000000000e+00
3.607999999999999829e+01,2.384465637207031250e+02,1.642452239990234375e+01,1.382341289520263672e+01,4.000000000000000000e+00
3.610000000000000142e+01,2.386704101562500000e+02,1.637532043457031250e+01,1.380213737487792969e+01,4.000000000000000000e+00
3.611999999999999744e+01,2.388942871093750000e+02,1.632579994201660156e+01,1.378089046478271484e+01,4.000000000000000000e+00
3.614000000000000057e+01,2.391182098388671875e+02,1.627599143981933594e+01,1.375967216491699219e+01,4.000000000000000000e+00
3.616000000000000369e+01,2.393421325683593750e+02,1.622591972351074219e+01,1.373848152160644531e+01,4.000000000000000000e+00
3.617999999999999972e+01,2.395661315917968750e+02,1.617561340332031250e+01,1.371731948852539062e+01,4.000000000000000000e+00
3.620000000000000284e+01,2.397901306152343750e+02,1.612510108947753906e+01,1.369618511199951172e+01,4.000000000000000000e+00
3.621999999999999886e+01,2.400142059326171875e+02,1.607441139221191406e+01,1.367507648468017578e+01,4.000000000000000000e+00
3.624000000000000199e+01,2.402383270263671875e+02,1.602357101440429688e+01,1.365399551391601562e+01,4.000000000000000000e+00
3.625999999999999801e+01,2.404624938964843750e+02,1.597260761260986328e+01,1.363293838500976562e+01,4.000000000000000000e+00
3.628000000000000114e+01,2.406867218017578125e+02,1.592155075073242188e+01,1.361190509796142578e+01,4.000000000000000000e+00
3.630000000000000426e+01,2.409110260009765625e+02,1.587042903900146484e+01,1.359089565277099609e+01,4.000000000000000000e+00
3.632000000000000028e+01,2.411353912353515625e+02,1.581926918029785156e+01,1.356990718841552734e+01,4.000000000000000000e+00
3.634000000000000341e+01,2.413598327636718750e+02,1.576810073852539062e+01,1.354893875122070312e+01,4.000000000000000000e+00
3.635999999999999943e+01,2.415843658447265625e+02,1.571695327758789062e+01,1.352798843383789062e+01,4.000000000000000000e+00
3.638000000000000256e+01,2.418089904785156250e+02,1.566585350036621094e+01,1.350705337524414062e+01,4.000000000000000000e+00
3.639999999999999858e+01,2.420337066650390625e+02,1.561483192443847656e+01,1.348613357543945312e+01,4.000000000000000000e+00
3.642000000000000171e+01,2.422585144042968750e+02,1.556391525268554688e+01,1.346522617340087891e+01,4.000000000000000000e+00
3.643999999999999773e+01,2.424834289550781250e+02,1.551313304901123047e+01,1.344432926177978516e+01,4.000000000000000000e+00
3.646000000000000085e+01,2.427084503173828125e+02,1.546251487731933594e+01,1.342343997955322266e+01,4.000000000000000000e+00
3.648000000000000398e+01,2.429335937500000000e+02,1.541208744049072266e+01,1.340255546569824219e+01,4.000000000000000000e+00
3.650000000000000000e+01,2.431588592529296875e+02,1.536188125610351562e+01,1.338167476654052734e+01,4.000000000000000000e+00
3.652000000000000313e+01,2.433842620849609375e+02,1.531192302703857422e+01,1.336079406738281250e+01,4.000000000000000000e+00
3.653999999999999915e+01,2.436097869873046875e+02,1.526224231719970703e+01,1.333990859985351562e+01,4.000000000000000000e+00
3.656000000000000227e+01,2.438354339599609375e+02,1.521286869049072266e+01,1.331901645660400391e+01,4.000000000000000000e+00
3.657999999999999829e+01,2.440612335205078125e+02,1.516382884979248047e+01,1.329811382293701172e+01,4.000000000000000000e+00
3.660000000000000142e+01,2.442871856689453125e+02,1.511515045166015625e+01,1.327719879150390625e+01,4.000000000000000000e+00
3.661999999999999744e+01,2.445132904052734375e+02,1.506686305999755859e+01,1.325626754760742188e+01,4.000000000000000000e+00
3.664000000000000057e+01,2.447395477294921875e+02,1.501899433135986328e+01,1.323531532287597656e+01,4.000000000000000000e+00
3.666000000000000369e+01,2.449659729003906250e+02,1.497157382965087891e+01,1.321433925628662109e+01,4.000000000000000000e+00
3.667999999999999972e+01,2.451925506591796875e+02,1.492462730407714844e+01,1.319333744049072266e+01,4.000000000000000000e+00
3.670000000000000284e+01,2.454193115234375000e+02,1.487818145751953125e+01,1.317230510711669922e+01,4.000000000000000000e+00
3.671999999999999886e+01,2.456462249755859375e+02,1.483226394653320312e+01,1.315123844146728516e+01,4.000000000000000000e+00
3.674000000000000199e+01,2.458733367919921875e+02,1.478690338134765625e+01,1.313013267517089844e+01,4.000000000000000000e+00
3.675999999999999801e+01,2.461006317138671875e+02,1.474212741851806641e+01,1.310898494720458984e+01,4.000000000000000000e+00
3.678000000000000114e+01,2.463281250000000000e+02,1.469796180725097656e+01,1.308778953552246094e+01,4.000000000000000000e+00
3.680000000000000426e+01,2.465558013916015625e+02,1.465443325042724609e+01,1.306654644012451172e+01,4.000000000000000000e+00
3.682000000000000028e+01,2.467836761474609375e+02,1.461156845092773438e+01,1.304525089263916016e+01,4.000000000000000000e+00
3.684000000000000341e+01,2.470117340087890625e+02,1.456939506530761719e+01,1.302389717102050781e+01,4.000000000000000000e+00
3.685999999999999943e+01,2.472399902343750000e+02,1.452793693542480469e+01,1.300248336791992188e+01,4.000000000000000000e+00
3.688000000000000256e+01,2.474684753417968750e+02,1.448722076416015625e+01,1.298100471496582031e+01,4.000000000000000000e+00
3.689999999999999858e+01,2.476971435546875000e+02,1.444727230072021484e+01,1.295945644378662109e+01,4.000000000000000000e+00
3.692000000000000171e+01,2.479260253906250000e+02,1.440811634063720703e+01,1.293783569335937500e+01,4.000000000000000000e+00
3.693999999999999773e+01,2.481551208496093750e+02,1.436977958679199219e+01,1.291613769531250000e+01,4.000000000000000000e+00
3.696000000000000085e+01,2.483844299316406250e+02,1.433228302001953125e+01,1.289435768127441406e+01,4.000000000000000000e+00
3.698000000000000398e+01,2.486139526367187500e+02,1.429565334320068359e+01,1.287249374389648438e+01,4.000000000000000000e+00
3.700000000000000000e+01,2.488436889648437500e+02,1.425991439819335938e+01,1.285054302215576172e+01,4.000000000000000000e+00
3.702000000000000313e+01,2.490736389160156250e+02,1.422508811950683594e+01,1.282850265502929688e+01,4.000000000000000000e+00
3.703999999999999915e+01,2.493038024902343750e+02,1.419119644165039062e+01,1.280637168884277344e+01,4.000000000000000000e+00
3.706000000000000227e+01,2.495341949462890625e+02,1.415826225280761719e+01,1.278414630889892578e+01,4.000000000000000000e+00
3.707999999999999829e+01,2.497648010253906250e+02,1.412630653381347656e+01,1.276183032989501953e+01,4.000000000000000000e+00
3.710000000000000142e+01,2.499956207275390625e+02,1.409534835815429688e+01,1.273941898345947266e+01,4.000000000000000000e+00
3.711999999999999744e+01,2.502266540527343750e+02,1.406540870666503906e+01,1.271691703796386719e+01,4.000000000000000000e+00
3.714000000000000057e+01,2.504579010009765625e+02,1.403650760650634766e+01,1.269432163238525391e+01,4.000000000000000000e+00
3.716000000000000369e+01,2.506893615722656250e+02,1.400866031646728516e+01,1.267163467407226562e+01,4.000000000000000000e+00
3.717999999999999972e+01,2.509210357666015625e+02,1.398188686370849609e+01,1.264885807037353516e+01,4.000000000000000000e+00
3.720000000000000284e+01,2.511529083251953125e+02,1.395620155334472656e+01,1.262599372863769531e+01,4.000000000000000000e+00
3.721999999999999886e+01,2.513849945068359375e+02,1.393162250518798828e+01,1.260304355621337891e+01,4.000000000000000000e+00
3.724000000000000199e+01,2.516172943115234375e+02,1.390816307067871094e+01,1.258000850677490234e+01,4.000000000000000000e+00
3.725999999999999801e+01,2.518497772216796875e+02,1.388583755493164062e+01,1.255689144134521484e+01,4.000000000000000000e+00
3.728000000000000114e+01,2.520824584960937500e+02,1.386465835571289062e+01,1.253369522094726562e+01,4.000000000000000000e+00
3.730000000000000426e+01,2.523153228759765625e+02,1.384464073181152344e+01,1.251042270660400391e+01,4.000000000000000000e+00
3.732000000000000028e+01,2.525483856201171875e+02,1.382579326629638672e+01,1.248707675933837891e+01,4.000000000000000000e+00
3.734000000000000341e+01,2.527816314697265625e+02,1.380812740325927734e+01,1.246365928649902344e+01,4.000000000000000000e+00
3.735999999999999943e+01,2.530150604248046875e+02,1.379165363311767578e+01,1.244017410278320312e+01,4.000000000000000000e+00
3.738000000000000256e+01,2.532486572265625000e+02,1.377638149261474609e+01,1.241662502288818359e+01,4.000000000000000000e+00
3.739999999999999858e+01,2.534824218750000000e+02,1.376231956481933594e+01,1.239301300048828125e+01,4.000000000000000000e+00
3.742000000000000171e+01,2.537163543701171875e+02,1.374947452545166016e+01,1.236934471130371094e+01,4.000000000000000000e+00
3.743999999999999773e+01,2.539504394531250000e+02,1.373785305023193359e+01,1.234562110900878906e+01,4.000000000000000000e+00
3.746000000000000085e+01,2.541846771240234375e+02,1.372746086120605469e+01,1.232184600830078125e+01,4.000000000000000000e+00
3.748000000000000398e+01,2.544190673828125000e+02,1.371830558776855469e+01,1.229802322387695312e+01,4.000000000000000000e+00
3.750000000000000000e+01,2.546535949707031250e+02,1.371039009094238281e+01,1.227415657043457031e+01,4.000000000000000000e+00
3.752000000000000313e+01,2.548882598876953125e+02,1.370372009277343750e+01,1.225024986267089844e+01,4.000000000000000000e+00
3.753999999999999915e+01,2.551230621337890625e+02,1.369829750061035156e+01,1.222630691528320312e+01,4.000000000000000000e+00
3.756000000000000227e+01,2.553579864501953125e+02,1.369412612915039062e+01,1.220233154296875000e+01,4.000000000000000000e+00
3.757999999999999829e+01,2.555930175781250000e+02,1.369120883941650391e+01,1.217832756042480469e+01,4.000000000000000000e+00
3.760000000000000142e+01,2.558281860351562500e+02,1.368954753875732422e+01,1.215429973602294922e+01,4.000000000000000000e+00
3.761999999999999744e+01,2.560634460449218750e+02,1.368914318084716797e+01,1.213025379180908203e+01,4.000000000000000000e+00
3.764000000000000057e+01,2.562987976074218750e+02,1.368999671936035156e+01,1.210619258880615234e+01,4.000000000000000000e+00
3.766000000000000369e+01,2.565342407226562500e+02,1.369210910797119141e+01,1.208212184906005859e+01,4.000000000000000000e+00
3.767999999999999972e+01,2.567698059082031250e+02,1.369548034667968750e+01,1.205804634094238281e+01,4.000000000000000000e+00
3.770000000000000284e+01,2.570054016113281250e+02,1.370011138916015625e+01,1.203397750854492188e+01,4.000000000000000000e+00
3.771999999999999886e+01,2.572411499023437500e+02,1.370600223541259766e+01,1.200992298126220703e+01,4.000000000000000000e+00
3.774000000000000199e+01,2.574768981933593750e+02,1.371315479278564453e+01,1.198589992523193359e+01,4.000000000000000000e+00
3.775999999999999801e+01,2.577127990722656250e+02,1.372157096862792969e+01,1.196191978454589844e+01,4.000000000000000000e+00
3.778000000000000114e+01,2.579486999511718750e+02,1.373124980926513672e+01,1.193799018859863281e+01,4.000000000000000000e+00
3.780000000000000426e+01,2.581846618652343750e+02,1.374218654632568359e+01,1.191411304473876953e+01,4.000000000000000000e+00
3.782000000000000028e+01,2.584207153320312500e+02,1.375437927246093750e+01,1.189029407501220703e+01,4.000000000000000000e+00
3.784000000000000341e+01,2.586567687988281250e+02,1.376782321929931641e+01,1.186653614044189453e+01,4.000000000000000000e+00
3.785999999999999943e+01,2.588928222656250000e+02,1.378251457214355469e+01,1.184284496307373047e+01,4.000000000000000000e+00
3.788000000000000256e+01,2.591289672851562500e+02,1.379845046997070312e+01,1.181922245025634766e+01,4.000000000000000000e+00
3.789999999999999858e+01,2.593651733398437500e+02,1.381562423706054688e+01,1.179567813873291016e+01,4.000000000000000000e+00
3.792000000000000171e+01,2.596013793945312500e+02,1.383403205871582031e+01,1.177221393585205078e+01,4.000000000000000000e+00
3.793999999999999773e+01,2.598375854492187500e+02,1.385366916656494141e+01,1.174883747100830078e+01,4.000000000000000000e+00
3.796000000000000085e+01,2.600737915039062500e+02,1.387452983856201172e+01,1.172555351257324219e+01,4.000000000000000000e+00
3.798000000000000398e+01,2.603099975585937500e+02,1.389660739898681641e+01,1.170236873626708984e+01,4.000000000000000000e+00
3.800000000000000000e+01,2.605462036132812500e+02,1.391989803314208984e+01,1.167928886413574219e+01,4.000000000000000000e+00
3.802000000000000313e+01,2.607824096679687500e+02,1.394439411163330078e+01,1.165632057189941406e+01,4.000000000000000000e+00
3.803999999999999915e+01,2.610185241699218750e+02,1.397008895874023438e+01,1.163347053527832031e+01,4.000000000000000000e+00
3.806000000000000227e+01,2.612545776367187500e+02,1.399697589874267578e+01,1.161074447631835938e+01,4.000000000000000000e+00
3.807999999999999829e+01,2.614906311035156250e+02,1.402504730224609375e+01,1.158814907073974609e+01,4.000000000000000000e+00
3.810000000000000142e+01,2.617266845703125000e+02,1.405429553985595703e+01,1.156569004058837891e+01,4.000000000000000000e+00
3.811999999999999744e+01,2.619626159667968750e+02,1.408471202850341797e+01,1.154337501525878906e+01,4.000000000000000000e+00
3.814000000000000057e+01,2.621985168457031250e+02,1.411628913879394531e+01,1.152120971679687500e+01,4.000000000000000000e+00
3.816000000000000369e+01,2.624343566894531250e+02,1.414901828765869141e+01,1.149919891357421875e+01,4.000000000000000000e+00
3.817999999999999972e+01,2.626701049804687500e+02,1.418288803100585938e+01,1.147735023498535156e+01,4.000000000000000000e+00
3.820000000000000284e+01,2.629057617187500000e+02,1.421789073944091797e+01,1.145566844940185547e+01,4.000000000000000000e+00
3.821999999999999886e+01,2.631413574218750000e+02,1.425401496887207031e+01,1.143415641784667969e+01,4.000000000000000000e+00
3.824000000000000199e+01,2.633768005371093750e+02,1.429125118255615234e+01,1.141282176971435547e+01,4.000000000000000000e+00
3.825999999999999801e+01,2.636121826171875000e+02,1.432958793640136719e+01,1.139166927337646484e+01,4.000000000000000000e+00
3.828000000000000114e+01,2.638474731445312500e+02,1.436901283264160156e+01,1.137070274353027344e+01,4.000000000000000000e+00
3.830000000000000426e+01,2.640826110839843750e+02,1.440951538085937500e+01,1.134992694854736328e+01,4.000000000000000000e+00
3.832000000000000028e+01,2.643176269531250000e+02,1.445108222961425781e+01,1.132934474945068359e+01,4.000000000000000000e+00
3.834000000000000341e+01,2.645525207519531250e+02,1.449370098114013672e+01,1.130896186828613281e+01,4.000000000000000000e+00
3.835999999999999943e+01,2.647872619628906250e+02,1.453735828399658203e+01,1.128877830505371094e+01,4.000000000000000000e+00
3.838000000000000256e+01,2.650218811035156250e+02,1.458204078674316406e+01,1.126879978179931641e+01,4.000000000000000000e+00
3.839999999999999858e+01,2.652563476562500000e+02,1.462773513793945312e+01,1.124902725219726562e+01,4.000000000000000000e+00
3.842000000000000171e+01,2.654906616210937500e+02,1.467442607879638672e+01,1.122946357727050781e+01,4.000000000000000000e+00
3.843999999999999773e+01,2.657248229980468750e+02,1.472209930419921875e+01,1.121010971069335938e+01,4.000000000000000000e+00
3.846000000000000085e+01,2.659588012695312500e+02,1.477073860168457031e+01,1.119096946716308594e+01,4.000000000000000000e+00
3.848000000000000398e+01,2.661926269531250000e+02,1.482032775878906250e+01,1.117203903198242188e+01,4.000000000000000000e+00
3.850000000000000000e+01,2.664262695312500000e+02,1.487085247039794922e+01,1.115332317352294922e+01,4.000000000000000000e+00
3.852000000000000313e+01,2.666597595214843750e+02,1.492229366302490234e+01,1.113482189178466797e+01,4.000000000000000000e+00
3.853999999999999915e+01,2.668930358886718750e+02,1.497463703155517578e+01,1.111653518676757812e+01,4.000000000000000000e+00
3.856000000000000227e+01,2.671261291503906250e+02,1.502786350250244141e+01,1.109846305847167969e+01,4.000000000000000000e+00
3.857999999999999829e+01,2.673590393066406250e+02,1.508195590972900391e+01,1.108060550689697266e+01,4.000000000000000000e+00
3.860000000000000142e+01,2.675917663574218750e+02,1.513689517974853516e+01,1.106296253204345703e+01,4.000000000000000000e+00
3.861999999999999744e+01,2.678242797851562500e+02,1.519266223907470703e+01,1.104553031921386719e+01,4.000000000000000000e+00
3.864000000000000057e+01,2.680566101074218750e+02,1.524923992156982422e+01,1.102831172943115234e+01,4.000000000000000000e+00
3.866000000000000369e+01,2.682887573242187500e+02,1.530660724639892578e+01,1.101130294799804688e+01,4.000000000000000000e+00
3.867999999999999972e+01,2.685207214355468750e+02,1.536474514007568359e+01,1.099450492858886719e+01,4.000000000000000000e+00
3.870000000000000284e+01,2.687524414062500000e+02,1.542363357543945312e+01,1.097791481018066406e+01,4.000000000000000000e+00
3.871999999999999886e+01,2.689839782714843750e+02,1.548325157165527344e+01,1.096153259277343750e+01,4.000000000000000000e+00
3.874000000000000199e+01,2.692153320312500000e+02,1.554357910156250000e+01,1.094535827636718750e+01,4.000000000000000000e+00
3.875999999999999801e+01,2.694464721679687500e+02,1.560459327697753906e+01,1.092939090728759766e+01,4.000000000000000000e+00
3.878000000000000114e+01,2.696773986816406250e+02,1.566627407073974609e+01,1.091362857818603516e+01,4.000000000000000000e+00
3.880000000000000426e+01,2.699081420898437500e+02,1.572859954833984375e+01,1.089807033538818359e+01,4.000000000000000000e+00
3.882000000000000028e+01,2.701386718750000000e+02,1.579154872894287109e+01,1.088271522521972656e+01,4.000000000000000000e+00
3.884000000000000341e+01,2.703689880371093750e+02,1.585509777069091797e+01,1.086756420135498047e+01,4.000000000000000000e+00
3.885999999999999943e+01,2.705991210937500000e+02,1.591922569274902344e+01,1.085261440277099609e+01,4.000000000000000000e+00
3.888000000000000256e+01,2.708290405273437500e+02,1.598390674591064453e+01,1.083786582946777344e+01,4.000000000000000000e+00
3.889999999999999858e+01,2.710587768554687500e+02,1.604911994934082031e+01,1.082331562042236328e+01,4.000000000000000000e+00
3.892000000000000171e+01,2.712882995605468750e+02,1.611483955383300781e+01,1.080896472930908203e+01,4.000000000000000000e+00
3.893999999999999773e+01,2.715176086425781250e+02,1.618104362487792969e+01,1.079481124877929688e+01,4.000000000000000000e+00
3.896000000000000085e+01,2.717467346191406250e+02,1.624770545959472656e+01,1.078085517883300781e+01,4.000000000000000000e+00
3.898000000000000398e+01,2.719756774902343750e+02,1.631480407714843750e+01,1.076709365844726562e+01,4.000000000000000000e+00
3.900000000000000000e+01,2.722044372558593750e+02,1.638231086730957031e+01,1.075352478027343750e+01,4.000000000000000000e+00
3.902000000000000313e+01,2.724330139160156250e+02,1.645020294189453125e+01,1.074014949798583984e+01,4.000000000000000000e+00
3.903999999999999915e+01,2.726614074707031250e+02,1.651845550537109375e+01,1.072696495056152344e+01,4.000000000000000000e+00
3.906000000000000227e+01,2.728896179199218750e+02,1.658704185485839844e+01,1.071396923065185547e+01,4.000000000000000000e+00
3.907999999999999829e+01,2.731176452636718750e+02,1.665593910217285156e+01,1.070116043090820312e+01,4.000000000000000000e+00
3.910000000000000142e+01,2.733455200195312500e+02,1.672511672973632812e+01,1.068853569030761719e+01,4.000000000000000000e+00
3.911999999999999744e+01,2.735732116699218750e+02,1.679455375671386719e+01,1.067609310150146484e+01,4.000000000000000000e+00
3.914000000000000057e+01,2.738007507324218750e+02,1.686422157287597656e+01,1.066383266448974609e+01,4.000000000000000000e+00
3.916000000000000369e+01,2.740281372070312500e+02,1.693409347534179688e+01,1.065175056457519531e+01,4.000000000000000000e+00
3.917999999999999972e+01,2.742553710937500000e+02,1.700414276123046875e+01,1.063984394073486328e+01,4.000000000000000000e+00
3.920000000000000284e+01,2.744824523925781250e+02,1.707434272766113281e+01,1.062810993194580078e+01,4.000000000000000000e+00
3.921999999999999886e+01,2.747093811035156250e+02,1.714466667175292969e+01,1.061654663085937500e+01,4.000000000000000000e+00
3.924000000000000199e+01,2.749361877441406250e+02,1.721508979797363281e+01,1.060515022277832031e+01,4.000000000000000000e+00
3.925999999999999801e+01,2.751628417968750000e+02,1.728558349609375000e+01,1.059391784667968750e+01,4.000000000000000000e+00
3.928000000000000114e+01,2.753893737792968750e+02,1.735611915588378906e+01,1.058284568786621094e+01,4.000000000000000000e+00
3.930000000000000426e+01,2.756158142089843750e+02,1.742667198181152344e+01,1.057192993164062500e+01,4.000000000000000000e+00
3.932000000000000028e+01,2.758421020507812500e+02,1.749721145629882812e+01,1.056116771697998047e+01,4.000000000000000000e+00
3.934000000000000341e+01,2.760682983398437500e+02,1.756771278381347656e+01,1.055055522918701172e+01,4.000000000000000000e+00
3.935999999999999943e+01,2.762944030761718750e+02,1.763814735412597656e+01,1.054008865356445312e+01,4.000000000000000000e+00
3.938000000000000256e+01,2.765203857421875000e+02,1.770848655700683594e+01,1.052976226806640625e+01,4.000000000000000000e+00
3.939999999999999858e+01,2.767462768554687500e+02,1.777870368957519531e+01,1.051957130432128906e+01,4.000000000000000000e+00
3.942000000000000171e+01,2.769721069335937500e+02,1.784877204895019531e+01,1.050951290130615234e+01,4.000000000000000000e+00
3.943999999999999773e+01,2.771978149414062500e+02,1.791866683959960938e+01,1.049958229064941406e+01,4.000000000000000000e+00
3.946000000000000085e+01,2.774234924316406250e+02,1.798835372924804688e+01,1.048977375030517578e+01,4.000000000000000000e+00
3.948000000000000398e+01,2.776490783691406250e+02,1.805780982971191406e+01,1.048008251190185547e+01,4.000000000000000000e+00
3.950000000000000000e+01,2.778746032714843750e+02,1.812700653076171875e+01,1.047050380706787109e+01,4.000000000000000000e+00
3.952000000000000313e+01,2.781001281738281250e+02,1.819591712951660156e+01,1.046103191375732422e+01,4.000000000000000000e+00
3.953999999999999915e+01,2.783255615234375000e+02,1.826451301574707031e+01,1.045166206359863281e+01,4.000000000000000000e+00
3.956000000000000227e+01,2.785509338378906250e+02,1.833276939392089844e+01,1.044238758087158203e+01,4.000000000000000000e+00
3.957999999999999829e+01,2.787763061523437500e+02,1.840065765380859375e+01,1.043320560455322266e+01,4.000000000000000000e+00
3.960000000000000142e+01,2.790016784667968750e+02,1.846815109252929688e+01,1.042410850524902344e+01,4.000000000000000000e+00
3.961999999999999744e+01,2.792270507812500000e+02,1.853522300720214844e+01,1.041509151458740234e+01,4.000000000000000000e+00
3.964000000000000057e+01,2.794524230957031250e+02,1.860184478759765625e+01,1.040615081787109375e+01,4.000000000000000000e+00
3.966000000000000369e+01,2.796777954101562500e+02,1.866798973083496094e+01,1.039727783203125000e+01,4.000000000000000000e+00
3.967999999999999972e+01,2.799031677246093750e+02,1.873363685607910156e+01,1.038846683502197266e+01,4.000000000000000000e+00
3.970000000000000284e+01,2.801285400390625000e+02,1.879875564575195312e+01,1.037971401214599609e+01,4.000000000000000000e+00
3.971999999999999886e+01,2.803539123535156250e+02,1.886331939697265625e+01,1.037101173400878906e+01,4.000000000000000000e+00
3.974000000000000199e+01,2.805792846679687500e+02,1.892730331420898438e+01,1.036235713958740234e+01,4.000000000000000000e+00
3.975999999999999801e+01,2.808046569824218750e+02,1.899068450927734375e+01,1.035374355316162109e+01,4.000000000000000000e+00
3.978000000000000114e+01,2.810300292968750000e+02,1.905343437194824219e+01,1.034516525268554688e+01,4.000000000000000000e+00
3.980000000000000426e+01,2.812554016113281250e+02,1.911552810668945312e+01,1.033661556243896484e+01,4.000000000000000000e+00
3.982000000000000028e+01,2.814808654785156250e+02,1.917693901062011719e+01,1.032808971405029297e+01,4.000000000000000000e+00
3.984000000000000341e+01,2.817063903808593750e+02,1.923764419555664062e+01,1.031958484649658203e+01,4.000000000000000000e+00
3.985999999999999943e+01,2.819319152832031250e+02,1.929761695861816406e+01,1.031109333038330078e+01,4.000000000000000000e+00
3.988000000000000256e+01,2.821575317382812500e+02,1.935683631896972656e+01,1.030260944366455078e+01,4.000000000000000000e+00
3.989999999999999858e+01,2.823832092285156250e+02,1.941527366638183594e+01,1.029413127899169922e+01,4.000000000000000000e+00
3.992000000000000171e+01,2.826088867187500000e+02,1.947290420532226562e+01,1.028565025329589844e+01,4.000000000000000000e+00
3.993999999999999773e+01,2.828347167968750000e+02,1.952970886230468750e+01,1.027716255187988281e+01,4.000000000000000000e+00
3.996000000000000085e+01,2.830605468750000000e+02,1.958566093444824219e+01,1.026866340637207031e+01,4.000000000000000000e+00
3.998000000000000398e+01,2.832865295410156250e+02,1.964073753356933594e+01,1.026014709472656250e+01,4.000000000000000000e+00
4.000000000000000000e+01,2.835125122070312500e+02,1.969491577148437500e+01,1.025160884857177734e+01,4.000000000000000000e+00
4.002000000000000313e+01,2.837386474609375000e+02,1.974817085266113281e+01,1.024304485321044922e+01,4.000000000000000000e+00
4.003999999999999915e+01,2.839648132324218750e+02,1.980047988891601562e+01,1.023445129394531250e+01,4.000000000000000000e+00
4.006000000000000227e+01,2.841911010742187500e+02,1.985182762145996094e+01,1.022582435607910156e+01,4.000000000000000000e+00
4.007999999999999829e+01,2.844174499511718750e+02,1.990218925476074219e+01,1.021716117858886719e+01,4.000000000000000000e+00
4.010000000000000142e+01,2.846438903808593750e+02,1.995154190063476562e+01,1.020845890045166016e+01,4.000000000000000000e+00
4.011999999999999744e+01,2.848704528808593750e+02,1.999986648559570312e+01,1.019971656799316406e+01,4.000000000000000000e+00
4.014000000000000057e+01,2.850970458984375000e+02,2.004714393615722656e+01,1.019093227386474609e+01,4.000000000000000000e+00
4.016000000000000369e+01,2.853237915039062500e+02,2.009335517883300781e+01,1.018210411071777344e+01,4.000000000000000000e+00
4.017999999999999972e+01,2.855505981445312500e+02,2.013848304748535156e+01,1.017323017120361328e+01,4.000000000000000000e+00
4.020000000000000284e+01,2.857774963378906250e+02,2.018251037597656250e+01,1.016431331634521484e+01,4.000000000000000000e+00
4.021999999999999886e+01,2.860045166015625000e+02,2.022541809082031250e+01,1.015535163879394531e+01,4.000000000000000000e+00
4.024000000000000199e+01,2.862315673828125000e+02,2.026718902587890625e+01,1.014634418487548828e+01,4.000000000000000000e+00
4.025999999999999801e+01,2.864587707519531250e+02,2.030781364440917969e+01,1.013729381561279297e+01,4.000000000000000000e+00
4.028000000000000114e+01,2.866860046386718750e+02,2.034727478027343750e+01,1.012820243835449219e+01,4.000000000000000000e+00
4.030000000000000426e+01,2.869133605957031250e+02,2.038555908203125000e+01,1.011906909942626953e+01,4.000000000000000000e+00
4.032000000000000028e+01,2.871407775878906250e+02,2.042265319824218750e+01,1.010989761352539062e+01,4.000000000000000000e+00
4.034000000000000341e+01,2.873682861328125000e+02,2.045854568481445312e+01,1.010068893432617188e+01,4.000000000000000000e+00
4.035999999999999943e+01,2.875958251953125000e+02,2.049322319030761719e+01,1.009144592285156250e+01,4.000000000000000000e+00
4.038000000000000256e+01,2.878234863281250000e+02,2.052667617797851562e+01,1.008216953277587891e+01,4.000000000000000000e+00
4.039999999999999858e+01,2.880511474609375000e+02,2.055889129638671875e+01,1.007286453247070312e+01,4.000000000000000000e+00
4.042000000000000171e+01,2.882789306640625000e+02,2.058986663818359375e+01,1.006353282928466797e+01,4.000000000000000000e+00
4.043999999999999773e+01,2.885067443847656250e+02,2.061959075927734375e+01,1.005417728424072266e+01,4.000000000000000000e+00
4.046000000000000085e+01,2.887345581054687500e+02,2.064805603027343750e+01,1.004480171203613281e+01,4.000000000000000000e+00
4.048000000000000398e+01,2.889624938964843750e+02,2.067525482177734375e+01,1.003540897369384766e+01,4.000000000000000000e+00
4.050000000000000000e+01,2.891904602050781250e+02,2.070118141174316406e+01,1.002600193023681641e+01,4.000000000000000000e+00
4.052000000000000313e+01,2.894184265136718750e+02,2.072583198547363281e+01,1.001658535003662109e+01,4.000000000000000000e+00
4.053999999999999915e+01,2.896463928222656250e+02,2.074919700622558594e+01,1.000716209411621094e+01,4.000000000000000000e+00
4.056000000000000227e+01,2.898743591308593750e+02,2.077127456665039062e+01,9.997735023498535156e+00,4.000000000000000000e+00
4.057999999999999829e+01,2.901023254394531250e+02,2.079206466674804688e+01,9.988307952880859375e+00,4.000000000000000000e+00
4.060000000000000142e+01,2.903302917480468750e+02,2.081156349182128906e+01,9.978886604309082031e+00,4.000000000000000000e+00
4.061999999999999744e+01,2.905582580566406250e+02,2.082976722717285156e+01,9.969471931457519531e+00,4.000000000000000000e+00
4.064000000000000057e+01,2.907862243652343750e+02,2.084667396545410156e+01,9.960069656372070312e+00,4.000000000000000000e+00
4.066000000000000369e+01,2.910141906738281250e+02,2.086228370666503906e+01,9.950682640075683594e+00,4.000000000000000000e+00
4.067999999999999972e+01,2.912421569824218750e+02,2.087659645080566406e+01,9.941312789916992188e+00,4.000000000000000000e+00
4.070000000000000284e+01,2.914701232910156250e+02,2.088961219787597656e+01,9.931966781616210938e+00,4.000000000000000000e+00
4.071999999999999886e+01,2.916980895996093750e+02,2.090133285522460938e+01,9.922644615173339844e+00,4.000000000000000000e+00
4.074000000000000199e+01,2.919259338378906250e+02,2.091175651550292969e+01,9.913350105285644531e+00,4.000000000000000000e+00
4.075999999999999801e+01,2.921537475585937500e+02,2.092088699340820312e+01,9.904088020324707031e+00,4.000000000000000000e+00
4.078000000000000114e+01,2.923815307617187500e+02,2.092872619628906250e+01,9.894861221313476562e+00,4.000000000000000000e+00
4.080000000000000426e+01,2.926091918945312500e+02,2.093527793884277344e+01,9.885672569274902344e+00,4.000000000000000000e+00
4.082000000000000028e+01,2.928368225097656250e+02,2.094054603576660156e+01,9.876524925231933594e+00,4.000000000000000000e+00
4.084000000000000341e+01,2.930643310546875000e+02,2.094453430175781250e+01,9.867422103881835938e+00,4.000000000000000000e+00
4.085999999999999943e+01,2.932917785644531250e+02,2.094724655151367188e+01,9.858366966247558594e+00,4.000000000000000000e+00
4.088000000000000256e+01,2.935191345214843750e+02,2.094868659973144531e+01,9.849360466003417969e+00,4.000000000000000000e+00
4.089999999999999858e+01,2.937463378906250000e+02,2.094886016845703125e+01,9.840407371520996094e+00,4.000000000000000000e+00
4.092000000000000171e+01,2.939734497070312500e+02,2.094777488708496094e+01,9.831509590148925781e+00,4.000000000000000000e+00
4.093999999999999773e+01,2.942004394531250000e+02,2.094543457031250000e+01,9.822669982910156250e+00,4.000000000000000000e+00
4.096000000000000085e+01,2.944273071289062500e+02,2.094184875488281250e+01,9.813890457153320312e+00,4.000000000000000000e+00
4.098000000000000398e+01,2.946540222167968750e+02,2.093702316284179688e+01,9.805173873901367188e+00,4.000000000000000000e+00
4.100000000000000000e+01,2.948805847167968750e+02,2.093095970153808594e+01,9.796522140502929688e+00,4.000000000000000000e+00
4.102000000000000313e+01,2.951069946289062500e+02,2.092366981506347656e+01,9.787938117980957031e+00,4.000000000000000000e+00
4.103999999999999915e+01,2.953332519531250000e+02,2.091516113281250000e+01,9.779421806335449219e+00,4.000000000000000000e+00
4.106000000000000227e+01,2.955593261718750000e+02,2.090544319152832031e+01,9.770977020263671875e+00,4.000000000000000000e+00
4.107999999999999829e+01,2.957852478027343750e+02,2.089452362060546875e+01,9.762608528137207031e+00,4.000000000000000000e+00
4.110000000000000142e+01,2.960109863281250000e+02,2.088241195678710938e+01,9.754314422607421875e+00,4.000000000000000000e+00
4.111999999999999744e+01,2.962365417480468750e+02,2.086911773681640625e+01,9.746096611022949219e+00,4.000000000000000000e+00
4.114000000000000057e+01,2.964618835449218750e+02,2.085464859008789062e+01,9.737958908081054688e+00,4.000000000000000000e+00
4.116000000000000369e+01,2.966870422363281250e+02,2.083901977539062500e+01,9.729901313781738281e+00,4.000000000000000000e+00
4.117999999999999972e+01,2.969119873046875000e+02,2.082223510742187500e+01,9.721927642822265625e+00,4.000000000000000000e+00
4.120000000000000284e+01,2.971367187500000000e+02,2.080430984497070312e+01,9.714036941528320312e+00,4.000000000000000000e+00
4.121999999999999886e+01,2.973612365722656250e+02,2.078525543212890625e+01,9.706231117248535156e+00,4.000000000000000000e+00
4.124000000000000199e+01,2.975855102539062500e+02,2.076508140563964844e+01,9.698511123657226562e+00,4.000000000000000000e+00
4.125999999999999801e+01,2.978095703125000000e+02,2.074379920959472656e+01,9.690878868103027344e+00,4.000000000000000000e+00
4.128000000000000114e+01,2.980333557128906250e+02,2.072142219543457031e+01,9.683336257934570312e+00,4.000000000000000000e+00
4.130000000000000426e+01,2.982569580078125000e+02,2.069796371459960938e+01,9.675883293151855469e+00,4.000000000000000000e+00
4.132000000000000028e+01,2.984802856445312500e+02,2.067343521118164062e+01,9.668520927429199219e+00,4.000000000000000000e+00
4.134000000000000341e+01,2.987033691406250000e+02,2.064784812927246094e+01,9.661250114440917969e+00,4.000000000000000000e+00
4.135999999999999943e+01,2.989262084960937500e+02,2.062121963500976562e+01,9.654073715209960938e+00,4.000000000000000000e+00
4.138000000000000256e+01,2.991487426757812500e+02,2.059356307983398438e+01,9.646987915039062500e+00,4.000000000000000000e+00
4.139999999999999858e+01,2.993710021972656250e+02,2.056489181518554688e+01,9.639997482299804688e+00,4.000000000000000000e+00
4.142000000000000171e+01,2.995930175781250000e+02,2.053522109985351562e+01,9.633102416992187500e+00,4.000000000000000000e+00
4.143999999999999773e+01,2.998147277832031250e+02,2.050456237792968750e+01,9.626302719116210938e+00,4.000000000000000000e+00
4.146000000000000085e+01,3.000361938476562500e+02,2.047293663024902344e+01,9.619598388671875000e+00,4.000000000000000000e+00
4.148000000000000398e+01,3.002573547363281250e+02,2.044035720825195312e+01,9.612989425659179688e+00,4.000000000000000000e+00
4.150000000000000000e+01,3.004782409667968750e+02,2.040683746337890625e+01,9.606478691101074219e+00,4.000000000000000000e+00
4.152000000000000313e+01,3.006988220214843750e+02,2.037239837646484375e+01,9.600065231323242188e+00,4.000000000000000000e+00
4.153999999999999915e+01,3.009190979003906250e+02,2.033705520629882812e+01,9.593748092651367188e+00,4.000000000000000000e+00
4.156000000000000227e+01,3.011390991210937500e+02,2.030082321166992188e+01,9.587530136108398438e+00,4.000000000000000000e+00
4.157999999999999829e+01,3.013587951660156250e+02,2.026372337341308594e+01,9.581408500671386719e+00,4.000000000000000000e+00
4.160000000000000142e+01,3.015781860351562500e+02,2.022577095031738281e+01,9.575386047363281250e+00,4.000000000000000000e+00
4.161999999999999744e+01,3.017972717285156250e+02,2.018698310852050781e+01,9.569459915161132812e+00,4.000000000000000000e+00
4.164000000000000057e+01,3.020160522460937500e+02,2.014738082885742188e+01,9.563632965087890625e+00,4.000000000000000000e+00
4.166000000000000369e+01,3.022345275878906250e+02,2.010698318481445312e+01,9.557901382446289062e+00,4.000000000000000000e+00
4.167999999999999972e+01,3.024526977539062500e+02,2.006581306457519531e+01,9.552267074584960938e+00,4.000000000000000000e+00
4.170000000000000284e+01,3.026705627441406250e+02,2.002388381958007812e+01,9.546730995178222656e+00,4.000000000000000000e+00
4.171999999999999886e+01,3.028881225585937500e+02,1.998122024536132812e+01,9.541290283203125000e+00,4.000000000000000000e+00
4.174000000000000199e+01,3.031053771972656250e+02,1.993784141540527344e+01,9.535944938659667969e+00,4.000000000000000000e+00
4.175999999999999801e+01,3.033223266601562500e+02,1.989377212524414062e+01,9.530694961547851562e+00,4.000000000000000000e+00
4.178000000000000114e+01,3.035389709472656250e+02,1.984902954101562500e+01,9.525535583496093750e+00,4.000000000000000000e+00
4.180000000000000426e+01,3.037553100585937500e+02,1.980363845825195312e+01,9.520471572875976562e+00,4.000000000000000000e+00
4.182000000000000028e+01,3.039713439941406250e+02,1.975762367248535156e+01,9.515500068664550781e+00,4.000000000000000000e+00
4.184000000000000341e+01,3.041870727539062500e+02,1.971100616455078125e+01,9.510620117187500000e+00,4.000000000000000000e+00
4.185999999999999943e+01,3.044024963378906250e+02,1.966380882263183594e+01,9.505830764770507812e+00,4.000000000000000000e+00
4.188000000000000256e+01,3.046176452636718750e+02,1.961605262756347656e+01,9.501132011413574219e+00,4.000000000000000000e+00
4.189999999999999858e+01,3.048324890136718750e+02,1.956776428222656250e+01,9.496522903442382812e+00,4.000000000000000000e+00
4.192000000000000171e+01,3.050470275878906250e+02,1.951896858215332031e+01,9.492002487182617188e+00,4.000000000000000000e+00
4.193999999999999773e+01,3.052612915039062500e+02,1.946968650817871094e+01,9.487567901611328125e+00,4.000000000000000000e+00
4.196000000000000085e+01,3.054752807617187500e+02,1.941994667053222656e+01,9.483220100402832031e+00,4.000000000000000000e+00
4.198000000000000398e+01,3.056889648437500000e+02,1.936977577209472656e+01,9.478957176208496094e+00,4.000000000000000000e+00
4.200000000000000000e+01,3.059023742675781250e+02,1.931919670104980469e+01,9.474779129028320312e+00,4.000000000000000000e+00
4.202000000000000313e+01,3.061154785156250000e+02,1.926823425292968750e+01,9.470682144165039062e+00,4.000000000000000000e+00
4.203999999999999915e+01,3.063283386230468750e+02,1.921691703796386719e+01,9.466665267944335938e+00,4.000000000000000000e+00
4.206000000000000227e+01,3.065409545898437500e+02,1.916526985168457031e+01,9.462726593017578125e+00,4.000000000000000000e+00
4.207999999999999829e+01,3.067532958984375000e+02,1.911332321166992188e+01,9.458864212036132812e+00,4.000000000000000000e+00
4.210000000000000142e+01,3.069653930664062500e+02,1.906109809875488281e+01,9.455078125000000000e+00,4.000000000000000000e+00
4.211999999999999744e+01,3.071772460937500000e+02,1.900862693786621094e+01,9.451363563537597656e+00,4.000000000000000000e+00
4.214000000000000057e+01,3.073888244628906250e+02,1.895593261718750000e+01,9.447720527648925781e+00,4.000000000000000000e+00
4.216000000000000369e+01,3.076001586914062500e+02,1.890304565429687500e+01,9.444144248962402344e+00,4.000000000000000000e+00
4.217999999999999972e+01,3.078112487792968750e+02,1.884999465942382812e+01,9.440633773803710938e+00,4.000000000000000000e+00
4.220000000000000284e+01,3.080221252441406250e+02,1.879680633544921875e+01,9.437187194824218750e+00,4.000000000000000000e+00
4.221999999999999886e+01,3.082327880859375000e+02,1.874350738525390625e+01,9.433800697326660156e+00,4.000000000000000000e+00
4.224000000000000199e+01,3.084432373046875000e+02,1.869013023376464844e+01,9.430473327636718750e+00,4.000000000000000000e+00
4.225999999999999801e+01,3.086534423828125000e+02,1.863670158386230469e+01,9.427200317382812500e+00,4.000000000000000000e+00
4.228000000000000114e+01,3.088634643554687500e+02,1.858325004577636719e+01,9.423980712890625000e+00,4.000000000000000000e+00
4.230000000000000426e+01,3.090733032226562500e+02,1.852980613708496094e+01,9.420809745788574219e+00,4.000000000000000000e+00
4.232000000000000028e+01,3.092829284667968750e+02,1.847640037536621094e+01,9.417685508728027344e+00,4.000000000000000000e+00
4.234000000000000341e+01,3.094924011230468750e+02,1.842305946350097656e+01,9.414603233337402344e+00,4.000000000000000000e+00
4.235999999999999943e+01,3.097016906738281250e+02,1.836981391906738281e+01,9.411560058593750000e+00,4.000000000000000000e+00
4.238000000000000256e+01,3.099108276367187500e+02,1.831669425964355469e+01,9.408553123474121094e+00,4.000000000000000000e+00
4.239999999999999858e+01,3.101198120117187500e+02,1.826372909545898438e+01,9.405578613281250000e+00,4.000000000000000000e+00
4.242000000000000171e+01,3.103286437988281250e+02,1.821094703674316406e+01,9.402631759643554688e+00,4.000000000000000000e+00
4.243999999999999773e+01,3.105373229980468750e+02,1.815838241577148438e+01,9.399708747863769531e+00,4.000000000000000000e+00
4.246000000000000085e+01,3.107458801269531250e+02,1.810606193542480469e+01,9.396807670593261719e+00,4.000000000000000000e+00
4.248000000000000398e+01,3.109543151855468750e+02,1.805401802062988281e+01,9.393922805786132812e+00,4.000000000000000000e+00
4.250000000000000000e+01,3.111625976562500000e+02,1.800227737426757812e+01,9.391050338745117188e+00,4.000000000000000000e+00
4.252000000000000313e+01,3.113707885742187500e+02,1.795087432861328125e+01,9.388186454772949219e+00,4.000000000000000000e+00
4.253999999999999915e+01,3.115788879394531250e+02,1.789983749389648438e+01,9.385325431823730469e+00,4.000000000000000000e+00
4.256000000000000227e+01,3.117868652343750000e+02,1.784919738769531250e+01,9.382464408874511719e+00,4.000000000000000000e+00
4.257999999999999829e+01,3.119947814941406250e+02,1.779898643493652344e+01,9.379600524902343750e+00,4.000000000000000000e+00
4.260000000000000142e+01,3.122026062011718750e+02,1.774923324584960938e+01,9.376726150512695312e+00,4.000000000000000000e+00
4.261999999999999744e+01,3.124103698730468750e+02,1.769997024536132812e+01,9.373839378356933594e+00,4.000000000000000000e+00
4.264000000000000057e+01,3.126180419921875000e+02,1.765122413635253906e+01,9.370935440063476562e+00,4.000000000000000000e+00
4.266000000000000369e+01,3.128257141113281250e+02,1.760302925109863281e+01,9.368007659912109375e+00,4.000000000000000000e+00
4.267999999999999972e+01,3.130332641601562500e+02,1.755541801452636719e+01,9.365054130554199219e+00,4.000000000000000000e+00
4.270000000000000284e+01,3.132407836914062500e+02,1.750841522216796875e+01,9.362068176269531250e+00,4.000000000000000000e+00
4.271999999999999886e+01,3.134483032226562500e+02,1.746205902099609375e+01,9.359045028686523438e+00,4.000000000000000000e+00
4.274000000000000199e+01,3.136558227539062500e+02,1.741637611389160156e+01,9.355980873107910156e+00,4.000000000000000000e+00
4.275999999999999801e+01,3.138632507324218750e+02,1.737139511108398438e+01,9.352870941162109375e+00,4.000000000000000000e+00
4.278000000000000114e+01,3.140706176757812500e+02,1.732715034484863281e+01,9.349708557128906250e+00,4.000000000000000000e+00
4.280000000000000426e+01,3.142779846191406250e+02,1.728367233276367188e+01,9.346490859985351562e+00,4.000000000000000000e+00
4.282000000000000028e+01,3.144853515625000000e+02,1.724099540710449219e+01,9.343213081359863281e+00,4.000000000000000000e+00
4.284000000000000341e+01,3.146927185058593750e+02,1.719914436340332031e+01,9.339869499206542969e+00,4.000000000000000000e+00
4.285999999999999943e+01,3.149000854492187500e+02,1.715815353393554688e+01,9.336455345153808594e+00,4.000000000000000000e+00
4.288000000000000256e+01,3.151074523925781250e+02,1.711805152893066406e+01,9.332964897155761719e+00,4.000000000000000000e+00
4.289999999999999858e+01,3.153148193359375000e+02,1.707886886596679688e+01,9.329395294189453125e+00,4.000000000000000000e+00
4.292000000000000171e+01,3.155223388671875000e+02,1.704063796997070312e+01,9.325742721557617188e+00,4.000000000000000000e+00
4.293999999999999773e+01,3.157298583984375000e+02,1.700338745117187500e+01,9.322003364562988281e+00,4.000000000000000000e+00
4.296000000000000085e+01,3.159373779296875000e+02,1.696714401245117188e+01,9.318174362182617188e+00,4.000000000000000000e+00
4.298000000000000398e+01,3.161448974609375000e+02,1.693193435668945312e+01,9.314253807067871094e+00,4.000000000000000000e+00
4.300000000000000000e+01,3.163524169921875000e+02,1.689779090881347656e+01,9.310238838195800781e+00,4.000000000000000000e+00
4.302000000000000313e+01,3.165599365234375000e+02,1.686473846435546875e+01,9.306128501892089844e+00,4.000000000000000000e+00
4.303999999999999915e+01,3.167676086425781250e+02,1.683280372619628906e+01,9.301919937133789062e+00,4.000000000000000000e+00
4.306000000000000227e+01,3.169752807617187500e+02,1.680201148986816406e+01,9.297614097595214844e+00,4.000000000000000000e+00
4.307999999999999829e+01,3.171829528808593750e+02,1.677238655090332031e+01,9.293211936950683594e+00,4.000000000000000000e+00
4.310000000000000142e+01,3.173906250000000000e+02,1.674395179748535156e+01,9.288710594177246094e+00,4.000000000000000000e+00
4.311999999999999744e+01,3.175982971191406250e+02,1.671673202514648438e+01,9.284113883972167969e+00,4.000000000000000000e+00
4.314000000000000057e+01,3.178060607910156250e+02,1.669074630737304688e+01,9.279421806335449219e+00,4.000000000000000000e+00
4.316000000000000369e+01,3.180138854980468750e+02,1.666601943969726562e+01,9.274639129638671875e+00,4.000000000000000000e+00
4.317999999999999972e+01,3.182217102050781250e+02,1.664256858825683594e+01,9.269764900207519531e+00,4.000000000000000000e+00
4.320000000000000284e+01,3.184295349121093750e+02,1.662041282653808594e+01,9.264802932739257812e+00,4.000000000000000000e+00
4.321999999999999886e+01,3.186373596191406250e+02,1.659957122802734375e+01,9.259754180908203125e+00,4.000000000000000000e+00
4.324000000000000199e+01,3.188451843261718750e+02,1.658005905151367188e+01,9.254622459411621094e+00,4.000000000000000000e+00
4.325999999999999801e+01,3.190530090332031250e+02,1.656189346313476562e+01,9.249410629272460938e+00,4.000000000000000000e+00
4.328000000000000114e+01,3.192608337402343750e+02,1.654508972167968750e+01,9.244121551513671875e+00,4.000000000000000000e+00
4.330000000000000426e+01,3.194686584472656250e+02,1.652965927124023438e+01,9.238757133483886719e+00,4.000000000000000000e+00
4.332000000000000028e+01,3.196764831542968750e+02,1.651561546325683594e+01,9.233325004577636719e+00,4.000000000000000000e+00
4.334000000000000341e+01,3.198841552734375000e+02,1.650296974182128906e+01,9.227825164794921875e+00,4.000000000000000000e+00
4.335999999999999943e+01,3.200918273925781250e+02,1.649173355102539062e+01,9.222263336181640625e+00,4.000000000000000000e+00
4.338000000000000256e+01,3.202994995117187500e+02,1.648191642761230469e+01,9.216642379760742188e+00,4.000000000000000000e+00
4.339999999999999858e+01,3.205071105957031250e+02,1.647352409362792969e+01,9.210966110229492188e+00,4.000000000000000000e+00
4.342000000000000171e+01,3.207146301269531250e+02,1.646656990051269531e+01,9.205239295959472656e+00,4.000000000000000000e+00
4.343999999999999773e+01,3.209221191406250000e+02,1.646105766296386719e+01,9.199464797973632812e+00,4.000000000000000000e+00
4.346000000000000085e+01,3.211294860839843750e+02,1.645699310302734375e+01,9.193646430969238281e+00,4.000000000000000000e+00
4.348000000000000398e+01,3.213367919921875000e+02,1.645437812805175781e+01,9.187788009643554688e+00,4.000000000000000000e+00
4.350000000000000000e+01,3.215440063476562500e+02,1.645322227478027344e+01,9.181893348693847656e+00,4.000000000000000000e+00
4.352000000000000313e+01,3.217510986328125000e+02,1.645352363586425781e+01,9.175966262817382812e+00,4.000000000000000000e+00
4.353999999999999915e+01,3.219580688476562500e+02,1.645528793334960938e+01,9.170010566711425781e+00,4.000000000000000000e+00
4.356000000000000227e+01,3.221649169921875000e+02,1.645851516723632812e+01,9.164031028747558594e+00,4.000000000000000000e+00
4.357999999999999829e+01,3.223716430664062500e+02,1.646320533752441406e+01,9.158027648925781250e+00,4.000000000000000000e+00
4.360000000000000142e+01,3.225782165527343750e+02,1.646936035156250000e+01,9.152005195617675781e+00,4.000000000000000000e+00
4.361999999999999744e+01,3.227846374511718750e+02,1.647697639465332031e+01,9.145967483520507812e+00,4.000000000000000000e+00
4.364000000000000057e+01,3.229909057617187500e+02,1.648605537414550781e+01,9.139917373657226562e+00,4.000000000000000000e+00
4.366000000000000369e+01,3.231969909667968750e+02,1.649659347534179688e+01,9.133858680725097656e+00,4.000000000000000000e+00
4.367999999999999972e+01,3.234028930664062500e+02,1.650858879089355469e+01,9.127793312072753906e+00,4.000000000000000000e+00
4.370000000000000284e+01,3.236086120605468750e+02,1.652203750610351562e+01,9.121724128723144531e+00,4.000000000000000000e+00
4.371999999999999886e+01,3.238141174316406250e+02,1.653693580627441406e+01,9.115653991699218750e+00,4.000000000000000000e+00
4.374000000000000199e+01,3.240194091796875000e+02,1.655327987670898438e+01,9.109588623046875000e+00,4.000000000000000000e+00
4.375999999999999801e+01,3.242244873046875000e+02,1.657106590270996094e+01,9.103528976440429688e+00,4.000000000000000000e+00
4.378000000000000114e+01,3.244293212890625000e+02,1.659028244018554688e+01,9.097476959228515625e+00,4.000000000000000000e+00
4.380000000000000426e+01,3.246339416503906250e+02,1.661092948913574219e+01,9.091436386108398438e+00,4.000000000000000000e+00
4.382000000000000028e+01,3.248383178710937500e+02,1.663300323486328125e+01,9.085410118103027344e+00,4.000000000000000000e+00
4.384000000000000341e+01,3.250424194335937500e+02,1.665649223327636719e+01,9.079400062561035156e+00,4.000000000000000000e+00
4.385999999999999943e+01,3.252462768554687500e+02,1.668139076232910156e+01,9.073410034179687500e+00,4.000000000000000000e+00
4.388000000000000256e+01,3.254498291015625000e+02,1.670769119262695312e+01,9.067440032958984375e+00,4.000000000000000000e+00
4.389999999999999858e+01,3.256531066894531250e+02,1.673538589477539062e+01,9.061495780944824219e+00,4.000000000000000000e+00
4.392000000000000171e+01,3.258561096191406250e+02,1.676446342468261719e+01,9.055579185485839844e+00,4.000000000000000000e+00
4.393999999999999773e+01,3.260588073730468750e+02,1.679492187500000000e+01,9.049692153930664062e+00,4.000000000000000000e+00
4.396000000000000085e+01,3.262611694335937500e+02,1.682674789428710938e+01,9.043838500976562500e+00,4.000000000000000000e+00
4.398000000000000398e+01,3.264632263183593750e+02,1.685993385314941406e+01,9.038020133972167969e+00,4.000000000000000000e+00
4.400000000000000000e+01,3.266649780273437500e+02,1.689446830749511719e+01,9.032238960266113281e+00,4.000000000000000000e+00
4.402000000000000313e+01,3.268663635253906250e+02,1.693034553527832031e+01,9.026498794555664062e+00,4.000000000000000000e+00
4.403999999999999915e+01,3.270674438476562500e+02,1.696754837036132812e+01,9.020800590515136719e+00,4.000000000000000000e+00
4.406000000000000227e+01,3.272681274414062500e+02,1.700606918334960938e+01,9.015147209167480469e+00,4.000000000000000000e+00
4.407999999999999829e+01,3.274685058593750000e+02,1.704589843750000000e+01,9.009541511535644531e+00,4.000000000000000000e+00
4.410000000000000142e+01,3.276685180664062500e+02,1.708702087402343750e+01,9.003986358642578125e+00,4.000000000000000000e+00
4.411999999999999744e+01,3.278681335449218750e+02,1.712942886352539062e+01,8.998484611511230469e+00,4.000000000000000000e+00
4.414000000000000057e+01,3.280673828125000000e+02,1.717310905456542969e+01,8.993037223815917969e+00,4.000000000000000000e+00
4.416000000000000369e+01,3.282662353515625000e+02,1.721805000305175781e+01,8.987648010253906250e+00,4.000000000000000000e+00
4.417999999999999972e+01,3.284647216796875000e+02,1.726423645019531250e+01,8.982317924499511719e+00,4.000000000000000000e+00
4.420000000000000284e+01,3.286628112792968750e+02,1.731165885925292969e+01,8.977048873901367188e+00,4.000000000000000000e+00
4.421999999999999886e+01,3.288604431152343750e+02,1.736030197143554688e+01,8.971844673156738281e+00,4.000000000000000000e+00
4.424000000000000199e+01,3.290577087402343750e+02,1.741015052795410156e+01,8.966706275939941406e+00,4.000000000000000000e+00
4.425999999999999801e+01,3.292545471191406250e+02,1.746119117736816406e+01,8.961637496948242188e+00,4.000000000000000000e+00
4.428000000000000114e+01,3.294509582519531250e+02,1.751341056823730469e+01,8.956640243530273438e+00,4.000000000000000000e+00
4.430000000000000426e+01,3.296469421386718750e+02,1.756679153442382812e+01,8.951714515686035156e+00,4.000000000000000000e+00
4.432000000000000028e+01,3.298424987792968750e+02,1.762132072448730469e+01,8.946861267089843750e+00,4.000000000000000000e+00
4.434000000000000341e+01,3.300376281738281250e+02,1.767697906494140625e+01,8.942084312438964844e+00,4.000000000000000000e+00
4.435999999999999943e+01,3.302322998046875000e+02,1.773375320434570312e+01,8.937384605407714844e+00,4.000000000000000000e+00
4.438000000000000256e+01,3.304265441894531250e+02,1.779162597656250000e+01,8.932764053344726562e+00,4.000000000000000000e+00
4.439999999999999858e+01,3.306203308105468750e+02,1.785058021545410156e+01,8.928224563598632812e+00,4.000000000000000000e+00
4.442000000000000171e+01,3.308136596679687500e+02,1.791059875488281250e+01,8.923767089843750000e+00,4.000000000000000000e+00
4.443999999999999773e+01,3.310065612792968750e+02,1.797166061401367188e+01,8.919393539428710938e+00,4.000000000000000000e+00
4.446000000000000085e+01,3.311990051269531250e+02,1.803375244140625000e+01,8.915105819702148438e+00,4.000000000000000000e+00
4.448000000000000398e+01,3.313909912109375000e+02,1.809685516357421875e+01,8.910902976989746094e+00,4.000000000000000000e+00
4.450000000000000000e+01,3.315824890136718750e+02,1.816094589233398438e+01,8.906787872314453125e+00,4.000000000000000000e+00
4.452000000000000313e+01,3.317735290527343750e+02,1.822600555419921875e+01,8.902760505676269531e+00,4.000000000000000000e+00
4.453999999999999915e+01,3.319641113281250000e+02,1.829201698303222656e+01,8.898820877075195312e+00,4.000000000000000000e+00
4.456000000000000227e+01,3.321542358398437500e+02,1.835895919799804688e+01,8.894970893859863281e+00,4.000000000000000000e+00
4.457999999999999829e+01,3.323439025878906250e+02,1.842681121826171875e+01,8.891210556030273438e+00,4.000000000000000000e+00
4.460000000000000142e+01,3.325331115722656250e+02,1.849554824829101562e+01,8.887539863586425781e+00,4.000000000000000000e+00
4.461999999999999744e+01,3.327218627929687500e+02,1.856515312194824219e+01,8.883958816528320312e+00,4.000000000000000000e+00
4.464000000000000057e+01,3.329101562500000000e+02,1.863559913635253906e+01,8.880468368530273438e+00,4.000000000000000000e+00
4.466000000000000369e+01,3.330979919433593750e+02,1.870686721801757812e+01,8.877067565917968750e+00,4.000000000000000000e+00
4.467999999999999972e+01,3.332853698730468750e+02,1.877893066406250000e+01,8.873756408691406250e+00,4.000000000000000000e+00
4.470000000000000284e+01,3.334722900390625000e+02,1.885176658630371094e+01,8.870534896850585938e+00,4.000000000000000000e+00
4.471999999999999886e+01,3.336587829589843750e+02,1.892535209655761719e+01,8.867402076721191406e+00,4.000000000000000000e+00
4.474000000000000199e+01,3.338448181152343750e+02,1.899966239929199219e+01,8.864356994628906250e+00,4.000000000000000000e+00
4.475999999999999801e+01,3.340304260253906250e+02,1.907467079162597656e+01,8.861398696899414062e+00,4.000000000000000000e+00
4.478000000000000114e+01,3.342156066894531250e+02,1.915035247802734375e+01,8.858526229858398438e+00,4.000000000000000000e+00
4.480000000000000426e+01,3.344003601074218750e+02,1.922668075561523438e+01,8.855737686157226562e+00,4.000000000000000000e+00
4.482000000000000028e+01,3.345846862792968750e+02,1.930362892150878906e+01,8.853033065795898438e+00,4.000000000000000000e+00
4.484000000000000341e+01,3.347685852050781250e+02,1.938117027282714844e+01,8.850410461425781250e+00,4.000000000000000000e+00
4.485999999999999943e+01,3.349521179199218750e+02,1.945927810668945312e+01,8.847868919372558594e+00,4.000000000000000000e+00
4.488000000000000256e+01,3.351352539062500000e+02,1.953792762756347656e+01,8.845406532287597656e+00,4.000000000000000000e+00
4.489999999999999858e+01,3.353180236816406250e+02,1.961709022521972656e+01,8.843021392822265625e+00,4.000000000000000000e+00
4.492000000000000171e+01,3.355003967285156250e+02,1.969674110412597656e+01,8.840712547302246094e+00,4.000000000000000000e+00
4.493999999999999773e+01,3.356824035644531250e+02,1.977684974670410156e+01,8.838478088378906250e+00,4.000000000000000000e+00
4.496000000000000085e+01,3.358640136718750000e+02,1.985739326477050781e+01,8.836318016052246094e+00,4.000000000000000000e+00
4.498000000000000398e+01,3.360453186035156250e+02,1.993833923339843750e+01,8.834229469299316406e+00,4.000000000000000000e+00
4.500000000000000000e+01,3.362262573242187500e+02,2.001966476440429688e+01,8.832211494445800781e+00,4.000000000000000000e+00
4.502000000000000313e+01,3.364068908691406250e+02,2.010133743286132812e+01,8.830261230468750000e+00,4.000000000000000000e+00
4.503999999999999915e+01,3.365871887207031250e+02,2.018333625793457031e+01,8.828378677368164062e+00,4.000000000000000000e+00
4.506000000000000227e+01,3.367671813964843750e+02,2.026562881469726562e+01,8.826562881469726562e+00,4.000000000000000000e+00
4.507999999999999829e+01,3.369468688964843750e+02,2.034819412231445312e+01,8.824810981750488281e+00,4.000000000000000000e+00
4.510000000000000142e+01,3.371262512207031250e+02,2.043099975585937500e+01,8.823121070861816406e+00,4.000000000000000000e+00
4.511999999999999744e+01,3.373053894042968750e+02,2.051402282714843750e+01,8.821493148803710938e+00,4.000000000000000000e+00
4.514000000000000057e+01,3.374842529296875000e+02,2.059723281860351562e+01,8.819925308227539062e+00,4.000000000000000000e+00
4.516000000000000369e+01,3.376628417968750000e+02,2.068060302734375000e+01,8.818415641784667969e+00,4.000000000000000000e+00
4.517999999999999972e+01,3.378412170410156250e+02,2.076410865783691406e+01,8.816963195800781250e+00,4.000000000000000000e+00
4.520000000000000284e+01,3.380193481445312500e+02,2.084772109985351562e+01,8.815565109252929688e+00,4.000000000000000000e+00
4.521999999999999886e+01,3.381972351074218750e+02,2.093141365051269531e+01,8.814220428466796875e+00,4.000000000000000000e+00
4.524000000000000199e+01,3.383749389648437500e+02,2.101516151428222656e+01,8.812928199768066406e+00,4.000000000000000000e+00
4.525999999999999801e+01,3.385524291992187500e+02,2.109893608093261719e+01,8.811684608459472656e+00,4.000000000000000000e+00
4.528000000000000114e+01,3.387297668457031250e+02,2.118270683288574219e+01,8.810489654541015625e+00,4.000000000000000000e+00
4.530000000000000426e+01,3.389068908691406250e+02,2.126644897460937500e+01,8.809340476989746094e+00,4.000000000000000000e+00
4.532000000000000028e+01,3.390838623046875000e+02,2.135013961791992188e+01,8.808236122131347656e+00,4.000000000000000000e+00
4.534000000000000341e+01,3.392606811523437500e+02,2.143374824523925781e+01,8.807174682617187500e+00,4.000000000000000000e+00
4.535999999999999943e+01,3.394373779296875000e+02,2.151725006103515625e+01,8.806152343750000000e+00,4.000000000000000000e+00
4.538000000000000256e+01,3.396139221191406250e+02,2.160062026977539062e+01,8.805169105529785156e+00,4.000000000000000000e+00
