time_s,north_m,east_m,altitude_m,phase
0.000000000000000000e+00,0.000000000000000000e+00,0.000000000000000000e+00,9.377412497997283936e-02,0.000000000000000000e+00
2.000000000000000042e-02,0.000000000000000000e+00,0.000000000000000000e+00,9.474229812622070312e-02,0.000000000000000000e+00
4.000000000000000083e-02,0.000000000000000000e+00,0.000000000000000000e+00,9.584950655698776245e-02,0.000000000000000000e+00
5.999999999999999778e-02,0.000000000000000000e+00,0.000000000000000000e+00,9.725560247898101807e-02,0.000000000000000000e+00
8.000000000000000167e-02,0.000000000000000000e+00,0.000000000000000000e+00,9.913198649883270264e-02,0.000000000000000000e+00
1.000000000000000056e-01,0.000000000000000000e+00,0.000000000000000000e+00,1.015153154730796814e-01,0.000000000000000000e+00
1.199999999999999956e-01,0.000000000000000000e+00,0.000000000000000000e+00,1.044117733836174011e-01,0.000000000000000000e+00
1.400000000000000133e-01,0.000000000000000000e+00,0.000000000000000000e+00,1.078208759427070618e-01,0.000000000000000000e+00
1.600000000000000033e-01,0.000000000000000000e+00,0.000000000000000000e+00,1.117397695779800415e-01,0.000000000000000000e+00
1.799999999999999933e-01,0.000000000000000000e+00,0.000000000000000000e+00,1.161646842956542969e-01,0.000000000000000000e+00
2.000000000000000111e-01,0.000000000000000000e+00,0.000000000000000000e+00,1.210909336805343628e-01,0.000000000000000000e+00
2.200000000000000011e-01,0.000000000000000000e+00,0.000000000000000000e+00,1.265139877796173096e-01,0.000000000000000000e+00
2.399999999999999911e-01,0.000000000000000000e+00,0.000000000000000000e+00,1.324300318956375122e-01,0.000000000000000000e+00
2.600000000000000089e-01,0.000000000000000000e+00,0.000000000000000000e+00,1.388354003429412842e-01,0.000000000000000000e+00
2.800000000000000266e-01,0.000000000000000000e+00,0.000000000000000000e+00,1.457266807556152344e-01,0.000000000000000000e+00
2.999999999999999889e-01,0.000000000000000000e+00,0.000000000000000000e+00,1.530993729829788208e-01,0.000000000000000000e+00
3.200000000000000067e-01,0.000000000000000000e+00,0.000000000000000000e+00,1.609489619731903076e-01,0.000000000000000000e+00
3.400000000000000244e-01,0.000000000000000000e+00,0.000000000000000000e+00,1.692716330289840698e-01,0.000000000000000000e+00
3.599999999999999867e-01,0.000000000000000000e+00,0.000000000000000000e+00,1.780640780925750732e-01,0.000000000000000000e+00
3.800000000000000044e-01,0.000000000000000000e+00,0.000000000000000000e+00,1.873229146003723145e-01,0.000000000000000000e+00
4.000000000000000222e-01,0.000000000000000000e+00,0.000000000000000000e+00,1.970434337854385376e-01,0.000000000000000000e+00
4.199999999999999845e-01,0.000000000000000000e+00,0.000000000000000000e+00,2.072205096483230591e-01,0.000000000000000000e+00
4.400000000000000022e-01,0.000000000000000000e+00,0.000000000000000000e+00,2.178553044795989990e-01,0.000000000000000000e+00
4.600000000000000200e-01,0.000000000000000000e+00,0.000000000000000000e+00,2.289496660232543945e-01,0.000000000000000000e+00
4.799999999999999822e-01,0.000000000000000000e+00,0.000000000000000000e+00,2.405014634132385254e-01,0.000000000000000000e+00
5.000000000000000000e-01,0.000000000000000000e+00,0.000000000000000000e+00,2.525067925453186035e-01,0.000000000000000000e+00
5.200000000000000178e-01,0.000000000000000000e+00,0.000000000000000000e+00,2.649606764316558838e-01,0.000000000000000000e+00
5.400000000000000355e-01,0.000000000000000000e+00,0.000000000000000000e+00,2.778580188751220703e-01,0.000000000000000000e+00
5.600000000000000533e-01,0.000000000000000000e+00,0.000000000000000000e+00,2.911944091320037842e-01,0.000000000000000000e+00
5.799999999999999600e-01,0.000000000000000000e+00,0.000000000000000000e+00,3.049660325050354004e-01,0.000000000000000000e+00
5.999999999999999778e-01,0.000000000000000000e+00,0.000000000000000000e+00,3.191690146923065186e-01,0.000000000000000000e+00
6.199999999999999956e-01,0.000000000000000000e+00,0.000000000000000000e+00,3.337992429733276367e-01,0.000000000000000000e+00
6.400000000000000133e-01,0.000000000000000000e+00,0.000000000000000000e+00,3.488526940345764160e-01,0.000000000000000000e+00
6.600000000000000311e-01,0.000000000000000000e+00,0.000000000000000000e+00,3.643256425857543945e-01,0.000000000000000000e+00
6.800000000000000488e-01,0.000000000000000000e+00,0.000000000000000000e+00,3.802145719528198242e-01,0.000000000000000000e+00
7.000000000000000666e-01,0.000000000000000000e+00,0.000000000000000000e+00,3.965156972408294678e-01,0.000000000000000000e+00
7.199999999999999734e-01,0.000000000000000000e+00,0.000000000000000000e+00,4.132250249385833740e-01,0.000000000000000000e+00
7.399999999999999911e-01,0.000000000000000000e+00,0.000000000000000000e+00,4.303390085697174072e-01,0.000000000000000000e+00
7.600000000000000089e-01,0.000000000000000000e+00,0.000000000000000000e+00,4.478543102741241455e-01,0.000000000000000000e+00
7.800000000000000266e-01,0.000000000000000000e+00,0.000000000000000000e+00,4.657676219940185547e-01,0.000000000000000000e+00
8.000000000000000444e-01,0.000000000000000000e+00,0.000000000000000000e+00,4.840752184391021729e-01,0.000000000000000000e+00
8.200000000000000622e-01,0.000000000000000000e+00,0.000000000000000000e+00,5.027729868888854980e-01,0.000000000000000000e+00
8.399999999999999689e-01,0.000000000000000000e+00,0.000000000000000000e+00,5.218571424484252930e-01,0.000000000000000000e+00
8.599999999999999867e-01,0.000000000000000000e+00,0.000000000000000000e+00,5.413242578506469727e-01,0.000000000000000000e+00
8.800000000000000044e-01,0.000000000000000000e+00,0.000000000000000000e+00,5.611711740493774414e-01,0.000000000000000000e+00
9.000000000000000222e-01,0.000000000000000000e+00,0.000000000000000000e+00,5.813945531845092773e-01,0.000000000000000000e+00
9.200000000000000400e-01,0.000000000000000000e+00,0.000000000000000000e+00,6.019909977912902832e-01,0.000000000000000000e+00
9.400000000000000577e-01,0.000000000000000000e+00,0.000000000000000000e+00,6.229573488235473633e-01,0.000000000000000000e+00
9.599999999999999645e-01,0.000000000000000000e+00,0.000000000000000000e+00,6.442906856536865234e-01,0.000000000000000000e+00
9.799999999999999822e-01,0.000000000000000000e+00,0.000000000000000000e+00,6.659880876541137695e-01,0.000000000000000000e+00
1.000000000000000000e+00,0.000000000000000000e+00,0.000000000000000000e+00,6.880461573600769043e-01,0.000000000000000000e+00
1.020000000000000018e+00,0.000000000000000000e+00,0.000000000000000000e+00,7.104610800743103027e-01,0.000000000000000000e+00
1.040000000000000036e+00,0.000000000000000000e+00,0.000000000000000000e+00,7.332293987274169922e-01,0.000000000000000000e+00
1.060000000000000053e+00,0.000000000000000000e+00,0.000000000000000000e+00,7.563481926918029785e-01,0.000000000000000000e+00
1.080000000000000071e+00,0.000000000000000000e+00,0.000000000000000000e+00,7.798146605491638184e-01,0.000000000000000000e+00
1.100000000000000089e+00,0.000000000000000000e+00,0.000000000000000000e+00,8.036257028579711914e-01,0.000000000000000000e+00
1.120000000000000107e+00,0.000000000000000000e+00,0.000000000000000000e+00,8.277776241302490234e-01,0.000000000000000000e+00
1.140000000000000124e+00,0.000000000000000000e+00,0.000000000000000000e+00,8.522671461105346680e-01,0.000000000000000000e+00
1.159999999999999920e+00,0.000000000000000000e+00,0.000000000000000000e+00,8.770915269851684570e-01,0.000000000000000000e+00
1.179999999999999938e+00,0.000000000000000000e+00,0.000000000000000000e+00,9.022481441497802734e-01,0.000000000000000000e+00
1.199999999999999956e+00,0.000000000000000000e+00,0.000000000000000000e+00,9.277340173721313477e-01,0.000000000000000000e+00
1.219999999999999973e+00,0.000000000000000000e+00,0.000000000000000000e+00,9.535458683967590332e-01,0.000000000000000000e+00
1.239999999999999991e+00,0.000000000000000000e+00,0.000000000000000000e+00,9.796805381774902344e-01,0.000000000000000000e+00
1.260000000000000009e+00,0.000000000000000000e+00,0.000000000000000000e+00,1.006135225296020508e+00,1.000000000000000000e+00
1.280000000000000027e+00,0.000000000000000000e+00,0.000000000000000000e+00,1.032874822616577148e+00,1.000000000000000000e+00
1.300000000000000044e+00,0.000000000000000000e+00,0.000000000000000000e+00,1.059838771820068359e+00,1.000000000000000000e+00
1.320000000000000062e+00,0.000000000000000000e+00,0.000000000000000000e+00,1.086979985237121582e+00,1.000000000000000000e+00
1.340000000000000080e+00,0.000000000000000000e+00,0.000000000000000000e+00,1.114269614219665527e+00,1.000000000000000000e+00
1.360000000000000098e+00,0.000000000000000000e+00,0.000000000000000000e+00,1.141689896583557129e+00,1.000000000000000000e+00
1.380000000000000115e+00,0.000000000000000000e+00,0.000000000000000000e+00,1.169228315353393555e+00,1.000000000000000000e+00
1.400000000000000133e+00,0.000000000000000000e+00,0.000000000000000000e+00,1.196873664855957031e+00,1.000000000000000000e+00
1.419999999999999929e+00,0.000000000000000000e+00,0.000000000000000000e+00,1.224620819091796875e+00,1.000000000000000000e+00
1.439999999999999947e+00,0.000000000000000000e+00,0.000000000000000000e+00,1.252468585968017578e+00,1.000000000000000000e+00
1.459999999999999964e+00,0.000000000000000000e+00,0.000000000000000000e+00,1.280415415763854980e+00,1.000000000000000000e+00
1.479999999999999982e+00,0.000000000000000000e+00,0.000000000000000000e+00,1.308458209037780762e+00,1.000000000000000000e+00
1.500000000000000000e+00,0.000000000000000000e+00,0.000000000000000000e+00,1.336592078208923340e+00,1.000000000000000000e+00
1.520000000000000018e+00,0.000000000000000000e+00,0.000000000000000000e+00,1.364812612533569336e+00,1.000000000000000000e+00
1.540000000000000036e+00,0.000000000000000000e+00,0.000000000000000000e+00,1.393116831779479980e+00,1.000000000000000000e+00
1.560000000000000053e+00,0.000000000000000000e+00,0.000000000000000000e+00,1.421501517295837402e+00,1.000000000000000000e+00
1.580000000000000071e+00,0.000000000000000000e+00,0.000000000000000000e+00,1.449962735176086426e+00,1.000000000000000000e+00
1.600000000000000089e+00,0.000000000000000000e+00,0.000000000000000000e+00,1.478495359420776367e+00,1.000000000000000000e+00
1.620000000000000107e+00,0.000000000000000000e+00,0.000000000000000000e+00,1.507102489471435547e+00,1.000000000000000000e+00
1.640000000000000124e+00,0.000000000000000000e+00,0.000000000000000000e+00,1.535791397094726562e+00,1.000000000000000000e+00
1.660000000000000142e+00,0.000000000000000000e+00,0.000000000000000000e+00,1.564564585685729980e+00,1.000000000000000000e+00
1.679999999999999938e+00,0.000000000000000000e+00,0.000000000000000000e+00,1.593420743942260742e+00,1.000000000000000000e+00
1.699999999999999956e+00,0.000000000000000000e+00,0.000000000000000000e+00,1.622356772422790527e+00,1.000000000000000000e+00
1.719999999999999973e+00,0.000000000000000000e+00,0.000000000000000000e+00,1.651372313499450684e+00,1.000000000000000000e+00
1.739999999999999991e+00,0.000000000000000000e+00,0.000000000000000000e+00,1.680468916893005371e+00,1.000000000000000000e+00
1.760000000000000009e+00,0.000000000000000000e+00,0.000000000000000000e+00,1.709645748138427734e+00,1.000000000000000000e+00
1.780000000000000027e+00,0.000000000000000000e+00,0.000000000000000000e+00,1.738900899887084961e+00,1.000000000000000000e+00
1.800000000000000044e+00,0.000000000000000000e+00,0.000000000000000000e+00,1.768230319023132324e+00,1.000000000000000000e+00
1.820000000000000062e+00,0.000000000000000000e+00,0.000000000000000000e+00,1.797630786895751953e+00,1.000000000000000000e+00
1.840000000000000080e+00,0.000000000000000000e+00,0.000000000000000000e+00,1.827099442481994629e+00,1.000000000000000000e+00
1.860000000000000098e+00,0.000000000000000000e+00,0.000000000000000000e+00,1.856633663177490234e+00,1.000000000000000000e+00
1.880000000000000115e+00,0.000000000000000000e+00,0.000000000000000000e+00,1.886229515075683594e+00,1.000000000000000000e+00
1.900000000000000133e+00,0.000000000000000000e+00,0.000000000000000000e+00,1.915882349014282227e+00,1.000000000000000000e+00
1.919999999999999929e+00,0.000000000000000000e+00,0.000000000000000000e+00,1.945590734481811523e+00,1.000000000000000000e+00
1.939999999999999947e+00,0.000000000000000000e+00,0.000000000000000000e+00,1.975354909896850586e+00,1.000000000000000000e+00
1.959999999999999964e+00,0.000000000000000000e+00,0.000000000000000000e+00,2.005174398422241211e+00,1.000000000000000000e+00
1.979999999999999982e+00,0.000000000000000000e+00,0.000000000000000000e+00,2.035046577453613281e+00,1.000000000000000000e+00
2.000000000000000000e+00,0.000000000000000000e+00,0.000000000000000000e+00,2.064968109130859375e+00,1.000000000000000000e+00
2.020000000000000018e+00,0.000000000000000000e+00,0.000000000000000000e+00,2.094943284988403320e+00,1.000000000000000000e+00
2.040000000000000036e+00,0.000000000000000000e+00,0.000000000000000000e+00,2.124979734420776367e+00,1.000000000000000000e+00
2.060000000000000053e+00,0.000000000000000000e+00,0.000000000000000000e+00,2.155081272125244141e+00,1.000000000000000000e+00
2.080000000000000071e+00,0.000000000000000000e+00,0.000000000000000000e+00,2.185247182846069336e+00,1.000000000000000000e+00
2.100000000000000089e+00,0.000000000000000000e+00,0.000000000000000000e+00,2.215474605560302734e+00,1.000000000000000000e+00
2.120000000000000107e+00,0.000000000000000000e+00,0.000000000000000000e+00,2.245763301849365234e+00,1.000000000000000000e+00
2.140000000000000124e+00,0.000000000000000000e+00,0.000000000000000000e+00,2.276115179061889648e+00,1.000000000000000000e+00
2.160000000000000142e+00,0.000000000000000000e+00,0.000000000000000000e+00,2.306529998779296875e+00,1.000000000000000000e+00
2.180000000000000160e+00,0.000000000000000000e+00,0.000000000000000000e+00,2.337005853652954102e+00,1.000000000000000000e+00
2.200000000000000178e+00,0.000000000000000000e+00,0.000000000000000000e+00,2.367538928985595703e+00,1.000000000000000000e+00
2.220000000000000195e+00,0.000000000000000000e+00,0.000000000000000000e+00,2.398125171661376953e+00,1.000000000000000000e+00
2.240000000000000213e+00,0.000000000000000000e+00,0.000000000000000000e+00,2.428761720657348633e+00,1.000000000000000000e+00
2.260000000000000231e+00,0.000000000000000000e+00,0.000000000000000000e+00,2.459445476531982422e+00,1.000000000000000000e+00
2.280000000000000249e+00,0.000000000000000000e+00,0.000000000000000000e+00,2.490172863006591797e+00,1.000000000000000000e+00
2.300000000000000266e+00,0.000000000000000000e+00,0.000000000000000000e+00,2.520938873291015625e+00,1.000000000000000000e+00
2.319999999999999840e+00,0.000000000000000000e+00,0.000000000000000000e+00,2.551746129989624023e+00,1.000000000000000000e+00
2.339999999999999858e+00,0.000000000000000000e+00,0.000000000000000000e+00,2.582599878311157227e+00,1.000000000000000000e+00
2.359999999999999876e+00,0.000000000000000000e+00,0.000000000000000000e+00,2.613502025604248047e+00,1.000000000000000000e+00
2.379999999999999893e+00,0.000000000000000000e+00,0.000000000000000000e+00,2.644451141357421875e+00,1.000000000000000000e+00
2.399999999999999911e+00,0.000000000000000000e+00,0.000000000000000000e+00,2.675444364547729492e+00,1.000000000000000000e+00
2.419999999999999929e+00,0.000000000000000000e+00,0.000000000000000000e+00,2.706481695175170898e+00,1.000000000000000000e+00
2.439999999999999947e+00,0.000000000000000000e+00,0.000000000000000000e+00,2.737565517425537109e+00,1.000000000000000000e+00
2.459999999999999964e+00,0.000000000000000000e+00,0.000000000000000000e+00,2.768695831298828125e+00,1.000000000000000000e+00
2.479999999999999982e+00,0.000000000000000000e+00,0.000000000000000000e+00,2.799870729446411133e+00,1.000000000000000000e+00
2.500000000000000000e+00,0.000000000000000000e+00,0.000000000000000000e+00,2.831086635589599609e+00,1.000000000000000000e+00
2.520000000000000018e+00,0.000000000000000000e+00,0.000000000000000000e+00,2.862342596054077148e+00,1.000000000000000000e+00
2.540000000000000036e+00,0.000000000000000000e+00,0.000000000000000000e+00,2.893638849258422852e+00,1.000000000000000000e+00
2.560000000000000053e+00,0.000000000000000000e+00,0.000000000000000000e+00,2.924974918365478516e+00,1.000000000000000000e+00
2.580000000000000071e+00,0.000000000000000000e+00,0.000000000000000000e+00,2.956348657608032227e+00,1.000000000000000000e+00
2.600000000000000089e+00,0.000000000000000000e+00,0.000000000000000000e+00,2.987756967544555664e+00,1.000000000000000000e+00
2.620000000000000107e+00,0.000000000000000000e+00,0.000000000000000000e+00,3.019200563430786133e+00,1.000000000000000000e+00
2.640000000000000124e+00,0.000000000000000000e+00,0.000000000000000000e+00,3.050683021545410156e+00,1.000000000000000000e+00
2.660000000000000142e+00,0.000000000000000000e+00,0.000000000000000000e+00,3.082205057144165039e+00,1.000000000000000000e+00
2.680000000000000160e+00,0.000000000000000000e+00,0.000000000000000000e+00,3.113765239715576172e+00,1.000000000000000000e+00
2.700000000000000178e+00,0.000000000000000000e+00,0.000000000000000000e+00,3.145360231399536133e+00,1.000000000000000000e+00
2.720000000000000195e+00,0.000000000000000000e+00,0.000000000000000000e+00,3.176987409591674805e+00,1.000000000000000000e+00
2.740000000000000213e+00,0.000000000000000000e+00,0.000000000000000000e+00,3.208645820617675781e+00,1.000000000000000000e+00
2.760000000000000231e+00,0.000000000000000000e+00,0.000000000000000000e+00,3.240332841873168945e+00,1.000000000000000000e+00
2.780000000000000249e+00,0.000000000000000000e+00,0.000000000000000000e+00,3.272045850753784180e+00,1.000000000000000000e+00
2.800000000000000266e+00,0.000000000000000000e+00,0.000000000000000000e+00,3.303780794143676758e+00,1.000000000000000000e+00
2.819999999999999840e+00,0.000000000000000000e+00,0.000000000000000000e+00,3.335540056228637695e+00,1.000000000000000000e+00
2.839999999999999858e+00,0.000000000000000000e+00,0.000000000000000000e+00,3.367327690124511719e+00,1.000000000000000000e+00
2.859999999999999876e+00,0.000000000000000000e+00,0.000000000000000000e+00,3.399145841598510742e+00,1.000000000000000000e+00
2.879999999999999893e+00,0.000000000000000000e+00,0.000000000000000000e+00,3.430992126464843750e+00,1.000000000000000000e+00
2.899999999999999911e+00,0.000000000000000000e+00,0.000000000000000000e+00,3.462863922119140625e+00,1.000000000000000000e+00
2.919999999999999929e+00,0.000000000000000000e+00,0.000000000000000000e+00,3.494762659072875977e+00,1.000000000000000000e+00
2.939999999999999947e+00,0.000000000000000000e+00,0.000000000000000000e+00,3.526690483093261719e+00,1.000000000000000000e+00
2.959999999999999964e+00,0.000000000000000000e+00,0.000000000000000000e+00,3.558648824691772461e+00,1.000000000000000000e+00
2.979999999999999982e+00,0.000000000000000000e+00,0.000000000000000000e+00,3.590635776519775391e+00,1.000000000000000000e+00
3.000000000000000000e+00,0.000000000000000000e+00,0.000000000000000000e+00,3.622648239135742188e+00,1.000000000000000000e+00
3.020000000000000018e+00,0.000000000000000000e+00,0.000000000000000000e+00,3.654685258865356445e+00,1.000000000000000000e+00
3.040000000000000036e+00,0.000000000000000000e+00,0.000000000000000000e+00,3.686746835708618164e+00,1.000000000000000000e+00
3.060000000000000053e+00,0.000000000000000000e+00,0.000000000000000000e+00,3.718832015991210938e+00,1.000000000000000000e+00
3.080000000000000071e+00,0.000000000000000000e+00,0.000000000000000000e+00,3.750939130783081055e+00,1.000000000000000000e+00
3.100000000000000089e+00,0.000000000000000000e+00,0.000000000000000000e+00,3.783064603805541992e+00,1.000000000000000000e+00
3.120000000000000107e+00,0.000000000000000000e+00,0.000000000000000000e+00,3.815209865570068359e+00,1.000000000000000000e+00
3.140000000000000124e+00,0.000000000000000000e+00,0.000000000000000000e+00,3.847379684448242188e+00,1.000000000000000000e+00
3.160000000000000142e+00,0.000000000000000000e+00,0.000000000000000000e+00,3.879575729370117188e+00,1.000000000000000000e+00
3.180000000000000160e+00,0.000000000000000000e+00,0.000000000000000000e+00,3.911796808242797852e+00,1.000000000000000000e+00
3.200000000000000178e+00,0.000000000000000000e+00,0.000000000000000000e+00,3.944040536880493164e+00,1.000000000000000000e+00
3.220000000000000195e+00,0.000000000000000000e+00,0.000000000000000000e+00,3.976306200027465820e+00,1.000000000000000000e+00
3.240000000000000213e+00,0.000000000000000000e+00,0.000000000000000000e+00,4.008594036102294922e+00,1.000000000000000000e+00
3.260000000000000231e+00,0.000000000000000000e+00,0.000000000000000000e+00,4.040903568267822266e+00,1.000000000000000000e+00
3.280000000000000249e+00,0.000000000000000000e+00,0.000000000000000000e+00,4.073232650756835938e+00,1.000000000000000000e+00
3.300000000000000266e+00,0.000000000000000000e+00,0.000000000000000000e+00,4.105578422546386719e+00,1.000000000000000000e+00
3.320000000000000284e+00,0.000000000000000000e+00,0.000000000000000000e+00,4.137943267822265625e+00,1.000000000000000000e+00
3.339999999999999858e+00,0.000000000000000000e+00,0.000000000000000000e+00,4.170332431793212891e+00,1.000000000000000000e+00
3.359999999999999876e+00,0.000000000000000000e+00,0.000000000000000000e+00,4.202746391296386719e+00,1.000000000000000000e+00
3.379999999999999893e+00,0.000000000000000000e+00,0.000000000000000000e+00,4.235185623168945312e+00,1.000000000000000000e+00
3.399999999999999911e+00,0.000000000000000000e+00,0.000000000000000000e+00,4.267645359039306641e+00,1.000000000000000000e+00
3.419999999999999929e+00,0.000000000000000000e+00,0.000000000000000000e+00,4.300124645233154297e+00,1.000000000000000000e+00
3.439999999999999947e+00,0.000000000000000000e+00,0.000000000000000000e+00,4.332619667053222656e+00,1.000000000000000000e+00
3.459999999999999964e+00,0.000000000000000000e+00,0.000000000000000000e+00,4.365128040313720703e+00,1.000000000000000000e+00
3.479999999999999982e+00,0.000000000000000000e+00,0.000000000000000000e+00,4.397647857666015625e+00,1.000000000000000000e+00
3.500000000000000000e+00,0.000000000000000000e+00,0.000000000000000000e+00,4.430174827575683594e+00,1.000000000000000000e+00
3.520000000000000018e+00,0.000000000000000000e+00,0.000000000000000000e+00,4.462708473205566406e+00,1.000000000000000000e+00
3.540000000000000036e+00,0.000000000000000000e+00,0.000000000000000000e+00,4.495251178741455078e+00,1.000000000000000000e+00
3.560000000000000053e+00,0.000000000000000000e+00,0.000000000000000000e+00,4.527803421020507812e+00,1.000000000000000000e+00
3.580000000000000071e+00,0.000000000000000000e+00,0.000000000000000000e+00,4.560364246368408203e+00,1.000000000000000000e+00
3.600000000000000089e+00,0.000000000000000000e+00,0.000000000000000000e+00,4.592930793762207031e+00,1.000000000000000000e+00
3.620000000000000107e+00,0.000000000000000000e+00,0.000000000000000000e+00,4.625505924224853516e+00,1.000000000000000000e+00
3.640000000000000124e+00,0.000000000000000000e+00,0.000000000000000000e+00,4.658095359802246094e+00,1.000000000000000000e+00
3.660000000000000142e+00,0.000000000000000000e+00,0.000000000000000000e+00,4.690701484680175781e+00,1.000000000000000000e+00
3.680000000000000160e+00,0.000000000000000000e+00,0.000000000000000000e+00,4.723323345184326172e+00,1.000000000000000000e+00
3.700000000000000178e+00,0.000000000000000000e+00,0.000000000000000000e+00,4.755958080291748047e+00,1.000000000000000000e+00
3.720000000000000195e+00,0.000000000000000000e+00,0.000000000000000000e+00,4.788604736328125000e+00,1.000000000000000000e+00
3.740000000000000213e+00,0.000000000000000000e+00,0.000000000000000000e+00,4.821260452270507812e+00,1.000000000000000000e+00
3.760000000000000231e+00,0.000000000000000000e+00,0.000000000000000000e+00,4.853923320770263672e+00,1.000000000000000000e+00
3.780000000000000249e+00,0.000000000000000000e+00,0.000000000000000000e+00,4.886590003967285156e+00,1.000000000000000000e+00
3.800000000000000266e+00,0.000000000000000000e+00,0.000000000000000000e+00,4.919258117675781250e+00,1.000000000000000000e+00
3.820000000000000284e+00,0.000000000000000000e+00,0.000000000000000000e+00,4.951923847198486328e+00,1.000000000000000000e+00
3.839999999999999858e+00,0.000000000000000000e+00,0.000000000000000000e+00,4.984589576721191406e+00,1.000000000000000000e+00
3.859999999999999876e+00,0.000000000000000000e+00,0.000000000000000000e+00,5.017252922058105469e+00,1.000000000000000000e+00
3.879999999999999893e+00,0.000000000000000000e+00,0.000000000000000000e+00,5.049912929534912109e+00,1.000000000000000000e+00
3.899999999999999911e+00,0.000000000000000000e+00,0.000000000000000000e+00,5.082566738128662109e+00,1.000000000000000000e+00
3.919999999999999929e+00,0.000000000000000000e+00,0.000000000000000000e+00,5.115216255187988281e+00,1.000000000000000000e+00
3.939999999999999947e+00,0.000000000000000000e+00,0.000000000000000000e+00,5.147865295410156250e+00,1.000000000000000000e+00
3.959999999999999964e+00,0.000000000000000000e+00,0.000000000000000000e+00,5.180516719818115234e+00,1.000000000000000000e+00
3.979999999999999982e+00,0.000000000000000000e+00,0.000000000000000000e+00,5.213168144226074219e+00,1.000000000000000000e+00
4.000000000000000000e+00,0.000000000000000000e+00,0.000000000000000000e+00,5.245818138122558594e+00,1.000000000000000000e+00
4.020000000000000462e+00,0.000000000000000000e+00,0.000000000000000000e+00,5.278467178344726562e+00,1.000000000000000000e+00
4.040000000000000036e+00,0.000000000000000000e+00,0.000000000000000000e+00,5.311113834381103516e+00,1.000000000000000000e+00
4.060000000000000497e+00,0.000000000000000000e+00,0.000000000000000000e+00,5.343760013580322266e+00,1.000000000000000000e+00
4.080000000000000071e+00,0.000000000000000000e+00,0.000000000000000000e+00,5.376403331756591797e+00,1.000000000000000000e+00
4.099999999999999645e+00,0.000000000000000000e+00,0.000000000000000000e+00,5.409040927886962891e+00,1.000000000000000000e+00
4.120000000000000107e+00,0.000000000000000000e+00,0.000000000000000000e+00,5.441672801971435547e+00,1.000000000000000000e+00
4.139999999999999680e+00,0.000000000000000000e+00,0.000000000000000000e+00,5.474297046661376953e+00,1.000000000000000000e+00
4.160000000000000142e+00,0.000000000000000000e+00,0.000000000000000000e+00,5.506912231445312500e+00,1.000000000000000000e+00
4.179999999999999716e+00,0.000000000000000000e+00,0.000000000000000000e+00,5.539516448974609375e+00,1.000000000000000000e+00
4.200000000000000178e+00,0.000000000000000000e+00,0.000000000000000000e+00,5.572108268737792969e+00,1.000000000000000000e+00
4.219999999999999751e+00,0.000000000000000000e+00,0.000000000000000000e+00,5.604690551757812500e+00,1.000000000000000000e+00
4.240000000000000213e+00,0.000000000000000000e+00,0.000000000000000000e+00,5.637266159057617188e+00,1.000000000000000000e+00
4.259999999999999787e+00,0.000000000000000000e+00,0.000000000000000000e+00,5.669836044311523438e+00,1.000000000000000000e+00
4.280000000000000249e+00,0.000000000000000000e+00,0.000000000000000000e+00,5.702400207519531250e+00,1.000000000000000000e+00
4.299999999999999822e+00,0.000000000000000000e+00,0.000000000000000000e+00,5.734957218170166016e+00,1.000000000000000000e+00
4.320000000000000284e+00,0.000000000000000000e+00,0.000000000000000000e+00,5.767503738403320312e+00,1.000000000000000000e+00
4.339999999999999858e+00,0.000000000000000000e+00,0.000000000000000000e+00,5.800035953521728516e+00,1.000000000000000000e+00
4.360000000000000320e+00,0.000000000000000000e+00,0.000000000000000000e+00,5.832551002502441406e+00,1.000000000000000000e+00
4.379999999999999893e+00,0.000000000000000000e+00,0.000000000000000000e+00,5.865046024322509766e+00,1.000000000000000000e+00
4.400000000000000355e+00,0.000000000000000000e+00,0.000000000000000000e+00,5.897520542144775391e+00,1.000000000000000000e+00
4.419999999999999929e+00,0.000000000000000000e+00,0.000000000000000000e+00,5.929975032806396484e+00,1.000000000000000000e+00
4.440000000000000391e+00,0.000000000000000000e+00,0.000000000000000000e+00,5.962411403656005859e+00,1.000000000000000000e+00
4.459999999999999964e+00,0.000000000000000000e+00,0.000000000000000000e+00,5.994829654693603516e+00,1.000000000000000000e+00
4.480000000000000426e+00,0.000000000000000000e+00,0.000000000000000000e+00,6.027230262756347656e+00,1.000000000000000000e+00
4.500000000000000000e+00,0.000000000000000000e+00,0.000000000000000000e+00,6.059611797332763672e+00,1.000000000000000000e+00
4.520000000000000462e+00,0.000000000000000000e+00,0.000000000000000000e+00,6.091976642608642578e+00,1.000000000000000000e+00
4.540000000000000036e+00,0.000000000000000000e+00,0.000000000000000000e+00,6.124327659606933594e+00,1.000000000000000000e+00
4.560000000000000497e+00,0.000000000000000000e+00,0.000000000000000000e+00,6.156666755676269531e+00,1.000000000000000000e+00
4.580000000000000071e+00,0.000000000000000000e+00,0.000000000000000000e+00,6.188993930816650391e+00,1.000000000000000000e+00
4.600000000000000533e+00,0.000000000000000000e+00,0.000000000000000000e+00,6.221306324005126953e+00,1.000000000000000000e+00
4.620000000000000107e+00,0.000000000000000000e+00,0.000000000000000000e+00,6.253607273101806641e+00,1.000000000000000000e+00
4.639999999999999680e+00,0.000000000000000000e+00,0.000000000000000000e+00,6.285899639129638672e+00,1.000000000000000000e+00
4.660000000000000142e+00,0.000000000000000000e+00,0.000000000000000000e+00,6.318184852600097656e+00,1.000000000000000000e+00
4.679999999999999716e+00,0.000000000000000000e+00,0.000000000000000000e+00,6.350462913513183594e+00,1.000000000000000000e+00
4.700000000000000178e+00,0.000000000000000000e+00,0.000000000000000000e+00,6.382731914520263672e+00,1.000000000000000000e+00
4.719999999999999751e+00,0.000000000000000000e+00,0.000000000000000000e+00,6.414989948272705078e+00,1.000000000000000000e+00
4.740000000000000213e+00,0.000000000000000000e+00,0.000000000000000000e+00,6.447236061096191406e+00,1.000000000000000000e+00
4.759999999999999787e+00,0.000000000000000000e+00,0.000000000000000000e+00,6.479467391967773438e+00,1.000000000000000000e+00
4.780000000000000249e+00,0.000000000000000000e+00,0.000000000000000000e+00,6.511682987213134766e+00,1.000000000000000000e+00
4.799999999999999822e+00,0.000000000000000000e+00,0.000000000000000000e+00,6.543881893157958984e+00,1.000000000000000000e+00
4.820000000000000284e+00,0.000000000000000000e+00,0.000000000000000000e+00,6.576064586639404297e+00,1.000000000000000000e+00
4.839999999999999858e+00,0.000000000000000000e+00,0.000000000000000000e+00,6.608232975006103516e+00,1.000000000000000000e+00
4.860000000000000320e+00,0.000000000000000000e+00,0.000000000000000000e+00,6.640388011932373047e+00,1.000000000000000000e+00
4.879999999999999893e+00,0.000000000000000000e+00,0.000000000000000000e+00,6.672529220581054688e+00,1.000000000000000000e+00
4.900000000000000355e+00,0.000000000000000000e+00,0.000000000000000000e+00,6.704655647277832031e+00,1.000000000000000000e+00
4.919999999999999929e+00,0.000000000000000000e+00,0.000000000000000000e+00,6.736767292022705078e+00,1.000000000000000000e+00
4.940000000000000391e+00,0.000000000000000000e+00,0.000000000000000000e+00,6.768864154815673828e+00,1.000000000000000000e+00
4.959999999999999964e+00,0.000000000000000000e+00,0.000000000000000000e+00,6.800945281982421875e+00,1.000000000000000000e+00
4.980000000000000426e+00,0.000000000000000000e+00,0.000000000000000000e+00,6.833010196685791016e+00,1.000000000000000000e+00
5.000000000000000000e+00,0.000000000000000000e+00,0.000000000000000000e+00,6.865058422088623047e+00,1.000000000000000000e+00
5.020000000000000462e+00,0.000000000000000000e+00,0.000000000000000000e+00,6.897090911865234375e+00,1.000000000000000000e+00
5.040000000000000036e+00,0.000000000000000000e+00,0.000000000000000000e+00,6.929108142852783203e+00,1.000000000000000000e+00
5.060000000000000497e+00,0.000000000000000000e+00,0.000000000000000000e+00,6.961110115051269531e+00,1.000000000000000000e+00
5.080000000000000071e+00,0.000000000000000000e+00,0.000000000000000000e+00,6.993096351623535156e+00,1.000000000000000000e+00
5.100000000000000533e+00,0.000000000000000000e+00,0.000000000000000000e+00,7.025066852569580078e+00,1.000000000000000000e+00
5.120000000000000107e+00,0.000000000000000000e+00,0.000000000000000000e+00,7.057019710540771484e+00,1.000000000000000000e+00
5.139999999999999680e+00,0.000000000000000000e+00,0.000000000000000000e+00,7.088953018188476562e+00,1.000000000000000000e+00
5.160000000000000142e+00,0.000000000000000000e+00,0.000000000000000000e+00,7.120865345001220703e+00,1.000000000000000000e+00
5.179999999999999716e+00,0.000000000000000000e+00,0.000000000000000000e+00,7.152755737304687500e+00,1.000000000000000000e+00
5.200000000000000178e+00,0.000000000000000000e+00,0.000000000000000000e+00,7.184622764587402344e+00,1.000000000000000000e+00
5.219999999999999751e+00,0.000000000000000000e+00,0.000000000000000000e+00,7.216468811035156250e+00,1.000000000000000000e+00
5.240000000000000213e+00,0.000000000000000000e+00,0.000000000000000000e+00,7.248294353485107422e+00,1.000000000000000000e+00
5.259999999999999787e+00,0.000000000000000000e+00,0.000000000000000000e+00,7.280100345611572266e+00,1.000000000000000000e+00
5.280000000000000249e+00,0.000000000000000000e+00,0.000000000000000000e+00,7.311885356903076172e+00,1.000000000000000000e+00
5.299999999999999822e+00,0.000000000000000000e+00,0.000000000000000000e+00,7.343650817871093750e+00,1.000000000000000000e+00
5.320000000000000284e+00,0.000000000000000000e+00,0.000000000000000000e+00,7.375397682189941406e+00,1.000000000000000000e+00
5.339999999999999858e+00,0.000000000000000000e+00,0.000000000000000000e+00,7.407128810882568359e+00,1.000000000000000000e+00
5.360000000000000320e+00,0.000000000000000000e+00,0.000000000000000000e+00,7.438844680786132812e+00,1.000000000000000000e+00
5.379999999999999893e+00,0.000000000000000000e+00,0.000000000000000000e+00,7.470546245574951172e+00,1.000000000000000000e+00
5.400000000000000355e+00,0.000000000000000000e+00,0.000000000000000000e+00,7.502233028411865234e+00,1.000000000000000000e+00
5.419999999999999929e+00,0.000000000000000000e+00,0.000000000000000000e+00,7.533902168273925781e+00,1.000000000000000000e+00
5.440000000000000391e+00,0.000000000000000000e+00,0.000000000000000000e+00,7.565547466278076172e+00,1.000000000000000000e+00
5.459999999999999964e+00,0.000000000000000000e+00,0.000000000000000000e+00,7.597165584564208984e+00,1.000000000000000000e+00
5.480000000000000426e+00,0.000000000000000000e+00,0.000000000000000000e+00,7.628754615783691406e+00,1.000000000000000000e+00
5.500000000000000000e+00,0.000000000000000000e+00,0.000000000000000000e+00,7.660314559936523438e+00,1.000000000000000000e+00
5.520000000000000462e+00,0.000000000000000000e+00,0.000000000000000000e+00,7.691844940185546875e+00,1.000000000000000000e+00
5.540000000000000036e+00,0.000000000000000000e+00,0.000000000000000000e+00,7.723346710205078125e+00,1.000000000000000000e+00
5.560000000000000497e+00,0.000000000000000000e+00,0.000000000000000000e+00,7.754821300506591797e+00,1.000000000000000000e+00
5.580000000000000071e+00,0.000000000000000000e+00,0.000000000000000000e+00,7.786269187927246094e+00,1.000000000000000000e+00
5.600000000000000533e+00,0.000000000000000000e+00,0.000000000000000000e+00,7.817691326141357422e+00,1.000000000000000000e+00
5.620000000000000107e+00,0.000000000000000000e+00,0.000000000000000000e+00,7.849088668823242188e+00,1.000000000000000000e+00
5.639999999999999680e+00,0.000000000000000000e+00,0.000000000000000000e+00,7.880460262298583984e+00,1.000000000000000000e+00
5.660000000000000142e+00,0.000000000000000000e+00,0.000000000000000000e+00,7.911807537078857422e+00,1.000000000000000000e+00
5.679999999999999716e+00,0.000000000000000000e+00,0.000000000000000000e+00,7.943128585815429688e+00,1.000000000000000000e+00
5.700000000000000178e+00,0.000000000000000000e+00,0.000000000000000000e+00,7.974425792694091797e+00,1.000000000000000000e+00
5.719999999999999751e+00,0.000000000000000000e+00,0.000000000000000000e+00,8.005699157714843750e+00,1.000000000000000000e+00
5.740000000000000213e+00,0.000000000000000000e+00,0.000000000000000000e+00,8.036946296691894531e+00,1.000000000000000000e+00
5.759999999999999787e+00,0.000000000000000000e+00,0.000000000000000000e+00,8.068168640136718750e+00,1.000000000000000000e+00
5.780000000000000249e+00,0.000000000000000000e+00,0.000000000000000000e+00,8.099363327026367188e+00,1.000000000000000000e+00
5.799999999999999822e+00,0.000000000000000000e+00,0.000000000000000000e+00,8.130534172058105469e+00,1.000000000000000000e+00
5.820000000000000284e+00,0.000000000000000000e+00,0.000000000000000000e+00,8.161681175231933594e+00,1.000000000000000000e+00
5.839999999999999858e+00,0.000000000000000000e+00,0.000000000000000000e+00,8.192800521850585938e+00,1.000000000000000000e+00
5.860000000000000320e+00,0.000000000000000000e+00,0.000000000000000000e+00,8.223893165588378906e+00,1.000000000000000000e+00
5.879999999999999893e+00,0.000000000000000000e+00,0.000000000000000000e+00,8.254959106445312500e+00,1.000000000000000000e+00
5.900000000000000355e+00,0.000000000000000000e+00,0.000000000000000000e+00,8.285999298095703125e+00,1.000000000000000000e+00
5.919999999999999929e+00,0.000000000000000000e+00,0.000000000000000000e+00,8.317012786865234375e+00,1.000000000000000000e+00
5.940000000000000391e+00,0.000000000000000000e+00,0.000000000000000000e+00,8.348002433776855469e+00,1.000000000000000000e+00
5.959999999999999964e+00,0.000000000000000000e+00,0.000000000000000000e+00,8.378968238830566406e+00,1.000000000000000000e+00
5.980000000000000426e+00,0.000000000000000000e+00,0.000000000000000000e+00,8.409910202026367188e+00,1.000000000000000000e+00
6.000000000000000000e+00,0.000000000000000000e+00,0.000000000000000000e+00,8.440832138061523438e+00,1.000000000000000000e+00
6.020000000000000462e+00,0.000000000000000000e+00,0.000000000000000000e+00,8.471731185913085938e+00,1.000000000000000000e+00
6.040000000000000036e+00,0.000000000000000000e+00,0.000000000000000000e+00,8.502606391906738281e+00,1.000000000000000000e+00
6.060000000000000497e+00,0.000000000000000000e+00,0.000000000000000000e+00,8.533452987670898438e+00,1.000000000000000000e+00
6.080000000000000071e+00,0.000000000000000000e+00,0.000000000000000000e+00,8.564275741577148438e+00,1.000000000000000000e+00
6.100000000000000533e+00,0.000000000000000000e+00,0.000000000000000000e+00,8.595074653625488281e+00,1.000000000000000000e+00
6.120000000000000107e+00,0.000000000000000000e+00,0.000000000000000000e+00,8.625845909118652344e+00,1.000000000000000000e+00
6.140000000000000568e+00,0.000000000000000000e+00,0.000000000000000000e+00,8.656589508056640625e+00,1.000000000000000000e+00
6.160000000000000142e+00,0.000000000000000000e+00,0.000000000000000000e+00,8.687303543090820312e+00,1.000000000000000000e+00
6.179999999999999716e+00,0.000000000000000000e+00,0.000000000000000000e+00,8.717988014221191406e+00,1.000000000000000000e+00
6.200000000000000178e+00,0.000000000000000000e+00,0.000000000000000000e+00,8.748643875122070312e+00,1.000000000000000000e+00
6.219999999999999751e+00,0.000000000000000000e+00,0.000000000000000000e+00,8.779272079467773438e+00,1.000000000000000000e+00
6.240000000000000213e+00,0.000000000000000000e+00,0.000000000000000000e+00,8.809868812561035156e+00,1.000000000000000000e+00
6.259999999999999787e+00,0.000000000000000000e+00,0.000000000000000000e+00,8.840434074401855469e+00,1.000000000000000000e+00
6.280000000000000249e+00,0.000000000000000000e+00,0.000000000000000000e+00,8.870968818664550781e+00,1.000000000000000000e+00
6.299999999999999822e+00,0.000000000000000000e+00,0.000000000000000000e+00,8.901473045349121094e+00,1.000000000000000000e+00
6.320000000000000284e+00,0.000000000000000000e+00,0.000000000000000000e+00,8.931946754455566406e+00,1.000000000000000000e+00
6.339999999999999858e+00,0.000000000000000000e+00,0.000000000000000000e+00,8.962390899658203125e+00,1.000000000000000000e+00
6.360000000000000320e+00,0.000000000000000000e+00,0.000000000000000000e+00,8.992805480957031250e+00,1.000000000000000000e+00
6.379999999999999893e+00,0.000000000000000000e+00,0.000000000000000000e+00,9.023190498352050781e+00,1.000000000000000000e+00
6.400000000000000355e+00,0.000000000000000000e+00,0.000000000000000000e+00,9.053548812866210938e+00,1.000000000000000000e+00
6.419999999999999929e+00,0.000000000000000000e+00,0.000000000000000000e+00,9.083880424499511719e+00,1.000000000000000000e+00
6.440000000000000391e+00,0.000000000000000000e+00,0.000000000000000000e+00,9.114184379577636719e+00,1.000000000000000000e+00
6.459999999999999964e+00,0.000000000000000000e+00,0.000000000000000000e+00,9.144461631774902344e+00,1.000000000000000000e+00
6.480000000000000426e+00,0.000000000000000000e+00,0.000000000000000000e+00,9.174712181091308594e+00,1.000000000000000000e+00
6.500000000000000000e+00,0.000000000000000000e+00,0.000000000000000000e+00,9.204938888549804688e+00,1.000000000000000000e+00
6.520000000000000462e+00,0.000000000000000000e+00,0.000000000000000000e+00,9.235141754150390625e+00,1.000000000000000000e+00
6.540000000000000036e+00,0.000000000000000000e+00,0.000000000000000000e+00,9.265320777893066406e+00,1.000000000000000000e+00
6.560000000000000497e+00,0.000000000000000000e+00,0.000000000000000000e+00,9.295477867126464844e+00,1.000000000000000000e+00
6.580000000000000071e+00,0.000000000000000000e+00,0.000000000000000000e+00,9.325613975524902344e+00,1.000000000000000000e+00
6.600000000000000533e+00,0.000000000000000000e+00,0.000000000000000000e+00,9.355730056762695312e+00,1.000000000000000000e+00
6.620000000000000107e+00,0.000000000000000000e+00,0.000000000000000000e+00,9.385824203491210938e+00,1.000000000000000000e+00
6.640000000000000568e+00,0.000000000000000000e+00,0.000000000000000000e+00,9.415893554687500000e+00,1.000000000000000000e+00
6.660000000000000142e+00,0.000000000000000000e+00,0.000000000000000000e+00,9.445939064025878906e+00,1.000000000000000000e+00
6.679999999999999716e+00,0.000000000000000000e+00,0.000000000000000000e+00,9.475960731506347656e+00,1.000000000000000000e+00
6.700000000000000178e+00,0.000000000000000000e+00,0.000000000000000000e+00,9.505958557128906250e+00,1.000000000000000000e+00
6.719999999999999751e+00,0.000000000000000000e+00,0.000000000000000000e+00,9.535927772521972656e+00,1.000000000000000000e+00
6.740000000000000213e+00,0.000000000000000000e+00,0.000000000000000000e+00,9.565873146057128906e+00,1.000000000000000000e+00
6.759999999999999787e+00,0.000000000000000000e+00,0.000000000000000000e+00,9.595789909362792969e+00,1.000000000000000000e+00
6.780000000000000249e+00,0.000000000000000000e+00,0.000000000000000000e+00,9.625679969787597656e+00,1.000000000000000000e+00
6.799999999999999822e+00,0.000000000000000000e+00,0.000000000000000000e+00,9.655544281005859375e+00,1.000000000000000000e+00
6.820000000000000284e+00,0.000000000000000000e+00,0.000000000000000000e+00,9.685383796691894531e+00,1.000000000000000000e+00
6.839999999999999858e+00,0.000000000000000000e+00,0.000000000000000000e+00,9.715194702148437500e+00,1.000000000000000000e+00
6.860000000000000320e+00,0.000000000000000000e+00,0.000000000000000000e+00,9.744976043701171875e+00,1.000000000000000000e+00
6.879999999999999893e+00,0.000000000000000000e+00,0.000000000000000000e+00,9.774727821350097656e+00,1.000000000000000000e+00
6.900000000000000355e+00,0.000000000000000000e+00,0.000000000000000000e+00,9.804450035095214844e+00,1.000000000000000000e+00
6.919999999999999929e+00,0.000000000000000000e+00,0.000000000000000000e+00,9.834144592285156250e+00,1.000000000000000000e+00
6.940000000000000391e+00,0.000000000000000000e+00,0.000000000000000000e+00,9.863812446594238281e+00,1.000000000000000000e+00
6.959999999999999964e+00,0.000000000000000000e+00,0.000000000000000000e+00,9.893452644348144531e+00,1.000000000000000000e+00
6.980000000000000426e+00,0.000000000000000000e+00,0.000000000000000000e+00,9.923069000244140625e+00,1.000000000000000000e+00
7.000000000000000000e+00,0.000000000000000000e+00,0.000000000000000000e+00,9.952661514282226562e+00,1.000000000000000000e+00
7.020000000000000462e+00,0.000000000000000000e+00,0.000000000000000000e+00,9.982230186462402344e+00,1.000000000000000000e+00
7.040000000000000036e+00,0.000000000000000000e+00,0.000000000000000000e+00,1.001177215576171875e+01,1.000000000000000000e+00
7.060000000000000497e+00,0.000000000000000000e+00,0.000000000000000000e+00,1.004128837585449219e+01,1.000000000000000000e+00
7.080000000000000071e+00,0.000000000000000000e+00,0.000000000000000000e+00,1.007077693939208984e+01,1.000000000000000000e+00
7.100000000000000533e+00,0.000000000000000000e+00,0.000000000000000000e+00,1.010024070739746094e+01,1.000000000000000000e+00
7.120000000000000107e+00,0.000000000000000000e+00,0.000000000000000000e+00,1.012968063354492188e+01,1.000000000000000000e+00
7.140000000000000568e+00,0.000000000000000000e+00,0.000000000000000000e+00,1.015909671783447266e+01,1.000000000000000000e+00
7.160000000000000142e+00,0.000000000000000000e+00,0.000000000000000000e+00,1.018848896026611328e+01,1.000000000000000000e+00
7.179999999999999716e+00,0.000000000000000000e+00,0.000000000000000000e+00,1.021785736083984375e+01,1.000000000000000000e+00
7.200000000000000178e+00,0.000000000000000000e+00,0.000000000000000000e+00,1.024720191955566406e+01,1.000000000000000000e+00
7.219999999999999751e+00,0.000000000000000000e+00,0.000000000000000000e+00,1.027652263641357422e+01,1.000000000000000000e+00
7.240000000000000213e+00,0.000000000000000000e+00,0.000000000000000000e+00,1.030581951141357422e+01,1.000000000000000000e+00
7.259999999999999787e+00,0.000000000000000000e+00,0.000000000000000000e+00,1.033509254455566406e+01,1.000000000000000000e+00
7.280000000000000249e+00,0.000000000000000000e+00,0.000000000000000000e+00,1.036434173583984375e+01,1.000000000000000000e+00
7.299999999999999822e+00,0.000000000000000000e+00,0.000000000000000000e+00,1.039356708526611328e+01,1.000000000000000000e+00
7.320000000000000284e+00,0.000000000000000000e+00,0.000000000000000000e+00,1.042276859283447266e+01,1.000000000000000000e+00
7.339999999999999858e+00,0.000000000000000000e+00,0.000000000000000000e+00,1.045194625854492188e+01,1.000000000000000000e+00
7.360000000000000320e+00,0.000000000000000000e+00,0.000000000000000000e+00,1.048109531402587891e+01,1.000000000000000000e+00
7.379999999999999893e+00,0.000000000000000000e+00,0.000000000000000000e+00,1.051021575927734375e+01,1.000000000000000000e+00
7.400000000000000355e+00,0.000000000000000000e+00,0.000000000000000000e+00,1.053930759429931641e+01,1.000000000000000000e+00
7.419999999999999929e+00,0.000000000000000000e+00,0.000000000000000000e+00,1.056837272644042969e+01,1.000000000000000000e+00
7.440000000000000391e+00,0.000000000000000000e+00,0.000000000000000000e+00,1.059741020202636719e+01,1.000000000000000000e+00
7.459999999999999964e+00,0.000000000000000000e+00,0.000000000000000000e+00,1.062641906738281250e+01,1.000000000000000000e+00
7.480000000000000426e+00,0.000000000000000000e+00,0.000000000000000000e+00,1.065540122985839844e+01,1.000000000000000000e+00
7.500000000000000000e+00,0.000000000000000000e+00,0.000000000000000000e+00,1.068435764312744141e+01,1.000000000000000000e+00
7.520000000000000462e+00,0.000000000000000000e+00,0.000000000000000000e+00,1.071328735351562500e+01,1.000000000000000000e+00
7.540000000000000036e+00,0.000000000000000000e+00,0.000000000000000000e+00,1.074218940734863281e+01,1.000000000000000000e+00
7.560000000000000497e+00,0.000000000000000000e+00,0.000000000000000000e+00,1.077106094360351562e+01,1.000000000000000000e+00
7.580000000000000071e+00,0.000000000000000000e+00,0.000000000000000000e+00,1.079990291595458984e+01,1.000000000000000000e+00
7.600000000000000533e+00,0.000000000000000000e+00,0.000000000000000000e+00,1.082871532440185547e+01,1.000000000000000000e+00
7.620000000000000107e+00,0.000000000000000000e+00,0.000000000000000000e+00,1.085749912261962891e+01,1.000000000000000000e+00
7.640000000000000568e+00,0.000000000000000000e+00,0.000000000000000000e+00,1.088625431060791016e+01,1.000000000000000000e+00
7.660000000000000142e+00,0.000000000000000000e+00,0.000000000000000000e+00,1.091498088836669922e+01,1.000000000000000000e+00
7.679999999999999716e+00,0.000000000000000000e+00,0.000000000000000000e+00,1.094367885589599609e+01,1.000000000000000000e+00
7.700000000000000178e+00,0.000000000000000000e+00,0.000000000000000000e+00,1.097235107421875000e+01,1.000000000000000000e+00
7.719999999999999751e+00,0.000000000000000000e+00,0.000000000000000000e+00,1.100099754333496094e+01,1.000000000000000000e+00
7.740000000000000213e+00,0.000000000000000000e+00,0.000000000000000000e+00,1.102961730957031250e+01,1.000000000000000000e+00
7.759999999999999787e+00,0.000000000000000000e+00,0.000000000000000000e+00,1.105820846557617188e+01,1.000000000000000000e+00
7.780000000000000249e+00,0.000000000000000000e+00,0.000000000000000000e+00,1.108677101135253906e+01,1.000000000000000000e+00
7.799999999999999822e+00,0.000000000000000000e+00,0.000000000000000000e+00,1.111530780792236328e+01,1.000000000000000000e+00
7.820000000000000284e+00,0.000000000000000000e+00,0.000000000000000000e+00,1.114381790161132812e+01,1.000000000000000000e+00
7.839999999999999858e+00,0.000000000000000000e+00,0.000000000000000000e+00,1.117230415344238281e+01,1.000000000000000000e+00
7.860000000000000320e+00,0.000000000000000000e+00,0.000000000000000000e+00,1.120076274871826172e+01,1.000000000000000000e+00
7.879999999999999893e+00,0.000000000000000000e+00,0.000000000000000000e+00,1.122919654846191406e+01,1.000000000000000000e+00
7.900000000000000355e+00,0.000000000000000000e+00,0.000000000000000000e+00,1.125760841369628906e+01,1.000000000000000000e+00
7.919999999999999929e+00,0.000000000000000000e+00,0.000000000000000000e+00,1.128599929809570312e+01,1.000000000000000000e+00
7.940000000000000391e+00,0.000000000000000000e+00,0.000000000000000000e+00,1.131436252593994141e+01,1.000000000000000000e+00
7.959999999999999964e+00,0.000000000000000000e+00,0.000000000000000000e+00,1.134270095825195312e+01,1.000000000000000000e+00
7.980000000000000426e+00,0.000000000000000000e+00,0.000000000000000000e+00,1.137101078033447266e+01,1.000000000000000000e+00
8.000000000000000000e+00,0.000000000000000000e+00,0.000000000000000000e+00,1.139929676055908203e+01,1.000000000000000000e+00
8.019999999999999574e+00,0.000000000000000000e+00,0.000000000000000000e+00,1.142755508422851562e+01,1.000000000000000000e+00
8.040000000000000924e+00,0.000000000000000000e+00,0.000000000000000000e+00,1.145578861236572266e+01,1.000000000000000000e+00
8.060000000000000497e+00,0.000000000000000000e+00,0.000000000000000000e+00,1.148399353027343750e+01,1.000000000000000000e+00
8.080000000000000071e+00,0.000000000000000000e+00,0.000000000000000000e+00,1.151217460632324219e+01,1.000000000000000000e+00
8.099999999999999645e+00,0.000000000000000000e+00,0.000000000000000000e+00,1.154033184051513672e+01,1.000000000000000000e+00
8.120000000000000995e+00,0.000000000000000000e+00,0.000000000000000000e+00,1.156846523284912109e+01,1.000000000000000000e+00
8.140000000000000568e+00,0.000000000000000000e+00,0.000000000000000000e+00,1.159657478332519531e+01,1.000000000000000000e+00
8.160000000000000142e+00,0.000000000000000000e+00,0.000000000000000000e+00,1.162465763092041016e+01,1.000000000000000000e+00
8.179999999999999716e+00,0.000000000000000000e+00,0.000000000000000000e+00,1.165271472930908203e+01,1.000000000000000000e+00
8.199999999999999289e+00,0.000000000000000000e+00,0.000000000000000000e+00,1.168075275421142578e+01,1.000000000000000000e+00
8.220000000000000639e+00,0.000000000000000000e+00,0.000000000000000000e+00,1.170876693725585938e+01,1.000000000000000000e+00
8.240000000000000213e+00,0.000000000000000000e+00,0.000000000000000000e+00,1.173675727844238281e+01,1.000000000000000000e+00
8.259999999999999787e+00,0.000000000000000000e+00,0.000000000000000000e+00,1.176472187042236328e+01,1.000000000000000000e+00
8.279999999999999361e+00,0.000000000000000000e+00,0.000000000000000000e+00,1.179265975952148438e+01,1.000000000000000000e+00
8.300000000000000711e+00,0.000000000000000000e+00,0.000000000000000000e+00,1.182057380676269531e+01,1.000000000000000000e+00
8.320000000000000284e+00,0.000000000000000000e+00,0.000000000000000000e+00,1.184846401214599609e+01,1.000000000000000000e+00
8.339999999999999858e+00,0.000000000000000000e+00,0.000000000000000000e+00,1.187632942199707031e+01,1.000000000000000000e+00
8.359999999999999432e+00,0.000000000000000000e+00,0.000000000000000000e+00,1.190416717529296875e+01,1.000000000000000000e+00
8.380000000000000782e+00,0.000000000000000000e+00,0.000000000000000000e+00,1.193198108673095703e+01,1.000000000000000000e+00
8.400000000000000355e+00,0.000000000000000000e+00,0.000000000000000000e+00,1.195977115631103516e+01,1.000000000000000000e+00
8.419999999999999929e+00,0.000000000000000000e+00,0.000000000000000000e+00,1.198753738403320312e+01,1.000000000000000000e+00
8.439999999999999503e+00,0.000000000000000000e+00,0.000000000000000000e+00,1.201527976989746094e+01,1.000000000000000000e+00
8.460000000000000853e+00,0.000000000000000000e+00,0.000000000000000000e+00,1.204299831390380859e+01,1.000000000000000000e+00
8.480000000000000426e+00,0.000000000000000000e+00,0.000000000000000000e+00,1.207069301605224609e+01,1.000000000000000000e+00
8.500000000000000000e+00,0.000000000000000000e+00,0.000000000000000000e+00,1.209836673736572266e+01,1.000000000000000000e+00
8.519999999999999574e+00,0.000000000000000000e+00,0.000000000000000000e+00,1.212601852416992188e+01,1.000000000000000000e+00
8.540000000000000924e+00,0.000000000000000000e+00,0.000000000000000000e+00,1.215365028381347656e+01,1.000000000000000000e+00
8.560000000000000497e+00,0.000000000000000000e+00,0.000000000000000000e+00,1.218125915527343750e+01,1.000000000000000000e+00
8.580000000000000071e+00,0.000000000000000000e+00,0.000000000000000000e+00,1.220884799957275391e+01,1.000000000000000000e+00
8.599999999999999645e+00,0.000000000000000000e+00,0.000000000000000000e+00,1.223641681671142578e+01,1.000000000000000000e+00
8.620000000000000995e+00,0.000000000000000000e+00,0.000000000000000000e+00,1.226396751403808594e+01,1.000000000000000000e+00
8.640000000000000568e+00,0.000000000000000000e+00,0.000000000000000000e+00,1.229149818420410156e+01,1.000000000000000000e+00
8.660000000000000142e+00,0.000000000000000000e+00,0.000000000000000000e+00,1.231900691986083984e+01,1.000000000000000000e+00
8.679999999999999716e+00,0.000000000000000000e+00,0.000000000000000000e+00,1.234649467468261719e+01,1.000000000000000000e+00
8.700000000000001066e+00,0.000000000000000000e+00,0.000000000000000000e+00,1.237396240234375000e+01,1.000000000000000000e+00
8.720000000000000639e+00,0.000000000000000000e+00,0.000000000000000000e+00,1.240140914916992188e+01,1.000000000000000000e+00
8.740000000000000213e+00,0.000000000000000000e+00,0.000000000000000000e+00,1.242883682250976562e+01,1.000000000000000000e+00
8.759999999999999787e+00,0.000000000000000000e+00,0.000000000000000000e+00,1.245624065399169922e+01,1.000000000000000000e+00
8.779999999999999361e+00,0.000000000000000000e+00,0.000000000000000000e+00,1.248362064361572266e+01,1.000000000000000000e+00
8.800000000000000711e+00,0.000000000000000000e+00,0.000000000000000000e+00,1.251097965240478516e+01,1.000000000000000000e+00
8.820000000000000284e+00,0.000000000000000000e+00,0.000000000000000000e+00,1.253831672668457031e+01,1.000000000000000000e+00
8.839999999999999858e+00,0.000000000000000000e+00,0.000000000000000000e+00,1.256562995910644531e+01,1.000000000000000000e+00
8.859999999999999432e+00,0.000000000000000000e+00,0.000000000000000000e+00,1.259291934967041016e+01,1.000000000000000000e+00
8.880000000000000782e+00,0.000000000000000000e+00,0.000000000000000000e+00,1.262018489837646484e+01,1.000000000000000000e+00
8.900000000000000355e+00,0.000000000000000000e+00,0.000000000000000000e+00,1.264742660522460938e+01,1.000000000000000000e+00
8.919999999999999929e+00,0.000000000000000000e+00,0.000000000000000000e+00,1.267464447021484375e+01,1.000000000000000000e+00
8.939999999999999503e+00,0.000000000000000000e+00,0.000000000000000000e+00,1.270183849334716797e+01,1.000000000000000000e+00
8.960000000000000853e+00,0.000000000000000000e+00,0.000000000000000000e+00,1.272900867462158203e+01,1.000000000000000000e+00
8.980000000000000426e+00,0.000000000000000000e+00,0.000000000000000000e+00,1.275615501403808594e+01,1.000000000000000000e+00
9.000000000000000000e+00,0.000000000000000000e+00,0.000000000000000000e+00,1.278328227996826172e+01,1.000000000000000000e+00
9.019999999999999574e+00,0.000000000000000000e+00,0.000000000000000000e+00,1.281038665771484375e+01,1.000000000000000000e+00
9.040000000000000924e+00,0.000000000000000000e+00,0.000000000000000000e+00,1.283747100830078125e+01,1.000000000000000000e+00
9.060000000000000497e+00,0.000000000000000000e+00,0.000000000000000000e+00,1.286453151702880859e+01,1.000000000000000000e+00
9.080000000000000071e+00,0.000000000000000000e+00,0.000000000000000000e+00,1.289156913757324219e+01,1.000000000000000000e+00
9.099999999999999645e+00,0.000000000000000000e+00,0.000000000000000000e+00,1.291858673095703125e+01,1.000000000000000000e+00
9.120000000000000995e+00,0.000000000000000000e+00,0.000000000000000000e+00,1.294558525085449219e+01,1.000000000000000000e+00
9.140000000000000568e+00,0.000000000000000000e+00,0.000000000000000000e+00,1.297256088256835938e+01,1.000000000000000000e+00
9.160000000000000142e+00,0.000000000000000000e+00,0.000000000000000000e+00,1.299951648712158203e+01,1.000000000000000000e+00
9.179999999999999716e+00,0.000000000000000000e+00,0.000000000000000000e+00,1.302644824981689453e+01,1.000000000000000000e+00
9.200000000000001066e+00,0.000000000000000000e+00,0.000000000000000000e+00,1.305335998535156250e+01,1.000000000000000000e+00
9.220000000000000639e+00,0.000000000000000000e+00,0.000000000000000000e+00,1.308025169372558594e+01,1.000000000000000000e+00
9.240000000000000213e+00,0.000000000000000000e+00,0.000000000000000000e+00,1.310712242126464844e+01,1.000000000000000000e+00
9.259999999999999787e+00,0.000000000000000000e+00,0.000000000000000000e+00,1.313397312164306641e+01,1.000000000000000000e+00
9.279999999999999361e+00,0.000000000000000000e+00,0.000000000000000000e+00,1.316080474853515625e+01,1.000000000000000000e+00
9.300000000000000711e+00,0.000000000000000000e+00,0.000000000000000000e+00,1.318761825561523438e+01,1.000000000000000000e+00
9.320000000000000284e+00,0.000000000000000000e+00,0.000000000000000000e+00,1.321441364288330078e+01,1.000000000000000000e+00
9.339999999999999858e+00,0.000000000000000000e+00,0.000000000000000000e+00,1.324118900299072266e+01,1.000000000000000000e+00
9.359999999999999432e+00,0.000000000000000000e+00,0.000000000000000000e+00,1.326794433593750000e+01,1.000000000000000000e+00
9.380000000000000782e+00,0.000000000000000000e+00,0.000000000000000000e+00,1.329467773437500000e+01,1.000000000000000000e+00
9.400000000000000355e+00,0.000000000000000000e+00,0.000000000000000000e+00,1.332139110565185547e+01,1.000000000000000000e+00
9.419999999999999929e+00,0.000000000000000000e+00,0.000000000000000000e+00,1.334808444976806641e+01,1.000000000000000000e+00
9.439999999999999503e+00,0.000000000000000000e+00,0.000000000000000000e+00,1.337475585937500000e+01,1.000000000000000000e+00
9.460000000000000853e+00,0.000000000000000000e+00,0.000000000000000000e+00,1.340140628814697266e+01,1.000000000000000000e+00
9.480000000000000426e+00,0.000000000000000000e+00,0.000000000000000000e+00,1.342803287506103516e+01,1.000000000000000000e+00
9.500000000000000000e+00,0.000000000000000000e+00,0.000000000000000000e+00,1.345464038848876953e+01,1.000000000000000000e+00
9.519999999999999574e+00,0.000000000000000000e+00,0.000000000000000000e+00,1.348122882843017578e+01,1.000000000000000000e+00
9.540000000000000924e+00,0.000000000000000000e+00,0.000000000000000000e+00,1.350779438018798828e+01,1.000000000000000000e+00
9.560000000000000497e+00,0.000000000000000000e+00,0.000000000000000000e+00,1.353433990478515625e+01,1.000000000000000000e+00
9.580000000000000071e+00,0.000000000000000000e+00,0.000000000000000000e+00,1.356086158752441406e+01,1.000000000000000000e+00
9.599999999999999645e+00,0.000000000000000000e+00,0.000000000000000000e+00,1.358736515045166016e+01,1.000000000000000000e+00
9.620000000000000995e+00,0.000000000000000000e+00,0.000000000000000000e+00,1.361384963989257812e+01,1.000000000000000000e+00
9.640000000000000568e+00,0.000000000000000000e+00,0.000000000000000000e+00,1.364031410217285156e+01,1.000000000000000000e+00
9.660000000000000142e+00,0.000000000000000000e+00,0.000000000000000000e+00,1.366675758361816406e+01,1.000000000000000000e+00
9.679999999999999716e+00,0.000000000000000000e+00,0.000000000000000000e+00,1.369317913055419922e+01,1.000000000000000000e+00
9.700000000000001066e+00,0.000000000000000000e+00,0.000000000000000000e+00,1.371958351135253906e+01,1.000000000000000000e+00
9.720000000000000639e+00,0.000000000000000000e+00,0.000000000000000000e+00,1.374596881866455078e+01,1.000000000000000000e+00
9.740000000000000213e+00,0.000000000000000000e+00,0.000000000000000000e+00,1.377233600616455078e+01,1.000000000000000000e+00
9.759999999999999787e+00,0.000000000000000000e+00,0.000000000000000000e+00,1.379868412017822266e+01,1.000000000000000000e+00
9.779999999999999361e+00,0.000000000000000000e+00,0.000000000000000000e+00,1.382501411437988281e+01,1.000000000000000000e+00
9.800000000000000711e+00,0.000000000000000000e+00,0.000000000000000000e+00,1.385132789611816406e+01,1.000000000000000000e+00
9.820000000000000284e+00,0.000000000000000000e+00,0.000000000000000000e+00,1.387762546539306641e+01,1.000000000000000000e+00
9.839999999999999858e+00,0.000000000000000000e+00,0.000000000000000000e+00,1.390390682220458984e+01,1.000000000000000000e+00
9.859999999999999432e+00,0.000000000000000000e+00,0.000000000000000000e+00,1.393017196655273438e+01,1.000000000000000000e+00
9.880000000000000782e+00,0.000000000000000000e+00,0.000000000000000000e+00,1.395641994476318359e+01,1.000000000000000000e+00
9.900000000000000355e+00,0.000000000000000000e+00,0.000000000000000000e+00,1.398265266418457031e+01,1.000000000000000000e+00
9.919999999999999929e+00,0.000000000000000000e+00,0.000000000000000000e+00,1.400886917114257812e+01,1.000000000000000000e+00
9.939999999999999503e+00,0.000000000000000000e+00,0.000000000000000000e+00,1.403506946563720703e+01,1.000000000000000000e+00
9.960000000000000853e+00,0.000000000000000000e+00,0.000000000000000000e+00,1.406125354766845703e+01,1.000000000000000000e+00
9.980000000000000426e+00,0.000000000000000000e+00,0.000000000000000000e+00,1.408741950988769531e+01,1.000000000000000000e+00
1.000000000000000000e+01,0.000000000000000000e+00,0.000000000000000000e+00,1.411356925964355469e+01,1.000000000000000000e+00
1.001999999999999957e+01,0.000000000000000000e+00,0.000000000000000000e+00,1.413970279693603516e+01,1.000000000000000000e+00
1.004000000000000092e+01,0.000000000000000000e+00,0.000000000000000000e+00,1.416581916809082031e+01,1.000000000000000000e+00
1.006000000000000050e+01,0.000000000000000000e+00,0.000000000000000000e+00,1.419191646575927734e+01,1.000000000000000000e+00
1.008000000000000007e+01,0.000000000000000000e+00,0.000000000000000000e+00,1.421799564361572266e+01,1.000000000000000000e+00
1.009999999999999964e+01,0.000000000000000000e+00,0.000000000000000000e+00,1.424405765533447266e+01,1.000000000000000000e+00
1.012000000000000099e+01,0.000000000000000000e+00,0.000000000000000000e+00,1.427010440826416016e+01,1.000000000000000000e+00
1.014000000000000057e+01,0.000000000000000000e+00,0.000000000000000000e+00,1.429613208770751953e+01,1.000000000000000000e+00
1.016000000000000014e+01,0.000000000000000000e+00,0.000000000000000000e+00,1.432214164733886719e+01,1.000000000000000000e+00
1.017999999999999972e+01,0.000000000000000000e+00,0.000000000000000000e+00,1.434813308715820312e+01,1.000000000000000000e+00
1.020000000000000107e+01,0.000000000000000000e+00,0.000000000000000000e+00,1.437410831451416016e+01,1.000000000000000000e+00
1.022000000000000064e+01,0.000000000000000000e+00,0.000000000000000000e+00,1.440006923675537109e+01,1.000000000000000000e+00
1.024000000000000021e+01,0.000000000000000000e+00,0.000000000000000000e+00,1.442601203918457031e+01,1.000000000000000000e+00
1.025999999999999979e+01,0.000000000000000000e+00,0.000000000000000000e+00,1.445193862915039062e+01,1.000000000000000000e+00
1.027999999999999936e+01,0.000000000000000000e+00,0.000000000000000000e+00,1.447784709930419922e+01,1.000000000000000000e+00
1.030000000000000071e+01,0.000000000000000000e+00,0.000000000000000000e+00,1.450374031066894531e+01,1.000000000000000000e+00
1.032000000000000028e+01,0.000000000000000000e+00,0.000000000000000000e+00,1.452962017059326172e+01,1.000000000000000000e+00
1.033999999999999986e+01,0.000000000000000000e+00,0.000000000000000000e+00,1.455548381805419922e+01,1.000000000000000000e+00
1.035999999999999943e+01,0.000000000000000000e+00,0.000000000000000000e+00,1.458133125305175781e+01,1.000000000000000000e+00
1.038000000000000078e+01,0.000000000000000000e+00,0.000000000000000000e+00,1.460716247558593750e+01,1.000000000000000000e+00
1.040000000000000036e+01,0.000000000000000000e+00,0.000000000000000000e+00,1.463297939300537109e+01,1.000000000000000000e+00
1.041999999999999993e+01,0.000000000000000000e+00,0.000000000000000000e+00,1.465878295898437500e+01,1.000000000000000000e+00
1.043999999999999950e+01,0.000000000000000000e+00,0.000000000000000000e+00,1.468457221984863281e+01,1.000000000000000000e+00
1.046000000000000085e+01,0.000000000000000000e+00,0.000000000000000000e+00,1.471034336090087891e+01,1.000000000000000000e+00
1.048000000000000043e+01,0.000000000000000000e+00,0.000000000000000000e+00,1.473609924316406250e+01,1.000000000000000000e+00
1.050000000000000000e+01,0.000000000000000000e+00,0.000000000000000000e+00,1.476184272766113281e+01,1.000000000000000000e+00
1.051999999999999957e+01,0.000000000000000000e+00,0.000000000000000000e+00,1.478757190704345703e+01,1.000000000000000000e+00
1.054000000000000092e+01,0.000000000000000000e+00,0.000000000000000000e+00,1.481328582763671875e+01,1.000000000000000000e+00
1.056000000000000050e+01,0.000000000000000000e+00,0.000000000000000000e+00,1.483898448944091797e+01,1.000000000000000000e+00
1.058000000000000007e+01,0.000000000000000000e+00,0.000000000000000000e+00,1.486466693878173828e+01,1.000000000000000000e+00
1.059999999999999964e+01,0.000000000000000000e+00,0.000000000000000000e+00,1.489033603668212891e+01,1.000000000000000000e+00
1.062000000000000099e+01,0.000000000000000000e+00,0.000000000000000000e+00,1.491599273681640625e+01,1.000000000000000000e+00
1.064000000000000057e+01,0.000000000000000000e+00,0.000000000000000000e+00,1.494163417816162109e+01,1.000000000000000000e+00
1.066000000000000014e+01,0.000000000000000000e+00,0.000000000000000000e+00,1.496725940704345703e+01,1.000000000000000000e+00
1.067999999999999972e+01,0.000000000000000000e+00,0.000000000000000000e+00,1.499287033081054688e+01,1.000000000000000000e+00
1.070000000000000107e+01,0.000000000000000000e+00,0.000000000000000000e+00,1.501846790313720703e+01,1.000000000000000000e+00
1.072000000000000064e+01,0.000000000000000000e+00,0.000000000000000000e+00,1.504405403137207031e+01,1.000000000000000000e+00
1.074000000000000021e+01,0.000000000000000000e+00,0.000000000000000000e+00,1.506962490081787109e+01,1.000000000000000000e+00
1.075999999999999979e+01,0.000000000000000000e+00,0.000000000000000000e+00,1.509518051147460938e+01,1.000000000000000000e+00
1.077999999999999936e+01,0.000000000000000000e+00,0.000000000000000000e+00,1.512071990966796875e+01,1.000000000000000000e+00
1.080000000000000071e+01,0.000000000000000000e+00,0.000000000000000000e+00,1.514624595642089844e+01,1.000000000000000000e+00
1.082000000000000028e+01,0.000000000000000000e+00,0.000000000000000000e+00,1.517175865173339844e+01,1.000000000000000000e+00
1.083999999999999986e+01,0.000000000000000000e+00,0.000000000000000000e+00,1.519725704193115234e+01,1.000000000000000000e+00
1.085999999999999943e+01,0.000000000000000000e+00,0.000000000000000000e+00,1.522273921966552734e+01,1.000000000000000000e+00
1.088000000000000078e+01,0.000000000000000000e+00,0.000000000000000000e+00,1.524820613861083984e+01,1.000000000000000000e+00
1.090000000000000036e+01,0.000000000000000000e+00,0.000000000000000000e+00,1.527366065979003906e+01,1.000000000000000000e+00
1.091999999999999993e+01,0.000000000000000000e+00,0.000000000000000000e+00,1.529910373687744141e+01,1.000000000000000000e+00
1.093999999999999950e+01,0.000000000000000000e+00,0.000000000000000000e+00,1.532453155517578125e+01,1.000000000000000000e+00
1.096000000000000085e+01,0.000000000000000000e+00,0.000000000000000000e+00,1.534994506835937500e+01,1.000000000000000000e+00
1.098000000000000043e+01,0.000000000000000000e+00,0.000000000000000000e+00,1.537534427642822266e+01,1.000000000000000000e+00
1.100000000000000000e+01,0.000000000000000000e+00,0.000000000000000000e+00,1.540073204040527344e+01,1.000000000000000000e+00
1.101999999999999957e+01,0.000000000000000000e+00,0.000000000000000000e+00,1.542610740661621094e+01,1.000000000000000000e+00
1.104000000000000092e+01,0.000000000000000000e+00,0.000000000000000000e+00,1.545146846771240234e+01,1.000000000000000000e+00
1.106000000000000050e+01,0.000000000000000000e+00,0.000000000000000000e+00,1.547681427001953125e+01,1.000000000000000000e+00
1.108000000000000007e+01,0.000000000000000000e+00,0.000000000000000000e+00,1.550214576721191406e+01,1.000000000000000000e+00
1.109999999999999964e+01,0.000000000000000000e+00,0.000000000000000000e+00,1.552746582031250000e+01,1.000000000000000000e+00
1.112000000000000099e+01,0.000000000000000000e+00,0.000000000000000000e+00,1.555277442932128906e+01,1.000000000000000000e+00
1.114000000000000057e+01,0.000000000000000000e+00,0.000000000000000000e+00,1.557806777954101562e+01,1.000000000000000000e+00
1.116000000000000014e+01,0.000000000000000000e+00,0.000000000000000000e+00,1.560334491729736328e+01,1.000000000000000000e+00
1.117999999999999972e+01,0.000000000000000000e+00,0.000000000000000000e+00,1.562860774993896484e+01,1.000000000000000000e+00
1.120000000000000107e+01,0.000000000000000000e+00,0.000000000000000000e+00,1.565385818481445312e+01,1.000000000000000000e+00
1.122000000000000064e+01,0.000000000000000000e+00,0.000000000000000000e+00,1.567909717559814453e+01,1.000000000000000000e+00
1.124000000000000021e+01,0.000000000000000000e+00,0.000000000000000000e+00,1.570432186126708984e+01,1.000000000000000000e+00
1.125999999999999979e+01,0.000000000000000000e+00,0.000000000000000000e+00,1.572953224182128906e+01,1.000000000000000000e+00
1.127999999999999936e+01,0.000000000000000000e+00,0.000000000000000000e+00,1.575472831726074219e+01,1.000000000000000000e+00
1.130000000000000071e+01,0.000000000000000000e+00,0.000000000000000000e+00,1.577991294860839844e+01,1.000000000000000000e+00
1.132000000000000028e+01,0.000000000000000000e+00,0.000000000000000000e+00,1.580508613586425781e+01,1.000000000000000000e+00
1.133999999999999986e+01,0.000000000000000000e+00,0.000000000000000000e+00,1.583024597167968750e+01,1.000000000000000000e+00
1.135999999999999943e+01,0.000000000000000000e+00,0.000000000000000000e+00,1.585539150238037109e+01,1.000000000000000000e+00
1.138000000000000078e+01,0.000000000000000000e+00,0.000000000000000000e+00,1.588052272796630859e+01,1.000000000000000000e+00
1.140000000000000036e+01,0.000000000000000000e+00,0.000000000000000000e+00,1.590564346313476562e+01,1.000000000000000000e+00
1.141999999999999993e+01,0.000000000000000000e+00,0.000000000000000000e+00,1.593075275421142578e+01,1.000000000000000000e+00
1.143999999999999950e+01,0.000000000000000000e+00,0.000000000000000000e+00,1.595584869384765625e+01,1.000000000000000000e+00
1.146000000000000085e+01,0.000000000000000000e+00,0.000000000000000000e+00,1.598093032836914062e+01,1.000000000000000000e+00
1.148000000000000043e+01,0.000000000000000000e+00,0.000000000000000000e+00,1.600599861145019531e+01,1.000000000000000000e+00
1.150000000000000000e+01,0.000000000000000000e+00,0.000000000000000000e+00,1.603105735778808594e+01,1.000000000000000000e+00
1.151999999999999957e+01,0.000000000000000000e+00,0.000000000000000000e+00,1.605610466003417969e+01,1.000000000000000000e+00
1.154000000000000092e+01,0.000000000000000000e+00,0.000000000000000000e+00,1.608114051818847656e+01,1.000000000000000000e+00
1.156000000000000050e+01,0.000000000000000000e+00,0.000000000000000000e+00,1.610616111755371094e+01,1.000000000000000000e+00
1.158000000000000007e+01,0.000000000000000000e+00,0.000000000000000000e+00,1.613117027282714844e+01,1.000000000000000000e+00
1.159999999999999964e+01,0.000000000000000000e+00,0.000000000000000000e+00,1.615616989135742188e+01,1.000000000000000000e+00
1.162000000000000099e+01,0.000000000000000000e+00,0.000000000000000000e+00,1.618115997314453125e+01,1.000000000000000000e+00
1.164000000000000057e+01,0.000000000000000000e+00,0.000000000000000000e+00,1.620613670349121094e+01,1.000000000000000000e+00
1.166000000000000014e+01,0.000000000000000000e+00,0.000000000000000000e+00,1.623110008239746094e+01,1.000000000000000000e+00
1.167999999999999972e+01,0.000000000000000000e+00,0.000000000000000000e+00,1.625605010986328125e+01,1.000000000000000000e+00
1.170000000000000107e+01,0.000000000000000000e+00,0.000000000000000000e+00,1.628099060058593750e+01,1.000000000000000000e+00
1.172000000000000064e+01,0.000000000000000000e+00,0.000000000000000000e+00,1.630592155456542969e+01,1.000000000000000000e+00
1.174000000000000021e+01,0.000000000000000000e+00,0.000000000000000000e+00,1.633084297180175781e+01,1.000000000000000000e+00
1.175999999999999979e+01,0.000000000000000000e+00,0.000000000000000000e+00,1.635575103759765625e+01,1.000000000000000000e+00
1.177999999999999936e+01,0.000000000000000000e+00,0.000000000000000000e+00,1.638064765930175781e+01,1.000000000000000000e+00
1.180000000000000071e+01,0.000000000000000000e+00,0.000000000000000000e+00,1.640553665161132812e+01,1.000000000000000000e+00
1.182000000000000028e+01,0.000000000000000000e+00,0.000000000000000000e+00,1.643041610717773438e+01,1.000000000000000000e+00
1.183999999999999986e+01,0.000000000000000000e+00,0.000000000000000000e+00,1.645528411865234375e+01,1.000000000000000000e+00
1.185999999999999943e+01,0.000000000000000000e+00,0.000000000000000000e+00,1.648014068603515625e+01,1.000000000000000000e+00
1.188000000000000078e+01,0.000000000000000000e+00,0.000000000000000000e+00,1.650498390197753906e+01,1.000000000000000000e+00
1.190000000000000036e+01,0.000000000000000000e+00,0.000000000000000000e+00,1.652981758117675781e+01,1.000000000000000000e+00
1.191999999999999993e+01,0.000000000000000000e+00,0.000000000000000000e+00,1.655464363098144531e+01,1.000000000000000000e+00
1.193999999999999950e+01,0.000000000000000000e+00,0.000000000000000000e+00,1.657946014404296875e+01,1.000000000000000000e+00
1.196000000000000085e+01,0.000000000000000000e+00,0.000000000000000000e+00,1.660426330566406250e+01,1.000000000000000000e+00
1.198000000000000043e+01,0.000000000000000000e+00,0.000000000000000000e+00,1.662905502319335938e+01,1.000000000000000000e+00
1.200000000000000000e+01,0.000000000000000000e+00,0.000000000000000000e+00,1.665384101867675781e+01,1.000000000000000000e+00
1.201999999999999957e+01,0.000000000000000000e+00,0.000000000000000000e+00,1.667861747741699219e+01,1.000000000000000000e+00
1.204000000000000092e+01,0.000000000000000000e+00,0.000000000000000000e+00,1.670338249206542969e+01,1.000000000000000000e+00
1.206000000000000050e+01,0.000000000000000000e+00,0.000000000000000000e+00,1.672813606262207031e+01,1.000000000000000000e+00
1.208000000000000007e+01,0.000000000000000000e+00,0.000000000000000000e+00,1.675288009643554688e+01,1.000000000000000000e+00
1.209999999999999964e+01,0.000000000000000000e+00,0.000000000000000000e+00,1.677761840820312500e+01,1.000000000000000000e+00
1.212000000000000099e+01,0.000000000000000000e+00,0.000000000000000000e+00,1.680234718322753906e+01,1.000000000000000000e+00
1.214000000000000057e+01,0.000000000000000000e+00,0.000000000000000000e+00,1.682706451416015625e+01,1.000000000000000000e+00
1.216000000000000014e+01,0.000000000000000000e+00,0.000000000000000000e+00,1.685177040100097656e+01,1.000000000000000000e+00
1.217999999999999972e+01,0.000000000000000000e+00,0.000000000000000000e+00,1.687646484375000000e+01,1.000000000000000000e+00
1.220000000000000107e+01,0.000000000000000000e+00,0.000000000000000000e+00,1.690115356445312500e+01,1.000000000000000000e+00
1.222000000000000064e+01,0.000000000000000000e+00,0.000000000000000000e+00,1.692583274841308594e+01,1.000000000000000000e+00
1.224000000000000021e+01,0.000000000000000000e+00,0.000000000000000000e+00,1.695050239562988281e+01,1.000000000000000000e+00
1.225999999999999979e+01,0.000000000000000000e+00,0.000000000000000000e+00,1.697516059875488281e+01,1.000000000000000000e+00
1.228000000000000114e+01,0.000000000000000000e+00,0.000000000000000000e+00,1.699980926513671875e+01,1.000000000000000000e+00
1.230000000000000071e+01,0.000000000000000000e+00,0.000000000000000000e+00,1.702445220947265625e+01,1.000000000000000000e+00
1.232000000000000028e+01,0.000000000000000000e+00,0.000000000000000000e+00,1.704908752441406250e+01,1.000000000000000000e+00
1.233999999999999986e+01,0.000000000000000000e+00,0.000000000000000000e+00,1.707371330261230469e+01,1.000000000000000000e+00
1.235999999999999943e+01,0.000000000000000000e+00,0.000000000000000000e+00,1.709832572937011719e+01,1.000000000000000000e+00
1.238000000000000078e+01,0.000000000000000000e+00,0.000000000000000000e+00,1.712292861938476562e+01,1.000000000000000000e+00
1.240000000000000036e+01,0.000000000000000000e+00,0.000000000000000000e+00,1.714752388000488281e+01,1.000000000000000000e+00
1.241999999999999993e+01,0.000000000000000000e+00,0.000000000000000000e+00,1.717211341857910156e+01,1.000000000000000000e+00
1.243999999999999950e+01,0.000000000000000000e+00,0.000000000000000000e+00,1.719669342041015625e+01,1.000000000000000000e+00
1.246000000000000085e+01,0.000000000000000000e+00,0.000000000000000000e+00,1.722126197814941406e+01,1.000000000000000000e+00
1.248000000000000043e+01,0.000000000000000000e+00,0.000000000000000000e+00,1.724581909179687500e+01,1.000000000000000000e+00
1.250000000000000000e+01,0.000000000000000000e+00,0.000000000000000000e+00,1.727037048339843750e+01,1.000000000000000000e+00
1.251999999999999957e+01,0.000000000000000000e+00,0.000000000000000000e+00,1.729491615295410156e+01,1.000000000000000000e+00
1.254000000000000092e+01,0.000000000000000000e+00,0.000000000000000000e+00,1.731945228576660156e+01,1.000000000000000000e+00
1.256000000000000050e+01,0.000000000000000000e+00,0.000000000000000000e+00,1.734397697448730469e+01,1.000000000000000000e+00
1.258000000000000007e+01,0.000000000000000000e+00,0.000000000000000000e+00,1.736849212646484375e+01,1.000000000000000000e+00
1.259999999999999964e+01,0.000000000000000000e+00,0.000000000000000000e+00,1.739300155639648438e+01,1.000000000000000000e+00
1.262000000000000099e+01,0.000000000000000000e+00,0.000000000000000000e+00,1.741750335693359375e+01,1.000000000000000000e+00
1.264000000000000057e+01,0.000000000000000000e+00,0.000000000000000000e+00,1.744199752807617188e+01,1.000000000000000000e+00
1.266000000000000014e+01,0.000000000000000000e+00,0.000000000000000000e+00,1.746648216247558594e+01,1.000000000000000000e+00
1.267999999999999972e+01,0.000000000000000000e+00,0.000000000000000000e+00,1.749095726013183594e+01,1.000000000000000000e+00
1.270000000000000107e+01,0.000000000000000000e+00,0.000000000000000000e+00,1.751542854309082031e+01,1.000000000000000000e+00
1.272000000000000064e+01,0.000000000000000000e+00,0.000000000000000000e+00,1.753989028930664062e+01,1.000000000000000000e+00
1.274000000000000021e+01,0.000000000000000000e+00,0.000000000000000000e+00,1.756434440612792969e+01,1.000000000000000000e+00
1.275999999999999979e+01,0.000000000000000000e+00,0.000000000000000000e+00,1.758878898620605469e+01,1.000000000000000000e+00
1.278000000000000114e+01,0.000000000000000000e+00,0.000000000000000000e+00,1.761322402954101562e+01,1.000000000000000000e+00
1.280000000000000071e+01,0.000000000000000000e+00,0.000000000000000000e+00,1.763765716552734375e+01,1.000000000000000000e+00
1.282000000000000028e+01,0.000000000000000000e+00,0.000000000000000000e+00,1.766208076477050781e+01,1.000000000000000000e+00
1.283999999999999986e+01,0.000000000000000000e+00,0.000000000000000000e+00,1.768649673461914062e+01,1.000000000000000000e+00
1.285999999999999943e+01,0.000000000000000000e+00,0.000000000000000000e+00,1.771090316772460938e+01,1.000000000000000000e+00
1.288000000000000078e+01,0.000000000000000000e+00,0.000000000000000000e+00,1.773530197143554688e+01,1.000000000000000000e+00
1.290000000000000036e+01,0.000000000000000000e+00,0.000000000000000000e+00,1.775969696044921875e+01,1.000000000000000000e+00
1.291999999999999993e+01,0.000000000000000000e+00,0.000000000000000000e+00,1.778408432006835938e+01,1.000000000000000000e+00
1.293999999999999950e+01,0.000000000000000000e+00,0.000000000000000000e+00,1.780846405029296875e+01,1.000000000000000000e+00
1.296000000000000085e+01,0.000000000000000000e+00,0.000000000000000000e+00,1.783283424377441406e+01,1.000000000000000000e+00
1.298000000000000043e+01,0.000000000000000000e+00,0.000000000000000000e+00,1.785719490051269531e+01,1.000000000000000000e+00
1.300000000000000000e+01,0.000000000000000000e+00,0.000000000000000000e+00,1.788155174255371094e+01,1.000000000000000000e+00
1.301999999999999957e+01,0.000000000000000000e+00,0.000000000000000000e+00,1.790590095520019531e+01,1.000000000000000000e+00
1.304000000000000092e+01,0.000000000000000000e+00,0.000000000000000000e+00,1.793024253845214844e+01,1.000000000000000000e+00
1.306000000000000050e+01,0.000000000000000000e+00,0.000000000000000000e+00,1.795457458496093750e+01,1.000000000000000000e+00
1.308000000000000007e+01,0.000000000000000000e+00,0.000000000000000000e+00,1.797889900207519531e+01,1.000000000000000000e+00
1.309999999999999964e+01,0.000000000000000000e+00,0.000000000000000000e+00,1.800321769714355469e+01,1.000000000000000000e+00
1.312000000000000099e+01,0.000000000000000000e+00,0.000000000000000000e+00,1.802753257751464844e+01,1.000000000000000000e+00
1.314000000000000057e+01,0.000000000000000000e+00,0.000000000000000000e+00,1.805183982849121094e+01,1.000000000000000000e+00
1.316000000000000014e+01,0.000000000000000000e+00,0.000000000000000000e+00,1.807613754272460938e+01,1.000000000000000000e+00
1.317999999999999972e+01,0.000000000000000000e+00,0.000000000000000000e+00,1.810042762756347656e+01,1.000000000000000000e+00
1.320000000000000107e+01,0.000000000000000000e+00,0.000000000000000000e+00,1.812471008300781250e+01,1.000000000000000000e+00
1.322000000000000064e+01,0.000000000000000000e+00,0.000000000000000000e+00,1.814899063110351562e+01,1.000000000000000000e+00
1.324000000000000021e+01,0.000000000000000000e+00,0.000000000000000000e+00,1.817326164245605469e+01,1.000000000000000000e+00
1.325999999999999979e+01,0.000000000000000000e+00,0.000000000000000000e+00,1.819752311706542969e+01,1.000000000000000000e+00
1.328000000000000114e+01,0.000000000000000000e+00,0.000000000000000000e+00,1.822177696228027344e+01,1.000000000000000000e+00
1.330000000000000071e+01,0.000000000000000000e+00,0.000000000000000000e+00,1.824602890014648438e+01,1.000000000000000000e+00
1.332000000000000028e+01,0.000000000000000000e+00,0.000000000000000000e+00,1.827027130126953125e+01,1.000000000000000000e+00
1.333999999999999986e+01,0.000000000000000000e+00,0.000000000000000000e+00,1.829450798034667969e+01,1.000000000000000000e+00
1.335999999999999943e+01,0.000000000000000000e+00,0.000000000000000000e+00,1.831873512268066406e+01,1.000000000000000000e+00
1.338000000000000078e+01,0.000000000000000000e+00,0.000000000000000000e+00,1.834295463562011719e+01,1.000000000000000000e+00
1.340000000000000036e+01,0.000000000000000000e+00,0.000000000000000000e+00,1.836716842651367188e+01,1.000000000000000000e+00
1.341999999999999993e+01,0.000000000000000000e+00,0.000000000000000000e+00,1.839138031005859375e+01,1.000000000000000000e+00
1.343999999999999950e+01,0.000000000000000000e+00,0.000000000000000000e+00,1.841558456420898438e+01,1.000000000000000000e+00
1.346000000000000085e+01,0.000000000000000000e+00,0.000000000000000000e+00,1.843978118896484375e+01,1.000000000000000000e+00
1.348000000000000043e+01,0.000000000000000000e+00,0.000000000000000000e+00,1.846397209167480469e+01,1.000000000000000000e+00
1.350000000000000000e+01,0.000000000000000000e+00,0.000000000000000000e+00,1.848815727233886719e+01,1.000000000000000000e+00
1.351999999999999957e+01,0.000000000000000000e+00,0.000000000000000000e+00,1.851234054565429688e+01,1.000000000000000000e+00
1.354000000000000092e+01,0.000000000000000000e+00,0.000000000000000000e+00,1.853651618957519531e+01,1.000000000000000000e+00
1.356000000000000050e+01,0.000000000000000000e+00,0.000000000000000000e+00,1.856068229675292969e+01,1.000000000000000000e+00
1.358000000000000007e+01,0.000000000000000000e+00,0.000000000000000000e+00,1.858484268188476562e+01,1.000000000000000000e+00
1.359999999999999964e+01,0.000000000000000000e+00,0.000000000000000000e+00,1.860899925231933594e+01,1.000000000000000000e+00
1.362000000000000099e+01,0.000000000000000000e+00,0.000000000000000000e+00,1.863315200805664062e+01,1.000000000000000000e+00
1.364000000000000057e+01,0.000000000000000000e+00,0.000000000000000000e+00,1.865729713439941406e+01,1.000000000000000000e+00
1.366000000000000014e+01,0.000000000000000000e+00,0.000000000000000000e+00,1.868143463134765625e+01,1.000000000000000000e+00
1.367999999999999972e+01,0.000000000000000000e+00,0.000000000000000000e+00,1.870556259155273438e+01,1.000000000000000000e+00
1.370000000000000107e+01,0.000000000000000000e+00,0.000000000000000000e+00,1.872969055175781250e+01,1.000000000000000000e+00
1.372000000000000064e+01,0.000000000000000000e+00,0.000000000000000000e+00,1.875381088256835938e+01,1.000000000000000000e+00
1.374000000000000021e+01,0.000000000000000000e+00,0.000000000000000000e+00,1.877792549133300781e+01,1.000000000000000000e+00
1.375999999999999979e+01,0.000000000000000000e+00,0.000000000000000000e+00,1.880203247070312500e+01,1.000000000000000000e+00
1.378000000000000114e+01,0.000000000000000000e+00,0.000000000000000000e+00,1.882613182067871094e+01,1.000000000000000000e+00
1.380000000000000071e+01,0.000000000000000000e+00,0.000000000000000000e+00,1.885022544860839844e+01,1.000000000000000000e+00
1.382000000000000028e+01,0.000000000000000000e+00,0.000000000000000000e+00,1.887431526184082031e+01,1.000000000000000000e+00
1.383999999999999986e+01,0.000000000000000000e+00,0.000000000000000000e+00,1.889839744567871094e+01,1.000000000000000000e+00
1.385999999999999943e+01,0.000000000000000000e+00,0.000000000000000000e+00,1.892247200012207031e+01,1.000000000000000000e+00
1.388000000000000078e+01,0.000000000000000000e+00,0.000000000000000000e+00,1.894654273986816406e+01,1.000000000000000000e+00
1.390000000000000036e+01,0.000000000000000000e+00,0.000000000000000000e+00,1.897060585021972656e+01,1.000000000000000000e+00
1.391999999999999993e+01,0.000000000000000000e+00,0.000000000000000000e+00,1.899466705322265625e+01,1.000000000000000000e+00
1.393999999999999950e+01,0.000000000000000000e+00,0.000000000000000000e+00,1.901872253417968750e+01,1.000000000000000000e+00
1.396000000000000085e+01,0.000000000000000000e+00,0.000000000000000000e+00,1.904277038574218750e+01,1.000000000000000000e+00
1.398000000000000043e+01,0.000000000000000000e+00,0.000000000000000000e+00,1.906681251525878906e+01,1.000000000000000000e+00
1.400000000000000000e+01,0.000000000000000000e+00,0.000000000000000000e+00,1.909085083007812500e+01,1.000000000000000000e+00
1.401999999999999957e+01,0.000000000000000000e+00,0.000000000000000000e+00,1.911488342285156250e+01,1.000000000000000000e+00
1.404000000000000092e+01,0.000000000000000000e+00,0.000000000000000000e+00,1.913891220092773438e+01,1.000000000000000000e+00
1.406000000000000050e+01,0.000000000000000000e+00,0.000000000000000000e+00,1.916293525695800781e+01,1.000000000000000000e+00
1.408000000000000007e+01,0.000000000000000000e+00,0.000000000000000000e+00,1.918694877624511719e+01,1.000000000000000000e+00
1.409999999999999964e+01,0.000000000000000000e+00,0.000000000000000000e+00,1.921096229553222656e+01,1.000000000000000000e+00
1.412000000000000099e+01,0.000000000000000000e+00,0.000000000000000000e+00,1.923497581481933594e+01,1.000000000000000000e+00
1.414000000000000057e+01,0.000000000000000000e+00,0.000000000000000000e+00,1.925897979736328125e+01,1.000000000000000000e+00
1.416000000000000014e+01,0.000000000000000000e+00,0.000000000000000000e+00,1.928297805786132812e+01,1.000000000000000000e+00
1.417999999999999972e+01,0.000000000000000000e+00,0.000000000000000000e+00,1.930697250366210938e+01,1.000000000000000000e+00
1.420000000000000107e+01,0.000000000000000000e+00,0.000000000000000000e+00,1.933095741271972656e+01,1.000000000000000000e+00
1.422000000000000064e+01,0.000000000000000000e+00,0.000000000000000000e+00,1.935494232177734375e+01,1.000000000000000000e+00
1.424000000000000021e+01,0.000000000000000000e+00,0.000000000000000000e+00,1.937892341613769531e+01,1.000000000000000000e+00
1.425999999999999979e+01,0.000000000000000000e+00,0.000000000000000000e+00,1.940289878845214844e+01,1.000000000000000000e+00
1.428000000000000114e+01,0.000000000000000000e+00,0.000000000000000000e+00,1.942686843872070312e+01,1.000000000000000000e+00
1.430000000000000071e+01,0.000000000000000000e+00,0.000000000000000000e+00,1.945083427429199219e+01,1.000000000000000000e+00
1.432000000000000028e+01,0.000000000000000000e+00,0.000000000000000000e+00,1.947480010986328125e+01,1.000000000000000000e+00
1.433999999999999986e+01,0.000000000000000000e+00,0.000000000000000000e+00,1.949876022338867188e+01,1.000000000000000000e+00
1.435999999999999943e+01,0.000000000000000000e+00,0.000000000000000000e+00,1.952271270751953125e+01,1.000000000000000000e+00
1.438000000000000078e+01,0.000000000000000000e+00,0.000000000000000000e+00,1.954665946960449219e+01,1.000000000000000000e+00
1.440000000000000036e+01,0.000000000000000000e+00,0.000000000000000000e+00,1.957060623168945312e+01,1.000000000000000000e+00
1.441999999999999993e+01,0.000000000000000000e+00,0.000000000000000000e+00,1.959454917907714844e+01,1.000000000000000000e+00
1.443999999999999950e+01,0.000000000000000000e+00,0.000000000000000000e+00,1.961848640441894531e+01,1.000000000000000000e+00
1.446000000000000085e+01,0.000000000000000000e+00,0.000000000000000000e+00,1.964241981506347656e+01,1.000000000000000000e+00
1.448000000000000043e+01,0.000000000000000000e+00,0.000000000000000000e+00,1.966634750366210938e+01,1.000000000000000000e+00
1.450000000000000000e+01,0.000000000000000000e+00,0.000000000000000000e+00,1.969027519226074219e+01,1.000000000000000000e+00
1.451999999999999957e+01,0.000000000000000000e+00,0.000000000000000000e+00,1.971420288085937500e+01,1.000000000000000000e+00
1.454000000000000092e+01,0.000000000000000000e+00,0.000000000000000000e+00,1.973812103271484375e+01,1.000000000000000000e+00
1.456000000000000050e+01,0.000000000000000000e+00,0.000000000000000000e+00,1.976203346252441406e+01,1.000000000000000000e+00
1.458000000000000007e+01,0.000000000000000000e+00,0.000000000000000000e+00,1.978594207763671875e+01,1.000000000000000000e+00
1.459999999999999964e+01,0.000000000000000000e+00,0.000000000000000000e+00,1.980984878540039062e+01,1.000000000000000000e+00
1.462000000000000099e+01,0.000000000000000000e+00,0.000000000000000000e+00,1.983374786376953125e+01,1.000000000000000000e+00
1.464000000000000057e+01,0.000000000000000000e+00,0.000000000000000000e+00,1.985764312744140625e+01,1.000000000000000000e+00
1.466000000000000014e+01,0.000000000000000000e+00,0.000000000000000000e+00,1.988153266906738281e+01,1.000000000000000000e+00
1.467999999999999972e+01,0.000000000000000000e+00,0.000000000000000000e+00,1.990541267395019531e+01,1.000000000000000000e+00
1.470000000000000107e+01,0.000000000000000000e+00,0.000000000000000000e+00,1.992929267883300781e+01,1.000000000000000000e+00
1.472000000000000064e+01,0.000000000000000000e+00,0.000000000000000000e+00,1.995317268371582031e+01,1.000000000000000000e+00
1.474000000000000021e+01,0.000000000000000000e+00,0.000000000000000000e+00,1.997704505920410156e+01,1.000000000000000000e+00
1.475999999999999979e+01,0.000000000000000000e+00,0.000000000000000000e+00,2.000091361999511719e+01,1.000000000000000000e+00
1.478000000000000114e+01,0.000000000000000000e+00,0.000000000000000000e+00,2.002477455139160156e+01,1.000000000000000000e+00
1.480000000000000071e+01,0.000000000000000000e+00,0.000000000000000000e+00,2.004863548278808594e+01,1.000000000000000000e+00
1.482000000000000028e+01,0.000000000000000000e+00,0.000000000000000000e+00,2.007249641418457031e+01,1.000000000000000000e+00
1.483999999999999986e+01,0.000000000000000000e+00,0.000000000000000000e+00,2.009635162353515625e+01,1.000000000000000000e+00
1.485999999999999943e+01,0.000000000000000000e+00,0.000000000000000000e+00,2.012020301818847656e+01,1.000000000000000000e+00
1.488000000000000078e+01,0.000000000000000000e+00,0.000000000000000000e+00,2.014404678344726562e+01,1.000000000000000000e+00
1.490000000000000036e+01,0.000000000000000000e+00,0.000000000000000000e+00,2.016788864135742188e+01,1.000000000000000000e+00
1.491999999999999993e+01,0.000000000000000000e+00,0.000000000000000000e+00,2.019173049926757812e+01,1.000000000000000000e+00
1.493999999999999950e+01,0.000000000000000000e+00,0.000000000000000000e+00,2.021556854248046875e+01,1.000000000000000000e+00
1.496000000000000085e+01,0.000000000000000000e+00,0.000000000000000000e+00,2.023940086364746094e+01,1.000000000000000000e+00
1.498000000000000043e+01,0.000000000000000000e+00,0.000000000000000000e+00,2.026322937011718750e+01,1.000000000000000000e+00
1.500000000000000000e+01,0.000000000000000000e+00,0.000000000000000000e+00,2.028705406188964844e+01,1.000000000000000000e+00
1.501999999999999957e+01,0.000000000000000000e+00,0.000000000000000000e+00,2.031087684631347656e+01,1.000000000000000000e+00
1.504000000000000092e+01,0.000000000000000000e+00,0.000000000000000000e+00,2.033469963073730469e+01,1.000000000000000000e+00
1.506000000000000050e+01,0.000000000000000000e+00,0.000000000000000000e+00,2.035851669311523438e+01,1.000000000000000000e+00
1.508000000000000007e+01,0.000000000000000000e+00,0.000000000000000000e+00,2.038232994079589844e+01,1.000000000000000000e+00
1.509999999999999964e+01,0.000000000000000000e+00,0.000000000000000000e+00,2.040614318847656250e+01,1.000000000000000000e+00
1.512000000000000099e+01,0.000000000000000000e+00,0.000000000000000000e+00,2.042995643615722656e+01,1.000000000000000000e+00
1.514000000000000057e+01,0.000000000000000000e+00,0.000000000000000000e+00,2.045376586914062500e+01,1.000000000000000000e+00
1.516000000000000014e+01,0.000000000000000000e+00,0.000000000000000000e+00,2.047756767272949219e+01,1.000000000000000000e+00
1.517999999999999972e+01,0.000000000000000000e+00,0.000000000000000000e+00,2.050136184692382812e+01,1.000000000000000000e+00
1.520000000000000107e+01,0.000000000000000000e+00,0.000000000000000000e+00,2.052515602111816406e+01,1.000000000000000000e+00
1.522000000000000064e+01,0.000000000000000000e+00,0.000000000000000000e+00,2.054895019531250000e+01,1.000000000000000000e+00
1.524000000000000021e+01,0.000000000000000000e+00,0.000000000000000000e+00,2.057273674011230469e+01,1.000000000000000000e+00
1.525999999999999979e+01,0.000000000000000000e+00,0.000000000000000000e+00,2.059652137756347656e+01,1.000000000000000000e+00
1.528000000000000114e+01,0.000000000000000000e+00,0.000000000000000000e+00,2.062029647827148438e+01,1.000000000000000000e+00
1.530000000000000071e+01,0.000000000000000000e+00,0.000000000000000000e+00,2.064407157897949219e+01,1.000000000000000000e+00
1.532000000000000028e+01,0.000000000000000000e+00,0.000000000000000000e+00,2.066784667968750000e+01,1.000000000000000000e+00
1.533999999999999986e+01,0.000000000000000000e+00,0.000000000000000000e+00,2.069162178039550781e+01,1.000000000000000000e+00
1.535999999999999943e+01,0.000000000000000000e+00,0.000000000000000000e+00,2.071538925170898438e+01,1.000000000000000000e+00
1.538000000000000078e+01,0.000000000000000000e+00,0.000000000000000000e+00,2.073915481567382812e+01,1.000000000000000000e+00
1.540000000000000036e+01,0.000000000000000000e+00,0.000000000000000000e+00,2.076292037963867188e+01,1.000000000000000000e+00
1.541999999999999993e+01,0.000000000000000000e+00,0.000000000000000000e+00,2.078668594360351562e+01,1.000000000000000000e+00
1.543999999999999950e+01,0.000000000000000000e+00,0.000000000000000000e+00,2.081044578552246094e+01,1.000000000000000000e+00
1.546000000000000085e+01,0.000000000000000000e+00,0.000000000000000000e+00,2.083420181274414062e+01,1.000000000000000000e+00
1.548000000000000043e+01,0.000000000000000000e+00,0.000000000000000000e+00,2.085794830322265625e+01,1.000000000000000000e+00
1.550000000000000000e+01,0.000000000000000000e+00,0.000000000000000000e+00,2.088169479370117188e+01,1.000000000000000000e+00
1.551999999999999957e+01,0.000000000000000000e+00,0.000000000000000000e+00,2.090544128417968750e+01,1.000000000000000000e+00
1.554000000000000092e+01,0.000000000000000000e+00,0.000000000000000000e+00,2.092918777465820312e+01,1.000000000000000000e+00
1.556000000000000050e+01,0.000000000000000000e+00,0.000000000000000000e+00,2.095292472839355469e+01,1.000000000000000000e+00
1.558000000000000007e+01,0.000000000000000000e+00,0.000000000000000000e+00,2.097666168212890625e+01,1.000000000000000000e+00
1.559999999999999964e+01,0.000000000000000000e+00,0.000000000000000000e+00,2.100039863586425781e+01,1.000000000000000000e+00
1.562000000000000099e+01,0.000000000000000000e+00,0.000000000000000000e+00,2.102413558959960938e+01,1.000000000000000000e+00
1.564000000000000057e+01,0.000000000000000000e+00,0.000000000000000000e+00,2.104786682128906250e+01,1.000000000000000000e+00
1.566000000000000014e+01,0.000000000000000000e+00,0.000000000000000000e+00,2.107159423828125000e+01,1.000000000000000000e+00
1.567999999999999972e+01,0.000000000000000000e+00,0.000000000000000000e+00,2.109531974792480469e+01,1.000000000000000000e+00
1.570000000000000107e+01,0.000000000000000000e+00,0.000000000000000000e+00,2.111904716491699219e+01,1.000000000000000000e+00
1.572000000000000064e+01,0.000000000000000000e+00,0.000000000000000000e+00,2.114277076721191406e+01,1.000000000000000000e+00
1.574000000000000021e+01,0.000000000000000000e+00,0.000000000000000000e+00,2.116648864746093750e+01,1.000000000000000000e+00
1.575999999999999979e+01,0.000000000000000000e+00,0.000000000000000000e+00,2.119020271301269531e+01,1.000000000000000000e+00
1.578000000000000114e+01,0.000000000000000000e+00,0.000000000000000000e+00,2.121391105651855469e+01,1.000000000000000000e+00
1.580000000000000071e+01,0.000000000000000000e+00,0.000000000000000000e+00,2.123761940002441406e+01,1.000000000000000000e+00
1.582000000000000028e+01,0.000000000000000000e+00,0.000000000000000000e+00,2.126132774353027344e+01,1.000000000000000000e+00
1.583999999999999986e+01,0.000000000000000000e+00,0.000000000000000000e+00,2.128503608703613281e+01,1.000000000000000000e+00
1.586000000000000121e+01,0.000000000000000000e+00,0.000000000000000000e+00,2.130873870849609375e+01,1.000000000000000000e+00
1.588000000000000078e+01,0.000000000000000000e+00,0.000000000000000000e+00,2.133243751525878906e+01,1.000000000000000000e+00
1.590000000000000036e+01,0.000000000000000000e+00,0.000000000000000000e+00,2.135613632202148438e+01,1.000000000000000000e+00
1.591999999999999993e+01,0.000000000000000000e+00,0.000000000000000000e+00,2.137983512878417969e+01,1.000000000000000000e+00
1.593999999999999950e+01,0.000000000000000000e+00,0.000000000000000000e+00,2.140353393554687500e+01,1.000000000000000000e+00
1.596000000000000085e+01,0.000000000000000000e+00,0.000000000000000000e+00,2.142722702026367188e+01,1.000000000000000000e+00
1.598000000000000043e+01,0.000000000000000000e+00,0.000000000000000000e+00,2.145091629028320312e+01,1.000000000000000000e+00
1.600000000000000000e+01,0.000000000000000000e+00,0.000000000000000000e+00,2.147460556030273438e+01,1.000000000000000000e+00
1.601999999999999957e+01,0.000000000000000000e+00,0.000000000000000000e+00,2.149829483032226562e+01,1.000000000000000000e+00
1.603999999999999915e+01,0.000000000000000000e+00,0.000000000000000000e+00,2.152198410034179688e+01,1.000000000000000000e+00
1.605999999999999872e+01,0.000000000000000000e+00,0.000000000000000000e+00,2.154566764831542969e+01,1.000000000000000000e+00
1.608000000000000185e+01,0.000000000000000000e+00,0.000000000000000000e+00,2.156934738159179688e+01,1.000000000000000000e+00
1.610000000000000142e+01,0.000000000000000000e+00,0.000000000000000000e+00,2.159302711486816406e+01,1.000000000000000000e+00
1.612000000000000099e+01,0.000000000000000000e+00,0.000000000000000000e+00,2.161670684814453125e+01,1.000000000000000000e+00
1.614000000000000057e+01,0.000000000000000000e+00,0.000000000000000000e+00,2.164038658142089844e+01,1.000000000000000000e+00
1.616000000000000014e+01,0.000000000000000000e+00,0.000000000000000000e+00,2.166406250000000000e+01,1.000000000000000000e+00
1.617999999999999972e+01,0.000000000000000000e+00,0.000000000000000000e+00,2.168773269653320312e+01,1.000000000000000000e+00
1.619999999999999929e+01,0.000000000000000000e+00,0.000000000000000000e+00,2.171140289306640625e+01,1.000000000000000000e+00
1.621999999999999886e+01,0.000000000000000000e+00,0.000000000000000000e+00,2.173507308959960938e+01,1.000000000000000000e+00
1.624000000000000199e+01,0.000000000000000000e+00,0.000000000000000000e+00,2.175874328613281250e+01,1.000000000000000000e+00
1.626000000000000156e+01,0.000000000000000000e+00,0.000000000000000000e+00,2.178241348266601562e+01,1.000000000000000000e+00
1.628000000000000114e+01,0.000000000000000000e+00,0.000000000000000000e+00,2.180607604980468750e+01,1.000000000000000000e+00
1.630000000000000071e+01,0.000000000000000000e+00,0.000000000000000000e+00,2.182974433898925781e+01,1.000000000000000000e+00
1.632000000000000028e+01,0.000000000000000000e+00,0.000000000000000000e+00,2.185341453552246094e+01,1.000000000000000000e+00
1.633999999999999986e+01,0.000000000000000000e+00,0.000000000000000000e+00,2.187707901000976562e+01,1.000000000000000000e+00
1.635999999999999943e+01,0.000000000000000000e+00,0.000000000000000000e+00,2.190073966979980469e+01,1.000000000000000000e+00
1.637999999999999901e+01,0.000000000000000000e+00,0.000000000000000000e+00,2.192440032958984375e+01,1.000000000000000000e+00
1.639999999999999858e+01,0.000000000000000000e+00,0.000000000000000000e+00,2.194806098937988281e+01,1.000000000000000000e+00
1.642000000000000171e+01,0.000000000000000000e+00,0.000000000000000000e+00,2.197172164916992188e+01,1.000000000000000000e+00
1.644000000000000128e+01,0.000000000000000000e+00,0.000000000000000000e+00,2.199537658691406250e+01,1.000000000000000000e+00
1.646000000000000085e+01,0.000000000000000000e+00,0.000000000000000000e+00,2.201902770996093750e+01,1.000000000000000000e+00
1.648000000000000043e+01,0.000000000000000000e+00,0.000000000000000000e+00,2.204267883300781250e+01,1.000000000000000000e+00
1.650000000000000000e+01,0.000000000000000000e+00,0.000000000000000000e+00,2.206632995605468750e+01,1.000000000000000000e+00
1.651999999999999957e+01,0.000000000000000000e+00,0.000000000000000000e+00,2.208998107910156250e+01,1.000000000000000000e+00
1.653999999999999915e+01,0.000000000000000000e+00,0.000000000000000000e+00,2.211363220214843750e+01,1.000000000000000000e+00
1.655999999999999872e+01,0.000000000000000000e+00,0.000000000000000000e+00,2.213727378845214844e+01,1.000000000000000000e+00
1.658000000000000185e+01,0.000000000000000000e+00,0.000000000000000000e+00,2.216091537475585938e+01,1.000000000000000000e+00
1.660000000000000142e+01,0.000000000000000000e+00,0.000000000000000000e+00,2.218455696105957031e+01,1.000000000000000000e+00
1.662000000000000099e+01,0.000000000000000000e+00,0.000000000000000000e+00,2.220819854736328125e+01,1.000000000000000000e+00
1.664000000000000057e+01,0.000000000000000000e+00,0.000000000000000000e+00,2.223184013366699219e+01,1.000000000000000000e+00
1.666000000000000014e+01,0.000000000000000000e+00,0.000000000000000000e+00,2.225547599792480469e+01,1.000000000000000000e+00
1.667999999999999972e+01,0.000000000000000000e+00,0.000000000000000000e+00,2.227910804748535156e+01,1.000000000000000000e+00
1.669999999999999929e+01,0.000000000000000000e+00,0.000000000000000000e+00,2.230274391174316406e+01,1.000000000000000000e+00
1.671999999999999886e+01,0.000000000000000000e+00,0.000000000000000000e+00,2.232638359069824219e+01,1.000000000000000000e+00
1.674000000000000199e+01,0.000000000000000000e+00,0.000000000000000000e+00,2.235001564025878906e+01,1.000000000000000000e+00
1.676000000000000156e+01,0.000000000000000000e+00,0.000000000000000000e+00,2.237364768981933594e+01,1.000000000000000000e+00
1.678000000000000114e+01,0.000000000000000000e+00,0.000000000000000000e+00,2.239727973937988281e+01,1.000000000000000000e+00
1.680000000000000071e+01,0.000000000000000000e+00,0.000000000000000000e+00,2.242091178894042969e+01,1.000000000000000000e+00
1.682000000000000028e+01,0.000000000000000000e+00,0.000000000000000000e+00,2.244454383850097656e+01,1.000000000000000000e+00
1.683999999999999986e+01,0.000000000000000000e+00,0.000000000000000000e+00,2.246817588806152344e+01,1.000000000000000000e+00
1.685999999999999943e+01,0.000000000000000000e+00,0.000000000000000000e+00,2.249180030822753906e+01,1.000000000000000000e+00
1.687999999999999901e+01,0.000000000000000000e+00,0.000000000000000000e+00,2.251542282104492188e+01,1.000000000000000000e+00
1.689999999999999858e+01,0.000000000000000000e+00,0.000000000000000000e+00,2.253904914855957031e+01,1.000000000000000000e+00
1.692000000000000171e+01,0.000000000000000000e+00,0.000000000000000000e+00,2.256268119812011719e+01,1.000000000000000000e+00
1.694000000000000128e+01,0.000000000000000000e+00,0.000000000000000000e+00,2.258630371093750000e+01,1.000000000000000000e+00
1.696000000000000085e+01,0.000000000000000000e+00,0.000000000000000000e+00,2.260992622375488281e+01,1.000000000000000000e+00
1.698000000000000043e+01,0.000000000000000000e+00,0.000000000000000000e+00,2.263354873657226562e+01,1.000000000000000000e+00
1.700000000000000000e+01,0.000000000000000000e+00,0.000000000000000000e+00,2.265717124938964844e+01,1.000000000000000000e+00
1.701999999999999957e+01,0.000000000000000000e+00,0.000000000000000000e+00,2.268079376220703125e+01,1.000000000000000000e+00
1.703999999999999915e+01,0.000000000000000000e+00,0.000000000000000000e+00,2.270441627502441406e+01,1.000000000000000000e+00
1.705999999999999872e+01,0.000000000000000000e+00,0.000000000000000000e+00,2.272803497314453125e+01,1.000000000000000000e+00
1.708000000000000185e+01,0.000000000000000000e+00,0.000000000000000000e+00,2.275164794921875000e+01,1.000000000000000000e+00
1.710000000000000142e+01,0.000000000000000000e+00,0.000000000000000000e+00,2.277526664733886719e+01,1.000000000000000000e+00
1.712000000000000099e+01,0.000000000000000000e+00,0.000000000000000000e+00,2.279888916015625000e+01,1.000000000000000000e+00
1.714000000000000057e+01,0.000000000000000000e+00,0.000000000000000000e+00,2.282250976562500000e+01,1.000000000000000000e+00
1.716000000000000014e+01,0.000000000000000000e+00,0.000000000000000000e+00,2.284612274169921875e+01,1.000000000000000000e+00
1.717999999999999972e+01,0.000000000000000000e+00,0.000000000000000000e+00,2.286973571777343750e+01,1.000000000000000000e+00
1.719999999999999929e+01,0.000000000000000000e+00,0.000000000000000000e+00,2.289335250854492188e+01,1.000000000000000000e+00
1.721999999999999886e+01,0.000000000000000000e+00,0.000000000000000000e+00,2.291697502136230469e+01,1.000000000000000000e+00
1.724000000000000199e+01,0.000000000000000000e+00,0.000000000000000000e+00,2.294059753417968750e+01,1.000000000000000000e+00
1.726000000000000156e+01,0.000000000000000000e+00,0.000000000000000000e+00,2.296421432495117188e+01,1.000000000000000000e+00
1.728000000000000114e+01,0.000000000000000000e+00,0.000000000000000000e+00,2.298783302307128906e+01,1.000000000000000000e+00
1.730000000000000071e+01,0.000000000000000000e+00,0.000000000000000000e+00,2.301145553588867188e+01,1.000000000000000000e+00
1.732000000000000028e+01,0.000000000000000000e+00,0.000000000000000000e+00,2.303508758544921875e+01,1.000000000000000000e+00
1.733999999999999986e+01,0.000000000000000000e+00,0.000000000000000000e+00,2.305871963500976562e+01,1.000000000000000000e+00
1.735999999999999943e+01,0.000000000000000000e+00,0.000000000000000000e+00,2.308235168457031250e+01,1.000000000000000000e+00
1.737999999999999901e+01,0.000000000000000000e+00,0.000000000000000000e+00,2.310598373413085938e+01,1.000000000000000000e+00
1.740000000000000213e+01,0.000000000000000000e+00,0.000000000000000000e+00,2.312962150573730469e+01,1.000000000000000000e+00
1.742000000000000171e+01,0.000000000000000000e+00,0.000000000000000000e+00,2.315326309204101562e+01,1.000000000000000000e+00
1.744000000000000128e+01,0.000000000000000000e+00,0.000000000000000000e+00,2.317690467834472656e+01,1.000000000000000000e+00
1.746000000000000085e+01,0.000000000000000000e+00,0.000000000000000000e+00,2.320054054260253906e+01,1.000000000000000000e+00
1.748000000000000043e+01,0.000000000000000000e+00,0.000000000000000000e+00,2.322417259216308594e+01,1.000000000000000000e+00
1.750000000000000000e+01,0.000000000000000000e+00,0.000000000000000000e+00,2.324780654907226562e+01,1.000000000000000000e+00
1.751999999999999957e+01,0.000000000000000000e+00,0.000000000000000000e+00,2.327144050598144531e+01,1.000000000000000000e+00
1.753999999999999915e+01,0.000000000000000000e+00,0.000000000000000000e+00,2.329507255554199219e+01,1.000000000000000000e+00
1.755999999999999872e+01,0.000000000000000000e+00,0.000000000000000000e+00,2.331870460510253906e+01,1.000000000000000000e+00
1.758000000000000185e+01,0.000000000000000000e+00,0.000000000000000000e+00,2.334233665466308594e+01,1.000000000000000000e+00
1.760000000000000142e+01,0.000000000000000000e+00,0.000000000000000000e+00,2.336597061157226562e+01,1.000000000000000000e+00
1.762000000000000099e+01,0.000000000000000000e+00,0.000000000000000000e+00,2.338961219787597656e+01,1.000000000000000000e+00
1.764000000000000057e+01,0.000000000000000000e+00,0.000000000000000000e+00,2.341324424743652344e+01,1.000000000000000000e+00
1.766000000000000014e+01,0.000000000000000000e+00,0.000000000000000000e+00,2.343687629699707031e+01,1.000000000000000000e+00
1.767999999999999972e+01,0.000000000000000000e+00,0.000000000000000000e+00,2.346050834655761719e+01,1.000000000000000000e+00
1.769999999999999929e+01,0.000000000000000000e+00,0.000000000000000000e+00,2.348414230346679688e+01,1.000000000000000000e+00
1.771999999999999886e+01,0.000000000000000000e+00,0.000000000000000000e+00,2.350778388977050781e+01,2.000000000000000000e+00
1.774000000000000199e+01,1.110308687202632427e-03,8.475868895629901090e-08,2.353144454956054688e+01,2.000000000000000000e+00
1.776000000000000156e+01,4.555806517601013184e-03,1.272716417588526383e-06,2.355516624450683594e+01,2.000000000000000000e+00
1.778000000000000114e+01,1.075896341353654861e-02,6.384905191225698218e-06,2.357898902893066406e+01,2.000000000000000000e+00
1.780000000000000071e+01,1.979723013937473297e-02,2.006654358410742134e-05,2.360293960571289062e+01,2.000000000000000000e+00
1.782000000000000028e+01,3.167170658707618713e-02,4.849716424359939992e-05,2.362702941894531250e+01,2.000000000000000000e+00
1.783999999999999986e+01,4.636863246560096741e-02,9.920098818838596344e-05,2.365127372741699219e+01,2.000000000000000000e+00
1.785999999999999943e+01,6.387229263782501221e-02,1.809309324016794562e-04,2.367567443847656250e+01,2.000000000000000000e+00
1.787999999999999901e+01,8.416789025068283081e-02,3.035104018636047840e-04,2.370023536682128906e+01,2.000000000000000000e+00
1.790000000000000213e+01,1.072422787547111511e-01,4.776610294356942177e-04,2.372495079040527344e+01,2.000000000000000000e+00
1.792000000000000171e+01,1.330860555171966553e-01,7.148766890168190002e-04,2.374981307983398438e+01,2.000000000000000000e+00
1.794000000000000128e+01,1.616946607828140259e-01,1.027322607114911079e-03,2.377481651306152344e+01,2.000000000000000000e+00
1.796000000000000085e+01,1.930660009384155273e-01,1.427843701094388962e-03,2.379994201660156250e+01,2.000000000000000000e+00
1.798000000000000043e+01,2.271999269723892212e-01,1.929919002577662468e-03,2.382517433166503906e+01,2.000000000000000000e+00
1.800000000000000000e+01,2.640975713729858398e-01,2.547502284869551659e-03,2.385048675537109375e+01,2.000000000000000000e+00
1.801999999999999957e+01,3.037603795528411865e-01,3.295029047876596451e-03,2.387585830688476562e+01,2.000000000000000000e+00
1.803999999999999915e+01,3.461904823780059814e-01,4.187283571809530258e-03,2.390126609802246094e+01,2.000000000000000000e+00
1.805999999999999872e+01,3.913912177085876465e-01,5.239238031208515167e-03,2.392668151855468750e+01,2.000000000000000000e+00
1.808000000000000185e+01,4.393669962882995605e-01,6.465977057814598083e-03,2.395207595825195312e+01,2.000000000000000000e+00
1.810000000000000142e+01,4.901230335235595703e-01,7.882589474320411682e-03,2.397740745544433594e+01,2.000000000000000000e+00
1.812000000000000099e+01,5.436653494834899902e-01,9.504385292530059814e-03,2.400264739990234375e+01,2.000000000000000000e+00
1.814000000000000057e+01,6.000005006790161133e-01,1.134662143886089325e-02,2.402776336669921875e+01,2.000000000000000000e+00
1.816000000000000014e+01,6.591353416442871094e-01,1.342426799237728119e-02,2.405271720886230469e+01,2.000000000000000000e+00
1.817999999999999972e+01,7.210769057273864746e-01,1.575201936066150665e-02,2.407746696472167969e+01,2.000000000000000000e+00
1.819999999999999929e+01,7.858319282531738281e-01,1.834420859813690186e-02,2.410196876525878906e+01,2.000000000000000000e+00
1.821999999999999886e+01,8.534070849418640137e-01,2.121512033045291901e-02,2.412618446350097656e+01,2.000000000000000000e+00
1.824000000000000199e+01,9.238084554672241211e-01,2.437873370945453644e-02,2.415007209777832031e+01,2.000000000000000000e+00
1.826000000000000156e+01,9.970407485961914062e-01,2.784883975982666016e-02,2.417359542846679688e+01,2.000000000000000000e+00
1.828000000000000114e+01,1.073108196258544922e+00,3.163890913128852844e-02,2.419671249389648438e+01,2.000000000000000000e+00
1.830000000000000071e+01,1.152013421058654785e+00,3.576202690601348877e-02,2.421938705444335938e+01,2.000000000000000000e+00
1.832000000000000028e+01,1.233758330345153809e+00,4.023137688636779785e-02,2.424158668518066406e+01,2.000000000000000000e+00
1.833999999999999986e+01,1.318344235420227051e+00,4.505971074104309082e-02,2.426328659057617188e+01,2.000000000000000000e+00
1.835999999999999943e+01,1.405771493911743164e+00,5.025914311408996582e-02,2.428445243835449219e+01,2.000000000000000000e+00
1.837999999999999901e+01,1.496039748191833496e+00,5.584130436182022095e-02,2.430505180358886719e+01,2.000000000000000000e+00
1.840000000000000213e+01,1.589147329330444336e+00,6.181721016764640808e-02,2.432505035400390625e+01,2.000000000000000000e+00
1.842000000000000171e+01,1.685092687606811523e+00,6.819798797369003296e-02,2.434442520141601562e+01,2.000000000000000000e+00
1.844000000000000128e+01,1.783873200416564941e+00,7.499460130929946899e-02,2.436314964294433594e+01,2.000000000000000000e+00
1.846000000000000085e+01,1.885485529899597168e+00,8.221735060214996338e-02,2.438119506835937500e+01,2.000000000000000000e+00
1.848000000000000043e+01,1.989924669265747070e+00,8.987610787153244019e-02,2.439853286743164062e+01,2.000000000000000000e+00
1.850000000000000000e+01,2.097185373306274414e+00,9.798039495944976807e-02,2.441513442993164062e+01,2.000000000000000000e+00
1.851999999999999957e+01,2.207261085510253906e+00,1.065398529171943665e-01,2.443097305297851562e+01,2.000000000000000000e+00
1.853999999999999915e+01,2.320144414901733398e+00,1.155639216303825378e-01,2.444602775573730469e+01,2.000000000000000000e+00
1.855999999999999872e+01,2.435827016830444336e+00,1.250617951154708862e-01,2.446027374267578125e+01,2.000000000000000000e+00
1.858000000000000185e+01,2.554299354553222656e+00,1.350427269935607910e-01,2.447368812561035156e+01,2.000000000000000000e+00
1.860000000000000142e+01,2.675551176071166992e+00,1.455159783363342285e-01,2.448624801635742188e+01,2.000000000000000000e+00
1.862000000000000099e+01,2.799571037292480469e+00,1.564912348985671997e-01,2.449794197082519531e+01,2.000000000000000000e+00
1.864000000000000057e+01,2.926347732543945312e+00,1.679783612489700317e-01,2.450875663757324219e+01,2.000000000000000000e+00
1.866000000000000014e+01,3.055868387222290039e+00,1.799870729446411133e-01,2.451867866516113281e+01,2.000000000000000000e+00
1.867999999999999972e+01,3.188118934631347656e+00,1.925271004438400269e-01,2.452769470214843750e+01,2.000000000000000000e+00
1.869999999999999929e+01,3.323085784912109375e+00,2.056083381175994873e-01,2.453579521179199219e+01,2.000000000000000000e+00
1.871999999999999886e+01,3.460753917694091797e+00,2.192412912845611572e-01,2.454296875000000000e+01,2.000000000000000000e+00
1.874000000000000199e+01,3.601107835769653320e+00,2.334365397691726685e-01,2.454921340942382812e+01,2.000000000000000000e+00
1.876000000000000156e+01,3.744131803512573242e+00,2.482047528028488159e-01,2.455452156066894531e+01,2.000000000000000000e+00
1.878000000000000114e+01,3.889808893203735352e+00,2.635570764541625977e-01,2.455888748168945312e+01,2.000000000000000000e+00
1.880000000000000071e+01,4.038122653961181641e+00,2.795050442218780518e-01,2.456230926513671875e+01,2.000000000000000000e+00
1.882000000000000028e+01,4.189054965972900391e+00,2.960606813430786133e-01,2.456478691101074219e+01,2.000000000000000000e+00
1.883999999999999986e+01,4.342587471008300781e+00,3.132364153861999512e-01,2.456632041931152344e+01,2.000000000000000000e+00
1.885999999999999943e+01,4.498701095581054688e+00,3.310449123382568359e-01,2.456691551208496094e+01,2.000000000000000000e+00
1.887999999999999901e+01,4.657377719879150391e+00,3.494994938373565674e-01,2.456657218933105469e+01,2.000000000000000000e+00
1.890000000000000213e+01,4.818597316741943359e+00,3.686139285564422607e-01,2.456529617309570312e+01,2.000000000000000000e+00
1.892000000000000171e+01,4.982340335845947266e+00,3.884025812149047852e-01,2.456309700012207031e+01,2.000000000000000000e+00
1.894000000000000128e+01,5.148585796356201172e+00,4.088804423809051514e-01,2.455998802185058594e+01,2.000000000000000000e+00
1.896000000000000085e+01,5.317314147949218750e+00,4.300628006458282471e-01,2.455597496032714844e+01,2.000000000000000000e+00
1.898000000000000043e+01,5.488504886627197266e+00,4.519653320312500000e-01,2.455106735229492188e+01,2.000000000000000000e+00
1.900000000000000000e+01,5.662137031555175781e+00,4.746041297912597656e-01,2.454527854919433594e+01,2.000000000000000000e+00
1.901999999999999957e+01,5.838190555572509766e+00,4.979960024356842041e-01,2.453862190246582031e+01,2.000000000000000000e+00
1.903999999999999915e+01,6.016644954681396484e+00,5.221581459045410156e-01,2.453111267089843750e+01,2.000000000000000000e+00
1.905999999999999872e+01,6.197477817535400391e+00,5.471080541610717773e-01,2.452276611328125000e+01,2.000000000000000000e+00
1.908000000000000185e+01,6.380670547485351562e+00,5.728635787963867188e-01,2.451359558105468750e+01,2.000000000000000000e+00
1.910000000000000142e+01,6.566200256347656250e+00,5.994427204132080078e-01,2.450361442565917969e+01,2.000000000000000000e+00
1.912000000000000099e+01,6.754048347473144531e+00,6.268634200096130371e-01,2.449283599853515625e+01,2.000000000000000000e+00
1.914000000000000057e+01,6.944192409515380859e+00,6.551442146301269531e-01,2.448127365112304688e+01,2.000000000000000000e+00
1.916000000000000014e+01,7.136612415313720703e+00,6.843038201332092285e-01,2.446894264221191406e+01,2.000000000000000000e+00
1.917999999999999972e+01,7.331288814544677734e+00,7.143611907958984375e-01,2.445585823059082031e+01,2.000000000000000000e+00
1.919999999999999929e+01,7.528200626373291016e+00,7.453349828720092773e-01,2.444202995300292969e+01,2.000000000000000000e+00
1.921999999999999886e+01,7.727327823638916016e+00,7.772442698478698730e-01,2.442747116088867188e+01,2.000000000000000000e+00
1.924000000000000199e+01,7.928650379180908203e+00,8.101084828376770020e-01,2.441219902038574219e+01,2.000000000000000000e+00
1.926000000000000156e+01,8.132149696350097656e+00,8.439469933509826660e-01,2.439622497558593750e+01,2.000000000000000000e+00
1.928000000000000114e+01,8.337804794311523438e+00,8.787786960601806641e-01,2.437956047058105469e+01,2.000000000000000000e+00
1.930000000000000071e+01,8.545596122741699219e+00,9.146220684051513672e-01,2.436221313476562500e+01,2.000000000000000000e+00
1.932000000000000028e+01,8.755505561828613281e+00,9.514959454536437988e-01,2.434418869018554688e+01,2.000000000000000000e+00
1.933999999999999986e+01,8.967514991760253906e+00,9.894192814826965332e-01,2.432550430297851562e+01,2.000000000000000000e+00
1.935999999999999943e+01,9.181604385375976562e+00,1.028410434722900391e+00,2.430616378784179688e+01,2.000000000000000000e+00
1.937999999999999901e+01,9.397754669189453125e+00,1.068487405776977539e+00,2.428617286682128906e+01,3.000000000000000000e+00
1.940000000000000213e+01,9.615450859069824219e+00,1.109382629394531250e+00,2.426473808288574219e+01,3.000000000000000000e+00
1.942000000000000171e+01,9.834219932556152344e+00,1.150911569595336914e+00,2.424139022827148438e+01,3.000000000000000000e+00
1.944000000000000128e+01,1.005392742156982422e+01,1.193094849586486816e+00,2.421626472473144531e+01,3.000000000000000000e+00
1.946000000000000085e+01,1.027453708648681641e+01,1.235988974571228027e+00,2.418957328796386719e+01,3.000000000000000000e+00
1.948000000000000043e+01,1.049605083465576172e+01,1.279663801193237305e+00,2.416155624389648438e+01,3.000000000000000000e+00
1.950000000000000000e+01,1.071847534179687500e+01,1.324190020561218262e+00,2.413245773315429688e+01,3.000000000000000000e+00
1.951999999999999957e+01,1.094177818298339844e+01,1.369631171226501465e+00,2.410251808166503906e+01,3.000000000000000000e+00
1.953999999999999915e+01,1.116592502593994141e+01,1.416044950485229492e+00,2.407196044921875000e+01,3.000000000000000000e+00
1.955999999999999872e+01,1.139088344573974609e+01,1.463483452796936035e+00,2.404099273681640625e+01,3.000000000000000000e+00
1.958000000000000185e+01,1.161662197113037109e+01,1.511991858482360840e+00,2.400978851318359375e+01,3.000000000000000000e+00
1.960000000000000142e+01,1.184311008453369141e+01,1.561608076095581055e+00,2.397850227355957031e+01,3.000000000000000000e+00
1.962000000000000099e+01,1.207032203674316406e+01,1.612363100051879883e+00,2.394726181030273438e+01,3.000000000000000000e+00
1.964000000000000057e+01,1.229823017120361328e+01,1.664281606674194336e+00,2.391617012023925781e+01,3.000000000000000000e+00
1.966000000000000014e+01,1.252681064605712891e+01,1.717381477355957031e+00,2.388530540466308594e+01,3.000000000000000000e+00
1.967999999999999972e+01,1.275604057312011719e+01,1.771673917770385742e+00,2.385472297668457031e+01,3.000000000000000000e+00
1.969999999999999929e+01,1.298589992523193359e+01,1.827163696289062500e+00,2.382445526123046875e+01,3.000000000000000000e+00
1.971999999999999886e+01,1.321637248992919922e+01,1.883851766586303711e+00,2.379450988769531250e+01,3.000000000000000000e+00
1.974000000000000199e+01,1.344744491577148438e+01,1.941734790802001953e+00,2.376488685607910156e+01,3.000000000000000000e+00
1.976000000000000156e+01,1.367910480499267578e+01,2.000805616378784180e+00,2.373556900024414062e+01,3.000000000000000000e+00
1.978000000000000114e+01,1.391134262084960938e+01,2.061053752899169922e+00,2.370651817321777344e+01,3.000000000000000000e+00
1.980000000000000071e+01,1.414415168762207031e+01,2.122466564178466797e+00,2.367769432067871094e+01,3.000000000000000000e+00
1.982000000000000028e+01,1.437752819061279297e+01,2.185029745101928711e+00,2.364904403686523438e+01,3.000000000000000000e+00
1.983999999999999986e+01,1.461146926879882812e+01,2.248727798461914062e+00,2.362051010131835938e+01,3.000000000000000000e+00
1.985999999999999943e+01,1.484597492218017578e+01,2.313544750213623047e+00,2.359203529357910156e+01,3.000000000000000000e+00
1.987999999999999901e+01,1.508104705810546875e+01,2.379464864730834961e+00,2.356355667114257812e+01,3.000000000000000000e+00
1.990000000000000213e+01,1.531668663024902344e+01,2.446471929550170898e+00,2.353501129150390625e+01,3.000000000000000000e+00
1.992000000000000171e+01,1.555289745330810547e+01,2.514550447463989258e+00,2.350633621215820312e+01,3.000000000000000000e+00
1.994000000000000128e+01,1.578968334197998047e+01,2.583685636520385742e+00,2.347747230529785156e+01,3.000000000000000000e+00
1.996000000000000085e+01,1.602704811096191406e+01,2.653863906860351562e+00,2.344836997985839844e+01,3.000000000000000000e+00
1.998000000000000043e+01,1.626499557495117188e+01,2.725072145462036133e+00,2.341897773742675781e+01,3.000000000000000000e+00
2.000000000000000000e+01,1.650352859497070312e+01,2.797298192977905273e+00,2.338924598693847656e+01,3.000000000000000000e+00
2.001999999999999957e+01,1.674265289306640625e+01,2.870530366897583008e+00,2.335913467407226562e+01,3.000000000000000000e+00
2.003999999999999915e+01,1.698237037658691406e+01,2.944758892059326172e+00,2.332860755920410156e+01,3.000000000000000000e+00
2.005999999999999872e+01,1.722268676757812500e+01,3.019975185394287109e+00,2.329763984680175781e+01,3.000000000000000000e+00
2.008000000000000185e+01,1.746360397338867188e+01,3.096171140670776367e+00,2.326620674133300781e+01,3.000000000000000000e+00
2.010000000000000142e+01,1.770512580871582031e+01,3.173339128494262695e+00,2.323428344726562500e+01,3.000000000000000000e+00
2.012000000000000099e+01,1.794725036621093750e+01,3.251471996307373047e+00,2.320185852050781250e+01,3.000000000000000000e+00
2.014000000000000057e+01,1.818998336791992188e+01,3.330563068389892578e+00,2.316891860961914062e+01,3.000000000000000000e+00
2.016000000000000014e+01,1.843332481384277344e+01,3.410606384277343750e+00,2.313546371459960938e+01,3.000000000000000000e+00
2.017999999999999972e+01,1.867727279663085938e+01,3.491596460342407227e+00,2.310148620605468750e+01,3.000000000000000000e+00
2.019999999999999929e+01,1.892183113098144531e+01,3.573527336120605469e+00,2.306699180603027344e+01,3.000000000000000000e+00
2.021999999999999886e+01,1.916700172424316406e+01,3.656392812728881836e+00,2.303197860717773438e+01,3.000000000000000000e+00
2.024000000000000199e+01,1.941278266906738281e+01,3.740185976028442383e+00,2.299645423889160156e+01,3.000000000000000000e+00
2.026000000000000156e+01,1.965917396545410156e+01,3.824901342391967773e+00,2.296042633056640625e+01,3.000000000000000000e+00
2.028000000000000114e+01,1.990617942810058594e+01,3.910531759262084961e+00,2.292390441894531250e+01,3.000000000000000000e+00
2.030000000000000071e+01,2.015380096435546875e+01,3.997069835662841797e+00,2.288689422607421875e+01,3.000000000000000000e+00
2.032000000000000028e+01,2.040203285217285156e+01,4.084507465362548828e+00,2.284940528869628906e+01,3.000000000000000000e+00
2.033999999999999986e+01,2.065088462829589844e+01,4.172833919525146484e+00,2.281144523620605469e+01,3.000000000000000000e+00
2.035999999999999943e+01,2.090035057067871094e+01,4.262041091918945312e+00,2.277302360534667969e+01,3.000000000000000000e+00
2.037999999999999901e+01,2.115043449401855469e+01,4.352118492126464844e+00,2.273414993286132812e+01,3.000000000000000000e+00
2.040000000000000213e+01,2.140114593505859375e+01,4.443054676055908203e+00,2.269483184814453125e+01,3.000000000000000000e+00
2.042000000000000171e+01,2.165247726440429688e+01,4.534837245941162109e+00,2.265507316589355469e+01,3.000000000000000000e+00
2.044000000000000128e+01,2.190443801879882812e+01,4.627452850341796875e+00,2.261488151550292969e+01,3.000000000000000000e+00
2.046000000000000085e+01,2.215703010559082031e+01,4.720887660980224609e+00,2.257426071166992188e+01,3.000000000000000000e+00
2.048000000000000043e+01,2.241025733947753906e+01,4.815126895904541016e+00,2.253321647644042969e+01,3.000000000000000000e+00
2.050000000000000000e+01,2.266412353515625000e+01,4.910154819488525391e+00,2.249175262451171875e+01,3.000000000000000000e+00
2.051999999999999957e+01,2.291863441467285156e+01,5.005955219268798828e+00,2.244986915588378906e+01,3.000000000000000000e+00
2.053999999999999915e+01,2.317379379272460938e+01,5.102510452270507812e+00,2.240756607055664062e+01,3.000000000000000000e+00
2.055999999999999872e+01,2.342960929870605469e+01,5.199802398681640625e+00,2.236484336853027344e+01,3.000000000000000000e+00
2.058000000000000185e+01,2.368608474731445312e+01,5.297812461853027344e+00,2.232170295715332031e+01,3.000000000000000000e+00
2.060000000000000142e+01,2.394322586059570312e+01,5.396522045135498047e+00,2.227814483642578125e+01,3.000000000000000000e+00
2.062000000000000099e+01,2.420104408264160156e+01,5.495910167694091797e+00,2.223416519165039062e+01,3.000000000000000000e+00
2.064000000000000057e+01,2.445954132080078125e+01,5.595956325531005859e+00,2.218976211547851562e+01,3.000000000000000000e+00
2.066000000000000014e+01,2.471872901916503906e+01,5.696639060974121094e+00,2.214493942260742188e+01,3.000000000000000000e+00
2.067999999999999972e+01,2.497861099243164062e+01,5.797936916351318359e+00,2.209968948364257812e+01,3.000000000000000000e+00
2.069999999999999929e+01,2.523919868469238281e+01,5.899827003479003906e+00,2.205401802062988281e+01,3.000000000000000000e+00
2.071999999999999886e+01,2.550049591064453125e+01,6.002285003662109375e+00,2.200791740417480469e+01,3.000000000000000000e+00
2.074000000000000199e+01,2.576251983642578125e+01,6.105287551879882812e+00,2.196138763427734375e+01,3.000000000000000000e+00
2.076000000000000156e+01,2.602527427673339844e+01,6.208809852600097656e+00,2.191442871093750000e+01,3.000000000000000000e+00
2.078000000000000114e+01,2.628876876831054688e+01,6.312828063964843750e+00,2.186703109741210938e+01,3.000000000000000000e+00
2.080000000000000071e+01,2.655301284790039062e+01,6.417314529418945312e+00,2.181920433044433594e+01,3.000000000000000000e+00
2.082000000000000028e+01,2.681801986694335938e+01,6.522242069244384766e+00,2.177094268798828125e+01,3.000000000000000000e+00
2.083999999999999986e+01,2.708379364013671875e+01,6.627583503723144531e+00,2.172224617004394531e+01,3.000000000000000000e+00
2.085999999999999943e+01,2.735034751892089844e+01,6.733311653137207031e+00,2.167311286926269531e+01,3.000000000000000000e+00
2.087999999999999901e+01,2.761769485473632812e+01,6.839396476745605469e+00,2.162354469299316406e+01,3.000000000000000000e+00
2.090000000000000213e+01,2.788584136962890625e+01,6.945807933807373047e+00,2.157354354858398438e+01,3.000000000000000000e+00
2.092000000000000171e+01,2.815480613708496094e+01,7.052515506744384766e+00,2.152310943603515625e+01,3.000000000000000000e+00
2.094000000000000128e+01,2.842459487915039062e+01,7.159487247467041016e+00,2.147224044799804688e+01,3.000000000000000000e+00
2.096000000000000085e+01,2.869522285461425781e+01,7.266691207885742188e+00,2.142094230651855469e+01,3.000000000000000000e+00
2.098000000000000043e+01,2.896670150756835938e+01,7.374093055725097656e+00,2.136921501159667969e+01,3.000000000000000000e+00
2.100000000000000000e+01,2.923904418945312500e+01,7.481658458709716797e+00,2.131706047058105469e+01,3.000000000000000000e+00
2.101999999999999957e+01,2.951226043701171875e+01,7.589352607727050781e+00,2.126447677612304688e+01,3.000000000000000000e+00
2.103999999999999915e+01,2.978636741638183594e+01,7.697139739990234375e+00,2.121147155761718750e+01,3.000000000000000000e+00
2.105999999999999872e+01,3.006137657165527344e+01,7.804982662200927734e+00,2.115803909301757812e+01,3.000000000000000000e+00
2.108000000000000185e+01,3.033729743957519531e+01,7.912841796875000000e+00,2.110418701171875000e+01,3.000000000000000000e+00
2.110000000000000142e+01,3.061414909362792969e+01,8.020679473876953125e+00,2.104991340637207031e+01,3.000000000000000000e+00
2.112000000000000099e+01,3.089194297790527344e+01,8.128456115722656250e+00,2.099521446228027344e+01,3.000000000000000000e+00
2.114000000000000057e+01,3.117069244384765625e+01,8.236129760742187500e+00,2.094009208679199219e+01,3.000000000000000000e+00
2.116000000000000014e+01,3.145041084289550781e+01,8.343657493591308594e+00,2.088454627990722656e+01,3.000000000000000000e+00
2.117999999999999972e+01,3.173111152648925781e+01,8.450997352600097656e+00,2.082857894897460938e+01,3.000000000000000000e+00
2.119999999999999929e+01,3.201280975341796875e+01,8.558105468750000000e+00,2.077218818664550781e+01,3.000000000000000000e+00
2.121999999999999886e+01,3.229551696777343750e+01,8.664937973022460938e+00,2.071536827087402344e+01,3.000000000000000000e+00
2.124000000000000199e+01,3.257924652099609375e+01,8.771446228027343750e+00,2.065811347961425781e+01,3.000000000000000000e+00
2.126000000000000156e+01,3.286401367187500000e+01,8.877587318420410156e+00,2.060042572021484375e+01,3.000000000000000000e+00
2.128000000000000114e+01,3.314982986450195312e+01,8.983308792114257812e+00,2.054230117797851562e+01,3.000000000000000000e+00
2.130000000000000071e+01,3.343671798706054688e+01,9.088564872741699219e+00,2.048373413085937500e+01,3.000000000000000000e+00
2.132000000000000028e+01,3.372468185424804688e+01,9.193305969238281250e+00,2.042471885681152344e+01,3.000000000000000000e+00
2.133999999999999986e+01,3.401373672485351562e+01,9.297479629516601562e+00,2.036524772644042969e+01,3.000000000000000000e+00
2.135999999999999943e+01,3.430388641357421875e+01,9.401038169860839844e+00,2.030529785156250000e+01,3.000000000000000000e+00
2.137999999999999901e+01,3.459514236450195312e+01,9.503935813903808594e+00,2.024483489990234375e+01,3.000000000000000000e+00
2.140000000000000213e+01,3.488750839233398438e+01,9.606125831604003906e+00,2.018383026123046875e+01,3.000000000000000000e+00
2.142000000000000171e+01,3.518098068237304688e+01,9.707558631896972656e+00,2.012226104736328125e+01,3.000000000000000000e+00
2.144000000000000128e+01,3.547557449340820312e+01,9.808181762695312500e+00,2.006012153625488281e+01,3.000000000000000000e+00
2.146000000000000085e+01,3.577128982543945312e+01,9.907939910888671875e+00,1.999741554260253906e+01,3.000000000000000000e+00
2.148000000000000043e+01,3.606813049316406250e+01,1.000677680969238281e+01,1.993416023254394531e+01,3.000000000000000000e+00
2.150000000000000000e+01,3.636610412597656250e+01,1.010463428497314453e+01,1.987037849426269531e+01,3.000000000000000000e+00
2.151999999999999957e+01,3.666521453857421875e+01,1.020145225524902344e+01,1.980610084533691406e+01,3.000000000000000000e+00
2.153999999999999915e+01,3.696547698974609375e+01,1.029716968536376953e+01,1.974136924743652344e+01,3.000000000000000000e+00
2.155999999999999872e+01,3.726689529418945312e+01,1.039172458648681641e+01,1.967622756958007812e+01,3.000000000000000000e+00
2.158000000000000185e+01,3.756947326660156250e+01,1.048505783081054688e+01,1.961072349548339844e+01,3.000000000000000000e+00
2.160000000000000142e+01,3.787321090698242188e+01,1.057711315155029297e+01,1.954490470886230469e+01,3.000000000000000000e+00
2.162000000000000099e+01,3.817811203002929688e+01,1.066783237457275391e+01,1.947881889343261719e+01,3.000000000000000000e+00
2.164000000000000057e+01,3.848418045043945312e+01,1.075716209411621094e+01,1.941251945495605469e+01,3.000000000000000000e+00
2.166000000000000014e+01,3.879141616821289062e+01,1.084505367279052734e+01,1.934604644775390625e+01,3.000000000000000000e+00
2.167999999999999972e+01,3.909981536865234375e+01,1.093146324157714844e+01,1.927943992614746094e+01,3.000000000000000000e+00
2.169999999999999929e+01,3.940937042236328125e+01,1.101635074615478516e+01,1.921273422241210938e+01,3.000000000000000000e+00
2.171999999999999886e+01,3.972007751464843750e+01,1.109968090057373047e+01,1.914595985412597656e+01,3.000000000000000000e+00
2.174000000000000199e+01,4.003192901611328125e+01,1.118142127990722656e+01,1.907914733886718750e+01,3.000000000000000000e+00
2.176000000000000156e+01,4.034490966796875000e+01,1.126154804229736328e+01,1.901231575012207031e+01,3.000000000000000000e+00
2.178000000000000114e+01,4.065901184082031250e+01,1.134004020690917969e+01,1.894547653198242188e+01,3.000000000000000000e+00
2.180000000000000071e+01,4.097422409057617188e+01,1.141688346862792969e+01,1.887864303588867188e+01,3.000000000000000000e+00
2.182000000000000028e+01,4.129053115844726562e+01,1.149206161499023438e+01,1.881182098388671875e+01,3.000000000000000000e+00
2.183999999999999986e+01,4.160792160034179688e+01,1.156556701660156250e+01,1.874501800537109375e+01,3.000000000000000000e+00
2.185999999999999943e+01,4.192638015747070312e+01,1.163739395141601562e+01,1.867823410034179688e+01,3.000000000000000000e+00
2.187999999999999901e+01,4.224589920043945312e+01,1.170753860473632812e+01,1.861146736145019531e+01,3.000000000000000000e+00
2.190000000000000213e+01,4.256644821166992188e+01,1.177600193023681641e+01,1.854471397399902344e+01,3.000000000000000000e+00
2.192000000000000171e+01,4.288801956176757812e+01,1.184278392791748047e+01,1.847797203063964844e+01,3.000000000000000000e+00
2.194000000000000128e+01,4.321060562133789062e+01,1.190788650512695312e+01,1.841123771667480469e+01,3.000000000000000000e+00
2.196000000000000085e+01,4.353418731689453125e+01,1.197131443023681641e+01,1.834450912475585938e+01,3.000000000000000000e+00
2.198000000000000043e+01,4.385874938964843750e+01,1.203307151794433594e+01,1.827778053283691406e+01,3.000000000000000000e+00
2.200000000000000000e+01,4.418427658081054688e+01,1.209316539764404297e+01,1.821104049682617188e+01,3.000000000000000000e+00
2.201999999999999957e+01,4.451075744628906250e+01,1.215160083770751953e+01,1.814429092407226562e+01,3.000000000000000000e+00
2.203999999999999915e+01,4.483817672729492188e+01,1.220838356018066406e+01,1.807753181457519531e+01,3.000000000000000000e+00
2.205999999999999872e+01,4.516651916503906250e+01,1.226352119445800781e+01,1.801076126098632812e+01,3.000000000000000000e+00
2.208000000000000185e+01,4.549578094482421875e+01,1.231702136993408203e+01,1.794397544860839844e+01,3.000000000000000000e+00
2.210000000000000142e+01,4.582594299316406250e+01,1.236889266967773438e+01,1.787717056274414062e+01,3.000000000000000000e+00
2.212000000000000099e+01,4.615699386596679688e+01,1.241914176940917969e+01,1.781034660339355469e+01,3.000000000000000000e+00
2.214000000000000057e+01,4.648892211914062500e+01,1.246777629852294922e+01,1.774350929260253906e+01,3.000000000000000000e+00
2.216000000000000014e+01,4.682171630859375000e+01,1.251480484008789062e+01,1.767665672302246094e+01,3.000000000000000000e+00
2.217999999999999972e+01,4.715536499023437500e+01,1.256023693084716797e+01,1.760978698730468750e+01,3.000000000000000000e+00
2.219999999999999929e+01,4.748985290527343750e+01,1.260408210754394531e+01,1.754289817810058594e+01,3.000000000000000000e+00
2.221999999999999886e+01,4.782517242431640625e+01,1.264634895324707031e+01,1.747599411010742188e+01,3.000000000000000000e+00
2.224000000000000199e+01,4.816131210327148438e+01,1.268704414367675781e+01,1.740907859802246094e+01,3.000000000000000000e+00
2.226000000000000156e+01,4.849826431274414062e+01,1.272617912292480469e+01,1.734215354919433594e+01,3.000000000000000000e+00
2.228000000000000114e+01,4.883601760864257812e+01,1.276376438140869141e+01,1.727521324157714844e+01,3.000000000000000000e+00
2.230000000000000071e+01,4.917455673217773438e+01,1.279981040954589844e+01,1.720825767517089844e+01,3.000000000000000000e+00
2.232000000000000028e+01,4.951387405395507812e+01,1.283432865142822266e+01,1.714128875732421875e+01,3.000000000000000000e+00
2.233999999999999986e+01,4.985396575927734375e+01,1.286732673645019531e+01,1.707431030273437500e+01,3.000000000000000000e+00
2.235999999999999943e+01,5.019480895996093750e+01,1.289881706237792969e+01,1.700732231140136719e+01,3.000000000000000000e+00
2.237999999999999901e+01,5.053641128540039062e+01,1.292880916595458984e+01,1.694032287597656250e+01,3.000000000000000000e+00
2.240000000000000213e+01,5.087875366210937500e+01,1.295731639862060547e+01,1.687330627441406250e+01,3.000000000000000000e+00
2.242000000000000171e+01,5.122182846069335938e+01,1.298435115814208984e+01,1.680627250671386719e+01,3.000000000000000000e+00
2.244000000000000128e+01,5.156562423706054688e+01,1.300992393493652344e+01,1.673922348022460938e+01,3.000000000000000000e+00
2.246000000000000085e+01,5.191013336181640625e+01,1.303404617309570312e+01,1.667215728759765625e+01,3.000000000000000000e+00
2.248000000000000043e+01,5.225535202026367188e+01,1.305672931671142578e+01,1.660507202148437500e+01,3.000000000000000000e+00
2.250000000000000000e+01,5.260126495361328125e+01,1.307798767089843750e+01,1.653796195983886719e+01,3.000000000000000000e+00
2.251999999999999957e+01,5.294786453247070312e+01,1.309783363342285156e+01,1.647082519531250000e+01,3.000000000000000000e+00
2.253999999999999915e+01,5.329514694213867188e+01,1.311627483367919922e+01,1.640366935729980469e+01,3.000000000000000000e+00
2.255999999999999872e+01,5.364310455322265625e+01,1.313332366943359375e+01,1.633649063110351562e+01,3.000000000000000000e+00
2.258000000000000185e+01,5.399172210693359375e+01,1.314899444580078125e+01,1.626928710937500000e+01,3.000000000000000000e+00
2.260000000000000142e+01,5.434099578857421875e+01,1.316329956054687500e+01,1.620205497741699219e+01,3.000000000000000000e+00
2.262000000000000099e+01,5.469091415405273438e+01,1.317624759674072266e+01,1.613479423522949219e+01,3.000000000000000000e+00
2.264000000000000057e+01,5.504147720336914062e+01,1.318785095214843750e+01,1.606751060485839844e+01,3.000000000000000000e+00
2.266000000000000014e+01,5.539267730712890625e+01,1.319812107086181641e+01,1.600020027160644531e+01,3.000000000000000000e+00
2.267999999999999972e+01,5.574450302124023438e+01,1.320707130432128906e+01,1.593285751342773438e+01,3.000000000000000000e+00
2.269999999999999929e+01,5.609694671630859375e+01,1.321471405029296875e+01,1.586547851562500000e+01,3.000000000000000000e+00
2.271999999999999886e+01,5.645000839233398438e+01,1.322106170654296875e+01,1.579806423187255859e+01,3.000000000000000000e+00
2.274000000000000199e+01,5.680367660522460938e+01,1.322612476348876953e+01,1.573061656951904297e+01,3.000000000000000000e+00
2.276000000000000156e+01,5.715794754028320312e+01,1.322991561889648438e+01,1.566313457489013672e+01,3.000000000000000000e+00
2.278000000000000114e+01,5.751281738281250000e+01,1.323244476318359375e+01,1.559561347961425781e+01,3.000000000000000000e+00
2.280000000000000071e+01,5.786827850341796875e+01,1.323372745513916016e+01,1.552805042266845703e+01,3.000000000000000000e+00
2.282000000000000028e+01,5.822432327270507812e+01,1.323377132415771484e+01,1.546044635772705078e+01,3.000000000000000000e+00
2.283999999999999986e+01,5.858095550537109375e+01,1.323258876800537109e+01,1.539280509948730469e+01,3.000000000000000000e+00
2.285999999999999943e+01,5.893816375732421875e+01,1.323019123077392578e+01,1.532512378692626953e+01,3.000000000000000000e+00
2.287999999999999901e+01,5.929594421386718750e+01,1.322659111022949219e+01,1.525739765167236328e+01,3.000000000000000000e+00
2.290000000000000213e+01,5.965429306030273438e+01,1.322180271148681641e+01,1.518961906433105469e+01,3.000000000000000000e+00
2.292000000000000171e+01,6.001319885253906250e+01,1.321583557128906250e+01,1.512178897857666016e+01,3.000000000000000000e+00
2.294000000000000128e+01,6.037267303466796875e+01,1.320870208740234375e+01,1.505391025543212891e+01,3.000000000000000000e+00
2.296000000000000085e+01,6.073270416259765625e+01,1.320041275024414062e+01,1.498598003387451172e+01,3.000000000000000000e+00
2.298000000000000043e+01,6.109328460693359375e+01,1.319098091125488281e+01,1.491799354553222656e+01,3.000000000000000000e+00
2.300000000000000000e+01,6.145441818237304688e+01,1.318041992187500000e+01,1.484994697570800781e+01,3.000000000000000000e+00
2.301999999999999957e+01,6.181610107421875000e+01,1.316873836517333984e+01,1.478184509277343750e+01,3.000000000000000000e+00
2.303999999999999915e+01,6.217833328247070312e+01,1.315594577789306641e+01,1.471369838714599609e+01,3.000000000000000000e+00
2.305999999999999872e+01,6.254110717773437500e+01,1.314205169677734375e+01,1.464550781250000000e+01,3.000000000000000000e+00
2.308000000000000185e+01,6.290442657470703125e+01,1.312707042694091797e+01,1.457727241516113281e+01,3.000000000000000000e+00
2.310000000000000142e+01,6.326828384399414062e+01,1.311101245880126953e+01,1.450898742675781250e+01,3.000000000000000000e+00
2.312000000000000099e+01,6.363268280029296875e+01,1.309389114379882812e+01,1.444065666198730469e+01,3.000000000000000000e+00
2.314000000000000057e+01,6.399762725830078125e+01,1.307571506500244141e+01,1.437228584289550781e+01,3.000000000000000000e+00
2.316000000000000014e+01,6.436311340332031250e+01,1.305649662017822266e+01,1.430387306213378906e+01,3.000000000000000000e+00
2.317999999999999972e+01,6.472913360595703125e+01,1.303625106811523438e+01,1.423541069030761719e+01,3.000000000000000000e+00
2.319999999999999929e+01,6.509568786621093750e+01,1.301499366760253906e+01,1.416688251495361328e+01,3.000000000000000000e+00
2.321999999999999886e+01,6.546277618408203125e+01,1.299274063110351562e+01,1.409828376770019531e+01,3.000000000000000000e+00
2.324000000000000199e+01,6.583039093017578125e+01,1.296950435638427734e+01,1.402961635589599609e+01,3.000000000000000000e+00
2.326000000000000156e+01,6.619853210449218750e+01,1.294529533386230469e+01,1.396088314056396484e+01,3.000000000000000000e+00
2.328000000000000114e+01,6.656720733642578125e+01,1.292012882232666016e+01,1.389208889007568359e+01,3.000000000000000000e+00
2.330000000000000071e+01,6.693640899658203125e+01,1.289401817321777344e+01,1.382324123382568359e+01,3.000000000000000000e+00
2.332000000000000028e+01,6.730612182617187500e+01,1.286697292327880859e+01,1.375435733795166016e+01,3.000000000000000000e+00
2.333999999999999986e+01,6.767636108398437500e+01,1.283900642395019531e+01,1.368546390533447266e+01,3.000000000000000000e+00
2.335999999999999943e+01,6.804712677001953125e+01,1.281013011932373047e+01,1.361658477783203125e+01,3.000000000000000000e+00
2.337999999999999901e+01,6.841840362548828125e+01,1.278035831451416016e+01,1.354773712158203125e+01,3.000000000000000000e+00
2.340000000000000213e+01,6.879019927978515625e+01,1.274970626831054688e+01,1.347894287109375000e+01,3.000000000000000000e+00
2.342000000000000171e+01,6.916250610351562500e+01,1.271818923950195312e+01,1.341023063659667969e+01,3.000000000000000000e+00
2.344000000000000128e+01,6.953533172607421875e+01,1.268582248687744141e+01,1.334163188934326172e+01,3.000000000000000000e+00
2.346000000000000085e+01,6.990866088867187500e+01,1.265262413024902344e+01,1.327317333221435547e+01,3.000000000000000000e+00
2.348000000000000043e+01,7.028250122070312500e+01,1.261861324310302734e+01,1.320487689971923828e+01,3.000000000000000000e+00
2.350000000000000000e+01,7.065685272216796875e+01,1.258381080627441406e+01,1.313676071166992188e+01,3.000000000000000000e+00
2.351999999999999957e+01,7.103170013427734375e+01,1.254823970794677734e+01,1.306885433197021484e+01,3.000000000000000000e+00
2.353999999999999915e+01,7.140705108642578125e+01,1.251191997528076172e+01,1.300118350982666016e+01,3.000000000000000000e+00
2.355999999999999872e+01,7.178290557861328125e+01,1.247487640380859375e+01,1.293377399444580078e+01,3.000000000000000000e+00
2.358000000000000185e+01,7.215925598144531250e+01,1.243713665008544922e+01,1.286664485931396484e+01,3.000000000000000000e+00
2.360000000000000142e+01,7.253610229492187500e+01,1.239872646331787109e+01,1.279980945587158203e+01,3.000000000000000000e+00
2.362000000000000099e+01,7.291344451904296875e+01,1.235967540740966797e+01,1.273329162597656250e+01,3.000000000000000000e+00
2.364000000000000057e+01,7.329127502441406250e+01,1.232001304626464844e+01,1.266711330413818359e+01,3.000000000000000000e+00
2.366000000000000014e+01,7.366959381103515625e+01,1.227976894378662109e+01,1.260129451751708984e+01,3.000000000000000000e+00
2.367999999999999972e+01,7.404840087890625000e+01,1.223897361755371094e+01,1.253585338592529297e+01,3.000000000000000000e+00
2.369999999999999929e+01,7.442769622802734375e+01,1.219766044616699219e+01,1.247080326080322266e+01,3.000000000000000000e+00
2.371999999999999886e+01,7.480747985839843750e+01,1.215586376190185547e+01,1.240616512298583984e+01,3.000000000000000000e+00
2.374000000000000199e+01,7.518773651123046875e+01,1.211361694335937500e+01,1.234195804595947266e+01,3.000000000000000000e+00
2.376000000000000156e+01,7.556847381591796875e+01,1.207095527648925781e+01,1.227820110321044922e+01,3.000000000000000000e+00
2.378000000000000114e+01,7.594968414306640625e+01,1.202791404724121094e+01,1.221491050720214844e+01,3.000000000000000000e+00
2.380000000000000071e+01,7.633137512207031250e+01,1.198453044891357422e+01,1.215210723876953125e+01,3.000000000000000000e+00
2.382000000000000028e+01,7.671353912353515625e+01,1.194084358215332031e+01,1.208980560302734375e+01,3.000000000000000000e+00
2.383999999999999986e+01,7.709618377685546875e+01,1.189689064025878906e+01,1.202802371978759766e+01,3.000000000000000000e+00
2.385999999999999943e+01,7.747928619384765625e+01,1.185270977020263672e+01,1.196677970886230469e+01,3.000000000000000000e+00
2.387999999999999901e+01,7.786286163330078125e+01,1.180834102630615234e+01,1.190609264373779297e+01,3.000000000000000000e+00
2.390000000000000213e+01,7.824689483642578125e+01,1.176382446289062500e+01,1.184597969055175781e+01,3.000000000000000000e+00
2.392000000000000171e+01,7.863139343261718750e+01,1.171920013427734375e+01,1.178645324707031250e+01,3.000000000000000000e+00
2.394000000000000128e+01,7.901634979248046875e+01,1.167450809478759766e+01,1.172752857208251953e+01,3.000000000000000000e+00
2.396000000000000085e+01,7.940176391601562500e+01,1.162979125976562500e+01,1.166922092437744141e+01,3.000000000000000000e+00
2.398000000000000043e+01,7.978762817382812500e+01,1.158509063720703125e+01,1.161154747009277344e+01,3.000000000000000000e+00
2.400000000000000000e+01,8.017394256591796875e+01,1.154044628143310547e+01,1.155452156066894531e+01,3.000000000000000000e+00
2.401999999999999957e+01,8.056069946289062500e+01,1.149590206146240234e+01,1.149815464019775391e+01,3.000000000000000000e+00
2.403999999999999915e+01,8.094789886474609375e+01,1.145149898529052734e+01,1.144245719909667969e+01,3.000000000000000000e+00
2.406000000000000227e+01,8.133553314208984375e+01,1.140727806091308594e+01,1.138744449615478516e+01,3.000000000000000000e+00
2.408000000000000185e+01,8.172359466552734375e+01,1.136328125000000000e+01,1.133312797546386719e+01,3.000000000000000000e+00
2.410000000000000142e+01,8.211208343505859375e+01,1.131955146789550781e+01,1.127951908111572266e+01,3.000000000000000000e+00
2.412000000000000099e+01,8.250099182128906250e+01,1.127612781524658203e+01,1.122662258148193359e+01,3.000000000000000000e+00
2.414000000000000057e+01,8.289031982421875000e+01,1.123305320739746094e+01,1.117444324493408203e+01,3.000000000000000000e+00
2.416000000000000014e+01,8.328005981445312500e+01,1.119036769866943359e+01,1.112298965454101562e+01,3.000000000000000000e+00
2.417999999999999972e+01,8.367018890380859375e+01,1.114811134338378906e+01,1.107227325439453125e+01,3.000000000000000000e+00
2.419999999999999929e+01,8.406073760986328125e+01,1.110632419586181641e+01,1.102230167388916016e+01,3.000000000000000000e+00
2.421999999999999886e+01,8.445166778564453125e+01,1.106504535675048828e+01,1.097307777404785156e+01,3.000000000000000000e+00
2.424000000000000199e+01,8.484297943115234375e+01,1.102431297302246094e+01,1.092460536956787109e+01,3.000000000000000000e+00
2.426000000000000156e+01,8.523467254638671875e+01,1.098416519165039062e+01,1.087689304351806641e+01,3.000000000000000000e+00
2.428000000000000114e+01,8.562672424316406250e+01,1.094464015960693359e+01,1.082994747161865234e+01,3.000000000000000000e+00
2.430000000000000071e+01,8.601914215087890625e+01,1.090577411651611328e+01,1.078377628326416016e+01,3.000000000000000000e+00
2.432000000000000028e+01,8.641190338134765625e+01,1.086760330200195312e+01,1.073837947845458984e+01,3.000000000000000000e+00
2.433999999999999986e+01,8.680501556396484375e+01,1.083016014099121094e+01,1.069375801086425781e+01,3.000000000000000000e+00
2.435999999999999943e+01,8.719845581054687500e+01,1.079348182678222656e+01,1.064991569519042969e+01,3.000000000000000000e+00
2.437999999999999901e+01,8.759223175048828125e+01,1.075759983062744141e+01,1.060685729980468750e+01,3.000000000000000000e+00
2.440000000000000213e+01,8.798632049560546875e+01,1.072254657745361328e+01,1.056458568572998047e+01,3.000000000000000000e+00
2.442000000000000171e+01,8.838072204589843750e+01,1.068835449218750000e+01,1.052309799194335938e+01,3.000000000000000000e+00
2.444000000000000128e+01,8.877542114257812500e+01,1.065505218505859375e+01,1.048238945007324219e+01,3.000000000000000000e+00
2.446000000000000085e+01,8.917040252685546875e+01,1.062266826629638672e+01,1.044246196746826172e+01,3.000000000000000000e+00
2.448000000000000043e+01,8.956567382812500000e+01,1.059123229980468750e+01,1.040331649780273438e+01,3.000000000000000000e+00
2.450000000000000000e+01,8.996121215820312500e+01,1.056077098846435547e+01,1.036495304107666016e+01,3.000000000000000000e+00
2.451999999999999957e+01,9.035700988769531250e+01,1.053131103515625000e+01,1.032736778259277344e+01,3.000000000000000000e+00
2.453999999999999915e+01,9.075305175781250000e+01,1.050287628173828125e+01,1.029055690765380859e+01,3.000000000000000000e+00
2.456000000000000227e+01,9.114933013916015625e+01,1.047549247741699219e+01,1.025452327728271484e+01,3.000000000000000000e+00
2.458000000000000185e+01,9.154583740234375000e+01,1.044918346405029297e+01,1.021926784515380859e+01,3.000000000000000000e+00
2.460000000000000142e+01,9.194256591796875000e+01,1.042397117614746094e+01,1.018479347229003906e+01,3.000000000000000000e+00
2.462000000000000099e+01,9.233948516845703125e+01,1.039987754821777344e+01,1.015109729766845703e+01,3.000000000000000000e+00
2.464000000000000057e+01,9.273659515380859375e+01,1.037692356109619141e+01,1.011817932128906250e+01,3.000000000000000000e+00
2.466000000000000014e+01,9.313389587402343750e+01,1.035512733459472656e+01,1.008604240417480469e+01,3.000000000000000000e+00
2.467999999999999972e+01,9.353136444091796875e+01,1.033450984954833984e+01,1.005468750000000000e+01,3.000000000000000000e+00
2.469999999999999929e+01,9.392899322509765625e+01,1.031508922576904297e+01,1.002411746978759766e+01,3.000000000000000000e+00
2.471999999999999886e+01,9.432676696777343750e+01,1.029688072204589844e+01,9.994332313537597656e+00,3.000000000000000000e+00
2.474000000000000199e+01,9.472466278076171875e+01,1.027990150451660156e+01,9.965331077575683594e+00,3.000000000000000000e+00
2.476000000000000156e+01,9.512268066406250000e+01,1.026416873931884766e+01,9.937120437622070312e+00,3.000000000000000000e+00
2.478000000000000114e+01,9.552081298828125000e+01,1.024969482421875000e+01,9.909700393676757812e+00,3.000000000000000000e+00
2.480000000000000071e+01,9.591902160644531250e+01,1.023649406433105469e+01,9.883072853088378906e+00,3.000000000000000000e+00
2.482000000000000028e+01,9.631729888916015625e+01,1.022457885742187500e+01,9.857237815856933594e+00,3.000000000000000000e+00
2.483999999999999986e+01,9.671563720703125000e+01,1.021395969390869141e+01,9.832189559936523438e+00,3.000000000000000000e+00
2.485999999999999943e+01,9.711401367187500000e+01,1.020464706420898438e+01,9.807932853698730469e+00,3.000000000000000000e+00
2.487999999999999901e+01,9.751242065429687500e+01,1.019664955139160156e+01,9.784465789794921875e+00,3.000000000000000000e+00
2.490000000000000213e+01,9.791082763671875000e+01,1.018997669219970703e+01,9.761792182922363281e+00,3.000000000000000000e+00
2.492000000000000171e+01,9.830922698974609375e+01,1.018463611602783203e+01,9.739915847778320312e+00,3.000000000000000000e+00
2.494000000000000128e+01,9.870759582519531250e+01,1.018063735961914062e+01,9.718844413757324219e+00,3.000000000000000000e+00
2.496000000000000085e+01,9.910591888427734375e+01,1.017798423767089844e+01,9.698585510253906250e+00,3.000000000000000000e+00
2.498000000000000043e+01,9.950418090820312500e+01,1.017668342590332031e+01,9.679146766662597656e+00,3.000000000000000000e+00
2.500000000000000000e+01,9.990236663818359375e+01,1.017673683166503906e+01,9.660534858703613281e+00,3.000000000000000000e+00
2.501999999999999957e+01,1.003004608154296875e+02,1.017814826965332031e+01,9.642757415771484375e+00,3.000000000000000000e+00
2.503999999999999915e+01,1.006984329223632812e+02,1.018091964721679688e+01,9.625821113586425781e+00,3.000000000000000000e+00
2.506000000000000227e+01,1.010962829589843750e+02,1.018505382537841797e+01,9.609735488891601562e+00,3.000000000000000000e+00
2.508000000000000185e+01,1.014939880371093750e+02,1.019054698944091797e+01,9.594502449035644531e+00,3.000000000000000000e+00
2.510000000000000142e+01,1.018915328979492188e+02,1.019739532470703125e+01,9.580124855041503906e+00,3.000000000000000000e+00
2.512000000000000099e+01,1.022889099121093750e+02,1.020559597015380859e+01,9.566606521606445312e+00,3.000000000000000000e+00
2.514000000000000057e+01,1.026860961914062500e+02,1.021514606475830078e+01,9.553951263427734375e+00,3.000000000000000000e+00
2.516000000000000014e+01,1.030830688476562500e+02,1.022603893280029297e+01,9.542160987854003906e+00,3.000000000000000000e+00
2.517999999999999972e+01,1.034798202514648438e+02,1.023826789855957031e+01,9.531233787536621094e+00,3.000000000000000000e+00
2.519999999999999929e+01,1.038763351440429688e+02,1.025182533264160156e+01,9.521167755126953125e+00,3.000000000000000000e+00
2.521999999999999886e+01,1.042725906372070312e+02,1.026670169830322266e+01,9.511960029602050781e+00,3.000000000000000000e+00
2.524000000000000199e+01,1.046685867309570312e+02,1.028288936614990234e+01,9.503615379333496094e+00,3.000000000000000000e+00
2.526000000000000156e+01,1.050643157958984375e+02,1.030037975311279297e+01,9.496129035949707031e+00,3.000000000000000000e+00
2.528000000000000114e+01,1.054597396850585938e+02,1.031916236877441406e+01,9.489498138427734375e+00,3.000000000000000000e+00
2.530000000000000071e+01,1.058548660278320312e+02,1.033922576904296875e+01,9.483716964721679688e+00,3.000000000000000000e+00
2.532000000000000028e+01,1.062496719360351562e+02,1.036055946350097656e+01,9.478784561157226562e+00,3.000000000000000000e+00
2.533999999999999986e+01,1.066441421508789062e+02,1.038315296173095703e+01,9.474698066711425781e+00,3.000000000000000000e+00
2.535999999999999943e+01,1.070382766723632812e+02,1.040699386596679688e+01,9.471453666687011719e+00,3.000000000000000000e+00
2.537999999999999901e+01,1.074320602416992188e+02,1.043206977844238281e+01,9.469045639038085938e+00,3.000000000000000000e+00
2.540000000000000213e+01,1.078254699707031250e+02,1.045836734771728516e+01,9.467471122741699219e+00,3.000000000000000000e+00
2.542000000000000171e+01,1.082184982299804688e+02,1.048587703704833984e+01,9.466727256774902344e+00,3.000000000000000000e+00
2.544000000000000128e+01,1.086111450195312500e+02,1.051458644866943359e+01,9.466815948486328125e+00,3.000000000000000000e+00
2.546000000000000085e+01,1.090033874511718750e+02,1.054448032379150391e+01,9.467733383178710938e+00,3.000000000000000000e+00
2.548000000000000043e+01,1.093952178955078125e+02,1.057554817199707031e+01,9.469476699829101562e+00,3.000000000000000000e+00
2.550000000000000000e+01,1.097866287231445312e+02,1.060777568817138672e+01,9.472043037414550781e+00,3.000000000000000000e+00
2.551999999999999957e+01,1.101776046752929688e+02,1.064114761352539062e+01,9.475430488586425781e+00,3.000000000000000000e+00
2.553999999999999915e+01,1.105681381225585938e+02,1.067564868927001953e+01,9.479637145996093750e+00,3.000000000000000000e+00
2.556000000000000227e+01,1.109582138061523438e+02,1.071126461029052734e+01,9.484660148620605469e+00,3.000000000000000000e+00
2.558000000000000185e+01,1.113478240966796875e+02,1.074797916412353516e+01,9.490499496459960938e+00,3.000000000000000000e+00
2.560000000000000142e+01,1.117369689941406250e+02,1.078577613830566406e+01,9.497151374816894531e+00,3.000000000000000000e+00
2.562000000000000099e+01,1.121256256103515625e+02,1.082463741302490234e+01,9.504613876342773438e+00,3.000000000000000000e+00
2.564000000000000057e+01,1.125137939453125000e+02,1.086454486846923828e+01,9.512887001037597656e+00,3.000000000000000000e+00
2.566000000000000014e+01,1.129014587402343750e+02,1.090548038482666016e+01,9.521970748901367188e+00,3.000000000000000000e+00
2.567999999999999972e+01,1.132886199951171875e+02,1.094742488861083984e+01,9.531860351562500000e+00,3.000000000000000000e+00
2.569999999999999929e+01,1.136752624511718750e+02,1.099035835266113281e+01,9.542556762695312500e+00,3.000000000000000000e+00
2.571999999999999886e+01,1.140613784790039062e+02,1.103425979614257812e+01,9.554058074951171875e+00,3.000000000000000000e+00
2.574000000000000199e+01,1.144469680786132812e+02,1.107910823822021484e+01,9.566366195678710938e+00,3.000000000000000000e+00
2.576000000000000156e+01,1.148320236206054688e+02,1.112487983703613281e+01,9.579480171203613281e+00,3.000000000000000000e+00
2.578000000000000114e+01,1.152165298461914062e+02,1.117155361175537109e+01,9.593397140502929688e+00,3.000000000000000000e+00
2.580000000000000071e+01,1.156004791259765625e+02,1.121910285949707031e+01,9.608116149902343750e+00,3.000000000000000000e+00
2.582000000000000028e+01,1.159838790893554688e+02,1.126750564575195312e+01,9.623636245727539062e+00,3.000000000000000000e+00
2.583999999999999986e+01,1.163667221069335938e+02,1.131673431396484375e+01,9.639953613281250000e+00,3.000000000000000000e+00
2.585999999999999943e+01,1.167489929199218750e+02,1.136676406860351562e+01,9.657065391540527344e+00,3.000000000000000000e+00
2.587999999999999901e+01,1.171306915283203125e+02,1.141756534576416016e+01,9.674968719482421875e+00,3.000000000000000000e+00
2.590000000000000213e+01,1.175118179321289062e+02,1.146911239624023438e+01,9.693660736083984375e+00,3.000000000000000000e+00
2.592000000000000171e+01,1.178923721313476562e+02,1.152137565612792969e+01,9.713139533996582031e+00,3.000000000000000000e+00
2.594000000000000128e+01,1.182723236083984375e+02,1.157432651519775391e+01,9.733405113220214844e+00,3.000000000000000000e+00
2.596000000000000085e+01,1.186516952514648438e+02,1.162793254852294922e+01,9.754457473754882812e+00,3.000000000000000000e+00
2.598000000000000043e+01,1.190304870605468750e+02,1.168216514587402344e+01,9.776289939880371094e+00,3.000000000000000000e+00
2.600000000000000000e+01,1.194086761474609375e+02,1.173699092864990234e+01,9.798898696899414062e+00,3.000000000000000000e+00
2.601999999999999957e+01,1.197862777709960938e+02,1.179237937927246094e+01,9.822285652160644531e+00,3.000000000000000000e+00
2.603999999999999915e+01,1.201632843017578125e+02,1.184829521179199219e+01,9.846451759338378906e+00,3.000000000000000000e+00
2.606000000000000227e+01,1.205396957397460938e+02,1.190470504760742188e+01,9.871394157409667969e+00,3.000000000000000000e+00
2.608000000000000185e+01,1.209155197143554688e+02,1.196157455444335938e+01,9.897106170654296875e+00,3.000000000000000000e+00
2.610000000000000142e+01,1.212907333374023438e+02,1.201886940002441406e+01,9.923580169677734375e+00,3.000000000000000000e+00
2.612000000000000099e+01,1.216653594970703125e+02,1.207655334472656250e+01,9.950812339782714844e+00,3.000000000000000000e+00
2.614000000000000057e+01,1.220393905639648438e+02,1.213458728790283203e+01,9.978800773620605469e+00,3.000000000000000000e+00
2.616000000000000014e+01,1.224128265380859375e+02,1.219293594360351562e+01,1.000754070281982422e+01,3.000000000000000000e+00
2.617999999999999972e+01,1.227856750488281250e+02,1.225156211853027344e+01,1.003702735900878906e+01,3.000000000000000000e+00
2.619999999999999929e+01,1.231579208374023438e+02,1.231042671203613281e+01,1.006725406646728516e+01,3.000000000000000000e+00
2.621999999999999886e+01,1.235295791625976562e+02,1.236948966979980469e+01,1.009821796417236328e+01,3.000000000000000000e+00
2.624000000000000199e+01,1.239006347656250000e+02,1.242871189117431641e+01,1.012991619110107422e+01,3.000000000000000000e+00
2.626000000000000156e+01,1.242710952758789062e+02,1.248805141448974609e+01,1.016234493255615234e+01,3.000000000000000000e+00
2.628000000000000114e+01,1.246409606933593750e+02,1.254746913909912109e+01,1.019549560546875000e+01,3.000000000000000000e+00
2.630000000000000071e+01,1.250102233886718750e+02,1.260692310333251953e+01,1.022936058044433594e+01,3.000000000000000000e+00
2.632000000000000028e+01,1.253788833618164062e+02,1.266637229919433594e+01,1.026393222808837891e+01,3.000000000000000000e+00
2.633999999999999986e+01,1.257469482421875000e+02,1.272577571868896484e+01,1.029920673370361328e+01,3.000000000000000000e+00
2.635999999999999943e+01,1.261144180297851562e+02,1.278508949279785156e+01,1.033517456054687500e+01,3.000000000000000000e+00
2.637999999999999901e+01,1.264812774658203125e+02,1.284427165985107422e+01,1.037183189392089844e+01,3.000000000000000000e+00
2.640000000000000213e+01,1.268475341796875000e+02,1.290327930450439453e+01,1.040916633605957031e+01,3.000000000000000000e+00
2.642000000000000171e+01,1.272131958007812500e+02,1.296207141876220703e+01,1.044717025756835938e+01,3.000000000000000000e+00
2.644000000000000128e+01,1.275782623291015625e+02,1.302060413360595703e+01,1.048583889007568359e+01,3.000000000000000000e+00
2.646000000000000085e+01,1.279427185058593750e+02,1.307883548736572266e+01,1.052516174316406250e+01,3.000000000000000000e+00
2.648000000000000043e+01,1.283065795898437500e+02,1.313672256469726562e+01,1.056512832641601562e+01,3.000000000000000000e+00
2.650000000000000000e+01,1.286698455810546875e+02,1.319422245025634766e+01,1.060572528839111328e+01,3.000000000000000000e+00
2.651999999999999957e+01,1.290325164794921875e+02,1.325129222869873047e+01,1.064694309234619141e+01,3.000000000000000000e+00
2.653999999999999915e+01,1.293945922851562500e+02,1.330788993835449219e+01,1.068877220153808594e+01,3.000000000000000000e+00
2.656000000000000227e+01,1.297560729980468750e+02,1.336397266387939453e+01,1.073120594024658203e+01,3.000000000000000000e+00
2.658000000000000185e+01,1.301169586181640625e+02,1.341949939727783203e+01,1.077422714233398438e+01,3.000000000000000000e+00
2.660000000000000142e+01,1.304772338867187500e+02,1.347442722320556641e+01,1.081782436370849609e+01,3.000000000000000000e+00
2.662000000000000099e+01,1.308369293212890625e+02,1.352871417999267578e+01,1.086198806762695312e+01,4.000000000000000000e+00
2.664000000000000057e+01,1.311955413818359375e+02,1.358199405670166016e+01,1.090857791900634766e+01,4.000000000000000000e+00
2.666000000000000014e+01,1.315528106689453125e+02,1.363402271270751953e+01,1.095867156982421875e+01,4.000000000000000000e+00
2.667999999999999972e+01,1.319088134765625000e+02,1.368482589721679688e+01,1.101182174682617188e+01,4.000000000000000000e+00
2.669999999999999929e+01,1.322636871337890625e+02,1.373446273803710938e+01,1.106744670867919922e+01,4.000000000000000000e+00
2.671999999999999886e+01,1.326174926757812500e+02,1.378297138214111328e+01,1.112510776519775391e+01,4.000000000000000000e+00
2.674000000000000199e+01,1.329702301025390625e+02,1.383036804199218750e+01,1.118452739715576172e+01,4.000000000000000000e+00
2.676000000000000156e+01,1.333218994140625000e+02,1.387664222717285156e+01,1.124557304382324219e+01,4.000000000000000000e+00
2.678000000000000114e+01,1.336724548339843750e+02,1.392176628112792969e+01,1.130821323394775391e+01,4.000000000000000000e+00
2.680000000000000071e+01,1.340217895507812500e+02,1.396569633483886719e+01,1.137248516082763672e+01,4.000000000000000000e+00
2.682000000000000028e+01,1.343698272705078125e+02,1.400838279724121094e+01,1.143846035003662109e+01,4.000000000000000000e+00
2.683999999999999986e+01,1.347164764404296875e+02,1.404977321624755859e+01,1.150622653961181641e+01,4.000000000000000000e+00
2.685999999999999943e+01,1.350616302490234375e+02,1.408981418609619141e+01,1.157586765289306641e+01,4.000000000000000000e+00
2.687999999999999901e+01,1.354052124023437500e+02,1.412845993041992188e+01,1.164744567871093750e+01,4.000000000000000000e+00
2.690000000000000213e+01,1.357471008300781250e+02,1.416567039489746094e+01,1.172100162506103516e+01,4.000000000000000000e+00
2.692000000000000171e+01,1.360872497558593750e+02,1.420141696929931641e+01,1.179654407501220703e+01,4.000000000000000000e+00
2.694000000000000128e+01,1.364255676269531250e+02,1.423567676544189453e+01,1.187405204772949219e+01,4.000000000000000000e+00
2.696000000000000085e+01,1.367620239257812500e+02,1.426843643188476562e+01,1.195347404479980469e+01,4.000000000000000000e+00
2.698000000000000043e+01,1.370965576171875000e+02,1.429969215393066406e+01,1.203473663330078125e+01,4.000000000000000000e+00
2.700000000000000000e+01,1.374291229248046875e+02,1.432944679260253906e+01,1.211774635314941406e+01,4.000000000000000000e+00
2.701999999999999957e+01,1.377597351074218750e+02,1.435771083831787109e+01,1.220239067077636719e+01,4.000000000000000000e+00
2.703999999999999915e+01,1.380883789062500000e+02,1.438450241088867188e+01,1.228853702545166016e+01,4.000000000000000000e+00
2.706000000000000227e+01,1.384150695800781250e+02,1.440984535217285156e+01,1.237604045867919922e+01,4.000000000000000000e+00
2.708000000000000185e+01,1.387397918701171875e+02,1.443376922607421875e+01,1.246474742889404297e+01,4.000000000000000000e+00
2.710000000000000142e+01,1.390625915527343750e+02,1.445630931854248047e+01,1.255449581146240234e+01,4.000000000000000000e+00
2.712000000000000099e+01,1.393835296630859375e+02,1.447750282287597656e+01,1.264512157440185547e+01,4.000000000000000000e+00
2.714000000000000057e+01,1.397026214599609375e+02,1.449738979339599609e+01,1.273646259307861328e+01,4.000000000000000000e+00
2.716000000000000014e+01,1.400198974609375000e+02,1.451600933074951172e+01,1.282835960388183594e+01,4.000000000000000000e+00
2.717999999999999972e+01,1.403354187011718750e+02,1.453340148925781250e+01,1.292066383361816406e+01,4.000000000000000000e+00
2.719999999999999929e+01,1.406492156982421875e+02,1.454960536956787109e+01,1.301323413848876953e+01,4.000000000000000000e+00
2.721999999999999886e+01,1.409613342285156250e+02,1.456465816497802734e+01,1.310593414306640625e+01,4.000000000000000000e+00
2.724000000000000199e+01,1.412718200683593750e+02,1.457859706878662109e+01,1.319863891601562500e+01,4.000000000000000000e+00
2.726000000000000156e+01,1.415807037353515625e+02,1.459145450592041016e+01,1.329123973846435547e+01,4.000000000000000000e+00
2.728000000000000114e+01,1.418880157470703125e+02,1.460326290130615234e+01,1.338363647460937500e+01,4.000000000000000000e+00
2.730000000000000071e+01,1.421938018798828125e+02,1.461404991149902344e+01,1.347573852539062500e+01,4.000000000000000000e+00
2.732000000000000028e+01,1.424981079101562500e+02,1.462384319305419922e+01,1.356746482849121094e+01,4.000000000000000000e+00
2.733999999999999986e+01,1.428009338378906250e+02,1.463266658782958984e+01,1.365874290466308594e+01,4.000000000000000000e+00
2.735999999999999943e+01,1.431023254394531250e+02,1.464054107666015625e+01,1.374951171875000000e+01,4.000000000000000000e+00
2.737999999999999901e+01,1.434022827148437500e+02,1.464748764038085938e+01,1.383972072601318359e+01,4.000000000000000000e+00
2.740000000000000213e+01,1.437008514404296875e+02,1.465352439880371094e+01,1.392932319641113281e+01,4.000000000000000000e+00
2.742000000000000171e+01,1.439980316162109375e+02,1.465866661071777344e+01,1.401828098297119141e+01,4.000000000000000000e+00
2.744000000000000128e+01,1.442938385009765625e+02,1.466293048858642578e+01,1.410655689239501953e+01,4.000000000000000000e+00
2.746000000000000085e+01,1.445883178710937500e+02,1.466633033752441406e+01,1.419412326812744141e+01,4.000000000000000000e+00
2.748000000000000043e+01,1.448814544677734375e+02,1.466887760162353516e+01,1.428095912933349609e+01,4.000000000000000000e+00
2.750000000000000000e+01,1.451732635498046875e+02,1.467058467864990234e+01,1.436704254150390625e+01,4.000000000000000000e+00
2.751999999999999957e+01,1.454637298583984375e+02,1.467146110534667969e+01,1.445235633850097656e+01,4.000000000000000000e+00
2.753999999999999915e+01,1.457528991699218750e+02,1.467151832580566406e+01,1.453688430786132812e+01,4.000000000000000000e+00
2.756000000000000227e+01,1.460407714843750000e+02,1.467076587677001953e+01,1.462061405181884766e+01,4.000000000000000000e+00
2.758000000000000185e+01,1.463273468017578125e+02,1.466921329498291016e+01,1.470353507995605469e+01,4.000000000000000000e+00
2.760000000000000142e+01,1.466126403808593750e+02,1.466687202453613281e+01,1.478563785552978516e+01,4.000000000000000000e+00
2.762000000000000099e+01,1.468966522216796875e+02,1.466374683380126953e+01,1.486691284179687500e+01,4.000000000000000000e+00
2.764000000000000057e+01,1.471794128417968750e+02,1.465984916687011719e+01,1.494734954833984375e+01,4.000000000000000000e+00
2.766000000000000014e+01,1.474609069824218750e+02,1.465518665313720703e+01,1.502694416046142578e+01,4.000000000000000000e+00
2.767999999999999972e+01,1.477411651611328125e+02,1.464976882934570312e+01,1.510568809509277344e+01,4.000000000000000000e+00
2.769999999999999929e+01,1.480201721191406250e+02,1.464360332489013672e+01,1.518357849121093750e+01,4.000000000000000000e+00
2.771999999999999886e+01,1.482979431152343750e+02,1.463669872283935547e+01,1.526060581207275391e+01,4.000000000000000000e+00
2.774000000000000199e+01,1.485744934082031250e+02,1.462906265258789062e+01,1.533676528930664062e+01,4.000000000000000000e+00
2.776000000000000156e+01,1.488498229980468750e+02,1.462070369720458984e+01,1.541205310821533203e+01,4.000000000000000000e+00
2.778000000000000114e+01,1.491239471435546875e+02,1.461162853240966797e+01,1.548646640777587891e+01,4.000000000000000000e+00
2.780000000000000071e+01,1.493968505859375000e+02,1.460184478759765625e+01,1.556000041961669922e+01,4.000000000000000000e+00
2.782000000000000028e+01,1.496685791015625000e+02,1.459136104583740234e+01,1.563265132904052734e+01,4.000000000000000000e+00
2.783999999999999986e+01,1.499391174316406250e+02,1.458018398284912109e+01,1.570441627502441406e+01,4.000000000000000000e+00
2.785999999999999943e+01,1.502084960937500000e+02,1.456832218170166016e+01,1.577529144287109375e+01,4.000000000000000000e+00
2.787999999999999901e+01,1.504766693115234375e+02,1.455578327178955078e+01,1.584527587890625000e+01,4.000000000000000000e+00
2.790000000000000213e+01,1.507436981201171875e+02,1.454257488250732422e+01,1.591436862945556641e+01,4.000000000000000000e+00
2.792000000000000171e+01,1.510095825195312500e+02,1.452870178222656250e+01,1.598256683349609375e+01,4.000000000000000000e+00
2.794000000000000128e+01,1.512743225097656250e+02,1.451417255401611328e+01,1.604986572265625000e+01,4.000000000000000000e+00
2.796000000000000085e+01,1.515379180908203125e+02,1.449899482727050781e+01,1.611627006530761719e+01,4.000000000000000000e+00
2.798000000000000043e+01,1.518003692626953125e+02,1.448317432403564453e+01,1.618177795410156250e+01,4.000000000000000000e+00
2.800000000000000000e+01,1.520617523193359375e+02,1.446671772003173828e+01,1.624639129638671875e+01,4.000000000000000000e+00
2.801999999999999957e+01,1.523219909667968750e+02,1.444963073730468750e+01,1.631010818481445312e+01,4.000000000000000000e+00
2.803999999999999915e+01,1.525811462402343750e+02,1.443192100524902344e+01,1.637293052673339844e+01,4.000000000000000000e+00
2.806000000000000227e+01,1.528391876220703125e+02,1.441359710693359375e+01,1.643485832214355469e+01,4.000000000000000000e+00
2.808000000000000185e+01,1.530961456298828125e+02,1.439466285705566406e+01,1.649589729309082031e+01,4.000000000000000000e+00
2.810000000000000142e+01,1.533520355224609375e+02,1.437512493133544922e+01,1.655604743957519531e+01,4.000000000000000000e+00
2.812000000000000099e+01,1.536068420410156250e+02,1.435498905181884766e+01,1.661531448364257812e+01,4.000000000000000000e+00
2.814000000000000057e+01,1.538605957031250000e+02,1.433426284790039062e+01,1.667370033264160156e+01,4.000000000000000000e+00
2.816000000000000014e+01,1.541132965087890625e+02,1.431295108795166016e+01,1.673121070861816406e+01,4.000000000000000000e+00
2.817999999999999972e+01,1.543649444580078125e+02,1.429105949401855469e+01,1.678784751892089844e+01,4.000000000000000000e+00
2.819999999999999929e+01,1.546155548095703125e+02,1.426859569549560547e+01,1.684361839294433594e+01,4.000000000000000000e+00
2.821999999999999886e+01,1.548651428222656250e+02,1.424556446075439453e+01,1.689852523803710938e+01,4.000000000000000000e+00
2.824000000000000199e+01,1.551137084960937500e+02,1.422197341918945312e+01,1.695256996154785156e+01,4.000000000000000000e+00
2.826000000000000156e+01,1.553612518310546875e+02,1.419782733917236328e+01,1.700576210021972656e+01,4.000000000000000000e+00
2.828000000000000114e+01,1.556077880859375000e+02,1.417313480377197266e+01,1.705810165405273438e+01,4.000000000000000000e+00
2.830000000000000071e+01,1.558533325195312500e+02,1.414790153503417969e+01,1.710959625244140625e+01,4.000000000000000000e+00
2.832000000000000028e+01,1.560978851318359375e+02,1.412213420867919922e+01,1.716024780273437500e+01,4.000000000000000000e+00
2.833999999999999986e+01,1.563414764404296875e+02,1.409583854675292969e+01,1.721006011962890625e+01,4.000000000000000000e+00
2.835999999999999943e+01,1.565840759277343750e+02,1.406902313232421875e+01,1.725903892517089844e+01,4.000000000000000000e+00
2.837999999999999901e+01,1.568257141113281250e+02,1.404169273376464844e+01,1.730718994140625000e+01,4.000000000000000000e+00
2.840000000000000213e+01,1.570664062500000000e+02,1.401385498046875000e+01,1.735451889038085938e+01,4.000000000000000000e+00
2.842000000000000171e+01,1.573061523437500000e+02,1.398551750183105469e+01,1.740102958679199219e+01,4.000000000000000000e+00
2.844000000000000128e+01,1.575449676513671875e+02,1.395668697357177734e+01,1.744672966003417969e+01,4.000000000000000000e+00
2.846000000000000085e+01,1.577828674316406250e+02,1.392737007141113281e+01,1.749161911010742188e+01,4.000000000000000000e+00
2.848000000000000043e+01,1.580198516845703125e+02,1.389757347106933594e+01,1.753570747375488281e+01,4.000000000000000000e+00
2.850000000000000000e+01,1.582559356689453125e+02,1.386730575561523438e+01,1.757900047302246094e+01,4.000000000000000000e+00
2.851999999999999957e+01,1.584911041259765625e+02,1.383657455444335938e+01,1.762150382995605469e+01,4.000000000000000000e+00
2.853999999999999915e+01,1.587254028320312500e+02,1.380538463592529297e+01,1.766322326660156250e+01,4.000000000000000000e+00
2.856000000000000227e+01,1.589588165283203125e+02,1.377374649047851562e+01,1.770416831970214844e+01,4.000000000000000000e+00
2.858000000000000185e+01,1.591913604736328125e+02,1.374166679382324219e+01,1.774434280395507812e+01,4.000000000000000000e+00
2.860000000000000142e+01,1.594230346679687500e+02,1.370915126800537109e+01,1.778375244140625000e+01,4.000000000000000000e+00
2.862000000000000099e+01,1.596538696289062500e+02,1.367621040344238281e+01,1.782240486145019531e+01,4.000000000000000000e+00
2.864000000000000057e+01,1.598838653564453125e+02,1.364285087585449219e+01,1.786030769348144531e+01,4.000000000000000000e+00
2.866000000000000014e+01,1.601130218505859375e+02,1.360908126831054688e+01,1.789747047424316406e+01,4.000000000000000000e+00
2.867999999999999972e+01,1.603413696289062500e+02,1.357490825653076172e+01,1.793389511108398438e+01,4.000000000000000000e+00
2.869999999999999929e+01,1.605688781738281250e+02,1.354034137725830078e+01,1.796959304809570312e+01,4.000000000000000000e+00
2.871999999999999886e+01,1.607956085205078125e+02,1.350538921356201172e+01,1.800457000732421875e+01,4.000000000000000000e+00
2.874000000000000199e+01,1.610215148925781250e+02,1.347005748748779297e+01,1.803883552551269531e+01,4.000000000000000000e+00
2.876000000000000156e+01,1.612466583251953125e+02,1.343435668945312500e+01,1.807239151000976562e+01,4.000000000000000000e+00
2.878000000000000114e+01,1.614710388183593750e+02,1.339829349517822266e+01,1.810525131225585938e+01,4.000000000000000000e+00
2.880000000000000071e+01,1.616946563720703125e+02,1.336187839508056641e+01,1.813742065429687500e+01,4.000000000000000000e+00
2.882000000000000028e+01,1.619175109863281250e+02,1.332511997222900391e+01,1.816890716552734375e+01,4.000000000000000000e+00
2.883999999999999986e+01,1.621396026611328125e+02,1.328802680969238281e+01,1.819972038269042969e+01,4.000000000000000000e+00
2.885999999999999943e+01,1.623609619140625000e+02,1.325060749053955078e+01,1.822986602783203125e+01,4.000000000000000000e+00
2.887999999999999901e+01,1.625816040039062500e+02,1.321287059783935547e+01,1.825935173034667969e+01,4.000000000000000000e+00
2.890000000000000213e+01,1.628015289306640625e+02,1.317482566833496094e+01,1.828818702697753906e+01,4.000000000000000000e+00
2.892000000000000171e+01,1.630207366943359375e+02,1.313648223876953125e+01,1.831637763977050781e+01,4.000000000000000000e+00
2.894000000000000128e+01,1.632392425537109375e+02,1.309784889221191406e+01,1.834393310546875000e+01,4.000000000000000000e+00
2.896000000000000085e+01,1.634570770263671875e+02,1.305893707275390625e+01,1.837085723876953125e+01,4.000000000000000000e+00
2.898000000000000043e+01,1.636742248535156250e+02,1.301975536346435547e+01,1.839715957641601562e+01,4.000000000000000000e+00
2.900000000000000000e+01,1.638907012939453125e+02,1.298031234741210938e+01,1.842285156250000000e+01,4.000000000000000000e+00
2.901999999999999957e+01,1.641065063476562500e+02,1.294061851501464844e+01,1.844793891906738281e+01,4.000000000000000000e+00
2.903999999999999915e+01,1.643216857910156250e+02,1.290068340301513672e+01,1.847242927551269531e+01,4.000000000000000000e+00
2.906000000000000227e+01,1.645362243652343750e+02,1.286051845550537109e+01,1.849633026123046875e+01,4.000000000000000000e+00
2.908000000000000185e+01,1.647501220703125000e+02,1.282013130187988281e+01,1.851964759826660156e+01,4.000000000000000000e+00
2.910000000000000142e+01,1.649634094238281250e+02,1.277953529357910156e+01,1.854239273071289062e+01,4.000000000000000000e+00
2.912000000000000099e+01,1.651760864257812500e+02,1.273873805999755859e+01,1.856457138061523438e+01,4.000000000000000000e+00
2.914000000000000057e+01,1.653881683349609375e+02,1.269775104522705078e+01,1.858618927001953125e+01,4.000000000000000000e+00
2.916000000000000014e+01,1.655996398925781250e+02,1.265658378601074219e+01,1.860725402832031250e+01,4.000000000000000000e+00
2.917999999999999972e+01,1.658105316162109375e+02,1.261524772644042969e+01,1.862777519226074219e+01,4.000000000000000000e+00
2.919999999999999929e+01,1.660208587646484375e+02,1.257375335693359375e+01,1.864775848388671875e+01,4.000000000000000000e+00
2.921999999999999886e+01,1.662306213378906250e+02,1.253211116790771484e+01,1.866721343994140625e+01,4.000000000000000000e+00
2.924000000000000199e+01,1.664398345947265625e+02,1.249033164978027344e+01,1.868614387512207031e+01,4.000000000000000000e+00
2.926000000000000156e+01,1.666485137939453125e+02,1.244842720031738281e+01,1.870455741882324219e+01,4.000000000000000000e+00
2.928000000000000114e+01,1.668566741943359375e+02,1.240640735626220703e+01,1.872246170043945312e+01,4.000000000000000000e+00
2.930000000000000071e+01,1.670643005371093750e+02,1.236428356170654297e+01,1.873986434936523438e+01,4.000000000000000000e+00
2.932000000000000028e+01,1.672714080810546875e+02,1.232206630706787109e+01,1.875676918029785156e+01,4.000000000000000000e+00
2.933999999999999986e+01,1.674780273437500000e+02,1.227976799011230469e+01,1.877318572998046875e+01,4.000000000000000000e+00
2.935999999999999943e+01,1.676841430664062500e+02,1.223739910125732422e+01,1.878912162780761719e+01,4.000000000000000000e+00
2.937999999999999901e+01,1.678897857666015625e+02,1.219497203826904297e+01,1.880458068847656250e+01,4.000000000000000000e+00
2.940000000000000213e+01,1.680949707031250000e+02,1.215249729156494141e+01,1.881956672668457031e+01,4.000000000000000000e+00
2.942000000000000171e+01,1.682996826171875000e+02,1.210998725891113281e+01,1.883408927917480469e+01,4.000000000000000000e+00
2.944000000000000128e+01,1.685039520263671875e+02,1.206745243072509766e+01,1.884815406799316406e+01,4.000000000000000000e+00
2.946000000000000085e+01,1.687077789306640625e+02,1.202490520477294922e+01,1.886176490783691406e+01,4.000000000000000000e+00
2.948000000000000043e+01,1.689111785888671875e+02,1.198235702514648438e+01,1.887493133544921875e+01,4.000000000000000000e+00
2.950000000000000000e+01,1.691141510009765625e+02,1.193981933593750000e+01,1.888765716552734375e+01,4.000000000000000000e+00
2.951999999999999957e+01,1.693167114257812500e+02,1.189730453491210938e+01,1.889995002746582031e+01,4.000000000000000000e+00
2.953999999999999915e+01,1.695188903808593750e+02,1.185482311248779297e+01,1.891181373596191406e+01,4.000000000000000000e+00
2.956000000000000227e+01,1.697206878662109375e+02,1.181238746643066406e+01,1.892324829101562500e+01,4.000000000000000000e+00
2.958000000000000185e+01,1.699221038818359375e+02,1.177000999450683594e+01,1.893426513671875000e+01,4.000000000000000000e+00
2.960000000000000142e+01,1.701231384277343750e+02,1.172770214080810547e+01,1.894486808776855469e+01,4.000000000000000000e+00
2.962000000000000099e+01,1.703237915039062500e+02,1.168547630310058594e+01,1.895506095886230469e+01,4.000000000000000000e+00
2.964000000000000057e+01,1.705240936279296875e+02,1.164334487915039062e+01,1.896485137939453125e+01,4.000000000000000000e+00
2.966000000000000014e+01,1.707240600585937500e+02,1.160131931304931641e+01,1.897424125671386719e+01,4.000000000000000000e+00
2.967999999999999972e+01,1.709236907958984375e+02,1.155941200256347656e+01,1.898323822021484375e+01,4.000000000000000000e+00
2.969999999999999929e+01,1.711230010986328125e+02,1.151763725280761719e+01,1.899184799194335938e+01,4.000000000000000000e+00
2.971999999999999886e+01,1.713219909667968750e+02,1.147600460052490234e+01,1.900006866455078125e+01,4.000000000000000000e+00
2.974000000000000199e+01,1.715206909179687500e+02,1.143452644348144531e+01,1.900791168212890625e+01,4.000000000000000000e+00
2.976000000000000156e+01,1.717190856933593750e+02,1.139321517944335938e+01,1.901537895202636719e+01,4.000000000000000000e+00
2.978000000000000114e+01,1.719171905517578125e+02,1.135208415985107422e+01,1.902247619628906250e+01,4.000000000000000000e+00
2.980000000000000071e+01,1.721150360107421875e+02,1.131114482879638672e+01,1.902920532226562500e+01,4.000000000000000000e+00
2.982000000000000028e+01,1.723126068115234375e+02,1.127040958404541016e+01,1.903557205200195312e+01,4.000000000000000000e+00
2.983999999999999986e+01,1.725099334716796875e+02,1.122988986968994141e+01,1.904158210754394531e+01,4.000000000000000000e+00
2.985999999999999943e+01,1.727070007324218750e+02,1.118959903717041016e+01,1.904723548889160156e+01,4.000000000000000000e+00
2.987999999999999901e+01,1.729038238525390625e+02,1.114954948425292969e+01,1.905253791809082031e+01,4.000000000000000000e+00
2.990000000000000213e+01,1.731004180908203125e+02,1.110975265502929688e+01,1.905749320983886719e+01,4.000000000000000000e+00
2.992000000000000171e+01,1.732967834472656250e+02,1.107022190093994141e+01,1.906210517883300781e+01,4.000000000000000000e+00
2.994000000000000128e+01,1.734929504394531250e+02,1.103096866607666016e+01,1.906637763977050781e+01,4.000000000000000000e+00
2.996000000000000085e+01,1.736888885498046875e+02,1.099200630187988281e+01,1.907031631469726562e+01,4.000000000000000000e+00
2.998000000000000043e+01,1.738846435546875000e+02,1.095334720611572266e+01,1.907392120361328125e+01,4.000000000000000000e+00
3.000000000000000000e+01,1.740802001953125000e+02,1.091500377655029297e+01,1.907719421386718750e+01,4.000000000000000000e+00
3.001999999999999957e+01,1.742755889892578125e+02,1.087698650360107422e+01,1.908014297485351562e+01,4.000000000000000000e+00
3.003999999999999915e+01,1.744708099365234375e+02,1.083931064605712891e+01,1.908276939392089844e+01,4.000000000000000000e+00
3.006000000000000227e+01,1.746658630371093750e+02,1.080198764801025391e+01,1.908507728576660156e+01,4.000000000000000000e+00
3.008000000000000185e+01,1.748607635498046875e+02,1.076502799987792969e+01,1.908706855773925781e+01,4.000000000000000000e+00
3.010000000000000142e+01,1.750555114746093750e+02,1.072844505310058594e+01,1.908874893188476562e+01,4.000000000000000000e+00
3.012000000000000099e+01,1.752501373291015625e+02,1.069225215911865234e+01,1.909012031555175781e+01,4.000000000000000000e+00
3.014000000000000057e+01,1.754446105957031250e+02,1.065646076202392578e+01,1.909118461608886719e+01,4.000000000000000000e+00
3.016000000000000014e+01,1.756389770507812500e+02,1.062108325958251953e+01,1.909194755554199219e+01,4.000000000000000000e+00
3.017999999999999972e+01,1.758332214355468750e+02,1.058613204956054688e+01,1.909240913391113281e+01,4.000000000000000000e+00
3.019999999999999929e+01,1.760273590087890625e+02,1.055162048339843750e+01,1.909257507324218750e+01,4.000000000000000000e+00
3.021999999999999886e+01,1.762213897705078125e+02,1.051756000518798828e+01,1.909244728088378906e+01,4.000000000000000000e+00
3.024000000000000199e+01,1.764153137207031250e+02,1.048396110534667969e+01,1.909202766418457031e+01,4.000000000000000000e+00
3.026000000000000156e+01,1.766091613769531250e+02,1.045083713531494141e+01,1.909132194519042969e+01,4.000000000000000000e+00
3.028000000000000114e+01,1.768029174804687500e+02,1.041820049285888672e+01,1.909033012390136719e+01,4.000000000000000000e+00
3.030000000000000071e+01,1.769965972900390625e+02,1.038606262207031250e+01,1.908905220031738281e+01,4.000000000000000000e+00
3.032000000000000028e+01,1.771902160644531250e+02,1.035443592071533203e+01,1.908749771118164062e+01,4.000000000000000000e+00
3.033999999999999986e+01,1.773837738037109375e+02,1.032333278656005859e+01,1.908566284179687500e+01,4.000000000000000000e+00
3.035999999999999943e+01,1.775772552490234375e+02,1.029276466369628906e+01,1.908355331420898438e+01,4.000000000000000000e+00
3.037999999999999901e+01,1.777707061767578125e+02,1.026274394989013672e+01,1.908117103576660156e+01,4.000000000000000000e+00
3.040000000000000213e+01,1.779641113281250000e+02,1.023328208923339844e+01,1.907851982116699219e+01,4.000000000000000000e+00
3.042000000000000171e+01,1.781574554443359375e+02,1.020439147949218750e+01,1.907559967041015625e+01,4.000000000000000000e+00
3.044000000000000128e+01,1.783507843017578125e+02,1.017608356475830078e+01,1.907241439819335938e+01,4.000000000000000000e+00
3.046000000000000085e+01,1.785440826416015625e+02,1.014837074279785156e+01,1.906896400451660156e+01,4.000000000000000000e+00
3.048000000000000043e+01,1.787373352050781250e+02,1.012126445770263672e+01,1.906525611877441406e+01,4.000000000000000000e+00
3.050000000000000000e+01,1.789305877685546875e+02,1.009477615356445312e+01,1.906129074096679688e+01,4.000000000000000000e+00
3.051999999999999957e+01,1.791238403320312500e+02,1.006891632080078125e+01,1.905706977844238281e+01,4.000000000000000000e+00
3.053999999999999915e+01,1.793170928955078125e+02,1.004369640350341797e+01,1.905259513854980469e+01,4.000000000000000000e+00
3.056000000000000227e+01,1.795103454589843750e+02,1.001912879943847656e+01,1.904787063598632812e+01,4.000000000000000000e+00
3.058000000000000185e+01,1.797035980224609375e+02,9.995224952697753906e+00,1.904289627075195312e+01,4.000000000000000000e+00
3.060000000000000142e+01,1.798968505859375000e+02,9.971994400024414062e+00,1.903767967224121094e+01,4.000000000000000000e+00
3.062000000000000099e+01,1.800901031494140625e+02,9.949449539184570312e+00,1.903221511840820312e+01,4.000000000000000000e+00
3.064000000000000057e+01,1.802833557128906250e+02,9.927601814270019531e+00,1.902651214599609375e+01,4.000000000000000000e+00
3.066000000000000014e+01,1.804766082763671875e+02,9.906462669372558594e+00,1.902057075500488281e+01,4.000000000000000000e+00
3.067999999999999972e+01,1.806698608398437500e+02,9.886041641235351562e+00,1.901439094543457031e+01,4.000000000000000000e+00
3.069999999999999929e+01,1.808631439208984375e+02,9.866349220275878906e+00,1.900798034667968750e+01,4.000000000000000000e+00
3.071999999999999886e+01,1.810564727783203125e+02,9.847396850585937500e+00,1.900133895874023438e+01,4.000000000000000000e+00
3.074000000000000199e+01,1.812498016357421875e+02,9.829195976257324219e+00,1.899446868896484375e+01,4.000000000000000000e+00
3.076000000000000156e+01,1.814431610107421875e+02,9.811755180358886719e+00,1.898736953735351562e+01,4.000000000000000000e+00
3.078000000000000114e+01,1.816365661621093750e+02,9.795085906982421875e+00,1.898004722595214844e+01,4.000000000000000000e+00
3.080000000000000071e+01,1.818299713134765625e+02,9.779197692871093750e+00,1.897250366210937500e+01,4.000000000000000000e+00
3.082000000000000028e+01,1.820234527587890625e+02,9.764101982116699219e+00,1.896473884582519531e+01,4.000000000000000000e+00
3.083999999999999986e+01,1.822169342041015625e+02,9.749807357788085938e+00,1.895675659179687500e+01,4.000000000000000000e+00
3.085999999999999943e+01,1.824104919433593750e+02,9.736323356628417969e+00,1.894855690002441406e+01,4.000000000000000000e+00
3.087999999999999901e+01,1.826040496826171875e+02,9.723660469055175781e+00,1.894014739990234375e+01,4.000000000000000000e+00
3.090000000000000213e+01,1.827976837158203125e+02,9.711825370788574219e+00,1.893152618408203125e+01,4.000000000000000000e+00
3.092000000000000171e+01,1.829913330078125000e+02,9.700830459594726562e+00,1.892269897460937500e+01,4.000000000000000000e+00
3.094000000000000128e+01,1.831850433349609375e+02,9.690682411193847656e+00,1.891366577148437500e+01,4.000000000000000000e+00
3.096000000000000085e+01,1.833787841796875000e+02,9.681389808654785156e+00,1.890443229675292969e+01,4.000000000000000000e+00
3.098000000000000043e+01,1.835725708007812500e+02,9.672961235046386719e+00,1.889500045776367188e+01,4.000000000000000000e+00
3.100000000000000000e+01,1.837664031982421875e+02,9.665405273437500000e+00,1.888537597656250000e+01,4.000000000000000000e+00
3.101999999999999957e+01,1.839602661132812500e+02,9.658729553222656250e+00,1.887555313110351562e+01,4.000000000000000000e+00
3.103999999999999915e+01,1.841541900634765625e+02,9.652940750122070312e+00,1.886554527282714844e+01,4.000000000000000000e+00
3.106000000000000227e+01,1.843481292724609375e+02,9.648045539855957031e+00,1.885535049438476562e+01,4.000000000000000000e+00
3.108000000000000185e+01,1.845421447753906250e+02,9.644051551818847656e+00,1.884497261047363281e+01,4.000000000000000000e+00
3.110000000000000142e+01,1.847361602783203125e+02,9.640966415405273438e+00,1.883441352844238281e+01,4.000000000000000000e+00
3.112000000000000099e+01,1.849302520751953125e+02,9.638795852661132812e+00,1.882367897033691406e+01,4.000000000000000000e+00
3.114000000000000057e+01,1.851243438720703125e+02,9.637543678283691406e+00,1.881277084350585938e+01,4.000000000000000000e+00
3.116000000000000014e+01,1.853185119628906250e+02,9.637218475341796875e+00,1.880169105529785156e+01,4.000000000000000000e+00
3.117999999999999972e+01,1.855126800537109375e+02,9.637824058532714844e+00,1.879044532775878906e+01,4.000000000000000000e+00
3.119999999999999929e+01,1.857069244384765625e+02,9.639364242553710938e+00,1.877903747558593750e+01,4.000000000000000000e+00
3.122000000000000242e+01,1.859011688232421875e+02,9.641845703125000000e+00,1.876746940612792969e+01,4.000000000000000000e+00
3.124000000000000199e+01,1.860954589843750000e+02,9.645272254943847656e+00,1.875574302673339844e+01,4.000000000000000000e+00
3.126000000000000156e+01,1.862897796630859375e+02,9.649649620056152344e+00,1.874386215209960938e+01,4.000000000000000000e+00
3.128000000000000114e+01,1.864841003417968750e+02,9.654980659484863281e+00,1.873182868957519531e+01,4.000000000000000000e+00
3.130000000000000071e+01,1.866784820556640625e+02,9.661266326904296875e+00,1.871965026855468750e+01,4.000000000000000000e+00
3.132000000000000028e+01,1.868728790283203125e+02,9.668512344360351562e+00,1.870732879638671875e+01,4.000000000000000000e+00
3.133999999999999986e+01,1.870672760009765625e+02,9.676720619201660156e+00,1.869486427307128906e+01,4.000000000000000000e+00
3.135999999999999943e+01,1.872616729736328125e+02,9.685894012451171875e+00,1.868225669860839844e+01,4.000000000000000000e+00
3.137999999999999901e+01,1.874561309814453125e+02,9.696036338806152344e+00,1.866951560974121094e+01,4.000000000000000000e+00
3.140000000000000213e+01,1.876506042480468750e+02,9.707148551940917969e+00,1.865664100646972656e+01,4.000000000000000000e+00
3.142000000000000171e+01,1.878450775146484375e+02,9.719232559204101562e+00,1.864363670349121094e+01,4.000000000000000000e+00
3.144000000000000128e+01,1.880395507812500000e+02,9.732288360595703125e+00,1.863050460815429688e+01,4.000000000000000000e+00
3.146000000000000085e+01,1.882340240478515625e+02,9.746318817138671875e+00,1.861725044250488281e+01,4.000000000000000000e+00
3.148000000000000043e+01,1.884284973144531250e+02,9.761324882507324219e+00,1.860387229919433594e+01,4.000000000000000000e+00
3.150000000000000000e+01,1.886229705810546875e+02,9.777308464050292969e+00,1.859037971496582031e+01,4.000000000000000000e+00
3.151999999999999957e+01,1.888174438476562500e+02,9.794264793395996094e+00,1.857677078247070312e+01,4.000000000000000000e+00
3.153999999999999915e+01,1.890119171142578125e+02,9.812198638916015625e+00,1.856305122375488281e+01,4.000000000000000000e+00
3.156000000000000227e+01,1.892063903808593750e+02,9.831110000610351562e+00,1.854921913146972656e+01,4.000000000000000000e+00
3.158000000000000185e+01,1.894008636474609375e+02,9.850994110107421875e+00,1.853528022766113281e+01,4.000000000000000000e+00
3.160000000000000142e+01,1.895952606201171875e+02,9.871854782104492188e+00,1.852123641967773438e+01,4.000000000000000000e+00
3.162000000000000099e+01,1.897896575927734375e+02,9.893689155578613281e+00,1.850709342956542969e+01,4.000000000000000000e+00
3.164000000000000057e+01,1.899840545654296875e+02,9.916495323181152344e+00,1.849284744262695312e+01,4.000000000000000000e+00
3.166000000000000014e+01,1.901784210205078125e+02,9.940272331237792969e+00,1.847850418090820312e+01,4.000000000000000000e+00
3.167999999999999972e+01,1.903727416992187500e+02,9.965018272399902344e+00,1.846406555175781250e+01,4.000000000000000000e+00
3.169999999999999929e+01,1.905670623779296875e+02,9.990730285644531250e+00,1.844954109191894531e+01,4.000000000000000000e+00
3.172000000000000242e+01,1.907613067626953125e+02,1.001740741729736328e+01,1.843492317199707031e+01,4.000000000000000000e+00
3.174000000000000199e+01,1.909555511474609375e+02,1.004504680633544922e+01,1.842021942138671875e+01,4.000000000000000000e+00
3.176000000000000156e+01,1.911497344970703125e+02,1.007364559173583984e+01,1.840543174743652344e+01,4.000000000000000000e+00
3.178000000000000114e+01,1.913439025878906250e+02,1.010319995880126953e+01,1.839056015014648438e+01,4.000000000000000000e+00
3.180000000000000071e+01,1.915379943847656250e+02,1.013370704650878906e+01,1.837561035156250000e+01,4.000000000000000000e+00
3.182000000000000028e+01,1.917320556640625000e+02,1.016516208648681641e+01,1.836058044433593750e+01,4.000000000000000000e+00
3.183999999999999986e+01,1.919260711669921875e+02,1.019756221771240234e+01,1.834547424316406250e+01,4.000000000000000000e+00
3.185999999999999943e+01,1.921200103759765625e+02,1.023090267181396484e+01,1.833029365539550781e+01,4.000000000000000000e+00
3.187999999999999901e+01,1.923139038085937500e+02,1.026517868041992188e+01,1.831504249572753906e+01,4.000000000000000000e+00
3.190000000000000213e+01,1.925077362060546875e+02,1.030038738250732422e+01,1.829971885681152344e+01,4.000000000000000000e+00
3.192000000000000171e+01,1.927015075683593750e+02,1.033652114868164062e+01,1.828432846069335938e+01,4.000000000000000000e+00
3.194000000000000128e+01,1.928952178955078125e+02,1.037357711791992188e+01,1.826887321472167969e+01,4.000000000000000000e+00
3.196000000000000085e+01,1.930888519287109375e+02,1.041154766082763672e+01,1.825335311889648438e+01,4.000000000000000000e+00
3.198000000000000043e+01,1.932824096679687500e+02,1.045042896270751953e+01,1.823777198791503906e+01,4.000000000000000000e+00
3.200000000000000000e+01,1.934759063720703125e+02,1.049021434783935547e+01,1.822212982177734375e+01,4.000000000000000000e+00
3.202000000000000313e+01,1.936693267822265625e+02,1.053089714050292969e+01,1.820643234252929688e+01,4.000000000000000000e+00
3.203999999999999915e+01,1.938626708984375000e+02,1.057247161865234375e+01,1.819067764282226562e+01,4.000000000000000000e+00
3.206000000000000227e+01,1.940559387207031250e+02,1.061492919921875000e+01,1.817486953735351562e+01,4.000000000000000000e+00
3.207999999999999829e+01,1.942491302490234375e+02,1.065826606750488281e+01,1.815900993347167969e+01,4.000000000000000000e+00
3.210000000000000142e+01,1.944422302246093750e+02,1.070247173309326172e+01,1.814310264587402344e+01,4.000000000000000000e+00
3.211999999999999744e+01,1.946352539062500000e+02,1.074754238128662109e+01,1.812714767456054688e+01,4.000000000000000000e+00
3.214000000000000057e+01,1.948281860351562500e+02,1.079346656799316406e+01,1.811114501953125000e+01,4.000000000000000000e+00
3.216000000000000369e+01,1.950210266113281250e+02,1.084023761749267578e+01,1.809509468078613281e+01,4.000000000000000000e+00
3.217999999999999972e+01,1.952137908935546875e+02,1.088784503936767578e+01,1.807900428771972656e+01,4.000000000000000000e+00
3.220000000000000284e+01,1.954064636230468750e+02,1.093628311157226562e+01,1.806287002563476562e+01,4.000000000000000000e+00
3.221999999999999886e+01,1.955990447998046875e+02,1.098554229736328125e+01,1.804669570922851562e+01,4.000000000000000000e+00
3.224000000000000199e+01,1.957915496826171875e+02,1.103561305999755859e+01,1.803048133850097656e+01,4.000000000000000000e+00
3.225999999999999801e+01,1.959839477539062500e+02,1.108648490905761719e+01,1.801422882080078125e+01,4.000000000000000000e+00
3.228000000000000114e+01,1.961762542724609375e+02,1.113814926147460938e+01,1.799794006347656250e+01,4.000000000000000000e+00
3.229999999999999716e+01,1.963684692382812500e+02,1.119059371948242188e+01,1.798161697387695312e+01,4.000000000000000000e+00
3.232000000000000028e+01,1.965606079101562500e+02,1.124380874633789062e+01,1.796525764465332031e+01,4.000000000000000000e+00
3.234000000000000341e+01,1.967526550292968750e+02,1.129778480529785156e+01,1.794886779785156250e+01,4.000000000000000000e+00
3.235999999999999943e+01,1.969445953369140625e+02,1.135250949859619141e+01,1.793244743347167969e+01,4.000000000000000000e+00
3.238000000000000256e+01,1.971364593505859375e+02,1.140797233581542969e+01,1.791599655151367188e+01,4.000000000000000000e+00
3.239999999999999858e+01,1.973282318115234375e+02,1.146416091918945312e+01,1.789951896667480469e+01,4.000000000000000000e+00
3.242000000000000171e+01,1.975199127197265625e+02,1.152106285095214844e+01,1.788301467895507812e+01,4.000000000000000000e+00
3.243999999999999773e+01,1.977115020751953125e+02,1.157866668701171875e+01,1.786648559570312500e+01,4.000000000000000000e+00
3.246000000000000085e+01,1.979030151367187500e+02,1.163695812225341797e+01,1.784993743896484375e+01,4.000000000000000000e+00
3.248000000000000398e+01,1.980944366455078125e+02,1.169592761993408203e+01,1.783336639404296875e+01,4.000000000000000000e+00
3.250000000000000000e+01,1.982857666015625000e+02,1.175555801391601562e+01,1.781677627563476562e+01,4.000000000000000000e+00
3.252000000000000313e+01,1.984770202636718750e+02,1.181583881378173828e+01,1.780016899108886719e+01,4.000000000000000000e+00
3.253999999999999915e+01,1.986681976318359375e+02,1.187675476074218750e+01,1.778354644775390625e+01,4.000000000000000000e+00
3.256000000000000227e+01,1.988592987060546875e+02,1.193829250335693359e+01,1.776690864562988281e+01,4.000000000000000000e+00
3.257999999999999829e+01,1.990503234863281250e+02,1.200043678283691406e+01,1.775025939941406250e+01,4.000000000000000000e+00
3.260000000000000142e+01,1.992412719726562500e+02,1.206317138671875000e+01,1.773359680175781250e+01,4.000000000000000000e+00
3.261999999999999744e+01,1.994321594238281250e+02,1.212648391723632812e+01,1.771692466735839844e+01,4.000000000000000000e+00
3.264000000000000057e+01,1.996229705810546875e+02,1.219035816192626953e+01,1.770024490356445312e+01,4.000000000000000000e+00
3.266000000000000369e+01,1.998137207031250000e+02,1.225477695465087891e+01,1.768355560302734375e+01,4.000000000000000000e+00
3.267999999999999972e+01,2.000044097900390625e+02,1.231972599029541016e+01,1.766686248779296875e+01,4.000000000000000000e+00
3.270000000000000284e+01,2.001950378417968750e+02,1.238518905639648438e+01,1.765016365051269531e+01,4.000000000000000000e+00
3.271999999999999886e+01,2.003856201171875000e+02,1.245114898681640625e+01,1.763346481323242188e+01,4.000000000000000000e+00
3.274000000000000199e+01,2.005761413574218750e+02,1.251758956909179688e+01,1.761676597595214844e+01,4.000000000000000000e+00
3.275999999999999801e+01,2.007666320800781250e+02,1.258449172973632812e+01,1.760005760192871094e+01,4.000000000000000000e+00
3.278000000000000114e+01,2.009570617675781250e+02,1.265183925628662109e+01,1.758334922790527344e+01,4.000000000000000000e+00
3.279999999999999716e+01,2.011474914550781250e+02,1.271961498260498047e+01,1.756664276123046875e+01,4.000000000000000000e+00
3.282000000000000028e+01,2.013378448486328125e+02,1.278780078887939453e+01,1.754994392395019531e+01,4.000000000000000000e+00
3.284000000000000341e+01,2.015281982421875000e+02,1.285637760162353516e+01,1.753324508666992188e+01,4.000000000000000000e+00
3.285999999999999943e+01,2.017185516357421875e+02,1.292532730102539062e+01,1.751654624938964844e+01,4.000000000000000000e+00
3.288000000000000256e+01,2.019088439941406250e+02,1.299463176727294922e+01,1.749985694885253906e+01,4.000000000000000000e+00
3.289999999999999858e+01,2.020991210937500000e+02,1.306427001953125000e+01,1.748316764831542969e+01,4.000000000000000000e+00
3.292000000000000171e+01,2.022893981933593750e+02,1.313422489166259766e+01,1.746648406982421875e+01,4.000000000000000000e+00
3.293999999999999773e+01,2.024796752929687500e+02,1.320447540283203125e+01,1.744980430603027344e+01,4.000000000000000000e+00
3.296000000000000085e+01,2.026699523925781250e+02,1.327500247955322266e+01,1.743313217163085938e+01,4.000000000000000000e+00
3.298000000000000398e+01,2.028602905273437500e+02,1.334578704833984375e+01,1.741646194458007812e+01,4.000000000000000000e+00
3.300000000000000000e+01,2.030506439208984375e+02,1.341680622100830078e+01,1.739979743957519531e+01,4.000000000000000000e+00
3.302000000000000313e+01,2.032409973144531250e+02,1.348804187774658203e+01,1.738313674926757812e+01,4.000000000000000000e+00
3.303999999999999915e+01,2.034314117431640625e+02,1.355947113037109375e+01,1.736648178100585938e+01,4.000000000000000000e+00
3.306000000000000227e+01,2.036218414306640625e+02,1.363107490539550781e+01,1.734983062744140625e+01,4.000000000000000000e+00
3.307999999999999829e+01,2.038123474121093750e+02,1.370283031463623047e+01,1.733317947387695312e+01,4.000000000000000000e+00
3.310000000000000142e+01,2.040028839111328125e+02,1.377471828460693359e+01,1.731653785705566406e+01,4.000000000000000000e+00
3.311999999999999744e+01,2.041934814453125000e+02,1.384671497344970703e+01,1.729989624023437500e+01,4.000000000000000000e+00
3.314000000000000057e+01,2.043841552734375000e+02,1.391880035400390625e+01,1.728325462341308594e+01,4.000000000000000000e+00
3.316000000000000369e+01,2.045749053955078125e+02,1.399095058441162109e+01,1.726661300659179688e+01,4.000000000000000000e+00
3.317999999999999972e+01,2.047657470703125000e+02,1.406314468383789062e+01,1.724997138977050781e+01,4.000000000000000000e+00
3.320000000000000284e+01,2.049566802978515625e+02,1.413535976409912109e+01,1.723332786560058594e+01,4.000000000000000000e+00
3.321999999999999886e+01,2.051477050781250000e+02,1.420757389068603516e+01,1.721667671203613281e+01,4.000000000000000000e+00
3.324000000000000199e+01,2.053388519287109375e+02,1.427976417541503906e+01,1.720002365112304688e+01,4.000000000000000000e+00
3.325999999999999801e+01,2.055301055908203125e+02,1.435190773010253906e+01,1.718336296081542969e+01,4.000000000000000000e+00
3.328000000000000114e+01,2.057214813232421875e+02,1.442398166656494141e+01,1.716669273376464844e+01,4.000000000000000000e+00
3.329999999999999716e+01,2.059129943847656250e+02,1.449596214294433594e+01,1.715001106262207031e+01,4.000000000000000000e+00
3.332000000000000028e+01,2.061046447753906250e+02,1.456782722473144531e+01,1.713331794738769531e+01,4.000000000000000000e+00
3.334000000000000341e+01,2.062964477539062500e+02,1.463955116271972656e+01,1.711660957336425781e+01,4.000000000000000000e+00
3.335999999999999943e+01,2.064884185791015625e+02,1.471111202239990234e+01,1.709988594055175781e+01,4.000000000000000000e+00
3.338000000000000256e+01,2.066805419921875000e+02,1.478248596191406250e+01,1.708314132690429688e+01,4.000000000000000000e+00
3.339999999999999858e+01,2.068728485107421875e+02,1.485364818572998047e+01,1.706637763977050781e+01,4.000000000000000000e+00
3.342000000000000171e+01,2.070653228759765625e+02,1.492457580566406250e+01,1.704958915710449219e+01,4.000000000000000000e+00
3.343999999999999773e+01,2.072579803466796875e+02,1.499524402618408203e+01,1.703277397155761719e+01,4.000000000000000000e+00
3.346000000000000085e+01,2.074508666992187500e+02,1.506562805175781250e+01,1.701592826843261719e+01,4.000000000000000000e+00
3.348000000000000398e+01,2.076439514160156250e+02,1.513570499420166016e+01,1.699905204772949219e+01,4.000000000000000000e+00
3.350000000000000000e+01,2.078372497558593750e+02,1.520544910430908203e+01,1.698213958740234375e+01,4.000000000000000000e+00
3.352000000000000313e+01,2.080307769775390625e+02,1.527483558654785156e+01,1.696518898010253906e+01,4.000000000000000000e+00
3.353999999999999915e+01,2.082245330810546875e+02,1.534384059906005859e+01,1.694819641113281250e+01,4.000000000000000000e+00
3.356000000000000227e+01,2.084185180664062500e+02,1.541243934631347656e+01,1.693116378784179688e+01,4.000000000000000000e+00
3.357999999999999829e+01,2.086127624511718750e+02,1.548060703277587891e+01,1.691408348083496094e+01,4.000000000000000000e+00
3.360000000000000142e+01,2.088072662353515625e+02,1.554831886291503906e+01,1.689694976806640625e+01,4.000000000000000000e+00
3.361999999999999744e+01,2.090020294189453125e+02,1.561555099487304688e+01,1.687976455688476562e+01,4.000000000000000000e+00
3.364000000000000057e+01,2.091970672607421875e+02,1.568227767944335938e+01,1.686252021789550781e+01,4.000000000000000000e+00
3.366000000000000369e+01,2.093923950195312500e+02,1.574847126007080078e+01,1.684521675109863281e+01,4.000000000000000000e+00
3.367999999999999972e+01,2.095879974365234375e+02,1.581410980224609375e+01,1.682785034179687500e+01,4.000000000000000000e+00
3.370000000000000284e+01,2.097838897705078125e+02,1.587916660308837891e+01,1.681041717529296875e+01,4.000000000000000000e+00
3.371999999999999886e+01,2.099800872802734375e+02,1.594361686706542969e+01,1.679291534423828125e+01,4.000000000000000000e+00
3.374000000000000199e+01,2.101765899658203125e+02,1.600743675231933594e+01,1.677533721923828125e+01,4.000000000000000000e+00
3.375999999999999801e+01,2.103734130859375000e+02,1.607059860229492188e+01,1.675768089294433594e+01,4.000000000000000000e+00
3.378000000000000114e+01,2.105705566406250000e+02,1.613307952880859375e+01,1.673994636535644531e+01,4.000000000000000000e+00
3.379999999999999716e+01,2.107680206298828125e+02,1.619485473632812500e+01,1.672212791442871094e+01,4.000000000000000000e+00
3.382000000000000028e+01,2.109658203125000000e+02,1.625589561462402344e+01,1.670421791076660156e+01,4.000000000000000000e+00
3.384000000000000341e+01,2.111639556884765625e+02,1.631617736816406250e+01,1.668622207641601562e+01,4.000000000000000000e+00
3.385999999999999943e+01,2.113624420166015625e+02,1.637567901611328125e+01,1.666812324523925781e+01,4.000000000000000000e+00
3.388000000000000256e+01,2.115612640380859375e+02,1.643437576293945312e+01,1.664992713928222656e+01,4.000000000000000000e+00
3.389999999999999858e+01,2.117604675292968750e+02,1.649224090576171875e+01,1.663162612915039062e+01,4.000000000000000000e+00
3.392000000000000171e+01,2.119599914550781250e+02,1.654925155639648438e+01,1.661321830749511719e+01,4.000000000000000000e+00
3.393999999999999773e+01,2.121598815917968750e+02,1.660538291931152344e+01,1.659470367431640625e+01,4.000000000000000000e+00
3.396000000000000085e+01,2.123601531982421875e+02,1.666061019897460938e+01,1.657607841491699219e+01,4.000000000000000000e+00
3.398000000000000398e+01,2.125608062744140625e+02,1.671491432189941406e+01,1.655734252929687500e+01,4.000000000000000000e+00
3.400000000000000000e+01,2.127618408203125000e+02,1.676827239990234375e+01,1.653849411010742188e+01,4.000000000000000000e+00
3.402000000000000313e+01,2.129632110595703125e+02,1.682066154479980469e+01,1.651953506469726562e+01,4.000000000000000000e+00
3.403999999999999915e+01,2.131649322509765625e+02,1.687206459045410156e+01,1.650046539306640625e+01,4.000000000000000000e+00
3.406000000000000227e+01,2.133670349121093750e+02,1.692245292663574219e+01,1.648128318786621094e+01,4.000000000000000000e+00
3.407999999999999829e+01,2.135695190429687500e+02,1.697181320190429688e+01,1.646199417114257812e+01,4.000000000000000000e+00
3.410000000000000142e+01,2.137723846435546875e+02,1.702012252807617188e+01,1.644259452819824219e+01,4.000000000000000000e+00
3.411999999999999744e+01,2.139756317138671875e+02,1.706736373901367188e+01,1.642308807373046875e+01,4.000000000000000000e+00
3.414000000000000057e+01,2.141792602539062500e+02,1.711352157592773438e+01,1.640347671508789062e+01,4.000000000000000000e+00
3.416000000000000369e+01,2.143832702636718750e+02,1.715857696533203125e+01,1.638376426696777344e+01,4.000000000000000000e+00
3.417999999999999972e+01,2.145876007080078125e+02,1.720251274108886719e+01,1.636394882202148438e+01,4.000000000000000000e+00
3.420000000000000284e+01,2.147922973632812500e+02,1.724531364440917969e+01,1.634403610229492188e+01,4.000000000000000000e+00
3.421999999999999886e+01,2.149973754882812500e+02,1.728696632385253906e+01,1.632402801513671875e+01,4.000000000000000000e+00
3.424000000000000199e+01,2.152028350830078125e+02,1.732745552062988281e+01,1.630393028259277344e+01,4.000000000000000000e+00
3.425999999999999801e+01,2.154085998535156250e+02,1.736676788330078125e+01,1.628374290466308594e+01,4.000000000000000000e+00
3.428000000000000114e+01,2.156147460937500000e+02,1.740489387512207031e+01,1.626346969604492188e+01,4.000000000000000000e+00
3.430000000000000426e+01,2.158212280273437500e+02,1.744181823730468750e+01,1.624311447143554688e+01,4.000000000000000000e+00
3.432000000000000028e+01,2.160280609130859375e+02,1.747753143310546875e+01,1.622267723083496094e+01,4.000000000000000000e+00
3.434000000000000341e+01,2.162352142333984375e+02,1.751202392578125000e+01,1.620216560363769531e+01,4.000000000000000000e+00
3.435999999999999943e+01,2.164427032470703125e+02,1.754528808593750000e+01,1.618157768249511719e+01,4.000000000000000000e+00
3.438000000000000256e+01,2.166505279541015625e+02,1.757731246948242188e+01,1.616092109680175781e+01,4.000000000000000000e+00
3.439999999999999858e+01,2.168586578369140625e+02,1.760809326171875000e+01,1.614019775390625000e+01,4.000000000000000000e+00
3.442000000000000171e+01,2.170670928955078125e+02,1.763762283325195312e+01,1.611941146850585938e+01,4.000000000000000000e+00
3.443999999999999773e+01,2.172758483886718750e+02,1.766589164733886719e+01,1.609856224060058594e+01,4.000000000000000000e+00
3.446000000000000085e+01,2.174848937988281250e+02,1.769289779663085938e+01,1.607765769958496094e+01,4.000000000000000000e+00
3.448000000000000398e+01,2.176942291259765625e+02,1.771863365173339844e+01,1.605669593811035156e+01,4.000000000000000000e+00
3.450000000000000000e+01,2.179038543701171875e+02,1.774309730529785156e+01,1.603568649291992188e+01,4.000000000000000000e+00
3.452000000000000313e+01,2.181137542724609375e+02,1.776628303527832031e+01,1.601462936401367188e+01,4.000000000000000000e+00
3.453999999999999915e+01,2.183239135742187500e+02,1.778818893432617188e+01,1.599352455139160156e+01,4.000000000000000000e+00
3.456000000000000227e+01,2.185343322753906250e+02,1.780881500244140625e+01,1.597237396240234375e+01,4.000000000000000000e+00
3.457999999999999829e+01,2.187450103759765625e+02,1.782815551757812500e+01,1.595118331909179688e+01,4.000000000000000000e+00
3.460000000000000142e+01,2.189559326171875000e+02,1.784621047973632812e+01,1.592995548248291016e+01,4.000000000000000000e+00
3.461999999999999744e+01,2.191670989990234375e+02,1.786298561096191406e+01,1.590869235992431641e+01,4.000000000000000000e+00
3.464000000000000057e+01,2.193784942626953125e+02,1.787847328186035156e+01,1.588739681243896484e+01,4.000000000000000000e+00
3.466000000000000369e+01,2.195901184082031250e+02,1.789267349243164062e+01,1.586607074737548828e+01,4.000000000000000000e+00
3.467999999999999972e+01,2.198019561767578125e+02,1.790559577941894531e+01,1.584471797943115234e+01,4.000000000000000000e+00
3.470000000000000284e+01,2.200139923095703125e+02,1.791723442077636719e+01,1.582334136962890625e+01,4.000000000000000000e+00
3.471999999999999886e+01,2.202262268066406250e+02,1.792759323120117188e+01,1.580194091796875000e+01,4.000000000000000000e+00
3.474000000000000199e+01,2.204386444091796875e+02,1.793667602539062500e+01,1.578051948547363281e+01,4.000000000000000000e+00
3.475999999999999801e+01,2.206512603759765625e+02,1.794448280334472656e+01,1.575907897949218750e+01,4.000000000000000000e+00
3.478000000000000114e+01,2.208640441894531250e+02,1.795102119445800781e+01,1.573762321472167969e+01,4.000000000000000000e+00
3.480000000000000426e+01,2.210769958496093750e+02,1.795629310607910156e+01,1.571615505218505859e+01,4.000000000000000000e+00
3.482000000000000028e+01,2.212901000976562500e+02,1.796030235290527344e+01,1.569467449188232422e+01,4.000000000000000000e+00
3.484000000000000341e+01,2.215033569335937500e+02,1.796305465698242188e+01,1.567318344116210938e+01,4.000000000000000000e+00
3.485999999999999943e+01,2.217167663574218750e+02,1.796455574035644531e+01,1.565168571472167969e+01,4.000000000000000000e+00
3.488000000000000256e+01,2.219303131103515625e+02,1.796481323242187500e+01,1.563018226623535156e+01,4.000000000000000000e+00
3.489999999999999858e+01,2.221439819335937500e+02,1.796382904052734375e+01,1.560867691040039062e+01,4.000000000000000000e+00
3.492000000000000171e+01,2.223577880859375000e+02,1.796160888671875000e+01,1.558716678619384766e+01,4.000000000000000000e+00
3.493999999999999773e+01,2.225716857910156250e+02,1.795816040039062500e+01,1.556565761566162109e+01,4.000000000000000000e+00
3.496000000000000085e+01,2.227857055664062500e+02,1.795349121093750000e+01,1.554415225982666016e+01,4.000000000000000000e+00
3.498000000000000398e+01,2.229998168945312500e+02,1.794761085510253906e+01,1.552264976501464844e+01,4.000000000000000000e+00
3.500000000000000000e+01,2.232140197753906250e+02,1.794052505493164062e+01,1.550115203857421875e+01,4.000000000000000000e+00
3.502000000000000313e+01,2.234283142089843750e+02,1.793223762512207031e+01,1.547966289520263672e+01,4.000000000000000000e+00
3.503999999999999915e+01,2.236426849365234375e+02,1.792276763916015625e+01,1.545818138122558594e+01,4.000000000000000000e+00
3.506000000000000227e+01,2.238571319580078125e+02,1.791211891174316406e+01,1.543671035766601562e+01,4.000000000000000000e+00
3.507999999999999829e+01,2.240716400146484375e+02,1.790029907226562500e+01,1.541525173187255859e+01,4.000000000000000000e+00
3.510000000000000142e+01,2.242861938476562500e+02,1.788731765747070312e+01,1.539380645751953125e+01,4.000000000000000000e+00
3.511999999999999744e+01,2.245008087158203125e+02,1.787318420410156250e+01,1.537237548828125000e+01,4.000000000000000000e+00
3.514000000000000057e+01,2.247154693603515625e+02,1.785791397094726562e+01,1.535096168518066406e+01,4.000000000000000000e+00
3.516000000000000369e+01,2.249301605224609375e+02,1.784151458740234375e+01,1.532956504821777344e+01,4.000000000000000000e+00
3.517999999999999972e+01,2.251448974609375000e+02,1.782399940490722656e+01,1.530818843841552734e+01,4.000000000000000000e+00
3.520000000000000284e+01,2.253596649169921875e+02,1.780537605285644531e+01,1.528683090209960938e+01,4.000000000000000000e+00
3.521999999999999886e+01,2.255744323730468750e+02,1.778565979003906250e+01,1.526549720764160156e+01,4.000000000000000000e+00
3.524000000000000199e+01,2.257892303466796875e+02,1.776486206054687500e+01,1.524418735504150391e+01,4.000000000000000000e+00
3.525999999999999801e+01,2.260040740966796875e+02,1.774299621582031250e+01,1.522290134429931641e+01,4.000000000000000000e+00
3.528000000000000114e+01,2.262189178466796875e+02,1.772007751464843750e+01,1.520163917541503906e+01,4.000000000000000000e+00
3.530000000000000426e+01,2.264337615966796875e+02,1.769611549377441406e+01,1.518040275573730469e+01,4.000000000000000000e+00
3.532000000000000028e+01,2.266486053466796875e+02,1.767112350463867188e+01,1.515919399261474609e+01,4.000000000000000000e+00
3.534000000000000341e+01,2.268634490966796875e+02,1.764511680603027344e+01,1.513801288604736328e+01,4.000000000000000000e+00
3.535999999999999943e+01,2.270782928466796875e+02,1.761811256408691406e+01,1.511686134338378906e+01,4.000000000000000000e+00
3.538000000000000256e+01,2.272931060791015625e+02,1.759012413024902344e+01,1.509573936462402344e+01,4.000000000000000000e+00
3.539999999999999858e+01,2.275078735351562500e+02,1.756117057800292969e+01,1.507464694976806641e+01,4.000000000000000000e+00
3.542000000000000171e+01,2.277226409912109375e+02,1.753126525878906250e+01,1.505358695983886719e+01,4.000000000000000000e+00
3.543999999999999773e+01,2.279374084472656250e+02,1.750042152404785156e+01,1.503255844116210938e+01,4.000000000000000000e+00
3.546000000000000085e+01,2.281521453857421875e+02,1.746866416931152344e+01,1.501156044006347656e+01,4.000000000000000000e+00
3.548000000000000398e+01,2.283668365478515625e+02,1.743600273132324219e+01,1.499059581756591797e+01,4.000000000000000000e+00
3.550000000000000000e+01,2.285815277099609375e+02,1.740245819091796875e+01,1.496966266632080078e+01,4.000000000000000000e+00
3.552000000000000313e+01,2.287961883544921875e+02,1.736804962158203125e+01,1.494876098632812500e+01,4.000000000000000000e+00
3.553999999999999915e+01,2.290108032226562500e+02,1.733279609680175781e+01,1.492789077758789062e+01,4.000000000000000000e+00
3.556000000000000227e+01,2.292254180908203125e+02,1.729671859741210938e+01,1.490705013275146484e+01,4.000000000000000000e+00
3.557999999999999829e+01,2.294399719238281250e+02,1.725983428955078125e+01,1.488623905181884766e+01,4.000000000000000000e+00
3.560000000000000142e+01,2.296545104980468750e+02,1.722216415405273438e+01,1.486545658111572266e+01,4.000000000000000000e+00
3.561999999999999744e+01,2.298690338134765625e+02,1.718372726440429688e+01,1.484470272064208984e+01,4.000000000000000000e+00
3.564000000000000057e+01,2.300834960937500000e+02,1.714454841613769531e+01,1.482397651672363281e+01,4.000000000000000000e+00
3.566000000000000369e+01,2.302979583740234375e+02,1.710464668273925781e+01,1.480327796936035156e+01,4.000000000000000000e+00
3.567999999999999972e+01,2.305123748779296875e+02,1.706404304504394531e+01,1.478260707855224609e+01,4.000000000000000000e+00
3.570000000000000284e+01,2.307267608642578125e+02,1.702275848388671875e+01,1.476196384429931641e+01,4.000000000000000000e+00
3.571999999999999886e+01,2.309411468505859375e+02,1.698081970214843750e+01,1.474134922027587891e+01,4.000000000000000000e+00
3.574000000000000199e+01,2.311554718017578125e+02,1.693824768066406250e+01,1.472076225280761719e+01,4.000000000000000000e+00
3.575999999999999801e+01,2.313697814941406250e+02,1.689506340026855469e+01,1.470020389556884766e+01,4.000000000000000000e+00
3.578000000000000114e+01,2.315840911865234375e+02,1.685129165649414062e+01,1.467967414855957031e+01,4.000000000000000000e+00
3.580000000000000426e+01,2.317984008789062500e+02,1.680695915222167969e+01,1.465917491912841797e+01,4.000000000000000000e+00
3.582000000000000028e+01,2.320126342773437500e+02,1.676208877563476562e+01,1.463870620727539062e+01,4.000000000000000000e+00
3.584000000000000341e+01,2.322268676757812500e+02,1.671670150756835938e+01,1.461826705932617188e+01,4.000000000000000000e+00
3.585999999999999943e+01,2.324411010742187500e+02,1.667082214355468750e+01,1.459785842895507812e+01,4.000000000000000000e+00
3.588000000000000256e+01,2.326553344726562500e+02,1.662447929382324219e+01,1.457748126983642578e+01,4.000000000000000000e+00
3.589999999999999858e+01,2.328695678710937500e+02,1.657769393920898438e+01,1.455713462829589844e+01,4.000000000000000000e+00
3.592000000000000171e+01,2.330838012695312500e+02,1.653049468994140625e+01,1.453682041168212891e+01,4.000000000000000000e+00
3.593999999999999773e+01,2.332980346679687500e+02,1.648290634155273438e+01,1.451653766632080078e+01,4.000000000000000000e+00
3.596000000000000085e+01,2.335122680664062500e+02,1.643495559692382812e+01,1.449628639221191406e+01,4.000000000000000000e+00
3.598000000000000398e+01,2.337265014648437500e+02,1.638666725158691406e+01,1.447606658935546875e+01,4.000000000000000000e+00
3.600000000000000000e+01,2.339407653808593750e+02,1.633806991577148438e+01,1.445587921142578125e+01,4.000000000000000000e+00
3.602000000000000313e+01,2.341550750732421875e+02,1.628918838500976562e+01,1.443572330474853516e+01,4.000000000000000000e+00
3.603999999999999915e+01,2.343693847656250000e+02,1.624004745483398438e+01,1.441559886932373047e+01,4.000000000000000000e+00
3.606000000000000227e+01,2.345837249755859375e+02,1.619067573547363281e+01,1.439550495147705078e+01,4.000000000000000000e+00
3.607999999999999829e+01,2.347981109619140625e+02,1.614110183715820312e+01,1.437544155120849609e+01,4.000000000000000000e+00
3.610000000000000142e+01,2.350125274658203125e+02,1.609134864807128906e+01,1.435540676116943359e+01,4.000000000000000000e+00
3.611999999999999744e+01,2.352269897460937500e+02,1.604144477844238281e+01,1.433540058135986328e+01,4.000000000000000000e+00
3.614000000000000057e+01,2.354415130615234375e+02,1.599141883850097656e+01,1.431542110443115234e+01,4.000000000000000000e+00
3.616000000000000369e+01,2.356560668945312500e+02,1.594129753112792969e+01,1.429546642303466797e+01,4.000000000000000000e+00
3.617999999999999972e+01,2.358706817626953125e+02,1.589110755920410156e+01,1.427553939819335938e+01,4.000000000000000000e+00
3.620000000000000284e+01,2.360853729248046875e+02,1.584087753295898438e+01,1.425563144683837891e+01,4.000000000000000000e+00
3.621999999999999886e+01,2.363001403808593750e+02,1.579063320159912109e+01,1.423574638366699219e+01,4.000000000000000000e+00
3.624000000000000199e+01,2.365149688720703125e+02,1.574040412902832031e+01,1.421587944030761719e+01,4.000000000000000000e+00
3.625999999999999801e+01,2.367298736572265625e+02,1.569021606445312500e+01,1.419602870941162109e+01,4.000000000000000000e+00
3.628000000000000114e+01,2.369448852539062500e+02,1.564009857177734375e+01,1.417619323730468750e+01,4.000000000000000000e+00
3.630000000000000426e+01,2.371599731445312500e+02,1.559007644653320312e+01,1.415637016296386719e+01,4.000000000000000000e+00
3.632000000000000028e+01,2.373751678466796875e+02,1.554017734527587891e+01,1.413655567169189453e+01,4.000000000000000000e+00
3.634000000000000341e+01,2.375904541015625000e+02,1.549042987823486328e+01,1.411674785614013672e+01,4.000000000000000000e+00
3.635999999999999943e+01,2.378058624267578125e+02,1.544086265563964844e+01,1.409694385528564453e+01,4.000000000000000000e+00
3.638000000000000256e+01,2.380213623046875000e+02,1.539150142669677734e+01,1.407714080810546875e+01,4.000000000000000000e+00
3.639999999999999858e+01,2.382369995117187500e+02,1.534237194061279297e+01,1.405733489990234375e+01,4.000000000000000000e+00
3.642000000000000171e+01,2.384527587890625000e+02,1.529350376129150391e+01,1.403752326965332031e+01,4.000000000000000000e+00
3.643999999999999773e+01,2.386686401367187500e+02,1.524492168426513672e+01,1.401770210266113281e+01,4.000000000000000000e+00
3.646000000000000085e+01,2.388846588134765625e+02,1.519665336608886719e+01,1.399786853790283203e+01,4.000000000000000000e+00
3.648000000000000398e+01,2.391008148193359375e+02,1.514872646331787109e+01,1.397801971435546875e+01,4.000000000000000000e+00
3.650000000000000000e+01,2.393171081542968750e+02,1.510116672515869141e+01,1.395815181732177734e+01,4.000000000000000000e+00
3.652000000000000313e+01,2.395335540771484375e+02,1.505399990081787109e+01,1.393826103210449219e+01,4.000000000000000000e+00
3.653999999999999915e+01,2.397501525878906250e+02,1.500725269317626953e+01,1.391834259033203125e+01,4.000000000000000000e+00
3.656000000000000227e+01,2.399669189453125000e+02,1.496095275878906250e+01,1.389839267730712891e+01,4.000000000000000000e+00
3.657999999999999829e+01,2.401838378906250000e+02,1.491512489318847656e+01,1.387840938568115234e+01,4.000000000000000000e+00
3.660000000000000142e+01,2.404009246826171875e+02,1.486979484558105469e+01,1.385838794708251953e+01,4.000000000000000000e+00
3.661999999999999744e+01,2.406181945800781250e+02,1.482498741149902344e+01,1.383832454681396484e+01,4.000000000000000000e+00
3.664000000000000057e+01,2.408356323242187500e+02,1.478072929382324219e+01,1.381821632385253906e+01,4.000000000000000000e+00
3.666000000000000369e+01,2.410532379150390625e+02,1.473704528808593750e+01,1.379805564880371094e+01,4.000000000000000000e+00
3.667999999999999972e+01,2.412710418701171875e+02,1.469396018981933594e+01,1.377784252166748047e+01,4.000000000000000000e+00
3.670000000000000284e+01,2.414890289306640625e+02,1.465149974822998047e+01,1.375757312774658203e+01,4.000000000000000000e+00
3.671999999999999886e+01,2.417072143554687500e+02,1.460968780517578125e+01,1.373724365234375000e+01,4.000000000000000000e+00
3.674000000000000199e+01,2.419255828857421875e+02,1.456854820251464844e+01,1.371684837341308594e+01,4.000000000000000000e+00
3.675999999999999801e+01,2.421441497802734375e+02,1.452810573577880859e+01,1.369638538360595703e+01,4.000000000000000000e+00
3.678000000000000114e+01,2.423629150390625000e+02,1.448838615417480469e+01,1.367584991455078125e+01,4.000000000000000000e+00
3.680000000000000426e+01,2.425818939208984375e+02,1.444941043853759766e+01,1.365524005889892578e+01,4.000000000000000000e+00
3.682000000000000028e+01,2.428010711669921875e+02,1.441120338439941406e+01,1.363455104827880859e+01,4.000000000000000000e+00
3.684000000000000341e+01,2.430204620361328125e+02,1.437378692626953125e+01,1.361377716064453125e+01,4.000000000000000000e+00
3.685999999999999943e+01,2.432400512695312500e+02,1.433718395233154297e+01,1.359291458129882812e+01,4.000000000000000000e+00
3.688000000000000256e+01,2.434598541259765625e+02,1.430141639709472656e+01,1.357196140289306641e+01,4.000000000000000000e+00
3.689999999999999858e+01,2.436798706054687500e+02,1.426650619506835938e+01,1.355091381072998047e+01,4.000000000000000000e+00
3.692000000000000171e+01,2.439001007080078125e+02,1.423247623443603516e+01,1.352976799011230469e+01,4.000000000000000000e+00
3.693999999999999773e+01,2.441205444335937500e+02,1.419934654235839844e+01,1.350852298736572266e+01,4.000000000000000000e+00
3.696000000000000085e+01,2.443412017822265625e+02,1.416713619232177734e+01,1.348717689514160156e+01,4.000000000000000000e+00
3.698000000000000398e+01,2.445620727539062500e+02,1.413586616516113281e+01,1.346572971343994141e+01,4.000000000000000000e+00
3.700000000000000000e+01,2.447831573486328125e+02,1.410555458068847656e+01,1.344418048858642578e+01,4.000000000000000000e+00
3.702000000000000313e+01,2.450044708251953125e+02,1.407622051239013672e+01,1.342252922058105469e+01,4.000000000000000000e+00
3.703999999999999915e+01,2.452259826660156250e+02,1.404788208007812500e+01,1.340077686309814453e+01,4.000000000000000000e+00
3.706000000000000227e+01,2.454477081298828125e+02,1.402055454254150391e+01,1.337892246246337891e+01,4.000000000000000000e+00
3.707999999999999829e+01,2.456696319580078125e+02,1.399425411224365234e+01,1.335696887969970703e+01,4.000000000000000000e+00
3.710000000000000142e+01,2.458917846679687500e+02,1.396899700164794922e+01,1.333491706848144531e+01,4.000000000000000000e+00
3.711999999999999744e+01,2.461141204833984375e+02,1.394479846954345703e+01,1.331276798248291016e+01,4.000000000000000000e+00
3.714000000000000057e+01,2.463366699218750000e+02,1.392167282104492188e+01,1.329052448272705078e+01,4.000000000000000000e+00
3.716000000000000369e+01,2.465594329833984375e+02,1.389963150024414062e+01,1.326818943023681641e+01,4.000000000000000000e+00
3.717999999999999972e+01,2.467823791503906250e+02,1.387868881225585938e+01,1.324576568603515625e+01,4.000000000000000000e+00
3.720000000000000284e+01,2.470055236816406250e+02,1.385885524749755859e+01,1.322325420379638672e+01,4.000000000000000000e+00
3.721999999999999886e+01,2.472288513183593750e+02,1.384014225006103516e+01,1.320065784454345703e+01,4.000000000000000000e+00
3.724000000000000199e+01,2.474523773193359375e+02,1.382256031036376953e+01,1.317797946929931641e+01,4.000000000000000000e+00
3.725999999999999801e+01,2.476760711669921875e+02,1.380611896514892578e+01,1.315522289276123047e+01,4.000000000000000000e+00
3.728000000000000114e+01,2.478999328613281250e+02,1.379082584381103516e+01,1.313239002227783203e+01,4.000000000000000000e+00
3.730000000000000426e+01,2.481239776611328125e+02,1.377668952941894531e+01,1.310948276519775391e+01,4.000000000000000000e+00
3.732000000000000028e+01,2.483481903076171875e+02,1.376371955871582031e+01,1.308650779724121094e+01,4.000000000000000000e+00
3.734000000000000341e+01,2.485725555419921875e+02,1.375191879272460938e+01,1.306346511840820312e+01,4.000000000000000000e+00
3.735999999999999943e+01,2.487970886230468750e+02,1.374129581451416016e+01,1.304035854339599609e+01,4.000000000000000000e+00
3.738000000000000256e+01,2.490217742919921875e+02,1.373185443878173828e+01,1.301718997955322266e+01,4.000000000000000000e+00
3.739999999999999858e+01,2.492465972900390625e+02,1.372360038757324219e+01,1.299396514892578125e+01,4.000000000000000000e+00
3.742000000000000171e+01,2.494715576171875000e+02,1.371653842926025391e+01,1.297068500518798828e+01,4.000000000000000000e+00
3.743999999999999773e+01,2.496966705322265625e+02,1.371067047119140625e+01,1.294735336303710938e+01,4.000000000000000000e+00
3.746000000000000085e+01,2.499219207763671875e+02,1.370600032806396484e+01,1.292397403717041016e+01,4.000000000000000000e+00
3.748000000000000398e+01,2.501472930908203125e+02,1.370252990722656250e+01,1.290054893493652344e+01,4.000000000000000000e+00
3.750000000000000000e+01,2.503727722167968750e+02,1.370026111602783203e+01,1.287708187103271484e+01,4.000000000000000000e+00
3.752000000000000313e+01,2.505983734130859375e+02,1.369919681549072266e+01,1.285357666015625000e+01,4.000000000000000000e+00
3.753999999999999915e+01,2.508240814208984375e+02,1.369933605194091797e+01,1.283003616333007812e+01,4.000000000000000000e+00
3.756000000000000227e+01,2.510498809814453125e+02,1.370067977905273438e+01,1.280646324157714844e+01,4.000000000000000000e+00
3.757999999999999829e+01,2.512757720947265625e+02,1.370322895050048828e+01,1.278286075592041016e+01,4.000000000000000000e+00
3.760000000000000142e+01,2.515017700195312500e+02,1.370698261260986328e+01,1.275923347473144531e+01,4.000000000000000000e+00
3.761999999999999744e+01,2.517278442382812500e+02,1.371193885803222656e+01,1.273558235168457031e+01,4.000000000000000000e+00
3.764000000000000057e+01,2.519539947509765625e+02,1.371809673309326172e+01,1.271191215515136719e+01,4.000000000000000000e+00
3.766000000000000369e+01,2.521802215576171875e+02,1.372545528411865234e+01,1.268822574615478516e+01,4.000000000000000000e+00
3.767999999999999972e+01,2.524065093994140625e+02,1.373401165008544922e+01,1.266452598571777344e+01,4.000000000000000000e+00
3.770000000000000284e+01,2.526328735351562500e+02,1.374376296997070312e+01,1.264081764221191406e+01,4.000000000000000000e+00
3.771999999999999886e+01,2.528592834472656250e+02,1.375470638275146484e+01,1.261710262298583984e+01,4.000000000000000000e+00
3.774000000000000199e+01,2.530857238769531250e+02,1.376684093475341797e+01,1.259338474273681641e+01,4.000000000000000000e+00
3.775999999999999801e+01,2.533122406005859375e+02,1.378016090393066406e+01,1.256966686248779297e+01,4.000000000000000000e+00
3.778000000000000114e+01,2.535387573242187500e+02,1.379466247558593750e+01,1.254595184326171875e+01,4.000000000000000000e+00
3.780000000000000426e+01,2.537653350830078125e+02,1.381034278869628906e+01,1.252224445343017578e+01,4.000000000000000000e+00
3.782000000000000028e+01,2.539919281005859375e+02,1.382719516754150391e+01,1.249854660034179688e+01,4.000000000000000000e+00
3.784000000000000341e+01,2.542185211181640625e+02,1.384521579742431641e+01,1.247486400604248047e+01,4.000000000000000000e+00
3.785999999999999943e+01,2.544451141357421875e+02,1.386440086364746094e+01,1.245119857788085938e+01,4.000000000000000000e+00
3.788000000000000256e+01,2.546717071533203125e+02,1.388474369049072266e+01,1.242755317687988281e+01,4.000000000000000000e+00
3.789999999999999858e+01,2.548983001708984375e+02,1.390623760223388672e+01,1.240393352508544922e+01,4.000000000000000000e+00
3.792000000000000171e+01,2.551248931884765625e+02,1.392887783050537109e+01,1.238034152984619141e+01,4.000000000000000000e+00
3.793999999999999773e+01,2.553514862060546875e+02,1.395265769958496094e+01,1.235678195953369141e+01,4.000000000000000000e+00
3.796000000000000085e+01,2.555780792236328125e+02,1.397756958007812500e+01,1.233325862884521484e+01,4.000000000000000000e+00
3.798000000000000398e+01,2.558046722412109375e+02,1.400360870361328125e+01,1.230977344512939453e+01,4.000000000000000000e+00
3.800000000000000000e+01,2.560312194824218750e+02,1.403076553344726562e+01,1.228633213043212891e+01,4.000000000000000000e+00
3.802000000000000313e+01,2.562577209472656250e+02,1.405903339385986328e+01,1.226293849945068359e+01,4.000000000000000000e+00
3.803999999999999915e+01,2.564841613769531250e+02,1.408840560913085938e+01,1.223959636688232422e+01,4.000000000000000000e+00
3.806000000000000227e+01,2.567106018066406250e+02,1.411887359619140625e+01,1.221631145477294922e+01,4.000000000000000000e+00
3.807999999999999829e+01,2.569370422363281250e+02,1.415042877197265625e+01,1.219308948516845703e+01,4.000000000000000000e+00
3.810000000000000142e+01,2.571633300781250000e+02,1.418306350708007812e+01,1.216993427276611328e+01,4.000000000000000000e+00
3.811999999999999744e+01,2.573896179199218750e+02,1.421677017211914062e+01,1.214685821533203125e+01,4.000000000000000000e+00
3.814000000000000057e+01,2.576158447265625000e+02,1.425154399871826172e+01,1.212387466430664062e+01,4.000000000000000000e+00
3.816000000000000369e+01,2.578419799804687500e+02,1.428737640380859375e+01,1.210099506378173828e+01,4.000000000000000000e+00
3.817999999999999972e+01,2.580681152343750000e+02,1.432425785064697266e+01,1.207822227478027344e+01,4.000000000000000000e+00
3.820000000000000284e+01,2.582940979003906250e+02,1.436217689514160156e+01,1.205556011199951172e+01,4.000000000000000000e+00
3.821999999999999886e+01,2.585200805664062500e+02,1.440112400054931641e+01,1.203300952911376953e+01,4.000000000000000000e+00
3.824000000000000199e+01,2.587459106445312500e+02,1.444108581542968750e+01,1.201057434082031250e+01,4.000000000000000000e+00
3.825999999999999801e+01,2.589717407226562500e+02,1.448205375671386719e+01,1.198825836181640625e+01,4.000000000000000000e+00
3.828000000000000114e+01,2.591974182128906250e+02,1.452401351928710938e+01,1.196606445312500000e+01,4.000000000000000000e+00
3.830000000000000426e+01,2.594230346679687500e+02,1.456695652008056641e+01,1.194399642944335938e+01,4.000000000000000000e+00
3.832000000000000028e+01,2.596485595703125000e+02,1.461086654663085938e+01,1.192205810546875000e+01,4.000000000000000000e+00
3.834000000000000341e+01,2.598739624023437500e+02,1.465573501586914062e+01,1.190025424957275391e+01,4.000000000000000000e+00
3.835999999999999943e+01,2.600993041992187500e+02,1.470154762268066406e+01,1.187858867645263672e+01,4.000000000000000000e+00
3.838000000000000256e+01,2.603245239257812500e+02,1.474829006195068359e+01,1.185706615447998047e+01,4.000000000000000000e+00
3.839999999999999858e+01,2.605496215820312500e+02,1.479594993591308594e+01,1.183569145202636719e+01,4.000000000000000000e+00
3.842000000000000171e+01,2.607746276855468750e+02,1.484451389312744141e+01,1.181447124481201172e+01,4.000000000000000000e+00
3.843999999999999773e+01,2.609995422363281250e+02,1.489396667480468750e+01,1.179340744018554688e+01,4.000000000000000000e+00
3.846000000000000085e+01,2.612243041992187500e+02,1.494429492950439453e+01,1.177250480651855469e+01,4.000000000000000000e+00
3.848000000000000398e+01,2.614489440917968750e+02,1.499548149108886719e+01,1.175176715850830078e+01,4.000000000000000000e+00
3.850000000000000000e+01,2.616734619140625000e+02,1.504751205444335938e+01,1.173119831085205078e+01,4.000000000000000000e+00
3.852000000000000313e+01,2.618978881835937500e+02,1.510037040710449219e+01,1.171080207824707031e+01,4.000000000000000000e+00
3.853999999999999915e+01,2.621221618652343750e+02,1.515403938293457031e+01,1.169058322906494141e+01,4.000000000000000000e+00
3.856000000000000227e+01,2.623463134765625000e+02,1.520850372314453125e+01,1.167054462432861328e+01,4.000000000000000000e+00
3.857999999999999829e+01,2.625703125000000000e+02,1.526374435424804688e+01,1.165069103240966797e+01,4.000000000000000000e+00
3.860000000000000142e+01,2.627941894531250000e+02,1.531974506378173828e+01,1.163102626800537109e+01,4.000000000000000000e+00
3.861999999999999744e+01,2.630179443359375000e+02,1.537648677825927734e+01,1.161155319213867188e+01,4.000000000000000000e+00
3.864000000000000057e+01,2.632415466308593750e+02,1.543395042419433594e+01,1.159227657318115234e+01,4.000000000000000000e+00
3.866000000000000369e+01,2.634650268554687500e+02,1.549211883544921875e+01,1.157319831848144531e+01,4.000000000000000000e+00
3.867999999999999972e+01,2.636883544921875000e+02,1.555097293853759766e+01,1.155432224273681641e+01,4.000000000000000000e+00
3.870000000000000284e+01,2.639115295410156250e+02,1.561049175262451172e+01,1.153565120697021484e+01,4.000000000000000000e+00
3.871999999999999886e+01,2.641345825195312500e+02,1.567065525054931641e+01,1.151718807220458984e+01,4.000000000000000000e+00
3.874000000000000199e+01,2.643574829101562500e+02,1.573144149780273438e+01,1.149893474578857422e+01,4.000000000000000000e+00
3.875999999999999801e+01,2.645802307128906250e+02,1.579283332824707031e+01,1.148089599609375000e+01,4.000000000000000000e+00
3.878000000000000114e+01,2.648028564453125000e+02,1.585480785369873047e+01,1.146307182312011719e+01,4.000000000000000000e+00
3.880000000000000426e+01,2.650253295898437500e+02,1.591734218597412109e+01,1.144546222686767578e+01,4.000000000000000000e+00
3.882000000000000028e+01,2.652476501464843750e+02,1.598041629791259766e+01,1.142806816101074219e+01,4.000000000000000000e+00
3.884000000000000341e+01,2.654698181152343750e+02,1.604400634765625000e+01,1.141089248657226562e+01,4.000000000000000000e+00
3.885999999999999943e+01,2.656918640136718750e+02,1.610809135437011719e+01,1.139393520355224609e+01,4.000000000000000000e+00
3.888000000000000256e+01,2.659137573242187500e+02,1.617264556884765625e+01,1.137719726562500000e+01,4.000000000000000000e+00
3.889999999999999858e+01,2.661354980468750000e+02,1.623764801025390625e+01,1.136067771911621094e+01,4.000000000000000000e+00
3.892000000000000171e+01,2.663571166992187500e+02,1.630307579040527344e+01,1.134437656402587891e+01,4.000000000000000000e+00
3.893999999999999773e+01,2.665785827636718750e+02,1.636890411376953125e+01,1.132829380035400391e+01,4.000000000000000000e+00
3.896000000000000085e+01,2.667999267578125000e+02,1.643510818481445312e+01,1.131242942810058594e+01,4.000000000000000000e+00
3.898000000000000398e+01,2.670211486816406250e+02,1.650166511535644531e+01,1.129677963256835938e+01,4.000000000000000000e+00
3.900000000000000000e+01,2.672422485351562500e+02,1.656855201721191406e+01,1.128134441375732422e+01,4.000000000000000000e+00
3.902000000000000313e+01,2.674631958007812500e+02,1.663573837280273438e+01,1.126612377166748047e+01,4.000000000000000000e+00
3.903999999999999915e+01,2.676840209960937500e+02,1.670320701599121094e+01,1.125111484527587891e+01,4.000000000000000000e+00
3.906000000000000227e+01,2.679047241210937500e+02,1.677092742919921875e+01,1.123631572723388672e+01,4.000000000000000000e+00
3.907999999999999829e+01,2.681253051757812500e+02,1.683887863159179688e+01,1.122172164916992188e+01,4.000000000000000000e+00
3.910000000000000142e+01,2.683457946777343750e+02,1.690703392028808594e+01,1.120733070373535156e+01,4.000000000000000000e+00
3.911999999999999744e+01,2.685661315917968750e+02,1.697536659240722656e+01,1.119314002990722656e+01,4.000000000000000000e+00
3.914000000000000057e+01,2.687863769531250000e+02,1.704384994506835938e+01,1.117914676666259766e+01,4.000000000000000000e+00
3.916000000000000369e+01,2.690065307617187500e+02,1.711246299743652344e+01,1.116534709930419922e+01,4.000000000000000000e+00
3.917999999999999972e+01,2.692265625000000000e+02,1.718117523193359375e+01,1.115173816680908203e+01,4.000000000000000000e+00
3.920000000000000284e+01,2.694465026855468750e+02,1.724996185302734375e+01,1.113831424713134766e+01,4.000000000000000000e+00
3.921999999999999886e+01,2.696663818359375000e+02,1.731879997253417969e+01,1.112507247924804688e+01,4.000000000000000000e+00
3.924000000000000199e+01,2.698861083984375000e+02,1.738766098022460938e+01,1.111200904846191406e+01,4.000000000000000000e+00
3.925999999999999801e+01,2.701058349609375000e+02,1.745652008056640625e+01,1.109911918640136719e+01,4.000000000000000000e+00
3.928000000000000114e+01,2.703254089355468750e+02,1.752534866333007812e+01,1.108639717102050781e+01,4.000000000000000000e+00
3.930000000000000426e+01,2.705449829101562500e+02,1.759412384033203125e+01,1.107384014129638672e+01,4.000000000000000000e+00
3.932000000000000028e+01,2.707644042968750000e+02,1.766281700134277344e+01,1.106144142150878906e+01,4.000000000000000000e+00
3.934000000000000341e+01,2.709838256835937500e+02,1.773140335083007812e+01,1.104919719696044922e+01,4.000000000000000000e+00
3.935999999999999943e+01,2.712031860351562500e+02,1.779985809326171875e+01,1.103710269927978516e+01,4.000000000000000000e+00
3.938000000000000256e+01,2.714224548339843750e+02,1.786815261840820312e+01,1.102515220642089844e+01,4.000000000000000000e+00
3.939999999999999858e+01,2.716417236328125000e+02,1.793626213073730469e+01,1.101333904266357422e+01,4.000000000000000000e+00
3.942000000000000171e+01,2.718609924316406250e+02,1.800415992736816406e+01,1.100165748596191406e+01,4.000000000000000000e+00
3.943999999999999773e+01,2.720801696777343750e+02,1.807182121276855469e+01,1.099010562896728516e+01,4.000000000000000000e+00
3.946000000000000085e+01,2.722992858886718750e+02,1.813921928405761719e+01,1.097867584228515625e+01,4.000000000000000000e+00
3.948000000000000398e+01,2.725184020996093750e+02,1.820632743835449219e+01,1.096736145019531250e+01,4.000000000000000000e+00
3.950000000000000000e+01,2.727375183105468750e+02,1.827312278747558594e+01,1.095615673065185547e+01,4.000000000000000000e+00
3.952000000000000313e+01,2.729566345214843750e+02,1.833957672119140625e+01,1.094505786895751953e+01,4.000000000000000000e+00
3.953999999999999915e+01,2.731757507324218750e+02,1.840566635131835938e+01,1.093405723571777344e+01,4.000000000000000000e+00
3.956000000000000227e+01,2.733948669433593750e+02,1.847136497497558594e+01,1.092315101623535156e+01,4.000000000000000000e+00
3.957999999999999829e+01,2.736139831542968750e+02,1.853664398193359375e+01,1.091233253479003906e+01,4.000000000000000000e+00
3.960000000000000142e+01,2.738330993652343750e+02,1.860148620605468750e+01,1.090159606933593750e+01,4.000000000000000000e+00
3.961999999999999744e+01,2.740522155761718750e+02,1.866585922241210938e+01,1.089093589782714844e+01,4.000000000000000000e+00
3.964000000000000057e+01,2.742713623046875000e+02,1.872974395751953125e+01,1.088034725189208984e+01,4.000000000000000000e+00
3.966000000000000369e+01,2.744906311035156250e+02,1.879311370849609375e+01,1.086982440948486328e+01,4.000000000000000000e+00
3.967999999999999972e+01,2.747098999023437500e+02,1.885594367980957031e+01,1.085936164855957031e+01,4.000000000000000000e+00
3.970000000000000284e+01,2.749291687011718750e+02,1.891820907592773438e+01,1.084895420074462891e+01,4.000000000000000000e+00
3.971999999999999886e+01,2.751484985351562500e+02,1.897988510131835938e+01,1.083859729766845703e+01,4.000000000000000000e+00
3.974000000000000199e+01,2.753679199218750000e+02,1.904094886779785156e+01,1.082828426361083984e+01,4.000000000000000000e+00
3.975999999999999801e+01,2.755873413085937500e+02,1.910137557983398438e+01,1.081801033020019531e+01,4.000000000000000000e+00
3.978000000000000114e+01,2.758068542480468750e+02,1.916114234924316406e+01,1.080777072906494141e+01,4.000000000000000000e+00
3.980000000000000426e+01,2.760264282226562500e+02,1.922022438049316406e+01,1.079756164550781250e+01,4.000000000000000000e+00
3.982000000000000028e+01,2.762460632324218750e+02,1.927859878540039062e+01,1.078737640380859375e+01,4.000000000000000000e+00
3.984000000000000341e+01,2.764657897949218750e+02,1.933624267578125000e+01,1.077721214294433594e+01,4.000000000000000000e+00
3.985999999999999943e+01,2.766855773925781250e+02,1.939313316345214844e+01,1.076706409454345703e+01,4.000000000000000000e+00
3.988000000000000256e+01,2.769054565429687500e+02,1.944924926757812500e+01,1.075692749023437500e+01,4.000000000000000000e+00
3.989999999999999858e+01,2.771254272460937500e+02,1.950456237792968750e+01,1.074679756164550781e+01,4.000000000000000000e+00
3.992000000000000171e+01,2.773454589843750000e+02,1.955905723571777344e+01,1.073666954040527344e+01,4.000000000000000000e+00
3.993999999999999773e+01,2.775656127929687500e+02,1.961270713806152344e+01,1.072654151916503906e+01,4.000000000000000000e+00
3.996000000000000085e+01,2.777858276367187500e+02,1.966548919677734375e+01,1.071640682220458984e+01,4.000000000000000000e+00
3.998000000000000398e+01,2.780061645507812500e+02,1.971738624572753906e+01,1.070626354217529297e+01,4.000000000000000000e+00
4.000000000000000000e+01,2.782265930175781250e+02,1.976837348937988281e+01,1.069610500335693359e+01,4.000000000000000000e+00
4.002000000000000313e+01,2.784470825195312500e+02,1.981842994689941406e+01,1.068593120574951172e+01,4.000000000000000000e+00
4.003999999999999915e+01,2.786677246093750000e+02,1.986753463745117188e+01,1.067573833465576172e+01,4.000000000000000000e+00
4.006000000000000227e+01,2.788884582519531250e+02,1.991566848754882812e+01,1.066552448272705078e+01,4.000000000000000000e+00
4.007999999999999829e+01,2.791092834472656250e+02,1.996281623840332031e+01,1.065528678894042969e+01,4.000000000000000000e+00
4.010000000000000142e+01,2.793302307128906250e+02,2.000895309448242188e+01,1.064502525329589844e+01,4.000000000000000000e+00
4.011999999999999744e+01,2.795512695312500000e+02,2.005406570434570312e+01,1.063473987579345703e+01,4.000000000000000000e+00
4.014000000000000057e+01,2.797723999023437500e+02,2.009813499450683594e+01,1.062443065643310547e+01,4.000000000000000000e+00
4.016000000000000369e+01,2.799936523437500000e+02,2.014114189147949219e+01,1.061409759521484375e+01,4.000000000000000000e+00
4.017999999999999972e+01,2.802149963378906250e+02,2.018307113647460938e+01,1.060374069213867188e+01,4.000000000000000000e+00
4.020000000000000284e+01,2.804364318847656250e+02,2.022390747070312500e+01,1.059335994720458984e+01,4.000000000000000000e+00
4.021999999999999886e+01,2.806579895019531250e+02,2.026363372802734375e+01,1.058295631408691406e+01,4.000000000000000000e+00
4.024000000000000199e+01,2.808796386718750000e+02,2.030223846435546875e+01,1.057253265380859375e+01,4.000000000000000000e+00
4.025999999999999801e+01,2.811013488769531250e+02,2.033970832824707031e+01,1.056209182739257812e+01,4.000000000000000000e+00
4.028000000000000114e+01,2.813231811523437500e+02,2.037603187561035156e+01,1.055163288116455078e+01,4.000000000000000000e+00
4.030000000000000426e+01,2.815450439453125000e+02,2.041119575500488281e+01,1.054116058349609375e+01,4.000000000000000000e+00
4.032000000000000028e+01,2.817670593261718750e+02,2.044518852233886719e+01,1.053067588806152344e+01,4.000000000000000000e+00
4.034000000000000341e+01,2.819890747070312500e+02,2.047800064086914062e+01,1.052018260955810547e+01,4.000000000000000000e+00
4.035999999999999943e+01,2.822112426757812500e+02,2.050962448120117188e+01,1.050968170166015625e+01,4.000000000000000000e+00
4.038000000000000256e+01,2.824334106445312500e+02,2.054004478454589844e+01,1.049917697906494141e+01,4.000000000000000000e+00
4.039999999999999858e+01,2.826556701660156250e+02,2.056925773620605469e+01,1.048867225646972656e+01,4.000000000000000000e+00
4.042000000000000171e+01,2.828779907226562500e+02,2.059725570678710938e+01,1.047816753387451172e+01,4.000000000000000000e+00
4.043999999999999773e+01,2.831003112792968750e+02,2.062403106689453125e+01,1.046766948699951172e+01,4.000000000000000000e+00
4.046000000000000085e+01,2.833227233886718750e+02,2.064958000183105469e+01,1.045717906951904297e+01,4.000000000000000000e+00
4.048000000000000398e+01,2.835451965332031250e+02,2.067389678955078125e+01,1.044669914245605469e+01,4.000000000000000000e+00
4.050000000000000000e+01,2.837676696777343750e+02,2.069697570800781250e+01,1.043623256683349609e+01,4.000000000000000000e+00
4.052000000000000313e+01,2.839901428222656250e+02,2.071880912780761719e+01,1.042578315734863281e+01,4.000000000000000000e+00
4.053999999999999915e+01,2.842126159667968750e+02,2.073939704895019531e+01,1.041535472869873047e+01,4.000000000000000000e+00
4.056000000000000227e+01,2.844350891113281250e+02,2.075873565673828125e+01,1.040495014190673828e+01,4.000000000000000000e+00
4.057999999999999829e+01,2.846575622558593750e+02,2.077682304382324219e+01,1.039456939697265625e+01,4.000000000000000000e+00
4.060000000000000142e+01,2.848800354003906250e+02,2.079365921020507812e+01,1.038421821594238281e+01,4.000000000000000000e+00
4.061999999999999744e+01,2.851025085449218750e+02,2.080924034118652344e+01,1.037389755249023438e+01,4.000000000000000000e+00
4.064000000000000057e+01,2.853249816894531250e+02,2.082356834411621094e+01,1.036361122131347656e+01,4.000000000000000000e+00
4.066000000000000369e+01,2.855474548339843750e+02,2.083664131164550781e+01,1.035336208343505859e+01,4.000000000000000000e+00
4.067999999999999972e+01,2.857699279785156250e+02,2.084846115112304688e+01,1.034315299987792969e+01,4.000000000000000000e+00
4.070000000000000284e+01,2.859923400878906250e+02,2.085902976989746094e+01,1.033298587799072266e+01,4.000000000000000000e+00
4.071999999999999886e+01,2.862146606445312500e+02,2.086834526062011719e+01,1.032286262512207031e+01,4.000000000000000000e+00
4.074000000000000199e+01,2.864369812011718750e+02,2.087641334533691406e+01,1.031278705596923828e+01,4.000000000000000000e+00
4.075999999999999801e+01,2.866592102050781250e+02,2.088323211669921875e+01,1.030276107788085938e+01,4.000000000000000000e+00
4.078000000000000114e+01,2.868813781738281250e+02,2.088881111145019531e+01,1.029278755187988281e+01,4.000000000000000000e+00
4.080000000000000426e+01,2.871034545898437500e+02,2.089315032958984375e+01,1.028286743164062500e+01,4.000000000000000000e+00
4.082000000000000028e+01,2.873254699707031250e+02,2.089624977111816406e+01,1.027300453186035156e+01,4.000000000000000000e+00
4.084000000000000341e+01,2.875473632812500000e+02,2.089811897277832031e+01,1.026319980621337891e+01,4.000000000000000000e+00
4.085999999999999943e+01,2.877691955566406250e+02,2.089876174926757812e+01,1.025345516204833984e+01,4.000000000000000000e+00
4.088000000000000256e+01,2.879909057617187500e+02,2.089818191528320312e+01,1.024377346038818359e+01,4.000000000000000000e+00
4.089999999999999858e+01,2.882124938964843750e+02,2.089638710021972656e+01,1.023415660858154297e+01,4.000000000000000000e+00
4.092000000000000171e+01,2.884339599609375000e+02,2.089337921142578125e+01,1.022460556030273438e+01,4.000000000000000000e+00
4.093999999999999773e+01,2.886553039550781250e+02,2.088916969299316406e+01,1.021512222290039062e+01,4.000000000000000000e+00
4.096000000000000085e+01,2.888764953613281250e+02,2.088376235961914062e+01,1.020570945739746094e+01,4.000000000000000000e+00
4.098000000000000398e+01,2.890975341796875000e+02,2.087716484069824219e+01,1.019636821746826172e+01,4.000000000000000000e+00
4.100000000000000000e+01,2.893184204101562500e+02,2.086938667297363281e+01,1.018709945678710938e+01,4.000000000000000000e+00
4.102000000000000313e+01,2.895391540527343750e+02,2.086043357849121094e+01,1.017790603637695312e+01,4.000000000000000000e+00
4.103999999999999915e+01,2.897597351074218750e+02,2.085031318664550781e+01,1.016878986358642578e+01,4.000000000000000000e+00
4.106000000000000227e+01,2.899801330566406250e+02,2.083903503417968750e+01,1.015975093841552734e+01,4.000000000000000000e+00
4.107999999999999829e+01,2.902003784179687500e+02,2.082660865783691406e+01,1.015079116821289062e+01,4.000000000000000000e+00
4.110000000000000142e+01,2.904204406738281250e+02,2.081304168701171875e+01,1.014191246032714844e+01,4.000000000000000000e+00
4.111999999999999744e+01,2.906402893066406250e+02,2.079834556579589844e+01,1.013311576843261719e+01,4.000000000000000000e+00
4.114000000000000057e+01,2.908599548339843750e+02,2.078252983093261719e+01,1.012440299987792969e+01,4.000000000000000000e+00
4.116000000000000369e+01,2.910794067382812500e+02,2.076560401916503906e+01,1.011577510833740234e+01,4.000000000000000000e+00
4.117999999999999972e+01,2.912986450195312500e+02,2.074757957458496094e+01,1.010723304748535156e+01,4.000000000000000000e+00
4.120000000000000284e+01,2.915176696777343750e+02,2.072846794128417969e+01,1.009877872467041016e+01,4.000000000000000000e+00
4.121999999999999886e+01,2.917364807128906250e+02,2.070828056335449219e+01,1.009041213989257812e+01,4.000000000000000000e+00
4.124000000000000199e+01,2.919550476074218750e+02,2.068702888488769531e+01,1.008213520050048828e+01,4.000000000000000000e+00
4.125999999999999801e+01,2.921734008789062500e+02,2.066472244262695312e+01,1.007394790649414062e+01,4.000000000000000000e+00
4.128000000000000114e+01,2.923915100097656250e+02,2.064138031005859375e+01,1.006585121154785156e+01,4.000000000000000000e+00
4.130000000000000426e+01,2.926093444824218750e+02,2.061701011657714844e+01,1.005784606933593750e+01,4.000000000000000000e+00
4.132000000000000028e+01,2.928269348144531250e+02,2.059162521362304688e+01,1.004993534088134766e+01,4.000000000000000000e+00
4.134000000000000341e+01,2.930442810058593750e+02,2.056524085998535156e+01,1.004211616516113281e+01,4.000000000000000000e+00
4.135999999999999943e+01,2.932613525390625000e+02,2.053787231445312500e+01,1.003439140319824219e+01,4.000000000000000000e+00
4.138000000000000256e+01,2.934781799316406250e+02,2.050953292846679688e+01,1.002676200866699219e+01,4.000000000000000000e+00
4.139999999999999858e+01,2.936947631835937500e+02,2.048023605346679688e+01,1.001922798156738281e+01,4.000000000000000000e+00
4.142000000000000171e+01,2.939110717773437500e+02,2.044999885559082031e+01,1.001178932189941406e+01,4.000000000000000000e+00
4.143999999999999773e+01,2.941271057128906250e+02,2.041883659362792969e+01,1.000444602966308594e+01,4.000000000000000000e+00
4.146000000000000085e+01,2.943428649902343750e+02,2.038676452636718750e+01,9.997200012207031250e+00,4.000000000000000000e+00
4.148000000000000398e+01,2.945583496093750000e+02,2.035379981994628906e+01,9.990052223205566406e+00,4.000000000000000000e+00
4.150000000000000000e+01,2.947735595703125000e+02,2.031995773315429688e+01,9.982999801635742188e+00,4.000000000000000000e+00
4.152000000000000313e+01,2.949884643554687500e+02,2.028525733947753906e+01,9.976047515869140625e+00,4.000000000000000000e+00
4.153999999999999915e+01,2.952030944824218750e+02,2.024971580505371094e+01,9.969190597534179688e+00,4.000000000000000000e+00
4.156000000000000227e+01,2.954174194335937500e+02,2.021335220336914062e+01,9.962433815002441406e+00,4.000000000000000000e+00
4.157999999999999829e+01,2.956314697265625000e+02,2.017618179321289062e+01,9.955772399902343750e+00,4.000000000000000000e+00
4.160000000000000142e+01,2.958452453613281250e+02,2.013822746276855469e+01,9.949211120605468750e+00,4.000000000000000000e+00
4.161999999999999744e+01,2.960587158203125000e+02,2.009950828552246094e+01,9.942745208740234375e+00,4.000000000000000000e+00
4.164000000000000057e+01,2.962718811035156250e+02,2.006004333496093750e+01,9.936374664306640625e+00,4.000000000000000000e+00
4.166000000000000369e+01,2.964847717285156250e+02,2.001984977722167969e+01,9.930102348327636719e+00,4.000000000000000000e+00
4.167999999999999972e+01,2.966973571777343750e+02,1.997895240783691406e+01,9.923927307128906250e+00,4.000000000000000000e+00
4.170000000000000284e+01,2.969096679687500000e+02,1.993737220764160156e+01,9.917847633361816406e+00,4.000000000000000000e+00
4.171999999999999886e+01,2.971216735839843750e+02,1.989512825012207031e+01,9.911863327026367188e+00,4.000000000000000000e+00
4.174000000000000199e+01,2.973333740234375000e+02,1.985224342346191406e+01,9.905974388122558594e+00,4.000000000000000000e+00
4.175999999999999801e+01,2.975447998046875000e+02,1.980874061584472656e+01,9.900180816650390625e+00,4.000000000000000000e+00
4.178000000000000114e+01,2.977559204101562500e+02,1.976464462280273438e+01,9.894482612609863281e+00,4.000000000000000000e+00
4.180000000000000426e+01,2.979667663574218750e+02,1.971997642517089844e+01,9.888875961303710938e+00,4.000000000000000000e+00
4.182000000000000028e+01,2.981773376464843750e+02,1.967475700378417969e+01,9.883363723754882812e+00,4.000000000000000000e+00
4.184000000000000341e+01,2.983876037597656250e+02,1.962901306152343750e+01,9.877943992614746094e+00,4.000000000000000000e+00
4.185999999999999943e+01,2.985975952148437500e+02,1.958276748657226562e+01,9.872617721557617188e+00,4.000000000000000000e+00
4.188000000000000256e+01,2.988073120117187500e+02,1.953604507446289062e+01,9.867382049560546875e+00,4.000000000000000000e+00
4.189999999999999858e+01,2.990167541503906250e+02,1.948887062072753906e+01,9.862236976623535156e+00,4.000000000000000000e+00
4.192000000000000171e+01,2.992258911132812500e+02,1.944126892089843750e+01,9.857181549072265625e+00,4.000000000000000000e+00
4.193999999999999773e+01,2.994347839355468750e+02,1.939326667785644531e+01,9.852214813232421875e+00,4.000000000000000000e+00
4.196000000000000085e+01,2.996434020996093750e+02,1.934489059448242188e+01,9.847335815429687500e+00,4.000000000000000000e+00
4.198000000000000398e+01,2.998517456054687500e+02,1.929616737365722656e+01,9.842543601989746094e+00,4.000000000000000000e+00
4.200000000000000000e+01,3.000598144531250000e+02,1.924711799621582031e+01,9.837836265563964844e+00,4.000000000000000000e+00
4.202000000000000313e+01,3.002676391601562500e+02,1.919777107238769531e+01,9.833212852478027344e+00,4.000000000000000000e+00
4.203999999999999915e+01,3.004752197265625000e+02,1.914815521240234375e+01,9.828671455383300781e+00,4.000000000000000000e+00
4.206000000000000227e+01,3.006825561523437500e+02,1.909829711914062500e+01,9.824210166931152344e+00,4.000000000000000000e+00
4.207999999999999829e+01,3.008896789550781250e+02,1.904822158813476562e+01,9.819827079772949219e+00,4.000000000000000000e+00
4.210000000000000142e+01,3.010965270996093750e+02,1.899795722961425781e+01,9.815520286560058594e+00,4.000000000000000000e+00
4.211999999999999744e+01,3.013031921386718750e+02,1.894753265380859375e+01,9.811285972595214844e+00,4.000000000000000000e+00
4.214000000000000057e+01,3.015095825195312500e+02,1.889697647094726562e+01,9.807123184204101562e+00,4.000000000000000000e+00
4.216000000000000369e+01,3.017157897949218750e+02,1.884631729125976562e+01,9.803031921386718750e+00,4.000000000000000000e+00
4.217999999999999972e+01,3.019217529296875000e+02,1.879557800292968750e+01,9.799007415771484375e+00,4.000000000000000000e+00
4.220000000000000284e+01,3.021275329589843750e+02,1.874478912353515625e+01,9.795047760009765625e+00,4.000000000000000000e+00
4.221999999999999886e+01,3.023331298828125000e+02,1.869398117065429688e+01,9.791149139404296875e+00,4.000000000000000000e+00
4.224000000000000199e+01,3.025385437011718750e+02,1.864318466186523438e+01,9.787309646606445312e+00,4.000000000000000000e+00
4.225999999999999801e+01,3.027437438964843750e+02,1.859242248535156250e+01,9.783525466918945312e+00,4.000000000000000000e+00
4.228000000000000114e+01,3.029487609863281250e+02,1.854172897338867188e+01,9.779794692993164062e+00,4.000000000000000000e+00
4.230000000000000426e+01,3.031535949707031250e+02,1.849113082885742188e+01,9.776113510131835938e+00,4.000000000000000000e+00
4.232000000000000028e+01,3.033582763671875000e+02,1.844065666198730469e+01,9.772478103637695312e+00,4.000000000000000000e+00
4.234000000000000341e+01,3.035628051757812500e+02,1.839033889770507812e+01,9.768885612487792969e+00,4.000000000000000000e+00
4.235999999999999943e+01,3.037671813964843750e+02,1.834020423889160156e+01,9.765332221984863281e+00,4.000000000000000000e+00
4.238000000000000256e+01,3.039714050292968750e+02,1.829028129577636719e+01,9.761814117431640625e+00,4.000000000000000000e+00
4.239999999999999858e+01,3.041754760742187500e+02,1.824059867858886719e+01,9.758327484130859375e+00,4.000000000000000000e+00
4.242000000000000171e+01,3.043794250488281250e+02,1.819118881225585938e+01,9.754869461059570312e+00,4.000000000000000000e+00
4.243999999999999773e+01,3.045832519531250000e+02,1.814207839965820312e+01,9.751434326171875000e+00,4.000000000000000000e+00
4.246000000000000085e+01,3.047869567871093750e+02,1.809329986572265625e+01,9.748018264770507812e+00,4.000000000000000000e+00
4.248000000000000398e+01,3.049905395507812500e+02,1.804488182067871094e+01,9.744617462158203125e+00,4.000000000000000000e+00
4.250000000000000000e+01,3.051940307617187500e+02,1.799685287475585938e+01,9.741228103637695312e+00,4.000000000000000000e+00
4.252000000000000313e+01,3.053974304199218750e+02,1.794924545288085938e+01,9.737845420837402344e+00,4.000000000000000000e+00
4.253999999999999915e+01,3.056007080078125000e+02,1.790208244323730469e+01,9.734464645385742188e+00,4.000000000000000000e+00
4.256000000000000227e+01,3.058039550781250000e+02,1.785540008544921875e+01,9.731082916259765625e+00,4.000000000000000000e+00
4.257999999999999829e+01,3.060070495605468750e+02,1.780922317504882812e+01,9.727695465087890625e+00,4.000000000000000000e+00
4.260000000000000142e+01,3.062101440429687500e+02,1.776358604431152344e+01,9.724296569824218750e+00,4.000000000000000000e+00
4.261999999999999744e+01,3.064131164550781250e+02,1.771851730346679688e+01,9.720881462097167969e+00,4.000000000000000000e+00
4.264000000000000057e+01,3.066160583496093750e+02,1.767404174804687500e+01,9.717448234558105469e+00,4.000000000000000000e+00
4.266000000000000369e+01,3.068190002441406250e+02,1.763019371032714844e+01,9.713990211486816406e+00,4.000000000000000000e+00
4.267999999999999972e+01,3.070217895507812500e+02,1.758700180053710938e+01,9.710502624511718750e+00,4.000000000000000000e+00
4.270000000000000284e+01,3.072245788574218750e+02,1.754449272155761719e+01,9.706979751586914062e+00,4.000000000000000000e+00
4.271999999999999886e+01,3.074273681640625000e+02,1.750269699096679688e+01,9.703419685363769531e+00,4.000000000000000000e+00
4.274000000000000199e+01,3.076301574707031250e+02,1.746164512634277344e+01,9.699814796447753906e+00,4.000000000000000000e+00
4.275999999999999801e+01,3.078328857421875000e+02,1.742136764526367188e+01,9.696162223815917969e+00,4.000000000000000000e+00
4.278000000000000114e+01,3.080355224609375000e+02,1.738188934326171875e+01,9.692457199096679688e+00,4.000000000000000000e+00
4.280000000000000426e+01,3.082381591796875000e+02,1.734324073791503906e+01,9.688694953918457031e+00,4.000000000000000000e+00
4.282000000000000028e+01,3.084407958984375000e+02,1.730545234680175781e+01,9.684869766235351562e+00,4.000000000000000000e+00
4.284000000000000341e+01,3.086434326171875000e+02,1.726855468750000000e+01,9.680978775024414062e+00,4.000000000000000000e+00
4.285999999999999943e+01,3.088460693359375000e+02,1.723257064819335938e+01,9.677016258239746094e+00,4.000000000000000000e+00
4.288000000000000256e+01,3.090487060546875000e+02,1.719752883911132812e+01,9.672978401184082031e+00,4.000000000000000000e+00
4.289999999999999858e+01,3.092513427734375000e+02,1.716345787048339844e+01,9.668861389160156250e+00,4.000000000000000000e+00
4.292000000000000171e+01,3.094539794921875000e+02,1.713038063049316406e+01,9.664664268493652344e+00,4.000000000000000000e+00
4.293999999999999773e+01,3.096566162109375000e+02,1.709832763671875000e+01,9.660383224487304688e+00,4.000000000000000000e+00
4.296000000000000085e+01,3.098592529296875000e+02,1.706731986999511719e+01,9.656015396118164062e+00,4.000000000000000000e+00
4.298000000000000398e+01,3.100618896484375000e+02,1.703738594055175781e+01,9.651560783386230469e+00,4.000000000000000000e+00
4.300000000000000000e+01,3.102645263671875000e+02,1.700854492187500000e+01,9.647018432617187500e+00,4.000000000000000000e+00
4.302000000000000313e+01,3.104671630859375000e+02,1.698082160949707031e+01,9.642386436462402344e+00,4.000000000000000000e+00
4.303999999999999915e+01,3.106697998046875000e+02,1.695423507690429688e+01,9.637664794921875000e+00,4.000000000000000000e+00
4.306000000000000227e+01,3.108724365234375000e+02,1.692881011962890625e+01,9.632854461669921875e+00,4.000000000000000000e+00
4.307999999999999829e+01,3.110750732421875000e+02,1.690456771850585938e+01,9.627955436706542969e+00,4.000000000000000000e+00
4.310000000000000142e+01,3.112777099609375000e+02,1.688152122497558594e+01,9.622969627380371094e+00,4.000000000000000000e+00
4.311999999999999744e+01,3.114803466796875000e+02,1.685969161987304688e+01,9.617897033691406250e+00,4.000000000000000000e+00
4.314000000000000057e+01,3.116829833984375000e+02,1.683909416198730469e+01,9.612738609313964844e+00,4.000000000000000000e+00
4.316000000000000369e+01,3.118856201171875000e+02,1.681974792480468750e+01,9.607497215270996094e+00,4.000000000000000000e+00
4.317999999999999972e+01,3.120882568359375000e+02,1.680166625976562500e+01,9.602175712585449219e+00,4.000000000000000000e+00
4.320000000000000284e+01,3.122908935546875000e+02,1.678486251831054688e+01,9.596775054931640625e+00,4.000000000000000000e+00
4.321999999999999886e+01,3.124935302734375000e+02,1.676935195922851562e+01,9.591298103332519531e+00,4.000000000000000000e+00
4.324000000000000199e+01,3.126960754394531250e+02,1.675514411926269531e+01,9.585747718811035156e+00,4.000000000000000000e+00
4.325999999999999801e+01,3.128985595703125000e+02,1.674225425720214844e+01,9.580125808715820312e+00,4.000000000000000000e+00
4.328000000000000114e+01,3.131010437011718750e+02,1.673068618774414062e+01,9.574434280395507812e+00,4.000000000000000000e+00
4.330000000000000426e+01,3.133034973144531250e+02,1.672045326232910156e+01,9.568676948547363281e+00,4.000000000000000000e+00
4.332000000000000028e+01,3.135058288574218750e+02,1.671156692504882812e+01,9.562857627868652344e+00,4.000000000000000000e+00
4.334000000000000341e+01,3.137081604003906250e+02,1.670402908325195312e+01,9.556978225708007812e+00,4.000000000000000000e+00
4.335999999999999943e+01,3.139103698730468750e+02,1.669784736633300781e+01,9.551041603088378906e+00,4.000000000000000000e+00
4.338000000000000256e+01,3.141125488281250000e+02,1.669302940368652344e+01,9.545052528381347656e+00,4.000000000000000000e+00
4.339999999999999858e+01,3.143145751953125000e+02,1.668958091735839844e+01,9.539011001586914062e+00,4.000000000000000000e+00
4.342000000000000171e+01,3.145165405273437500e+02,1.668750381469726562e+01,9.532924652099609375e+00,4.000000000000000000e+00
4.343999999999999773e+01,3.147184143066406250e+02,1.668680191040039062e+01,9.526794433593750000e+00,4.000000000000000000e+00
4.346000000000000085e+01,3.149201354980468750e+02,1.668747901916503906e+01,9.520624160766601562e+00,4.000000000000000000e+00
4.348000000000000398e+01,3.151217651367187500e+02,1.668953895568847656e+01,9.514416694641113281e+00,4.000000000000000000e+00
4.350000000000000000e+01,3.153232727050781250e+02,1.669298171997070312e+01,9.508175849914550781e+00,4.000000000000000000e+00
4.352000000000000313e+01,3.155246276855468750e+02,1.669780731201171875e+01,9.501904487609863281e+00,4.000000000000000000e+00
4.353999999999999915e+01,3.157258300781250000e+02,1.670401573181152344e+01,9.495605468750000000e+00,4.000000000000000000e+00
4.356000000000000227e+01,3.159268798828125000e+02,1.671160697937011719e+01,9.489282608032226562e+00,4.000000000000000000e+00
4.357999999999999829e+01,3.161277770996093750e+02,1.672057723999023438e+01,9.482939720153808594e+00,4.000000000000000000e+00
4.360000000000000142e+01,3.163285217285156250e+02,1.673092460632324219e+01,9.476580619812011719e+00,4.000000000000000000e+00
4.361999999999999744e+01,3.165290832519531250e+02,1.674265098571777344e+01,9.470206260681152344e+00,4.000000000000000000e+00
4.364000000000000057e+01,3.167294616699218750e+02,1.675575256347656250e+01,9.463821411132812500e+00,4.000000000000000000e+00
4.366000000000000369e+01,3.169296264648437500e+02,1.677022552490234375e+01,9.457429885864257812e+00,4.000000000000000000e+00
4.367999999999999972e+01,3.171295776367187500e+02,1.678606605529785156e+01,9.451035499572753906e+00,4.000000000000000000e+00
4.370000000000000284e+01,3.173293457031250000e+02,1.680326843261718750e+01,9.444641113281250000e+00,4.000000000000000000e+00
4.371999999999999886e+01,3.175288696289062500e+02,1.682182884216308594e+01,9.438246726989746094e+00,4.000000000000000000e+00
4.374000000000000199e+01,3.177281799316406250e+02,1.684174537658691406e+01,9.431859016418457031e+00,4.000000000000000000e+00
4.375999999999999801e+01,3.179272460937500000e+02,1.686300849914550781e+01,9.425479888916015625e+00,4.000000000000000000e+00
4.378000000000000114e+01,3.181260681152343750e+02,1.688561248779296875e+01,9.419112205505371094e+00,4.000000000000000000e+00
4.380000000000000426e+01,3.183246459960937500e+02,1.690955352783203125e+01,9.412758827209472656e+00,4.000000000000000000e+00
4.382000000000000028e+01,3.185229492187500000e+02,1.693482398986816406e+01,9.406424522399902344e+00,4.000000000000000000e+00
4.384000000000000341e+01,3.187209472656250000e+02,1.696141624450683594e+01,9.400111198425292969e+00,4.000000000000000000e+00
4.385999999999999943e+01,3.189187011718750000e+02,1.698932266235351562e+01,9.393821716308593750e+00,4.000000000000000000e+00
4.388000000000000256e+01,3.191161499023437500e+02,1.701853370666503906e+01,9.387560844421386719e+00,4.000000000000000000e+00
4.389999999999999858e+01,3.193133239746093750e+02,1.704904174804687500e+01,9.381330490112304688e+00,4.000000000000000000e+00
4.392000000000000171e+01,3.195101928710937500e+02,1.708083724975585938e+01,9.375133514404296875e+00,4.000000000000000000e+00
4.393999999999999773e+01,3.197067565917968750e+02,1.711391639709472656e+01,9.368972778320312500e+00,4.000000000000000000e+00
4.396000000000000085e+01,3.199029846191406250e+02,1.714826583862304688e+01,9.362852096557617188e+00,4.000000000000000000e+00
4.398000000000000398e+01,3.200988769531250000e+02,1.718387603759765625e+01,9.356773376464843750e+00,4.000000000000000000e+00
4.400000000000000000e+01,3.202944641113281250e+02,1.722073554992675781e+01,9.350741386413574219e+00,4.000000000000000000e+00
4.402000000000000313e+01,3.204896850585937500e+02,1.725883483886718750e+01,9.344757080078125000e+00,4.000000000000000000e+00
4.403999999999999915e+01,3.206845703125000000e+02,1.729816436767578125e+01,9.338822364807128906e+00,4.000000000000000000e+00
4.406000000000000227e+01,3.208790893554687500e+02,1.733871078491210938e+01,9.332941055297851562e+00,4.000000000000000000e+00
4.407999999999999829e+01,3.210732727050781250e+02,1.738046264648437500e+01,9.327116012573242188e+00,4.000000000000000000e+00
4.410000000000000142e+01,3.212670898437500000e+02,1.742340660095214844e+01,9.321350097656250000e+00,4.000000000000000000e+00
4.411999999999999744e+01,3.214605407714843750e+02,1.746753120422363281e+01,9.315644264221191406e+00,4.000000000000000000e+00
4.414000000000000057e+01,3.216535949707031250e+02,1.751282310485839844e+01,9.310001373291015625e+00,4.000000000000000000e+00
4.416000000000000369e+01,3.218462829589843750e+02,1.755926704406738281e+01,9.304424285888671875e+00,4.000000000000000000e+00
4.417999999999999972e+01,3.220385742187500000e+02,1.760685348510742188e+01,9.298913955688476562e+00,4.000000000000000000e+00
4.420000000000000284e+01,3.222304687500000000e+02,1.765556526184082031e+01,9.293473243713378906e+00,4.000000000000000000e+00
4.421999999999999886e+01,3.224219360351562500e+02,1.770538902282714844e+01,9.288104057312011719e+00,4.000000000000000000e+00
4.424000000000000199e+01,3.226130065917968750e+02,1.775630950927734375e+01,9.282810211181640625e+00,4.000000000000000000e+00
4.425999999999999801e+01,3.228036804199218750e+02,1.780831146240234375e+01,9.277591705322265625e+00,4.000000000000000000e+00
4.428000000000000114e+01,3.229939270019531250e+02,1.786137771606445312e+01,9.272450447082519531e+00,4.000000000000000000e+00
4.430000000000000426e+01,3.231837768554687500e+02,1.791549301147460938e+01,9.267388343811035156e+00,4.000000000000000000e+00
4.432000000000000028e+01,3.233731689453125000e+02,1.797064018249511719e+01,9.262407302856445312e+00,4.000000000000000000e+00
4.434000000000000341e+01,3.235621643066406250e+02,1.802680206298828125e+01,9.257509231567382812e+00,4.000000000000000000e+00
4.435999999999999943e+01,3.237507324218750000e+02,1.808396148681640625e+01,9.252694129943847656e+00,4.000000000000000000e+00
4.438000000000000256e+01,3.239388732910156250e+02,1.814209938049316406e+01,9.247964859008789062e+00,4.000000000000000000e+00
4.439999999999999858e+01,3.241265869140625000e+02,1.820119857788085938e+01,9.243322372436523438e+00,4.000000000000000000e+00
4.442000000000000171e+01,3.243138427734375000e+02,1.826124000549316406e+01,9.238765716552734375e+00,4.000000000000000000e+00
4.443999999999999773e+01,3.245006713867187500e+02,1.832220458984375000e+01,9.234298706054687500e+00,4.000000000000000000e+00
4.446000000000000085e+01,3.246870727539062500e+02,1.838407325744628906e+01,9.229920387268066406e+00,4.000000000000000000e+00
4.448000000000000398e+01,3.248730468750000000e+02,1.844682312011718750e+01,9.225631713867187500e+00,4.000000000000000000e+00
4.450000000000000000e+01,3.250585632324218750e+02,1.851043319702148438e+01,9.221434593200683594e+00,4.000000000000000000e+00
4.452000000000000313e+01,3.252436828613281250e+02,1.857488822937011719e+01,9.217329025268554688e+00,4.000000000000000000e+00
4.453999999999999915e+01,3.254283447265625000e+02,1.864016151428222656e+01,9.213314056396484375e+00,4.000000000000000000e+00
4.456000000000000227e+01,3.256125793457031250e+02,1.870623397827148438e+01,9.209390640258789062e+00,4.000000000000000000e+00
4.457999999999999829e+01,3.257963867187500000e+02,1.877307701110839844e+01,9.205558776855468750e+00,4.000000000000000000e+00
4.460000000000000142e+01,3.259797668457031250e+02,1.884067535400390625e+01,9.201818466186523438e+00,4.000000000000000000e+00
4.461999999999999744e+01,3.261627197265625000e+02,1.890900421142578125e+01,9.198168754577636719e+00,4.000000000000000000e+00
4.464000000000000057e+01,3.263452453613281250e+02,1.897803688049316406e+01,9.194609642028808594e+00,4.000000000000000000e+00
4.466000000000000369e+01,3.265274047851562500e+02,1.904775047302246094e+01,9.191140174865722656e+00,4.000000000000000000e+00
4.467999999999999972e+01,3.267091064453125000e+02,1.911812019348144531e+01,9.187760353088378906e+00,4.000000000000000000e+00
4.470000000000000284e+01,3.268904113769531250e+02,1.918912124633789062e+01,9.184468269348144531e+00,4.000000000000000000e+00
4.471999999999999886e+01,3.270713500976562500e+02,1.926072502136230469e+01,9.181265830993652344e+00,4.000000000000000000e+00
4.474000000000000199e+01,3.272518920898437500e+02,1.933290863037109375e+01,9.178150177001953125e+00,4.000000000000000000e+00
4.475999999999999801e+01,3.274320068359375000e+02,1.940564537048339844e+01,9.175121307373046875e+00,4.000000000000000000e+00
4.478000000000000114e+01,3.276117553710937500e+02,1.947890853881835938e+01,9.172178268432617188e+00,4.000000000000000000e+00
4.480000000000000426e+01,3.277911682128906250e+02,1.955267143249511719e+01,9.169321060180664062e+00,4.000000000000000000e+00
4.482000000000000028e+01,3.279701843261718750e+02,1.962690734863281250e+01,9.166546821594238281e+00,4.000000000000000000e+00
4.484000000000000341e+01,3.281488342285156250e+02,1.970158958435058594e+01,9.163856506347656250e+00,4.000000000000000000e+00
4.485999999999999943e+01,3.283271484375000000e+02,1.977668952941894531e+01,9.161247253417968750e+00,4.000000000000000000e+00
4.488000000000000256e+01,3.285050964355468750e+02,1.985218048095703125e+01,9.158719062805175781e+00,4.000000000000000000e+00
4.489999999999999858e+01,3.286827392578125000e+02,1.992803192138671875e+01,9.156270980834960938e+00,4.000000000000000000e+00
4.492000000000000171e+01,3.288600463867187500e+02,2.000421905517578125e+01,9.153901100158691406e+00,4.000000000000000000e+00
4.493999999999999773e+01,3.290370483398437500e+02,2.008071327209472656e+01,9.151608467102050781e+00,4.000000000000000000e+00
4.496000000000000085e+01,3.292137451171875000e+02,2.015748786926269531e+01,9.149391174316406250e+00,4.000000000000000000e+00
4.498000000000000398e+01,3.293901367187500000e+02,2.023451614379882812e+01,9.147248268127441406e+00,4.000000000000000000e+00
4.500000000000000000e+01,3.295662841796875000e+02,2.031176757812500000e+01,9.145178794860839844e+00,4.000000000000000000e+00
4.502000000000000313e+01,3.297421264648437500e+02,2.038921546936035156e+01,9.143180847167968750e+00,4.000000000000000000e+00
4.503999999999999915e+01,3.299176940917968750e+02,2.046683311462402344e+01,9.141250610351562500e+00,4.000000000000000000e+00
4.506000000000000227e+01,3.300930175781250000e+02,2.054459190368652344e+01,9.139389038085937500e+00,4.000000000000000000e+00
4.507999999999999829e+01,3.302681274414062500e+02,2.062246704101562500e+01,9.137593269348144531e+00,4.000000000000000000e+00
4.510000000000000142e+01,3.304429931640625000e+02,2.070042800903320312e+01,9.135860443115234375e+00,4.000000000000000000e+00
4.511999999999999744e+01,3.306176452636718750e+02,2.077844810485839844e+01,9.134190559387207031e+00,4.000000000000000000e+00
4.514000000000000057e+01,3.307920837402343750e+02,2.085649871826171875e+01,9.132579803466796875e+00,4.000000000000000000e+00
4.516000000000000369e+01,3.309663085937500000e+02,2.093455314636230469e+01,9.131027221679687500e+00,4.000000000000000000e+00
4.517999999999999972e+01,3.311403503417968750e+02,2.101258277893066406e+01,9.129528999328613281e+00,4.000000000000000000e+00
4.520000000000000284e+01,3.313142395019531250e+02,2.109056282043457031e+01,9.128084182739257812e+00,4.000000000000000000e+00
4.521999999999999886e+01,3.314879455566406250e+02,2.116846656799316406e+01,9.126688957214355469e+00,4.000000000000000000e+00
4.524000000000000199e+01,3.316614990234375000e+02,2.124626159667968750e+01,9.125340461730957031e+00,4.000000000000000000e+00
4.525999999999999801e+01,3.318349304199218750e+02,2.132392692565917969e+01,9.124037742614746094e+00,4.000000000000000000e+00
4.528000000000000114e+01,3.320082397460937500e+02,2.140143203735351562e+01,9.122776031494140625e+00,4.000000000000000000e+00
4.530000000000000426e+01,3.321814270019531250e+02,2.147875213623046875e+01,9.121551513671875000e+00,4.000000000000000000e+00
4.532000000000000028e+01,3.323544616699218750e+02,2.155585479736328125e+01,9.120363235473632812e+00,4.000000000000000000e+00
4.534000000000000341e+01,3.325274353027343750e+02,2.163271903991699219e+01,9.119206428527832031e+00,4.000000000000000000e+00
4.535999999999999943e+01,3.327003173828125000e+02,2.170931625366210938e+01,9.118077278137207031e+00,4.000000000000000000e+00
4.538000000000000256e+01,3.328731384277343750e+02,2.178561973571777344e+01,9.116973876953125000e+00,4.000000000000000000e+00
4.539999999999999858e+01,3.330458679199218750e+02,2.186159896850585938e+01,9.115890502929687500e+00,4.000000000000000000e+00
4.542000000000000171e+01,3.332185974121093750e+02,2.193723106384277344e+01,9.114824295043945312e+00,4.000000000000000000e+00
4.543999999999999773e+01,3.333913269042968750e+02,2.201249122619628906e+01,9.113771438598632812e+00,4.000000000000000000e+00
4.546000000000000085e+01,3.335639038085937500e+02,2.208734893798828125e+01,9.112727165222167969e+00,4.000000000000000000e+00
4.548000000000000398e+01,3.337364807128906250e+02,2.216177940368652344e+01,9.111687660217285156e+00,4.000000000000000000e+00
4.550000000000000000e+01,3.339090576171875000e+02,2.223575401306152344e+01,9.110648155212402344e+00,4.000000000000000000e+00
4.552000000000000313e+01,3.340816345214843750e+02,2.230924606323242188e+01,9.109604835510253906e+00,4.000000000000000000e+00
4.553999999999999915e+01,3.342542114257812500e+02,2.238223075866699219e+01,9.108553886413574219e+00,4.000000000000000000e+00
4.556000000000000227e+01,3.344269409179687500e+02,2.245467948913574219e+01,9.107490539550781250e+00,4.000000000000000000e+00
4.557999999999999829e+01,3.345996704101562500e+02,2.252656745910644531e+01,9.106409072875976562e+00,4.000000000000000000e+00
4.560000000000000142e+01,3.347723999023437500e+02,2.259786605834960938e+01,9.105306625366210938e+00,4.000000000000000000e+00
4.561999999999999744e+01,3.349452209472656250e+02,2.266855049133300781e+01,9.104176521301269531e+00,4.000000000000000000e+00
4.564000000000000057e+01,3.351181030273437500e+02,2.273859405517578125e+01,9.103015899658203125e+00,4.000000000000000000e+00
4.566000000000000369e+01,3.352910766601562500e+02,2.280796813964843750e+01,9.101819038391113281e+00,4.000000000000000000e+00
4.567999999999999972e+01,3.354641113281250000e+02,2.287664222717285156e+01,9.100582122802734375e+00,4.000000000000000000e+00
4.570000000000000284e+01,3.356372985839843750e+02,2.294459724426269531e+01,9.099299430847167969e+00,4.000000000000000000e+00
4.571999999999999886e+01,3.358105773925781250e+02,2.301180267333984375e+01,9.097965240478515625e+00,4.000000000000000000e+00
4.574000000000000199e+01,3.359839477539062500e+02,2.307823181152343750e+01,9.096574783325195312e+00,4.000000000000000000e+00
4.575999999999999801e+01,3.361574707031250000e+02,2.314385414123535156e+01,9.095123291015625000e+00,4.000000000000000000e+00
4.578000000000000114e+01,3.363311157226562500e+02,2.320864677429199219e+01,9.093606948852539062e+00,4.000000000000000000e+00
4.580000000000000426e+01,3.365049133300781250e+02,2.327258300781250000e+01,9.092019081115722656e+00,4.000000000000000000e+00
4.582000000000000028e+01,3.366788635253906250e+02,2.333563423156738281e+01,9.090354919433593750e+00,4.000000000000000000e+00
4.584000000000000341e+01,3.368529968261718750e+02,2.339777183532714844e+01,9.088610649108886719e+00,4.000000000000000000e+00
4.585999999999999943e+01,3.370272827148437500e+02,2.345896911621093750e+01,9.086782455444335938e+00,4.000000000000000000e+00
4.588000000000000256e+01,3.372017517089843750e+02,2.351920509338378906e+01,9.084865570068359375e+00,4.000000000000000000e+00
4.589999999999999858e+01,3.373764038085937500e+02,2.357844734191894531e+01,9.082858085632324219e+00,4.000000000000000000e+00
4.592000000000000171e+01,3.375512390136718750e+02,2.363667488098144531e+01,9.080754280090332031e+00,4.000000000000000000e+00
4.593999999999999773e+01,3.377262878417968750e+02,2.369385719299316406e+01,9.078551292419433594e+00,4.000000000000000000e+00
4.596000000000000085e+01,3.379015197753906250e+02,2.374997520446777344e+01,9.076247215270996094e+00,4.000000000000000000e+00
4.598000000000000398e+01,3.380769348144531250e+02,2.380500030517578125e+01,9.073840141296386719e+00,4.000000000000000000e+00
4.600000000000000000e+01,3.382525939941406250e+02,2.385890960693359375e+01,9.071328163146972656e+00,4.000000000000000000e+00
