time_s,north_m,east_m,altitude_m,phase
0.000000000000000000e+00,0.000000000000000000e+00,0.000000000000000000e+00,9.377412497997283936e-02,0.000000000000000000e+00
2.000000000000000042e-02,0.000000000000000000e+00,0.000000000000000000e+00,9.474229812622070312e-02,0.000000000000000000e+00
4.000000000000000083e-02,0.000000000000000000e+00,0.000000000000000000e+00,9.584950655698776245e-02,0.000000000000000000e+00
5.999999999999999778e-02,0.000000000000000000e+00,0.000000000000000000e+00,9.725560247898101807e-02,0.000000000000000000e+00
8.000000000000000167e-02,0.000000000000000000e+00,0.000000000000000000e+00,9.913198649883270264e-02,0.000000000000000000e+00
1.000000000000000056e-01,0.000000000000000000e+00,0.000000000000000000e+00,1.015153154730796814e-01,0.000000000000000000e+00
1.199999999999999956e-01,0.000000000000000000e+00,0.000000000000000000e+00,1.044117733836174011e-01,0.000000000000000000e+00
1.400000000000000133e-01,0.000000000000000000e+00,0.000000000000000000e+00,1.078208759427070618e-01,0.000000000000000000e+00
1.600000000000000033e-01,0.000000000000000000e+00,0.000000000000000000e+00,1.117397695779800415e-01,0.000000000000000000e+00
1.799999999999999933e-01,0.000000000000000000e+00,0.000000000000000000e+00,1.161646842956542969e-01,0.000000000000000000e+00
2.000000000000000111e-01,0.000000000000000000e+00,0.000000000000000000e+00,1.210909336805343628e-01,0.000000000000000000e+00
2.200000000000000011e-01,0.000000000000000000e+00,0.000000000000000000e+00,1.265139877796173096e-01,0.000000000000000000e+00
2.399999999999999911e-01,0.000000000000000000e+00,0.000000000000000000e+00,1.324300318956375122e-01,0.000000000000000000e+00
2.600000000000000089e-01,0.000000000000000000e+00,0.000000000000000000e+00,1.388354003429412842e-01,0.000000000000000000e+00
2.800000000000000266e-01,0.000000000000000000e+00,0.000000000000000000e+00,1.457266807556152344e-01,0.000000000000000000e+00
2.999999999999999889e-01,0.000000000000000000e+00,0.000000000000000000e+00,1.530993729829788208e-01,0.000000000000000000e+00
3.200000000000000067e-01,0.000000000000000000e+00,0.000000000000000000e+00,1.609489619731903076e-01,0.000000000000000000e+00
3.400000000000000244e-01,0.000000000000000000e+00,0.000000000000000000e+00,1.692716330289840698e-01,0.000000000000000000e+00
3.599999999999999867e-01,0.000000000000000000e+00,0.000000000000000000e+00,1.780640780925750732e-01,0.000000000000000000e+00
3.800000000000000044e-01,0.000000000000000000e+00,0.000000000000000000e+00,1.873229146003723145e-01,0.000000000000000000e+00
4.000000000000000222e-01,0.000000000000000000e+00,0.000000000000000000e+00,1.970434337854385376e-01,0.000000000000000000e+00
4.199999999999999845e-01,0.000000000000000000e+00,0.000000000000000000e+00,2.072205096483230591e-01,0.000000000000000000e+00
4.400000000000000022e-01,0.000000000000000000e+00,0.000000000000000000e+00,2.178553044795989990e-01,0.000000000000000000e+00
4.600000000000000200e-01,0.000000000000000000e+00,0.000000000000000000e+00,2.289496660232543945e-01,0.000000000000000000e+00
4.799999999999999822e-01,0.000000000000000000e+00,0.000000000000000000e+00,2.405014634132385254e-01,0.000000000000000000e+00
5.000000000000000000e-01,0.000000000000000000e+00,0.000000000000000000e+00,2.525067925453186035e-01,0.000000000000000000e+00
5.200000000000000178e-01,0.000000000000000000e+00,0.000000000000000000e+00,2.649606764316558838e-01,0.000000000000000000e+00
5.400000000000000355e-01,0.000000000000000000e+00,0.000000000000000000e+00,2.778580188751220703e-01,0.000000000000000000e+00
5.600000000000000533e-01,0.000000000000000000e+00,0.000000000000000000e+00,2.911944091320037842e-01,0.000000000000000000e+00
5.799999999999999600e-01,0.000000000000000000e+00,0.000000000000000000e+00,3.049660325050354004e-01,0.000000000000000000e+00
5.999999999999999778e-01,0.000000000000000000e+00,0.000000000000000000e+00,3.191690146923065186e-01,0.000000000000000000e+00
6.199999999999999956e-01,0.000000000000000000e+00,0.000000000000000000e+00,3.337992429733276367e-01,0.000000000000000000e+00
6.400000000000000133e-01,0.000000000000000000e+00,0.000000000000000000e+00,3.488526940345764160e-01,0.000000000000000000e+00
6.600000000000000311e-01,0.000000000000000000e+00,0.000000000000000000e+00,3.643256425857543945e-01,0.000000000000000000e+00
6.800000000000000488e-01,0.000000000000000000e+00,0.000000000000000000e+00,3.802145719528198242e-01,0.000000000000000000e+00
7.000000000000000666e-01,0.000000000000000000e+00,0.000000000000000000e+00,3.965156972408294678e-01,0.000000000000000000e+00
7.199999999999999734e-01,0.000000000000000000e+00,0.000000000000000000e+00,4.132250249385833740e-01,0.000000000000000000e+00
7.399999999999999911e-01,0.000000000000000000e+00,0.000000000000000000e+00,4.303390085697174072e-01,0.000000000000000000e+00
7.600000000000000089e-01,0.000000000000000000e+00,0.000000000000000000e+00,4.478543102741241455e-01,0.000000000000000000e+00
7.800000000000000266e-01,0.000000000000000000e+00,0.000000000000000000e+00,4.657676219940185547e-01,0.000000000000000000e+00
8.000000000000000444e-01,0.000000000000000000e+00,0.000000000000000000e+00,4.840752184391021729e-01,0.000000000000000000e+00
8.200000000000000622e-01,0.000000000000000000e+00,0.000000000000000000e+00,5.027729868888854980e-01,0.000000000000000000e+00
8.399999999999999689e-01,0.000000000000000000e+00,0.000000000000000000e+00,5.218571424484252930e-01,0.000000000000000000e+00
8.599999999999999867e-01,0.000000000000000000e+00,0.000000000000000000e+00,5.413242578506469727e-01,0.000000000000000000e+00
8.800000000000000044e-01,0.000000000000000000e+00,0.000000000000000000e+00,5.611711740493774414e-01,0.000000000000000000e+00
9.000000000000000222e-01,0.000000000000000000e+00,0.000000000000000000e+00,5.813945531845092773e-01,0.000000000000000000e+00
9.200000000000000400e-01,0.000000000000000000e+00,0.000000000000000000e+00,6.019909977912902832e-01,0.000000000000000000e+00
9.400000000000000577e-01,0.000000000000000000e+00,0.000000000000000000e+00,6.229573488235473633e-01,0.000000000000000000e+00
9.599999999999999645e-01,0.000000000000000000e+00,0.000000000000000000e+00,6.442906856536865234e-01,0.000000000000000000e+00
9.799999999999999822e-01,0.000000000000000000e+00,0.000000000000000000e+00,6.659880876541137695e-01,0.000000000000000000e+00
1.000000000000000000e+00,0.000000000000000000e+00,0.000000000000000000e+00,6.880461573600769043e-01,0.000000000000000000e+00
1.020000000000000018e+00,0.000000000000000000e+00,0.000000000000000000e+00,7.104610800743103027e-01,0.000000000000000000e+00
1.040000000000000036e+00,0.000000000000000000e+00,0.000000000000000000e+00,7.332293987274169922e-01,0.000000000000000000e+00
1.060000000000000053e+00,0.000000000000000000e+00,0.000000000000000000e+00,7.563481926918029785e-01,0.000000000000000000e+00
1.080000000000000071e+00,0.000000000000000000e+00,0.000000000000000000e+00,7.798146605491638184e-01,0.000000000000000000e+00
1.100000000000000089e+00,0.000000000000000000e+00,0.000000000000000000e+00,8.036257028579711914e-01,0.000000000000000000e+00
1.120000000000000107e+00,0.000000000000000000e+00,0.000000000000000000e+00,8.277776241302490234e-01,0.000000000000000000e+00
1.140000000000000124e+00,0.000000000000000000e+00,0.000000000000000000e+00,8.522671461105346680e-01,0.000000000000000000e+00
1.159999999999999920e+00,0.000000000000000000e+00,0.000000000000000000e+00,8.770915269851684570e-01,0.000000000000000000e+00
1.179999999999999938e+00,0.000000000000000000e+00,0.000000000000000000e+00,9.022481441497802734e-01,0.000000000000000000e+00
1.199999999999999956e+00,0.000000000000000000e+00,0.000000000000000000e+00,9.277340173721313477e-01,0.000000000000000000e+00
1.219999999999999973e+00,0.000000000000000000e+00,0.000000000000000000e+00,9.535458683967590332e-01,0.000000000000000000e+00
1.239999999999999991e+00,0.000000000000000000e+00,0.000000000000000000e+00,9.796805381774902344e-01,0.000000000000000000e+00
1.260000000000000009e+00,0.000000000000000000e+00,0.000000000000000000e+00,1.006135225296020508e+00,1.000000000000000000e+00
1.280000000000000027e+00,0.000000000000000000e+00,0.000000000000000000e+00,1.032874822616577148e+00,1.000000000000000000e+00
1.300000000000000044e+00,0.000000000000000000e+00,0.000000000000000000e+00,1.059838771820068359e+00,1.000000000000000000e+00
1.320000000000000062e+00,0.000000000000000000e+00,0.000000000000000000e+00,1.086979985237121582e+00,1.000000000000000000e+00
1.340000000000000080e+00,0.000000000000000000e+00,0.000000000000000000e+00,1.114269614219665527e+00,1.000000000000000000e+00
1.360000000000000098e+00,0.000000000000000000e+00,0.000000000000000000e+00,1.141689896583557129e+00,1.000000000000000000e+00
1.380000000000000115e+00,0.000000000000000000e+00,0.000000000000000000e+00,1.169228315353393555e+00,1.000000000000000000e+00
1.400000000000000133e+00,0.000000000000000000e+00,0.000000000000000000e+00,1.196873664855957031e+00,1.000000000000000000e+00
1.419999999999999929e+00,0.000000000000000000e+00,0.000000000000000000e+00,1.224620819091796875e+00,1.000000000000000000e+00
1.439999999999999947e+00,0.000000000000000000e+00,0.000000000000000000e+00,1.252468585968017578e+00,1.000000000000000000e+00
1.459999999999999964e+00,0.000000000000000000e+00,0.000000000000000000e+00,1.280415415763854980e+00,1.000000000000000000e+00
1.479999999999999982e+00,0.000000000000000000e+00,0.000000000000000000e+00,1.308458209037780762e+00,1.000000000000000000e+00
1.500000000000000000e+00,0.000000000000000000e+00,0.000000000000000000e+00,1.336592078208923340e+00,1.000000000000000000e+00
1.520000000000000018e+00,0.000000000000000000e+00,0.000000000000000000e+00,1.364812612533569336e+00,1.000000000000000000e+00
1.540000000000000036e+00,0.000000000000000000e+00,0.000000000000000000e+00,1.393116831779479980e+00,1.000000000000000000e+00
1.560000000000000053e+00,0.000000000000000000e+00,0.000000000000000000e+00,1.421501517295837402e+00,1.000000000000000000e+00
1.580000000000000071e+00,0.000000000000000000e+00,0.000000000000000000e+00,1.449962735176086426e+00,1.000000000000000000e+00
1.600000000000000089e+00,0.000000000000000000e+00,0.000000000000000000e+00,1.478495359420776367e+00,1.000000000000000000e+00
1.620000000000000107e+00,0.000000000000000000e+00,0.000000000000000000e+00,1.507102489471435547e+00,1.000000000000000000e+00
1.640000000000000124e+00,0.000000000000000000e+00,0.000000000000000000e+00,1.535791397094726562e+00,1.000000000000000000e+00
1.660000000000000142e+00,0.000000000000000000e+00,0.000000000000000000e+00,1.564564585685729980e+00,1.000000000000000000e+00
1.679999999999999938e+00,0.000000000000000000e+00,0.000000000000000000e+00,1.593420743942260742e+00,1.000000000000000000e+00
1.699999999999999956e+00,0.000000000000000000e+00,0.000000000000000000e+00,1.622356772422790527e+00,1.000000000000000000e+00
1.719999999999999973e+00,0.000000000000000000e+00,0.000000000000000000e+00,1.651372313499450684e+00,1.000000000000000000e+00
1.739999999999999991e+00,0.000000000000000000e+00,0.000000000000000000e+00,1.680468916893005371e+00,1.000000000000000000e+00
1.760000000000000009e+00,0.000000000000000000e+00,0.000000000000000000e+00,1.709645748138427734e+00,1.000000000000000000e+00
1.780000000000000027e+00,0.000000000000000000e+00,0.000000000000000000e+00,1.738900899887084961e+00,1.000000000000000000e+00
1.800000000000000044e+00,0.000000000000000000e+00,0.000000000000000000e+00,1.768230319023132324e+00,1.000000000000000000e+00
1.820000000000000062e+00,0.000000000000000000e+00,0.000000000000000000e+00,1.797630786895751953e+00,1.000000000000000000e+00
1.840000000000000080e+00,0.000000000000000000e+00,0.000000000000000000e+00,1.827099442481994629e+00,1.000000000000000000e+00
1.860000000000000098e+00,0.000000000000000000e+00,0.000000000000000000e+00,1.856633663177490234e+00,1.000000000000000000e+00
1.880000000000000115e+00,0.000000000000000000e+00,0.000000000000000000e+00,1.886229515075683594e+00,1.000000000000000000e+00
1.900000000000000133e+00,0.000000000000000000e+00,0.000000000000000000e+00,1.915882349014282227e+00,1.000000000000000000e+00
1.919999999999999929e+00,0.000000000000000000e+00,0.000000000000000000e+00,1.945590734481811523e+00,1.000000000000000000e+00
1.939999999999999947e+00,0.000000000000000000e+00,0.000000000000000000e+00,1.975354909896850586e+00,1.000000000000000000e+00
1.959999999999999964e+00,0.000000000000000000e+00,0.000000000000000000e+00,2.005174398422241211e+00,1.000000000000000000e+00
1.979999999999999982e+00,0.000000000000000000e+00,0.000000000000000000e+00,2.035046577453613281e+00,1.000000000000000000e+00
2.000000000000000000e+00,0.000000000000000000e+00,0.000000000000000000e+00,2.064968109130859375e+00,1.000000000000000000e+00
2.020000000000000018e+00,0.000000000000000000e+00,0.000000000000000000e+00,2.094943284988403320e+00,1.000000000000000000e+00
2.040000000000000036e+00,0.000000000000000000e+00,0.000000000000000000e+00,2.124979734420776367e+00,1.000000000000000000e+00
2.060000000000000053e+00,0.000000000000000000e+00,0.000000000000000000e+00,2.155081272125244141e+00,1.000000000000000000e+00
2.080000000000000071e+00,0.000000000000000000e+00,0.000000000000000000e+00,2.185247182846069336e+00,1.000000000000000000e+00
2.100000000000000089e+00,0.000000000000000000e+00,0.000000000000000000e+00,2.215474605560302734e+00,1.000000000000000000e+00
2.120000000000000107e+00,0.000000000000000000e+00,0.000000000000000000e+00,2.245763301849365234e+00,1.000000000000000000e+00
2.140000000000000124e+00,0.000000000000000000e+00,0.000000000000000000e+00,2.276115179061889648e+00,1.000000000000000000e+00
2.160000000000000142e+00,0.000000000000000000e+00,0.000000000000000000e+00,2.306529998779296875e+00,1.000000000000000000e+00
2.180000000000000160e+00,0.000000000000000000e+00,0.000000000000000000e+00,2.337005853652954102e+00,1.000000000000000000e+00
2.200000000000000178e+00,0.000000000000000000e+00,0.000000000000000000e+00,2.367538928985595703e+00,1.000000000000000000e+00
2.220000000000000195e+00,0.000000000000000000e+00,0.000000000000000000e+00,2.398125171661376953e+00,1.000000000000000000e+00
2.240000000000000213e+00,0.000000000000000000e+00,0.000000000000000000e+00,2.428761720657348633e+00,1.000000000000000000e+00
2.260000000000000231e+00,0.000000000000000000e+00,0.000000000000000000e+00,2.459445476531982422e+00,1.000000000000000000e+00
2.280000000000000249e+00,0.000000000000000000e+00,0.000000000000000000e+00,2.490172863006591797e+00,1.000000000000000000e+00
2.300000000000000266e+00,0.000000000000000000e+00,0.000000000000000000e+00,2.520938873291015625e+00,1.000000000000000000e+00
2.319999999999999840e+00,0.000000000000000000e+00,0.000000000000000000e+00,2.551746129989624023e+00,1.000000000000000000e+00
2.339999999999999858e+00,0.000000000000000000e+00,0.000000000000000000e+00,2.582599878311157227e+00,1.000000000000000000e+00
2.359999999999999876e+00,0.000000000000000000e+00,0.000000000000000000e+00,2.613502025604248047e+00,1.000000000000000000e+00
2.379999999999999893e+00,0.000000000000000000e+00,0.000000000000000000e+00,2.644451141357421875e+00,1.000000000000000000e+00
2.399999999999999911e+00,0.000000000000000000e+00,0.000000000000000000e+00,2.675444364547729492e+00,1.000000000000000000e+00
2.419999999999999929e+00,0.000000000000000000e+00,0.000000000000000000e+00,2.706481695175170898e+00,1.000000000000000000e+00
2.439999999999999947e+00,0.000000000000000000e+00,0.000000000000000000e+00,2.737565517425537109e+00,1.000000000000000000e+00
2.459999999999999964e+00,0.000000000000000000e+00,0.000000000000000000e+00,2.768695831298828125e+00,1.000000000000000000e+00
2.479999999999999982e+00,0.000000000000000000e+00,0.000000000000000000e+00,2.799870729446411133e+00,1.000000000000000000e+00
2.500000000000000000e+00,0.000000000000000000e+00,0.000000000000000000e+00,2.831086635589599609e+00,1.000000000000000000e+00
2.520000000000000018e+00,0.000000000000000000e+00,0.000000000000000000e+00,2.862342596054077148e+00,1.000000000000000000e+00
2.540000000000000036e+00,0.000000000000000000e+00,0.000000000000000000e+00,2.893638849258422852e+00,1.000000000000000000e+00
2.560000000000000053e+00,0.000000000000000000e+00,0.000000000000000000e+00,2.924974918365478516e+00,1.000000000000000000e+00
2.580000000000000071e+00,0.000000000000000000e+00,0.000000000000000000e+00,2.956348657608032227e+00,1.000000000000000000e+00
2.600000000000000089e+00,0.000000000000000000e+00,0.000000000000000000e+00,2.987756967544555664e+00,1.000000000000000000e+00
2.620000000000000107e+00,0.000000000000000000e+00,0.000000000000000000e+00,3.019200563430786133e+00,1.000000000000000000e+00
2.640000000000000124e+00,0.000000000000000000e+00,0.000000000000000000e+00,3.050683021545410156e+00,1.000000000000000000e+00
2.660000000000000142e+00,0.000000000000000000e+00,0.000000000000000000e+00,3.082205057144165039e+00,1.000000000000000000e+00
2.680000000000000160e+00,0.000000000000000000e+00,0.000000000000000000e+00,3.113765239715576172e+00,1.000000000000000000e+00
2.700000000000000178e+00,0.000000000000000000e+00,0.000000000000000000e+00,3.145360231399536133e+00,1.000000000000000000e+00
2.720000000000000195e+00,0.000000000000000000e+00,0.000000000000000000e+00,3.176987409591674805e+00,1.000000000000000000e+00
2.740000000000000213e+00,0.000000000000000000e+00,0.000000000000000000e+00,3.208645820617675781e+00,1.000000000000000000e+00
2.760000000000000231e+00,0.000000000000000000e+00,0.000000000000000000e+00,3.240332841873168945e+00,1.000000000000000000e+00
2.780000000000000249e+00,0.000000000000000000e+00,0.000000000000000000e+00,3.272045850753784180e+00,1.000000000000000000e+00
2.800000000000000266e+00,0.000000000000000000e+00,0.000000000000000000e+00,3.303780794143676758e+00,1.000000000000000000e+00
2.819999999999999840e+00,0.000000000000000000e+00,0.000000000000000000e+00,3.335540056228637695e+00,1.000000000000000000e+00
2.839999999999999858e+00,0.000000000000000000e+00,0.000000000000000000e+00,3.367327690124511719e+00,1.000000000000000000e+00
2.859999999999999876e+00,0.000000000000000000e+00,0.000000000000000000e+00,3.399145841598510742e+00,1.000000000000000000e+00
2.879999999999999893e+00,0.000000000000000000e+00,0.000000000000000000e+00,3.430992126464843750e+00,1.000000000000000000e+00
2.899999999999999911e+00,0.000000000000000000e+00,0.000000000000000000e+00,3.462863922119140625e+00,1.000000000000000000e+00
2.919999999999999929e+00,0.000000000000000000e+00,0.000000000000000000e+00,3.494762659072875977e+00,1.000000000000000000e+00
2.939999999999999947e+00,0.000000000000000000e+00,0.000000000000000000e+00,3.526690483093261719e+00,1.000000000000000000e+00
2.959999999999999964e+00,0.000000000000000000e+00,0.000000000000000000e+00,3.558648824691772461e+00,1.000000000000000000e+00
2.979999999999999982e+00,0.000000000000000000e+00,0.000000000000000000e+00,3.590635776519775391e+00,1.000000000000000000e+00
3.000000000000000000e+00,0.000000000000000000e+00,0.000000000000000000e+00,3.622648239135742188e+00,1.000000000000000000e+00
3.020000000000000018e+00,0.000000000000000000e+00,0.000000000000000000e+00,3.654685258865356445e+00,1.000000000000000000e+00
3.040000000000000036e+00,0.000000000000000000e+00,0.000000000000000000e+00,3.686746835708618164e+00,1.000000000000000000e+00
3.060000000000000053e+00,0.000000000000000000e+00,0.000000000000000000e+00,3.718832015991210938e+00,1.000000000000000000e+00
3.080000000000000071e+00,0.000000000000000000e+00,0.000000000000000000e+00,3.750939130783081055e+00,1.000000000000000000e+00
3.100000000000000089e+00,0.000000000000000000e+00,0.000000000000000000e+00,3.783064603805541992e+00,1.000000000000000000e+00
3.120000000000000107e+00,0.000000000000000000e+00,0.000000000000000000e+00,3.815209865570068359e+00,1.000000000000000000e+00
3.140000000000000124e+00,0.000000000000000000e+00,0.000000000000000000e+00,3.847379684448242188e+00,1.000000000000000000e+00
3.160000000000000142e+00,0.000000000000000000e+00,0.000000000000000000e+00,3.879575729370117188e+00,1.000000000000000000e+00
3.180000000000000160e+00,0.000000000000000000e+00,0.000000000000000000e+00,3.911796808242797852e+00,1.000000000000000000e+00
3.200000000000000178e+00,0.000000000000000000e+00,0.000000000000000000e+00,3.944040536880493164e+00,1.000000000000000000e+00
3.220000000000000195e+00,0.000000000000000000e+00,0.000000000000000000e+00,3.976306200027465820e+00,1.000000000000000000e+00
3.240000000000000213e+00,0.000000000000000000e+00,0.000000000000000000e+00,4.008594036102294922e+00,1.000000000000000000e+00
3.260000000000000231e+00,0.000000000000000000e+00,0.000000000000000000e+00,4.040903568267822266e+00,1.000000000000000000e+00
3.280000000000000249e+00,0.000000000000000000e+00,0.000000000000000000e+00,4.073232650756835938e+00,1.000000000000000000e+00
3.300000000000000266e+00,0.000000000000000000e+00,0.000000000000000000e+00,4.105578422546386719e+00,1.000000000000000000e+00
3.320000000000000284e+00,0.000000000000000000e+00,0.000000000000000000e+00,4.137943267822265625e+00,1.000000000000000000e+00
3.339999999999999858e+00,0.000000000000000000e+00,0.000000000000000000e+00,4.170332431793212891e+00,1.000000000000000000e+00
3.359999999999999876e+00,0.000000000000000000e+00,0.000000000000000000e+00,4.202746391296386719e+00,1.000000000000000000e+00
3.379999999999999893e+00,0.000000000000000000e+00,0.000000000000000000e+00,4.235185623168945312e+00,1.000000000000000000e+00
3.399999999999999911e+00,0.000000000000000000e+00,0.000000000000000000e+00,4.267645359039306641e+00,1.000000000000000000e+00
3.419999999999999929e+00,0.000000000000000000e+00,0.000000000000000000e+00,4.300124645233154297e+00,1.000000000000000000e+00
3.439999999999999947e+00,0.000000000000000000e+00,0.000000000000000000e+00,4.332619667053222656e+00,1.000000000000000000e+00
3.459999999999999964e+00,0.000000000000000000e+00,0.000000000000000000e+00,4.365128040313720703e+00,1.000000000000000000e+00
3.479999999999999982e+00,0.000000000000000000e+00,0.000000000000000000e+00,4.397647857666015625e+00,1.000000000000000000e+00
3.500000000000000000e+00,0.000000000000000000e+00,0.000000000000000000e+00,4.430174827575683594e+00,1.000000000000000000e+00
3.520000000000000018e+00,0.000000000000000000e+00,0.000000000000000000e+00,4.462708473205566406e+00,1.000000000000000000e+00
3.540000000000000036e+00,0.000000000000000000e+00,0.000000000000000000e+00,4.495251178741455078e+00,1.000000000000000000e+00
3.560000000000000053e+00,0.000000000000000000e+00,0.000000000000000000e+00,4.527803421020507812e+00,1.000000000000000000e+00
3.580000000000000071e+00,0.000000000000000000e+00,0.000000000000000000e+00,4.560364246368408203e+00,1.000000000000000000e+00
3.600000000000000089e+00,0.000000000000000000e+00,0.000000000000000000e+00,4.592930793762207031e+00,1.000000000000000000e+00
3.620000000000000107e+00,0.000000000000000000e+00,0.000000000000000000e+00,4.625505924224853516e+00,1.000000000000000000e+00
3.640000000000000124e+00,0.000000000000000000e+00,0.000000000000000000e+00,4.658095359802246094e+00,1.000000000000000000e+00
3.660000000000000142e+00,0.000000000000000000e+00,0.000000000000000000e+00,4.690701484680175781e+00,1.000000000000000000e+00
3.680000000000000160e+00,0.000000000000000000e+00,0.000000000000000000e+00,4.723323345184326172e+00,1.000000000000000000e+00
3.700000000000000178e+00,0.000000000000000000e+00,0.000000000000000000e+00,4.755958080291748047e+00,1.000000000000000000e+00
3.720000000000000195e+00,0.000000000000000000e+00,0.000000000000000000e+00,4.788604736328125000e+00,1.000000000000000000e+00
3.740000000000000213e+00,0.000000000000000000e+00,0.000000000000000000e+00,4.821260452270507812e+00,1.000000000000000000e+00
3.760000000000000231e+00,0.000000000000000000e+00,0.000000000000000000e+00,4.853923320770263672e+00,1.000000000000000000e+00
3.780000000000000249e+00,0.000000000000000000e+00,0.000000000000000000e+00,4.886590003967285156e+00,1.000000000000000000e+00
3.800000000000000266e+00,0.000000000000000000e+00,0.000000000000000000e+00,4.919258117675781250e+00,1.000000000000000000e+00
3.820000000000000284e+00,0.000000000000000000e+00,0.000000000000000000e+00,4.951923847198486328e+00,1.000000000000000000e+00
3.839999999999999858e+00,0.000000000000000000e+00,0.000000000000000000e+00,4.984589576721191406e+00,1.000000000000000000e+00
3.859999999999999876e+00,0.000000000000000000e+00,0.000000000000000000e+00,5.017252922058105469e+00,1.000000000000000000e+00
3.879999999999999893e+00,0.000000000000000000e+00,0.000000000000000000e+00,5.049912929534912109e+00,1.000000000000000000e+00
3.899999999999999911e+00,0.000000000000000000e+00,0.000000000000000000e+00,5.082566738128662109e+00,1.000000000000000000e+00
3.919999999999999929e+00,0.000000000000000000e+00,0.000000000000000000e+00,5.115216255187988281e+00,1.000000000000000000e+00
3.939999999999999947e+00,0.000000000000000000e+00,0.000000000000000000e+00,5.147865295410156250e+00,1.000000000000000000e+00
3.959999999999999964e+00,0.000000000000000000e+00,0.000000000000000000e+00,5.180516719818115234e+00,1.000000000000000000e+00
3.979999999999999982e+00,0.000000000000000000e+00,0.000000000000000000e+00,5.213168144226074219e+00,1.000000000000000000e+00
4.000000000000000000e+00,0.000000000000000000e+00,0.000000000000000000e+00,5.245818138122558594e+00,1.000000000000000000e+00
4.020000000000000462e+00,0.000000000000000000e+00,0.000000000000000000e+00,5.278467178344726562e+00,1.000000000000000000e+00
4.040000000000000036e+00,0.000000000000000000e+00,0.000000000000000000e+00,5.311113834381103516e+00,1.000000000000000000e+00
4.060000000000000497e+00,0.000000000000000000e+00,0.000000000000000000e+00,5.343760013580322266e+00,1.000000000000000000e+00
4.080000000000000071e+00,0.000000000000000000e+00,0.000000000000000000e+00,5.376403331756591797e+00,1.000000000000000000e+00
4.099999999999999645e+00,0.000000000000000000e+00,0.000000000000000000e+00,5.409040927886962891e+00,1.000000000000000000e+00
4.120000000000000107e+00,0.000000000000000000e+00,0.000000000000000000e+00,5.441672801971435547e+00,1.000000000000000000e+00
4.139999999999999680e+00,0.000000000000000000e+00,0.000000000000000000e+00,5.474297046661376953e+00,1.000000000000000000e+00
4.160000000000000142e+00,0.000000000000000000e+00,0.000000000000000000e+00,5.506912231445312500e+00,1.000000000000000000e+00
4.179999999999999716e+00,0.000000000000000000e+00,0.000000000000000000e+00,5.539516448974609375e+00,1.000000000000000000e+00
4.200000000000000178e+00,0.000000000000000000e+00,0.000000000000000000e+00,5.572108268737792969e+00,1.000000000000000000e+00
4.219999999999999751e+00,0.000000000000000000e+00,0.000000000000000000e+00,5.604690551757812500e+00,1.000000000000000000e+00
4.240000000000000213e+00,0.000000000000000000e+00,0.000000000000000000e+00,5.637266159057617188e+00,1.000000000000000000e+00
4.259999999999999787e+00,0.000000000000000000e+00,0.000000000000000000e+00,5.669836044311523438e+00,1.000000000000000000e+00
4.280000000000000249e+00,0.000000000000000000e+00,0.000000000000000000e+00,5.702400207519531250e+00,1.000000000000000000e+00
4.299999999999999822e+00,0.000000000000000000e+00,0.000000000000000000e+00,5.734957218170166016e+00,1.000000000000000000e+00
4.320000000000000284e+00,0.000000000000000000e+00,0.000000000000000000e+00,5.767503738403320312e+00,1.000000000000000000e+00
4.339999999999999858e+00,0.000000000000000000e+00,0.000000000000000000e+00,5.800035953521728516e+00,1.000000000000000000e+00
4.360000000000000320e+00,0.000000000000000000e+00,0.000000000000000000e+00,5.832551002502441406e+00,1.000000000000000000e+00
4.379999999999999893e+00,0.000000000000000000e+00,0.000000000000000000e+00,5.865046024322509766e+00,1.000000000000000000e+00
4.400000000000000355e+00,0.000000000000000000e+00,0.000000000000000000e+00,5.897520542144775391e+00,1.000000000000000000e+00
4.419999999999999929e+00,0.000000000000000000e+00,0.000000000000000000e+00,5.929975032806396484e+00,1.000000000000000000e+00
4.440000000000000391e+00,0.000000000000000000e+00,0.000000000000000000e+00,5.962411403656005859e+00,1.000000000000000000e+00
4.459999999999999964e+00,0.000000000000000000e+00,0.000000000000000000e+00,5.994829654693603516e+00,1.000000000000000000e+00
4.480000000000000426e+00,0.000000000000000000e+00,0.000000000000000000e+00,6.027230262756347656e+00,1.000000000000000000e+00
4.500000000000000000e+00,0.000000000000000000e+00,0.000000000000000000e+00,6.059611797332763672e+00,1.000000000000000000e+00
4.520000000000000462e+00,0.000000000000000000e+00,0.000000000000000000e+00,6.091976642608642578e+00,1.000000000000000000e+00
4.540000000000000036e+00,0.000000000000000000e+00,0.000000000000000000e+00,6.124327659606933594e+00,1.000000000000000000e+00
4.560000000000000497e+00,0.000000000000000000e+00,0.000000000000000000e+00,6.156666755676269531e+00,1.000000000000000000e+00
4.580000000000000071e+00,0.000000000000000000e+00,0.000000000000000000e+00,6.188993930816650391e+00,1.000000000000000000e+00
4.600000000000000533e+00,0.000000000000000000e+00,0.000000000000000000e+00,6.221306324005126953e+00,1.000000000000000000e+00
4.620000000000000107e+00,0.000000000000000000e+00,0.000000000000000000e+00,6.253607273101806641e+00,1.000000000000000000e+00
4.639999999999999680e+00,0.000000000000000000e+00,0.000000000000000000e+00,6.285899639129638672e+00,1.000000000000000000e+00
4.660000000000000142e+00,0.000000000000000000e+00,0.000000000000000000e+00,6.318184852600097656e+00,1.000000000000000000e+00
4.679999999999999716e+00,0.000000000000000000e+00,0.000000000000000000e+00,6.350462913513183594e+00,1.000000000000000000e+00
4.700000000000000178e+00,0.000000000000000000e+00,0.000000000000000000e+00,6.382731914520263672e+00,1.000000000000000000e+00
4.719999999999999751e+00,0.000000000000000000e+00,0.000000000000000000e+00,6.414989948272705078e+00,1.000000000000000000e+00
4.740000000000000213e+00,0.000000000000000000e+00,0.000000000000000000e+00,6.447236061096191406e+00,1.000000000000000000e+00
4.759999999999999787e+00,0.000000000000000000e+00,0.000000000000000000e+00,6.479467391967773438e+00,1.000000000000000000e+00
4.780000000000000249e+00,0.000000000000000000e+00,0.000000000000000000e+00,6.511682987213134766e+00,1.000000000000000000e+00
4.799999999999999822e+00,0.000000000000000000e+00,0.000000000000000000e+00,6.543881893157958984e+00,1.000000000000000000e+00
4.820000000000000284e+00,0.000000000000000000e+00,0.000000000000000000e+00,6.576064586639404297e+00,1.000000000000000000e+00
4.839999999999999858e+00,0.000000000000000000e+00,0.000000000000000000e+00,6.608232975006103516e+00,1.000000000000000000e+00
4.860000000000000320e+00,0.000000000000000000e+00,0.000000000000000000e+00,6.640388011932373047e+00,1.000000000000000000e+00
4.879999999999999893e+00,0.000000000000000000e+00,0.000000000000000000e+00,6.672529220581054688e+00,1.000000000000000000e+00
4.900000000000000355e+00,0.000000000000000000e+00,0.000000000000000000e+00,6.704655647277832031e+00,1.000000000000000000e+00
4.919999999999999929e+00,0.000000000000000000e+00,0.000000000000000000e+00,6.736767292022705078e+00,1.000000000000000000e+00
4.940000000000000391e+00,0.000000000000000000e+00,0.000000000000000000e+00,6.768864154815673828e+00,1.000000000000000000e+00
4.959999999999999964e+00,0.000000000000000000e+00,0.000000000000000000e+00,6.800945281982421875e+00,1.000000000000000000e+00
4.980000000000000426e+00,0.000000000000000000e+00,0.000000000000000000e+00,6.833010196685791016e+00,1.000000000000000000e+00
5.000000000000000000e+00,0.000000000000000000e+00,0.000000000000000000e+00,6.865058422088623047e+00,1.000000000000000000e+00
5.020000000000000462e+00,0.000000000000000000e+00,0.000000000000000000e+00,6.897090911865234375e+00,1.000000000000000000e+00
5.040000000000000036e+00,0.000000000000000000e+00,0.000000000000000000e+00,6.929108142852783203e+00,1.000000000000000000e+00
5.060000000000000497e+00,0.000000000000000000e+00,0.000000000000000000e+00,6.961110115051269531e+00,1.000000000000000000e+00
5.080000000000000071e+00,0.000000000000000000e+00,0.000000000000000000e+00,6.993096351623535156e+00,1.000000000000000000e+00
5.100000000000000533e+00,0.000000000000000000e+00,0.000000000000000000e+00,7.025066852569580078e+00,1.000000000000000000e+00
5.120000000000000107e+00,0.000000000000000000e+00,0.000000000000000000e+00,7.057019710540771484e+00,1.000000000000000000e+00
5.139999999999999680e+00,0.000000000000000000e+00,0.000000000000000000e+00,7.088953018188476562e+00,1.000000000000000000e+00
5.160000000000000142e+00,0.000000000000000000e+00,0.000000000000000000e+00,7.120865345001220703e+00,1.000000000000000000e+00
5.179999999999999716e+00,0.000000000000000000e+00,0.000000000000000000e+00,7.152755737304687500e+00,1.000000000000000000e+00
5.200000000000000178e+00,0.000000000000000000e+00,0.000000000000000000e+00,7.184622764587402344e+00,1.000000000000000000e+00
5.219999999999999751e+00,0.000000000000000000e+00,0.000000000000000000e+00,7.216468811035156250e+00,1.000000000000000000e+00
5.240000000000000213e+00,0.000000000000000000e+00,0.000000000000000000e+00,7.248294353485107422e+00,1.000000000000000000e+00
5.259999999999999787e+00,0.000000000000000000e+00,0.000000000000000000e+00,7.280100345611572266e+00,1.000000000000000000e+00
5.280000000000000249e+00,0.000000000000000000e+00,0.000000000000000000e+00,7.311885356903076172e+00,1.000000000000000000e+00
5.299999999999999822e+00,0.000000000000000000e+00,0.000000000000000000e+00,7.343650817871093750e+00,1.000000000000000000e+00
5.320000000000000284e+00,0.000000000000000000e+00,0.000000000000000000e+00,7.375397682189941406e+00,1.000000000000000000e+00
5.339999999999999858e+00,0.000000000000000000e+00,0.000000000000000000e+00,7.407128810882568359e+00,1.000000000000000000e+00
5.360000000000000320e+00,0.000000000000000000e+00,0.000000000000000000e+00,7.438844680786132812e+00,1.000000000000000000e+00
5.379999999999999893e+00,0.000000000000000000e+00,0.000000000000000000e+00,7.470546245574951172e+00,1.000000000000000000e+00
5.400000000000000355e+00,0.000000000000000000e+00,0.000000000000000000e+00,7.502233028411865234e+00,1.000000000000000000e+00
5.419999999999999929e+00,0.000000000000000000e+00,0.000000000000000000e+00,7.533902168273925781e+00,1.000000000000000000e+00
5.440000000000000391e+00,0.000000000000000000e+00,0.000000000000000000e+00,7.565547466278076172e+00,1.000000000000000000e+00
5.459999999999999964e+00,0.000000000000000000e+00,0.000000000000000000e+00,7.597165584564208984e+00,1.000000000000000000e+00
5.480000000000000426e+00,0.000000000000000000e+00,0.000000000000000000e+00,7.628754615783691406e+00,1.000000000000000000e+00
5.500000000000000000e+00,0.000000000000000000e+00,0.000000000000000000e+00,7.660314559936523438e+00,1.000000000000000000e+00
5.520000000000000462e+00,0.000000000000000000e+00,0.000000000000000000e+00,7.691844940185546875e+00,1.000000000000000000e+00
5.540000000000000036e+00,0.000000000000000000e+00,0.000000000000000000e+00,7.723346710205078125e+00,1.000000000000000000e+00
5.560000000000000497e+00,0.000000000000000000e+00,0.000000000000000000e+00,7.754821300506591797e+00,1.000000000000000000e+00
5.580000000000000071e+00,0.000000000000000000e+00,0.000000000000000000e+00,7.786269187927246094e+00,1.000000000000000000e+00
5.600000000000000533e+00,0.000000000000000000e+00,0.000000000000000000e+00,7.817691326141357422e+00,1.000000000000000000e+00
5.620000000000000107e+00,0.000000000000000000e+00,0.000000000000000000e+00,7.849088668823242188e+00,1.000000000000000000e+00
5.639999999999999680e+00,0.000000000000000000e+00,0.000000000000000000e+00,7.880460262298583984e+00,1.000000000000000000e+00
5.660000000000000142e+00,0.000000000000000000e+00,0.000000000000000000e+00,7.911807537078857422e+00,1.000000000000000000e+00
5.679999999999999716e+00,0.000000000000000000e+00,0.000000000000000000e+00,7.943128585815429688e+00,1.000000000000000000e+00
5.700000000000000178e+00,0.000000000000000000e+00,0.000000000000000000e+00,7.974425792694091797e+00,1.000000000000000000e+00
5.719999999999999751e+00,0.000000000000000000e+00,0.000000000000000000e+00,8.005699157714843750e+00,1.000000000000000000e+00
5.740000000000000213e+00,0.000000000000000000e+00,0.000000000000000000e+00,8.036946296691894531e+00,1.000000000000000000e+00
5.759999999999999787e+00,0.000000000000000000e+00,0.000000000000000000e+00,8.068168640136718750e+00,1.000000000000000000e+00
5.780000000000000249e+00,0.000000000000000000e+00,0.000000000000000000e+00,8.099363327026367188e+00,1.000000000000000000e+00
5.799999999999999822e+00,0.000000000000000000e+00,0.000000000000000000e+00,8.130534172058105469e+00,1.000000000000000000e+00
5.820000000000000284e+00,0.000000000000000000e+00,0.000000000000000000e+00,8.161681175231933594e+00,1.000000000000000000e+00
5.839999999999999858e+00,0.000000000000000000e+00,0.000000000000000000e+00,8.192800521850585938e+00,1.000000000000000000e+00
5.860000000000000320e+00,0.000000000000000000e+00,0.000000000000000000e+00,8.223893165588378906e+00,1.000000000000000000e+00
5.879999999999999893e+00,0.000000000000000000e+00,0.000000000000000000e+00,8.254959106445312500e+00,1.000000000000000000e+00
5.900000000000000355e+00,0.000000000000000000e+00,0.000000000000000000e+00,8.285999298095703125e+00,1.000000000000000000e+00
5.919999999999999929e+00,0.000000000000000000e+00,0.000000000000000000e+00,8.317012786865234375e+00,1.000000000000000000e+00
5.940000000000000391e+00,0.000000000000000000e+00,0.000000000000000000e+00,8.348002433776855469e+00,1.000000000000000000e+00
5.959999999999999964e+00,0.000000000000000000e+00,0.000000000000000000e+00,8.378968238830566406e+00,1.000000000000000000e+00
5.980000000000000426e+00,0.000000000000000000e+00,0.000000000000000000e+00,8.409910202026367188e+00,1.000000000000000000e+00
6.000000000000000000e+00,0.000000000000000000e+00,0.000000000000000000e+00,8.440832138061523438e+00,1.000000000000000000e+00
6.020000000000000462e+00,0.000000000000000000e+00,0.000000000000000000e+00,8.471731185913085938e+00,1.000000000000000000e+00
6.040000000000000036e+00,0.000000000000000000e+00,0.000000000000000000e+00,8.502606391906738281e+00,1.000000000000000000e+00
6.060000000000000497e+00,0.000000000000000000e+00,0.000000000000000000e+00,8.533452987670898438e+00,1.000000000000000000e+00
6.080000000000000071e+00,0.000000000000000000e+00,0.000000000000000000e+00,8.564275741577148438e+00,1.000000000000000000e+00
6.100000000000000533e+00,0.000000000000000000e+00,0.000000000000000000e+00,8.595074653625488281e+00,1.000000000000000000e+00
6.120000000000000107e+00,0.000000000000000000e+00,0.000000000000000000e+00,8.625845909118652344e+00,1.000000000000000000e+00
6.140000000000000568e+00,0.000000000000000000e+00,0.000000000000000000e+00,8.656589508056640625e+00,1.000000000000000000e+00
6.160000000000000142e+00,0.000000000000000000e+00,0.000000000000000000e+00,8.687303543090820312e+00,1.000000000000000000e+00
6.179999999999999716e+00,0.000000000000000000e+00,0.000000000000000000e+00,8.717988014221191406e+00,1.000000000000000000e+00
6.200000000000000178e+00,0.000000000000000000e+00,0.000000000000000000e+00,8.748643875122070312e+00,1.000000000000000000e+00
6.219999999999999751e+00,0.000000000000000000e+00,0.000000000000000000e+00,8.779272079467773438e+00,1.000000000000000000e+00
6.240000000000000213e+00,0.000000000000000000e+00,0.000000000000000000e+00,8.809868812561035156e+00,1.000000000000000000e+00
6.259999999999999787e+00,0.000000000000000000e+00,0.000000000000000000e+00,8.840434074401855469e+00,1.000000000000000000e+00
6.280000000000000249e+00,0.000000000000000000e+00,0.000000000000000000e+00,8.870968818664550781e+00,1.000000000000000000e+00
6.299999999999999822e+00,0.000000000000000000e+00,0.000000000000000000e+00,8.901473045349121094e+00,1.000000000000000000e+00
6.320000000000000284e+00,0.000000000000000000e+00,0.000000000000000000e+00,8.931946754455566406e+00,1.000000000000000000e+00
6.339999999999999858e+00,0.000000000000000000e+00,0.000000000000000000e+00,8.962390899658203125e+00,1.000000000000000000e+00
6.360000000000000320e+00,0.000000000000000000e+00,0.000000000000000000e+00,8.992805480957031250e+00,1.000000000000000000e+00
6.379999999999999893e+00,0.000000000000000000e+00,0.000000000000000000e+00,9.023190498352050781e+00,1.000000000000000000e+00
6.400000000000000355e+00,0.000000000000000000e+00,0.000000000000000000e+00,9.053548812866210938e+00,1.000000000000000000e+00
6.419999999999999929e+00,0.000000000000000000e+00,0.000000000000000000e+00,9.083880424499511719e+00,1.000000000000000000e+00
6.440000000000000391e+00,0.000000000000000000e+00,0.000000000000000000e+00,9.114184379577636719e+00,1.000000000000000000e+00
6.459999999999999964e+00,0.000000000000000000e+00,0.000000000000000000e+00,9.144461631774902344e+00,1.000000000000000000e+00
6.480000000000000426e+00,0.000000000000000000e+00,0.000000000000000000e+00,9.174712181091308594e+00,1.000000000000000000e+00
6.500000000000000000e+00,0.000000000000000000e+00,0.000000000000000000e+00,9.204938888549804688e+00,1.000000000000000000e+00
6.520000000000000462e+00,0.000000000000000000e+00,0.000000000000000000e+00,9.235141754150390625e+00,1.000000000000000000e+00
6.540000000000000036e+00,0.000000000000000000e+00,0.000000000000000000e+00,9.265320777893066406e+00,1.000000000000000000e+00
6.560000000000000497e+00,0.000000000000000000e+00,0.000000000000000000e+00,9.295477867126464844e+00,1.000000000000000000e+00
6.580000000000000071e+00,0.000000000000000000e+00,0.000000000000000000e+00,9.325613975524902344e+00,1.000000000000000000e+00
6.600000000000000533e+00,0.000000000000000000e+00,0.000000000000000000e+00,9.355730056762695312e+00,1.000000000000000000e+00
6.620000000000000107e+00,0.000000000000000000e+00,0.000000000000000000e+00,9.385824203491210938e+00,1.000000000000000000e+00
6.640000000000000568e+00,0.000000000000000000e+00,0.000000000000000000e+00,9.415893554687500000e+00,1.000000000000000000e+00
6.660000000000000142e+00,0.000000000000000000e+00,0.000000000000000000e+00,9.445939064025878906e+00,1.000000000000000000e+00
6.679999999999999716e+00,0.000000000000000000e+00,0.000000000000000000e+00,9.475960731506347656e+00,1.000000000000000000e+00
6.700000000000000178e+00,0.000000000000000000e+00,0.000000000000000000e+00,9.505958557128906250e+00,1.000000000000000000e+00
6.719999999999999751e+00,0.000000000000000000e+00,0.000000000000000000e+00,9.535927772521972656e+00,1.000000000000000000e+00
6.740000000000000213e+00,0.000000000000000000e+00,0.000000000000000000e+00,9.565873146057128906e+00,1.000000000000000000e+00
6.759999999999999787e+00,0.000000000000000000e+00,0.000000000000000000e+00,9.595789909362792969e+00,1.000000000000000000e+00
6.780000000000000249e+00,0.000000000000000000e+00,0.000000000000000000e+00,9.625679969787597656e+00,1.000000000000000000e+00
6.799999999999999822e+00,0.000000000000000000e+00,0.000000000000000000e+00,9.655544281005859375e+00,1.000000000000000000e+00
6.820000000000000284e+00,0.000000000000000000e+00,0.000000000000000000e+00,9.685383796691894531e+00,1.000000000000000000e+00
6.839999999999999858e+00,0.000000000000000000e+00,0.000000000000000000e+00,9.715194702148437500e+00,1.000000000000000000e+00
6.860000000000000320e+00,0.000000000000000000e+00,0.000000000000000000e+00,9.744976043701171875e+00,1.000000000000000000e+00
6.879999999999999893e+00,0.000000000000000000e+00,0.000000000000000000e+00,9.774727821350097656e+00,1.000000000000000000e+00
6.900000000000000355e+00,0.000000000000000000e+00,0.000000000000000000e+00,9.804450035095214844e+00,1.000000000000000000e+00
6.919999999999999929e+00,0.000000000000000000e+00,0.000000000000000000e+00,9.834144592285156250e+00,1.000000000000000000e+00
6.940000000000000391e+00,0.000000000000000000e+00,0.000000000000000000e+00,9.863812446594238281e+00,1.000000000000000000e+00
6.959999999999999964e+00,0.000000000000000000e+00,0.000000000000000000e+00,9.893452644348144531e+00,1.000000000000000000e+00
6.980000000000000426e+00,0.000000000000000000e+00,0.000000000000000000e+00,9.923069000244140625e+00,1.000000000000000000e+00
7.000000000000000000e+00,0.000000000000000000e+00,0.000000000000000000e+00,9.952661514282226562e+00,1.000000000000000000e+00
7.020000000000000462e+00,0.000000000000000000e+00,0.000000000000000000e+00,9.982230186462402344e+00,1.000000000000000000e+00
7.040000000000000036e+00,0.000000000000000000e+00,0.000000000000000000e+00,1.001177215576171875e+01,1.000000000000000000e+00
7.060000000000000497e+00,0.000000000000000000e+00,0.000000000000000000e+00,1.004128837585449219e+01,1.000000000000000000e+00
7.080000000000000071e+00,0.000000000000000000e+00,0.000000000000000000e+00,1.007077693939208984e+01,1.000000000000000000e+00
7.100000000000000533e+00,0.000000000000000000e+00,0.000000000000000000e+00,1.010024070739746094e+01,1.000000000000000000e+00
7.120000000000000107e+00,0.000000000000000000e+00,0.000000000000000000e+00,1.012968063354492188e+01,1.000000000000000000e+00
7.140000000000000568e+00,0.000000000000000000e+00,0.000000000000000000e+00,1.015909671783447266e+01,1.000000000000000000e+00
7.160000000000000142e+00,0.000000000000000000e+00,0.000000000000000000e+00,1.018848896026611328e+01,1.000000000000000000e+00
7.179999999999999716e+00,0.000000000000000000e+00,0.000000000000000000e+00,1.021785736083984375e+01,1.000000000000000000e+00
7.200000000000000178e+00,0.000000000000000000e+00,0.000000000000000000e+00,1.024720191955566406e+01,1.000000000000000000e+00
7.219999999999999751e+00,0.000000000000000000e+00,0.000000000000000000e+00,1.027652263641357422e+01,1.000000000000000000e+00
7.240000000000000213e+00,0.000000000000000000e+00,0.000000000000000000e+00,1.030581951141357422e+01,1.000000000000000000e+00
7.259999999999999787e+00,0.000000000000000000e+00,0.000000000000000000e+00,1.033509254455566406e+01,1.000000000000000000e+00
7.280000000000000249e+00,0.000000000000000000e+00,0.000000000000000000e+00,1.036434173583984375e+01,1.000000000000000000e+00
7.299999999999999822e+00,0.000000000000000000e+00,0.000000000000000000e+00,1.039356708526611328e+01,1.000000000000000000e+00
7.320000000000000284e+00,0.000000000000000000e+00,0.000000000000000000e+00,1.042276859283447266e+01,1.000000000000000000e+00
7.339999999999999858e+00,0.000000000000000000e+00,0.000000000000000000e+00,1.045194625854492188e+01,1.000000000000000000e+00
7.360000000000000320e+00,0.000000000000000000e+00,0.000000000000000000e+00,1.048109531402587891e+01,1.000000000000000000e+00
7.379999999999999893e+00,0.000000000000000000e+00,0.000000000000000000e+00,1.051021575927734375e+01,1.000000000000000000e+00
7.400000000000000355e+00,0.000000000000000000e+00,0.000000000000000000e+00,1.053930759429931641e+01,1.000000000000000000e+00
7.419999999999999929e+00,0.000000000000000000e+00,0.000000000000000000e+00,1.056837272644042969e+01,1.000000000000000000e+00
7.440000000000000391e+00,0.000000000000000000e+00,0.000000000000000000e+00,1.059741020202636719e+01,1.000000000000000000e+00
7.459999999999999964e+00,0.000000000000000000e+00,0.000000000000000000e+00,1.062641906738281250e+01,1.000000000000000000e+00
7.480000000000000426e+00,0.000000000000000000e+00,0.000000000000000000e+00,1.065540122985839844e+01,1.000000000000000000e+00
7.500000000000000000e+00,0.000000000000000000e+00,0.000000000000000000e+00,1.068435764312744141e+01,1.000000000000000000e+00
7.520000000000000462e+00,0.000000000000000000e+00,0.000000000000000000e+00,1.071328735351562500e+01,1.000000000000000000e+00
7.540000000000000036e+00,0.000000000000000000e+00,0.000000000000000000e+00,1.074218940734863281e+01,1.000000000000000000e+00
7.560000000000000497e+00,0.000000000000000000e+00,0.000000000000000000e+00,1.077106094360351562e+01,1.000000000000000000e+00
7.580000000000000071e+00,0.000000000000000000e+00,0.000000000000000000e+00,1.079990291595458984e+01,1.000000000000000000e+00
7.600000000000000533e+00,0.000000000000000000e+00,0.000000000000000000e+00,1.082871532440185547e+01,1.000000000000000000e+00
7.620000000000000107e+00,0.000000000000000000e+00,0.000000000000000000e+00,1.085749912261962891e+01,1.000000000000000000e+00
7.640000000000000568e+00,0.000000000000000000e+00,0.000000000000000000e+00,1.088625431060791016e+01,1.000000000000000000e+00
7.660000000000000142e+00,0.000000000000000000e+00,0.000000000000000000e+00,1.091498088836669922e+01,1.000000000000000000e+00
7.679999999999999716e+00,0.000000000000000000e+00,0.000000000000000000e+00,1.094367885589599609e+01,1.000000000000000000e+00
7.700000000000000178e+00,0.000000000000000000e+00,0.000000000000000000e+00,1.097235107421875000e+01,1.000000000000000000e+00
7.719999999999999751e+00,0.000000000000000000e+00,0.000000000000000000e+00,1.100099754333496094e+01,1.000000000000000000e+00
7.740000000000000213e+00,0.000000000000000000e+00,0.000000000000000000e+00,1.102961730957031250e+01,1.000000000000000000e+00
7.759999999999999787e+00,0.000000000000000000e+00,0.000000000000000000e+00,1.105820846557617188e+01,1.000000000000000000e+00
7.780000000000000249e+00,0.000000000000000000e+00,0.000000000000000000e+00,1.108677101135253906e+01,1.000000000000000000e+00
7.799999999999999822e+00,0.000000000000000000e+00,0.000000000000000000e+00,1.111530780792236328e+01,1.000000000000000000e+00
7.820000000000000284e+00,0.000000000000000000e+00,0.000000000000000000e+00,1.114381790161132812e+01,1.000000000000000000e+00
7.839999999999999858e+00,0.000000000000000000e+00,0.000000000000000000e+00,1.117230415344238281e+01,1.000000000000000000e+00
7.860000000000000320e+00,0.000000000000000000e+00,0.000000000000000000e+00,1.120076274871826172e+01,1.000000000000000000e+00
7.879999999999999893e+00,0.000000000000000000e+00,0.000000000000000000e+00,1.122919654846191406e+01,1.000000000000000000e+00
7.900000000000000355e+00,0.000000000000000000e+00,0.000000000000000000e+00,1.125760841369628906e+01,1.000000000000000000e+00
7.919999999999999929e+00,0.000000000000000000e+00,0.000000000000000000e+00,1.128599929809570312e+01,1.000000000000000000e+00
7.940000000000000391e+00,0.000000000000000000e+00,0.000000000000000000e+00,1.131436252593994141e+01,1.000000000000000000e+00
7.959999999999999964e+00,0.000000000000000000e+00,0.000000000000000000e+00,1.134270095825195312e+01,1.000000000000000000e+00
7.980000000000000426e+00,0.000000000000000000e+00,0.000000000000000000e+00,1.137101078033447266e+01,1.000000000000000000e+00
8.000000000000000000e+00,0.000000000000000000e+00,0.000000000000000000e+00,1.139929676055908203e+01,1.000000000000000000e+00
8.019999999999999574e+00,0.000000000000000000e+00,0.000000000000000000e+00,1.142755508422851562e+01,1.000000000000000000e+00
8.040000000000000924e+00,0.000000000000000000e+00,0.000000000000000000e+00,1.145578861236572266e+01,1.000000000000000000e+00
8.060000000000000497e+00,0.000000000000000000e+00,0.000000000000000000e+00,1.148399353027343750e+01,1.000000000000000000e+00
8.080000000000000071e+00,0.000000000000000000e+00,0.000000000000000000e+00,1.151217460632324219e+01,1.000000000000000000e+00
8.099999999999999645e+00,0.000000000000000000e+00,0.000000000000000000e+00,1.154033184051513672e+01,1.000000000000000000e+00
8.120000000000000995e+00,0.000000000000000000e+00,0.000000000000000000e+00,1.156846523284912109e+01,1.000000000000000000e+00
8.140000000000000568e+00,0.000000000000000000e+00,0.000000000000000000e+00,1.159657478332519531e+01,1.000000000000000000e+00
8.160000000000000142e+00,0.000000000000000000e+00,0.000000000000000000e+00,1.162465763092041016e+01,1.000000000000000000e+00
8.179999999999999716e+00,0.000000000000000000e+00,0.000000000000000000e+00,1.165271472930908203e+01,1.000000000000000000e+00
8.199999999999999289e+00,0.000000000000000000e+00,0.000000000000000000e+00,1.168075275421142578e+01,1.000000000000000000e+00
8.220000000000000639e+00,0.000000000000000000e+00,0.000000000000000000e+00,1.170876693725585938e+01,1.000000000000000000e+00
8.240000000000000213e+00,0.000000000000000000e+00,0.000000000000000000e+00,1.173675727844238281e+01,1.000000000000000000e+00
8.259999999999999787e+00,0.000000000000000000e+00,0.000000000000000000e+00,1.176472187042236328e+01,1.000000000000000000e+00
8.279999999999999361e+00,0.000000000000000000e+00,0.000000000000000000e+00,1.179265975952148438e+01,1.000000000000000000e+00
8.300000000000000711e+00,0.000000000000000000e+00,0.000000000000000000e+00,1.182057380676269531e+01,1.000000000000000000e+00
8.320000000000000284e+00,0.000000000000000000e+00,0.000000000000000000e+00,1.184846401214599609e+01,1.000000000000000000e+00
8.339999999999999858e+00,0.000000000000000000e+00,0.000000000000000000e+00,1.187632942199707031e+01,1.000000000000000000e+00
8.359999999999999432e+00,0.000000000000000000e+00,0.000000000000000000e+00,1.190416717529296875e+01,1.000000000000000000e+00
8.380000000000000782e+00,0.000000000000000000e+00,0.000000000000000000e+00,1.193198108673095703e+01,1.000000000000000000e+00
8.400000000000000355e+00,0.000000000000000000e+00,0.000000000000000000e+00,1.195977115631103516e+01,1.000000000000000000e+00
8.419999999999999929e+00,0.000000000000000000e+00,0.000000000000000000e+00,1.198753738403320312e+01,1.000000000000000000e+00
8.439999999999999503e+00,0.000000000000000000e+00,0.000000000000000000e+00,1.201527976989746094e+01,1.000000000000000000e+00
8.460000000000000853e+00,0.000000000000000000e+00,0.000000000000000000e+00,1.204299831390380859e+01,1.000000000000000000e+00
8.480000000000000426e+00,0.000000000000000000e+00,0.000000000000000000e+00,1.207069301605224609e+01,1.000000000000000000e+00
8.500000000000000000e+00,0.000000000000000000e+00,0.000000000000000000e+00,1.209836673736572266e+01,1.000000000000000000e+00
8.519999999999999574e+00,0.000000000000000000e+00,0.000000000000000000e+00,1.212601852416992188e+01,1.000000000000000000e+00
8.540000000000000924e+00,0.000000000000000000e+00,0.000000000000000000e+00,1.215365028381347656e+01,1.000000000000000000e+00
8.560000000000000497e+00,0.000000000000000000e+00,0.000000000000000000e+00,1.218125915527343750e+01,1.000000000000000000e+00
8.580000000000000071e+00,0.000000000000000000e+00,0.000000000000000000e+00,1.220884799957275391e+01,1.000000000000000000e+00
8.599999999999999645e+00,0.000000000000000000e+00,0.000000000000000000e+00,1.223641681671142578e+01,1.000000000000000000e+00
8.620000000000000995e+00,0.000000000000000000e+00,0.000000000000000000e+00,1.226396751403808594e+01,1.000000000000000000e+00
8.640000000000000568e+00,0.000000000000000000e+00,0.000000000000000000e+00,1.229149818420410156e+01,1.000000000000000000e+00
8.660000000000000142e+00,0.000000000000000000e+00,0.000000000000000000e+00,1.231900691986083984e+01,1.000000000000000000e+00
8.679999999999999716e+00,0.000000000000000000e+00,0.000000000000000000e+00,1.234649467468261719e+01,1.000000000000000000e+00
8.700000000000001066e+00,0.000000000000000000e+00,0.000000000000000000e+00,1.237396240234375000e+01,1.000000000000000000e+00
8.720000000000000639e+00,0.000000000000000000e+00,0.000000000000000000e+00,1.240140914916992188e+01,1.000000000000000000e+00
8.740000000000000213e+00,0.000000000000000000e+00,0.000000000000000000e+00,1.242883682250976562e+01,1.000000000000000000e+00
8.759999999999999787e+00,0.000000000000000000e+00,0.000000000000000000e+00,1.245624065399169922e+01,1.000000000000000000e+00
8.779999999999999361e+00,0.000000000000000000e+00,0.000000000000000000e+00,1.248362064361572266e+01,1.000000000000000000e+00
8.800000000000000711e+00,0.000000000000000000e+00,0.000000000000000000e+00,1.251097965240478516e+01,1.000000000000000000e+00
8.820000000000000284e+00,0.000000000000000000e+00,0.000000000000000000e+00,1.253831672668457031e+01,1.000000000000000000e+00
8.839999999999999858e+00,0.000000000000000000e+00,0.000000000000000000e+00,1.256562995910644531e+01,1.000000000000000000e+00
8.859999999999999432e+00,0.000000000000000000e+00,0.000000000000000000e+00,1.259291934967041016e+01,1.000000000000000000e+00
8.880000000000000782e+00,0.000000000000000000e+00,0.000000000000000000e+00,1.262018489837646484e+01,1.000000000000000000e+00
8.900000000000000355e+00,0.000000000000000000e+00,0.000000000000000000e+00,1.264742660522460938e+01,1.000000000000000000e+00
8.919999999999999929e+00,0.000000000000000000e+00,0.000000000000000000e+00,1.267464447021484375e+01,1.000000000000000000e+00
8.939999999999999503e+00,0.000000000000000000e+00,0.000000000000000000e+00,1.270183849334716797e+01,1.000000000000000000e+00
8.960000000000000853e+00,0.000000000000000000e+00,0.000000000000000000e+00,1.272900867462158203e+01,1.000000000000000000e+00
8.980000000000000426e+00,0.000000000000000000e+00,0.000000000000000000e+00,1.275615501403808594e+01,1.000000000000000000e+00
9.000000000000000000e+00,0.000000000000000000e+00,0.000000000000000000e+00,1.278328227996826172e+01,1.000000000000000000e+00
9.019999999999999574e+00,0.000000000000000000e+00,0.000000000000000000e+00,1.281038665771484375e+01,1.000000000000000000e+00
9.040000000000000924e+00,0.000000000000000000e+00,0.000000000000000000e+00,1.283747100830078125e+01,1.000000000000000000e+00
9.060000000000000497e+00,0.000000000000000000e+00,0.000000000000000000e+00,1.286453151702880859e+01,1.000000000000000000e+00
9.080000000000000071e+00,0.000000000000000000e+00,0.000000000000000000e+00,1.289156913757324219e+01,1.000000000000000000e+00
9.099999999999999645e+00,0.000000000000000000e+00,0.000000000000000000e+00,1.291858673095703125e+01,1.000000000000000000e+00
9.120000000000000995e+00,0.000000000000000000e+00,0.000000000000000000e+00,1.294558525085449219e+01,1.000000000000000000e+00
9.140000000000000568e+00,0.000000000000000000e+00,0.000000000000000000e+00,1.297256088256835938e+01,1.000000000000000000e+00
9.160000000000000142e+00,0.000000000000000000e+00,0.000000000000000000e+00,1.299951648712158203e+01,1.000000000000000000e+00
9.179999999999999716e+00,0.000000000000000000e+00,0.000000000000000000e+00,1.302644824981689453e+01,1.000000000000000000e+00
9.200000000000001066e+00,0.000000000000000000e+00,0.000000000000000000e+00,1.305335998535156250e+01,1.000000000000000000e+00
9.220000000000000639e+00,0.000000000000000000e+00,0.000000000000000000e+00,1.308025169372558594e+01,1.000000000000000000e+00
9.240000000000000213e+00,0.000000000000000000e+00,0.000000000000000000e+00,1.310712242126464844e+01,1.000000000000000000e+00
9.259999999999999787e+00,0.000000000000000000e+00,0.000000000000000000e+00,1.313397312164306641e+01,1.000000000000000000e+00
9.279999999999999361e+00,0.000000000000000000e+00,0.000000000000000000e+00,1.316080474853515625e+01,1.000000000000000000e+00
9.300000000000000711e+00,0.000000000000000000e+00,0.000000000000000000e+00,1.318761825561523438e+01,1.000000000000000000e+00
9.320000000000000284e+00,0.000000000000000000e+00,0.000000000000000000e+00,1.321441364288330078e+01,1.000000000000000000e+00
9.339999999999999858e+00,0.000000000000000000e+00,0.000000000000000000e+00,1.324118900299072266e+01,1.000000000000000000e+00
9.359999999999999432e+00,0.000000000000000000e+00,0.000000000000000000e+00,1.326794433593750000e+01,1.000000000000000000e+00
9.380000000000000782e+00,0.000000000000000000e+00,0.000000000000000000e+00,1.329467773437500000e+01,1.000000000000000000e+00
9.400000000000000355e+00,0.000000000000000000e+00,0.000000000000000000e+00,1.332139110565185547e+01,1.000000000000000000e+00
9.419999999999999929e+00,0.000000000000000000e+00,0.000000000000000000e+00,1.334808444976806641e+01,1.000000000000000000e+00
9.439999999999999503e+00,0.000000000000000000e+00,0.000000000000000000e+00,1.337475585937500000e+01,1.000000000000000000e+00
9.460000000000000853e+00,0.000000000000000000e+00,0.000000000000000000e+00,1.340140628814697266e+01,1.000000000000000000e+00
9.480000000000000426e+00,0.000000000000000000e+00,0.000000000000000000e+00,1.342803287506103516e+01,1.000000000000000000e+00
9.500000000000000000e+00,0.000000000000000000e+00,0.000000000000000000e+00,1.345464038848876953e+01,1.000000000000000000e+00
9.519999999999999574e+00,0.000000000000000000e+00,0.000000000000000000e+00,1.348122882843017578e+01,1.000000000000000000e+00
9.540000000000000924e+00,0.000000000000000000e+00,0.000000000000000000e+00,1.350779438018798828e+01,1.000000000000000000e+00
9.560000000000000497e+00,0.000000000000000000e+00,0.000000000000000000e+00,1.353433990478515625e+01,1.000000000000000000e+00
9.580000000000000071e+00,0.000000000000000000e+00,0.000000000000000000e+00,1.356086158752441406e+01,1.000000000000000000e+00
9.599999999999999645e+00,0.000000000000000000e+00,0.000000000000000000e+00,1.358736515045166016e+01,1.000000000000000000e+00
9.620000000000000995e+00,0.000000000000000000e+00,0.000000000000000000e+00,1.361384963989257812e+01,1.000000000000000000e+00
9.640000000000000568e+00,0.000000000000000000e+00,0.000000000000000000e+00,1.364031410217285156e+01,1.000000000000000000e+00
9.660000000000000142e+00,0.000000000000000000e+00,0.000000000000000000e+00,1.366675758361816406e+01,1.000000000000000000e+00
9.679999999999999716e+00,0.000000000000000000e+00,0.000000000000000000e+00,1.369317913055419922e+01,1.000000000000000000e+00
9.700000000000001066e+00,0.000000000000000000e+00,0.000000000000000000e+00,1.371958351135253906e+01,1.000000000000000000e+00
9.720000000000000639e+00,0.000000000000000000e+00,0.000000000000000000e+00,1.374596881866455078e+01,1.000000000000000000e+00
9.740000000000000213e+00,0.000000000000000000e+00,0.000000000000000000e+00,1.377233600616455078e+01,1.000000000000000000e+00
9.759999999999999787e+00,0.000000000000000000e+00,0.000000000000000000e+00,1.379868412017822266e+01,1.000000000000000000e+00
9.779999999999999361e+00,0.000000000000000000e+00,0.000000000000000000e+00,1.382501411437988281e+01,1.000000000000000000e+00
9.800000000000000711e+00,0.000000000000000000e+00,0.000000000000000000e+00,1.385132789611816406e+01,1.000000000000000000e+00
9.820000000000000284e+00,0.000000000000000000e+00,0.000000000000000000e+00,1.387762546539306641e+01,1.000000000000000000e+00
9.839999999999999858e+00,0.000000000000000000e+00,0.000000000000000000e+00,1.390390682220458984e+01,1.000000000000000000e+00
9.859999999999999432e+00,0.000000000000000000e+00,0.000000000000000000e+00,1.393017196655273438e+01,1.000000000000000000e+00
9.880000000000000782e+00,0.000000000000000000e+00,0.000000000000000000e+00,1.395641994476318359e+01,1.000000000000000000e+00
9.900000000000000355e+00,0.000000000000000000e+00,0.000000000000000000e+00,1.398265266418457031e+01,1.000000000000000000e+00
9.919999999999999929e+00,0.000000000000000000e+00,0.000000000000000000e+00,1.400886917114257812e+01,1.000000000000000000e+00
9.939999999999999503e+00,0.000000000000000000e+00,0.000000000000000000e+00,1.403506946563720703e+01,1.000000000000000000e+00
9.960000000000000853e+00,0.000000000000000000e+00,0.000000000000000000e+00,1.406125354766845703e+01,1.000000000000000000e+00
9.980000000000000426e+00,0.000000000000000000e+00,0.000000000000000000e+00,1.408741950988769531e+01,1.000000000000000000e+00
1.000000000000000000e+01,0.000000000000000000e+00,0.000000000000000000e+00,1.411356925964355469e+01,1.000000000000000000e+00
1.001999999999999957e+01,0.000000000000000000e+00,0.000000000000000000e+00,1.413970279693603516e+01,1.000000000000000000e+00
1.004000000000000092e+01,0.000000000000000000e+00,0.000000000000000000e+00,1.416581916809082031e+01,1.000000000000000000e+00
1.006000000000000050e+01,0.000000000000000000e+00,0.000000000000000000e+00,1.419191646575927734e+01,1.000000000000000000e+00
1.008000000000000007e+01,0.000000000000000000e+00,0.000000000000000000e+00,1.421799564361572266e+01,1.000000000000000000e+00
1.009999999999999964e+01,0.000000000000000000e+00,0.000000000000000000e+00,1.424405765533447266e+01,1.000000000000000000e+00
1.012000000000000099e+01,0.000000000000000000e+00,0.000000000000000000e+00,1.427010440826416016e+01,1.000000000000000000e+00
1.014000000000000057e+01,0.000000000000000000e+00,0.000000000000000000e+00,1.429613208770751953e+01,1.000000000000000000e+00
1.016000000000000014e+01,0.000000000000000000e+00,0.000000000000000000e+00,1.432214164733886719e+01,1.000000000000000000e+00
1.017999999999999972e+01,0.000000000000000000e+00,0.000000000000000000e+00,1.434813308715820312e+01,1.000000000000000000e+00
1.020000000000000107e+01,0.000000000000000000e+00,0.000000000000000000e+00,1.437410831451416016e+01,1.000000000000000000e+00
1.022000000000000064e+01,0.000000000000000000e+00,0.000000000000000000e+00,1.440006923675537109e+01,1.000000000000000000e+00
1.024000000000000021e+01,0.000000000000000000e+00,0.000000000000000000e+00,1.442601203918457031e+01,1.000000000000000000e+00
1.025999999999999979e+01,0.000000000000000000e+00,0.000000000000000000e+00,1.445193862915039062e+01,1.000000000000000000e+00
1.027999999999999936e+01,0.000000000000000000e+00,0.000000000000000000e+00,1.447784709930419922e+01,1.000000000000000000e+00
1.030000000000000071e+01,0.000000000000000000e+00,0.000000000000000000e+00,1.450374031066894531e+01,1.000000000000000000e+00
1.032000000000000028e+01,0.000000000000000000e+00,0.000000000000000000e+00,1.452962017059326172e+01,1.000000000000000000e+00
1.033999999999999986e+01,0.000000000000000000e+00,0.000000000000000000e+00,1.455548381805419922e+01,1.000000000000000000e+00
1.035999999999999943e+01,0.000000000000000000e+00,0.000000000000000000e+00,1.458133125305175781e+01,1.000000000000000000e+00
1.038000000000000078e+01,0.000000000000000000e+00,0.000000000000000000e+00,1.460716247558593750e+01,1.000000000000000000e+00
1.040000000000000036e+01,0.000000000000000000e+00,0.000000000000000000e+00,1.463297939300537109e+01,1.000000000000000000e+00
1.041999999999999993e+01,0.000000000000000000e+00,0.000000000000000000e+00,1.465878295898437500e+01,1.000000000000000000e+00
1.043999999999999950e+01,0.000000000000000000e+00,0.000000000000000000e+00,1.468457221984863281e+01,1.000000000000000000e+00
1.046000000000000085e+01,0.000000000000000000e+00,0.000000000000000000e+00,1.471034336090087891e+01,1.000000000000000000e+00
1.048000000000000043e+01,0.000000000000000000e+00,0.000000000000000000e+00,1.473609924316406250e+01,1.000000000000000000e+00
1.050000000000000000e+01,0.000000000000000000e+00,0.000000000000000000e+00,1.476184272766113281e+01,1.000000000000000000e+00
1.051999999999999957e+01,0.000000000000000000e+00,0.000000000000000000e+00,1.478757190704345703e+01,1.000000000000000000e+00
1.054000000000000092e+01,0.000000000000000000e+00,0.000000000000000000e+00,1.481328582763671875e+01,1.000000000000000000e+00
1.056000000000000050e+01,0.000000000000000000e+00,0.000000000000000000e+00,1.483898448944091797e+01,1.000000000000000000e+00
1.058000000000000007e+01,0.000000000000000000e+00,0.000000000000000000e+00,1.486466693878173828e+01,1.000000000000000000e+00
1.059999999999999964e+01,0.000000000000000000e+00,0.000000000000000000e+00,1.489033603668212891e+01,1.000000000000000000e+00
1.062000000000000099e+01,0.000000000000000000e+00,0.000000000000000000e+00,1.491599273681640625e+01,1.000000000000000000e+00
1.064000000000000057e+01,0.000000000000000000e+00,0.000000000000000000e+00,1.494163417816162109e+01,1.000000000000000000e+00
1.066000000000000014e+01,0.000000000000000000e+00,0.000000000000000000e+00,1.496725940704345703e+01,1.000000000000000000e+00
1.067999999999999972e+01,0.000000000000000000e+00,0.000000000000000000e+00,1.499287033081054688e+01,1.000000000000000000e+00
1.070000000000000107e+01,0.000000000000000000e+00,0.000000000000000000e+00,1.501846790313720703e+01,1.000000000000000000e+00
1.072000000000000064e+01,0.000000000000000000e+00,0.000000000000000000e+00,1.504405403137207031e+01,1.000000000000000000e+00
1.074000000000000021e+01,0.000000000000000000e+00,0.000000000000000000e+00,1.506962490081787109e+01,1.000000000000000000e+00
1.075999999999999979e+01,0.000000000000000000e+00,0.000000000000000000e+00,1.509518051147460938e+01,1.000000000000000000e+00
1.077999999999999936e+01,0.000000000000000000e+00,0.000000000000000000e+00,1.512071990966796875e+01,1.000000000000000000e+00
1.080000000000000071e+01,0.000000000000000000e+00,0.000000000000000000e+00,1.514624595642089844e+01,1.000000000000000000e+00
1.082000000000000028e+01,0.000000000000000000e+00,0.000000000000000000e+00,1.517175865173339844e+01,1.000000000000000000e+00
1.083999999999999986e+01,0.000000000000000000e+00,0.000000000000000000e+00,1.519725704193115234e+01,1.000000000000000000e+00
1.085999999999999943e+01,0.000000000000000000e+00,0.000000000000000000e+00,1.522273921966552734e+01,1.000000000000000000e+00
1.088000000000000078e+01,0.000000000000000000e+00,0.000000000000000000e+00,1.524820613861083984e+01,1.000000000000000000e+00
1.090000000000000036e+01,0.000000000000000000e+00,0.000000000000000000e+00,1.527366065979003906e+01,1.000000000000000000e+00
1.091999999999999993e+01,0.000000000000000000e+00,0.000000000000000000e+00,1.529910373687744141e+01,1.000000000000000000e+00
1.093999999999999950e+01,0.000000000000000000e+00,0.000000000000000000e+00,1.532453155517578125e+01,1.000000000000000000e+00
1.096000000000000085e+01,0.000000000000000000e+00,0.000000000000000000e+00,1.534994506835937500e+01,1.000000000000000000e+00
1.098000000000000043e+01,0.000000000000000000e+00,0.000000000000000000e+00,1.537534427642822266e+01,1.000000000000000000e+00
1.100000000000000000e+01,0.000000000000000000e+00,0.000000000000000000e+00,1.540073204040527344e+01,1.000000000000000000e+00
1.101999999999999957e+01,0.000000000000000000e+00,0.000000000000000000e+00,1.542610740661621094e+01,1.000000000000000000e+00
1.104000000000000092e+01,0.000000000000000000e+00,0.000000000000000000e+00,1.545146846771240234e+01,1.000000000000000000e+00
1.106000000000000050e+01,0.000000000000000000e+00,0.000000000000000000e+00,1.547681427001953125e+01,1.000000000000000000e+00
1.108000000000000007e+01,0.000000000000000000e+00,0.000000000000000000e+00,1.550214576721191406e+01,1.000000000000000000e+00
1.109999999999999964e+01,0.000000000000000000e+00,0.000000000000000000e+00,1.552746582031250000e+01,1.000000000000000000e+00
1.112000000000000099e+01,0.000000000000000000e+00,0.000000000000000000e+00,1.555277442932128906e+01,1.000000000000000000e+00
1.114000000000000057e+01,0.000000000000000000e+00,0.000000000000000000e+00,1.557806777954101562e+01,1.000000000000000000e+00
1.116000000000000014e+01,0.000000000000000000e+00,0.000000000000000000e+00,1.560334491729736328e+01,1.000000000000000000e+00
1.117999999999999972e+01,0.000000000000000000e+00,0.000000000000000000e+00,1.562860774993896484e+01,1.000000000000000000e+00
1.120000000000000107e+01,0.000000000000000000e+00,0.000000000000000000e+00,1.565385818481445312e+01,1.000000000000000000e+00
1.122000000000000064e+01,0.000000000000000000e+00,0.000000000000000000e+00,1.567909717559814453e+01,1.000000000000000000e+00
1.124000000000000021e+01,0.000000000000000000e+00,0.000000000000000000e+00,1.570432186126708984e+01,1.000000000000000000e+00
1.125999999999999979e+01,0.000000000000000000e+00,0.000000000000000000e+00,1.572953224182128906e+01,1.000000000000000000e+00
1.127999999999999936e+01,0.000000000000000000e+00,0.000000000000000000e+00,1.575472831726074219e+01,1.000000000000000000e+00
1.130000000000000071e+01,0.000000000000000000e+00,0.000000000000000000e+00,1.577991294860839844e+01,1.000000000000000000e+00
1.132000000000000028e+01,0.000000000000000000e+00,0.000000000000000000e+00,1.580508613586425781e+01,1.000000000000000000e+00
1.133999999999999986e+01,0.000000000000000000e+00,0.000000000000000000e+00,1.583024597167968750e+01,1.000000000000000000e+00
1.135999999999999943e+01,0.000000000000000000e+00,0.000000000000000000e+00,1.585539150238037109e+01,1.000000000000000000e+00
1.138000000000000078e+01,0.000000000000000000e+00,0.000000000000000000e+00,1.588052272796630859e+01,1.000000000000000000e+00
1.140000000000000036e+01,0.000000000000000000e+00,0.000000000000000000e+00,1.590564346313476562e+01,1.000000000000000000e+00
1.141999999999999993e+01,0.000000000000000000e+00,0.000000000000000000e+00,1.593075275421142578e+01,1.000000000000000000e+00
1.143999999999999950e+01,0.000000000000000000e+00,0.000000000000000000e+00,1.595584869384765625e+01,1.000000000000000000e+00
1.146000000000000085e+01,0.000000000000000000e+00,0.000000000000000000e+00,1.598093032836914062e+01,1.000000000000000000e+00
1.148000000000000043e+01,0.000000000000000000e+00,0.000000000000000000e+00,1.600599861145019531e+01,1.000000000000000000e+00
1.150000000000000000e+01,0.000000000000000000e+00,0.000000000000000000e+00,1.603105735778808594e+01,1.000000000000000000e+00
1.151999999999999957e+01,0.000000000000000000e+00,0.000000000000000000e+00,1.605610466003417969e+01,1.000000000000000000e+00
1.154000000000000092e+01,0.000000000000000000e+00,0.000000000000000000e+00,1.608114051818847656e+01,1.000000000000000000e+00
1.156000000000000050e+01,0.000000000000000000e+00,0.000000000000000000e+00,1.610616111755371094e+01,1.000000000000000000e+00
1.158000000000000007e+01,0.000000000000000000e+00,0.000000000000000000e+00,1.613117027282714844e+01,1.000000000000000000e+00
1.159999999999999964e+01,0.000000000000000000e+00,0.000000000000000000e+00,1.615616989135742188e+01,1.000000000000000000e+00
1.162000000000000099e+01,0.000000000000000000e+00,0.000000000000000000e+00,1.618115997314453125e+01,1.000000000000000000e+00
1.164000000000000057e+01,0.000000000000000000e+00,0.000000000000000000e+00,1.620613670349121094e+01,1.000000000000000000e+00
1.166000000000000014e+01,0.000000000000000000e+00,0.000000000000000000e+00,1.623110008239746094e+01,1.000000000000000000e+00
1.167999999999999972e+01,0.000000000000000000e+00,0.000000000000000000e+00,1.625605010986328125e+01,1.000000000000000000e+00
1.170000000000000107e+01,0.000000000000000000e+00,0.000000000000000000e+00,1.628099060058593750e+01,1.000000000000000000e+00
1.172000000000000064e+01,0.000000000000000000e+00,0.000000000000000000e+00,1.630592155456542969e+01,1.000000000000000000e+00
1.174000000000000021e+01,0.000000000000000000e+00,0.000000000000000000e+00,1.633084297180175781e+01,1.000000000000000000e+00
1.175999999999999979e+01,0.000000000000000000e+00,0.000000000000000000e+00,1.635575103759765625e+01,1.000000000000000000e+00
1.177999999999999936e+01,0.000000000000000000e+00,0.000000000000000000e+00,1.638064765930175781e+01,1.000000000000000000e+00
1.180000000000000071e+01,0.000000000000000000e+00,0.000000000000000000e+00,1.640553665161132812e+01,1.000000000000000000e+00
1.182000000000000028e+01,0.000000000000000000e+00,0.000000000000000000e+00,1.643041610717773438e+01,1.000000000000000000e+00
1.183999999999999986e+01,0.000000000000000000e+00,0.000000000000000000e+00,1.645528411865234375e+01,1.000000000000000000e+00
1.185999999999999943e+01,0.000000000000000000e+00,0.000000000000000000e+00,1.648014068603515625e+01,1.000000000000000000e+00
1.188000000000000078e+01,0.000000000000000000e+00,0.000000000000000000e+00,1.650498390197753906e+01,1.000000000000000000e+00
1.190000000000000036e+01,0.000000000000000000e+00,0.000000000000000000e+00,1.652981758117675781e+01,1.000000000000000000e+00
1.191999999999999993e+01,0.000000000000000000e+00,0.000000000000000000e+00,1.655464363098144531e+01,1.000000000000000000e+00
1.193999999999999950e+01,0.000000000000000000e+00,0.000000000000000000e+00,1.657946014404296875e+01,1.000000000000000000e+00
1.196000000000000085e+01,0.000000000000000000e+00,0.000000000000000000e+00,1.660426330566406250e+01,1.000000000000000000e+00
1.198000000000000043e+01,0.000000000000000000e+00,0.000000000000000000e+00,1.662905502319335938e+01,1.000000000000000000e+00
1.200000000000000000e+01,0.000000000000000000e+00,0.000000000000000000e+00,1.665384101867675781e+01,1.000000000000000000e+00
1.201999999999999957e+01,0.000000000000000000e+00,0.000000000000000000e+00,1.667861747741699219e+01,1.000000000000000000e+00
1.204000000000000092e+01,0.000000000000000000e+00,0.000000000000000000e+00,1.670338249206542969e+01,1.000000000000000000e+00
1.206000000000000050e+01,0.000000000000000000e+00,0.000000000000000000e+00,1.672813606262207031e+01,1.000000000000000000e+00
1.208000000000000007e+01,0.000000000000000000e+00,0.000000000000000000e+00,1.675288009643554688e+01,1.000000000000000000e+00
1.209999999999999964e+01,0.000000000000000000e+00,0.000000000000000000e+00,1.677761840820312500e+01,1.000000000000000000e+00
1.212000000000000099e+01,0.000000000000000000e+00,0.000000000000000000e+00,1.680234718322753906e+01,1.000000000000000000e+00
1.214000000000000057e+01,0.000000000000000000e+00,0.000000000000000000e+00,1.682706451416015625e+01,1.000000000000000000e+00
1.216000000000000014e+01,0.000000000000000000e+00,0.000000000000000000e+00,1.685177040100097656e+01,1.000000000000000000e+00
1.217999999999999972e+01,0.000000000000000000e+00,0.000000000000000000e+00,1.687646484375000000e+01,1.000000000000000000e+00
1.220000000000000107e+01,0.000000000000000000e+00,0.000000000000000000e+00,1.690115356445312500e+01,1.000000000000000000e+00
1.222000000000000064e+01,0.000000000000000000e+00,0.000000000000000000e+00,1.692583274841308594e+01,1.000000000000000000e+00
1.224000000000000021e+01,0.000000000000000000e+00,0.000000000000000000e+00,1.695050239562988281e+01,1.000000000000000000e+00
1.225999999999999979e+01,0.000000000000000000e+00,0.000000000000000000e+00,1.697516059875488281e+01,1.000000000000000000e+00
1.228000000000000114e+01,0.000000000000000000e+00,0.000000000000000000e+00,1.699980926513671875e+01,1.000000000000000000e+00
1.230000000000000071e+01,0.000000000000000000e+00,0.000000000000000000e+00,1.702445220947265625e+01,1.000000000000000000e+00
1.232000000000000028e+01,0.000000000000000000e+00,0.000000000000000000e+00,1.704908752441406250e+01,1.000000000000000000e+00
1.233999999999999986e+01,0.000000000000000000e+00,0.000000000000000000e+00,1.707371330261230469e+01,1.000000000000000000e+00
1.235999999999999943e+01,0.000000000000000000e+00,0.000000000000000000e+00,1.709832572937011719e+01,1.000000000000000000e+00
1.238000000000000078e+01,0.000000000000000000e+00,0.000000000000000000e+00,1.712292861938476562e+01,1.000000000000000000e+00
1.240000000000000036e+01,0.000000000000000000e+00,0.000000000000000000e+00,1.714752388000488281e+01,1.000000000000000000e+00
1.241999999999999993e+01,0.000000000000000000e+00,0.000000000000000000e+00,1.717211341857910156e+01,1.000000000000000000e+00
1.243999999999999950e+01,0.000000000000000000e+00,0.000000000000000000e+00,1.719669342041015625e+01,1.000000000000000000e+00
1.246000000000000085e+01,0.000000000000000000e+00,0.000000000000000000e+00,1.722126197814941406e+01,1.000000000000000000e+00
1.248000000000000043e+01,0.000000000000000000e+00,0.000000000000000000e+00,1.724581909179687500e+01,1.000000000000000000e+00
1.250000000000000000e+01,0.000000000000000000e+00,0.000000000000000000e+00,1.727037048339843750e+01,1.000000000000000000e+00
1.251999999999999957e+01,0.000000000000000000e+00,0.000000000000000000e+00,1.729491615295410156e+01,1.000000000000000000e+00
1.254000000000000092e+01,0.000000000000000000e+00,0.000000000000000000e+00,1.731945228576660156e+01,1.000000000000000000e+00
1.256000000000000050e+01,0.000000000000000000e+00,0.000000000000000000e+00,1.734397697448730469e+01,1.000000000000000000e+00
1.258000000000000007e+01,0.000000000000000000e+00,0.000000000000000000e+00,1.736849212646484375e+01,1.000000000000000000e+00
1.259999999999999964e+01,0.000000000000000000e+00,0.000000000000000000e+00,1.739300155639648438e+01,1.000000000000000000e+00
1.262000000000000099e+01,0.000000000000000000e+00,0.000000000000000000e+00,1.741750335693359375e+01,1.000000000000000000e+00
1.264000000000000057e+01,0.000000000000000000e+00,0.000000000000000000e+00,1.744199752807617188e+01,1.000000000000000000e+00
1.266000000000000014e+01,0.000000000000000000e+00,0.000000000000000000e+00,1.746648216247558594e+01,1.000000000000000000e+00
1.267999999999999972e+01,0.000000000000000000e+00,0.000000000000000000e+00,1.749095726013183594e+01,1.000000000000000000e+00
1.270000000000000107e+01,0.000000000000000000e+00,0.000000000000000000e+00,1.751542854309082031e+01,1.000000000000000000e+00
1.272000000000000064e+01,0.000000000000000000e+00,0.000000000000000000e+00,1.753989028930664062e+01,1.000000000000000000e+00
1.274000000000000021e+01,0.000000000000000000e+00,0.000000000000000000e+00,1.756434440612792969e+01,1.000000000000000000e+00
1.275999999999999979e+01,0.000000000000000000e+00,0.000000000000000000e+00,1.758878898620605469e+01,1.000000000000000000e+00
1.278000000000000114e+01,0.000000000000000000e+00,0.000000000000000000e+00,1.761322402954101562e+01,1.000000000000000000e+00
1.280000000000000071e+01,0.000000000000000000e+00,0.000000000000000000e+00,1.763765716552734375e+01,1.000000000000000000e+00
1.282000000000000028e+01,0.000000000000000000e+00,0.000000000000000000e+00,1.766208076477050781e+01,1.000000000000000000e+00
1.283999999999999986e+01,0.000000000000000000e+00,0.000000000000000000e+00,1.768649673461914062e+01,1.000000000000000000e+00
1.285999999999999943e+01,0.000000000000000000e+00,0.000000000000000000e+00,1.771090316772460938e+01,1.000000000000000000e+00
1.288000000000000078e+01,0.000000000000000000e+00,0.000000000000000000e+00,1.773530197143554688e+01,1.000000000000000000e+00
1.290000000000000036e+01,0.000000000000000000e+00,0.000000000000000000e+00,1.775969696044921875e+01,1.000000000000000000e+00
1.291999999999999993e+01,0.000000000000000000e+00,0.000000000000000000e+00,1.778408432006835938e+01,1.000000000000000000e+00
1.293999999999999950e+01,0.000000000000000000e+00,0.000000000000000000e+00,1.780846405029296875e+01,1.000000000000000000e+00
1.296000000000000085e+01,0.000000000000000000e+00,0.000000000000000000e+00,1.783283424377441406e+01,1.000000000000000000e+00
1.298000000000000043e+01,0.000000000000000000e+00,0.000000000000000000e+00,1.785719490051269531e+01,1.000000000000000000e+00
1.300000000000000000e+01,0.000000000000000000e+00,0.000000000000000000e+00,1.788155174255371094e+01,1.000000000000000000e+00
1.301999999999999957e+01,0.000000000000000000e+00,0.000000000000000000e+00,1.790590095520019531e+01,1.000000000000000000e+00
1.304000000000000092e+01,0.000000000000000000e+00,0.000000000000000000e+00,1.793024253845214844e+01,1.000000000000000000e+00
1.306000000000000050e+01,0.000000000000000000e+00,0.000000000000000000e+00,1.795457458496093750e+01,1.000000000000000000e+00
1.308000000000000007e+01,0.000000000000000000e+00,0.000000000000000000e+00,1.797889900207519531e+01,1.000000000000000000e+00
1.309999999999999964e+01,0.000000000000000000e+00,0.000000000000000000e+00,1.800321769714355469e+01,1.000000000000000000e+00
1.312000000000000099e+01,0.000000000000000000e+00,0.000000000000000000e+00,1.802753257751464844e+01,1.000000000000000000e+00
1.314000000000000057e+01,0.000000000000000000e+00,0.000000000000000000e+00,1.805183982849121094e+01,1.000000000000000000e+00
1.316000000000000014e+01,0.000000000000000000e+00,0.000000000000000000e+00,1.807613754272460938e+01,1.000000000000000000e+00
1.317999999999999972e+01,0.000000000000000000e+00,0.000000000000000000e+00,1.810042762756347656e+01,1.000000000000000000e+00
1.320000000000000107e+01,0.000000000000000000e+00,0.000000000000000000e+00,1.812471008300781250e+01,1.000000000000000000e+00
1.322000000000000064e+01,0.000000000000000000e+00,0.000000000000000000e+00,1.814899063110351562e+01,1.000000000000000000e+00
1.324000000000000021e+01,0.000000000000000000e+00,0.000000000000000000e+00,1.817326164245605469e+01,1.000000000000000000e+00
1.325999999999999979e+01,0.000000000000000000e+00,0.000000000000000000e+00,1.819752311706542969e+01,1.000000000000000000e+00
1.328000000000000114e+01,0.000000000000000000e+00,0.000000000000000000e+00,1.822177696228027344e+01,1.000000000000000000e+00
1.330000000000000071e+01,0.000000000000000000e+00,0.000000000000000000e+00,1.824602890014648438e+01,1.000000000000000000e+00
1.332000000000000028e+01,0.000000000000000000e+00,0.000000000000000000e+00,1.827027130126953125e+01,1.000000000000000000e+00
1.333999999999999986e+01,0.000000000000000000e+00,0.000000000000000000e+00,1.829450798034667969e+01,1.000000000000000000e+00
1.335999999999999943e+01,0.000000000000000000e+00,0.000000000000000000e+00,1.831873512268066406e+01,1.000000000000000000e+00
1.338000000000000078e+01,0.000000000000000000e+00,0.000000000000000000e+00,1.834295463562011719e+01,1.000000000000000000e+00
1.340000000000000036e+01,0.000000000000000000e+00,0.000000000000000000e+00,1.836716842651367188e+01,1.000000000000000000e+00
1.341999999999999993e+01,0.000000000000000000e+00,0.000000000000000000e+00,1.839138031005859375e+01,1.000000000000000000e+00
1.343999999999999950e+01,0.000000000000000000e+00,0.000000000000000000e+00,1.841558456420898438e+01,1.000000000000000000e+00
1.346000000000000085e+01,0.000000000000000000e+00,0.000000000000000000e+00,1.843978118896484375e+01,1.000000000000000000e+00
1.348000000000000043e+01,0.000000000000000000e+00,0.000000000000000000e+00,1.846397209167480469e+01,1.000000000000000000e+00
1.350000000000000000e+01,0.000000000000000000e+00,0.000000000000000000e+00,1.848815727233886719e+01,1.000000000000000000e+00
1.351999999999999957e+01,0.000000000000000000e+00,0.000000000000000000e+00,1.851234054565429688e+01,1.000000000000000000e+00
1.354000000000000092e+01,0.000000000000000000e+00,0.000000000000000000e+00,1.853651618957519531e+01,1.000000000000000000e+00
1.356000000000000050e+01,0.000000000000000000e+00,0.000000000000000000e+00,1.856068229675292969e+01,1.000000000000000000e+00
1.358000000000000007e+01,0.000000000000000000e+00,0.000000000000000000e+00,1.858484268188476562e+01,1.000000000000000000e+00
1.359999999999999964e+01,0.000000000000000000e+00,0.000000000000000000e+00,1.860899925231933594e+01,1.000000000000000000e+00
1.362000000000000099e+01,0.000000000000000000e+00,0.000000000000000000e+00,1.863315200805664062e+01,1.000000000000000000e+00
1.364000000000000057e+01,0.000000000000000000e+00,0.000000000000000000e+00,1.865729713439941406e+01,1.000000000000000000e+00
1.366000000000000014e+01,0.000000000000000000e+00,0.000000000000000000e+00,1.868143463134765625e+01,1.000000000000000000e+00
1.367999999999999972e+01,0.000000000000000000e+00,0.000000000000000000e+00,1.870556259155273438e+01,1.000000000000000000e+00
1.370000000000000107e+01,0.000000000000000000e+00,0.000000000000000000e+00,1.872969055175781250e+01,1.000000000000000000e+00
1.372000000000000064e+01,0.000000000000000000e+00,0.000000000000000000e+00,1.875381088256835938e+01,1.000000000000000000e+00
1.374000000000000021e+01,0.000000000000000000e+00,0.000000000000000000e+00,1.877792549133300781e+01,1.000000000000000000e+00
1.375999999999999979e+01,0.000000000000000000e+00,0.000000000000000000e+00,1.880203247070312500e+01,1.000000000000000000e+00
1.378000000000000114e+01,0.000000000000000000e+00,0.000000000000000000e+00,1.882613182067871094e+01,1.000000000000000000e+00
1.380000000000000071e+01,0.000000000000000000e+00,0.000000000000000000e+00,1.885022544860839844e+01,1.000000000000000000e+00
1.382000000000000028e+01,0.000000000000000000e+00,0.000000000000000000e+00,1.887431526184082031e+01,1.000000000000000000e+00
1.383999999999999986e+01,0.000000000000000000e+00,0.000000000000000000e+00,1.889839744567871094e+01,1.000000000000000000e+00
1.385999999999999943e+01,0.000000000000000000e+00,0.000000000000000000e+00,1.892247200012207031e+01,1.000000000000000000e+00
1.388000000000000078e+01,0.000000000000000000e+00,0.000000000000000000e+00,1.894654273986816406e+01,1.000000000000000000e+00
1.390000000000000036e+01,0.000000000000000000e+00,0.000000000000000000e+00,1.897060585021972656e+01,1.000000000000000000e+00
1.391999999999999993e+01,0.000000000000000000e+00,0.000000000000000000e+00,1.899466705322265625e+01,1.000000000000000000e+00
1.393999999999999950e+01,0.000000000000000000e+00,0.000000000000000000e+00,1.901872253417968750e+01,1.000000000000000000e+00
1.396000000000000085e+01,0.000000000000000000e+00,0.000000000000000000e+00,1.904277038574218750e+01,1.000000000000000000e+00
1.398000000000000043e+01,0.000000000000000000e+00,0.000000000000000000e+00,1.906681251525878906e+01,1.000000000000000000e+00
1.400000000000000000e+01,0.000000000000000000e+00,0.000000000000000000e+00,1.909085083007812500e+01,1.000000000000000000e+00
1.401999999999999957e+01,0.000000000000000000e+00,0.000000000000000000e+00,1.911488342285156250e+01,1.000000000000000000e+00
1.404000000000000092e+01,0.000000000000000000e+00,0.000000000000000000e+00,1.913891220092773438e+01,1.000000000000000000e+00
1.406000000000000050e+01,0.000000000000000000e+00,0.000000000000000000e+00,1.916293525695800781e+01,1.000000000000000000e+00
1.408000000000000007e+01,0.000000000000000000e+00,0.000000000000000000e+00,1.918694877624511719e+01,1.000000000000000000e+00
1.409999999999999964e+01,0.000000000000000000e+00,0.000000000000000000e+00,1.921096229553222656e+01,1.000000000000000000e+00
1.412000000000000099e+01,0.000000000000000000e+00,0.000000000000000000e+00,1.923497581481933594e+01,1.000000000000000000e+00
1.414000000000000057e+01,0.000000000000000000e+00,0.000000000000000000e+00,1.925897979736328125e+01,1.000000000000000000e+00
1.416000000000000014e+01,0.000000000000000000e+00,0.000000000000000000e+00,1.928297805786132812e+01,1.000000000000000000e+00
1.417999999999999972e+01,0.000000000000000000e+00,0.000000000000000000e+00,1.930697250366210938e+01,1.000000000000000000e+00
1.420000000000000107e+01,0.000000000000000000e+00,0.000000000000000000e+00,1.933095741271972656e+01,1.000000000000000000e+00
1.422000000000000064e+01,0.000000000000000000e+00,0.000000000000000000e+00,1.935494232177734375e+01,1.000000000000000000e+00
1.424000000000000021e+01,0.000000000000000000e+00,0.000000000000000000e+00,1.937892341613769531e+01,1.000000000000000000e+00
1.425999999999999979e+01,0.000000000000000000e+00,0.000000000000000000e+00,1.940289878845214844e+01,1.000000000000000000e+00
1.428000000000000114e+01,0.000000000000000000e+00,0.000000000000000000e+00,1.942686843872070312e+01,1.000000000000000000e+00
1.430000000000000071e+01,0.000000000000000000e+00,0.000000000000000000e+00,1.945083427429199219e+01,1.000000000000000000e+00
1.432000000000000028e+01,0.000000000000000000e+00,0.000000000000000000e+00,1.947480010986328125e+01,1.000000000000000000e+00
1.433999999999999986e+01,0.000000000000000000e+00,0.000000000000000000e+00,1.949876022338867188e+01,1.000000000000000000e+00
1.435999999999999943e+01,0.000000000000000000e+00,0.000000000000000000e+00,1.952271270751953125e+01,1.000000000000000000e+00
1.438000000000000078e+01,0.000000000000000000e+00,0.000000000000000000e+00,1.954665946960449219e+01,1.000000000000000000e+00
1.440000000000000036e+01,0.000000000000000000e+00,0.000000000000000000e+00,1.957060623168945312e+01,1.000000000000000000e+00
1.441999999999999993e+01,0.000000000000000000e+00,0.000000000000000000e+00,1.959454917907714844e+01,1.000000000000000000e+00
1.443999999999999950e+01,0.000000000000000000e+00,0.000000000000000000e+00,1.961848640441894531e+01,1.000000000000000000e+00
1.446000000000000085e+01,0.000000000000000000e+00,0.000000000000000000e+00,1.964241981506347656e+01,1.000000000000000000e+00
1.448000000000000043e+01,0.000000000000000000e+00,0.000000000000000000e+00,1.966634750366210938e+01,1.000000000000000000e+00
1.450000000000000000e+01,0.000000000000000000e+00,0.000000000000000000e+00,1.969027519226074219e+01,1.000000000000000000e+00
1.451999999999999957e+01,0.000000000000000000e+00,0.000000000000000000e+00,1.971420288085937500e+01,1.000000000000000000e+00
1.454000000000000092e+01,0.000000000000000000e+00,0.000000000000000000e+00,1.973812103271484375e+01,1.000000000000000000e+00
1.456000000000000050e+01,0.000000000000000000e+00,0.000000000000000000e+00,1.976203346252441406e+01,1.000000000000000000e+00
1.458000000000000007e+01,0.000000000000000000e+00,0.000000000000000000e+00,1.978594207763671875e+01,1.000000000000000000e+00
1.459999999999999964e+01,0.000000000000000000e+00,0.000000000000000000e+00,1.980984878540039062e+01,1.000000000000000000e+00
1.462000000000000099e+01,0.000000000000000000e+00,0.000000000000000000e+00,1.983374786376953125e+01,1.000000000000000000e+00
1.464000000000000057e+01,0.000000000000000000e+00,0.000000000000000000e+00,1.985764312744140625e+01,1.000000000000000000e+00
1.466000000000000014e+01,0.000000000000000000e+00,0.000000000000000000e+00,1.988153266906738281e+01,1.000000000000000000e+00
1.467999999999999972e+01,0.000000000000000000e+00,0.000000000000000000e+00,1.990541267395019531e+01,1.000000000000000000e+00
1.470000000000000107e+01,0.000000000000000000e+00,0.000000000000000000e+00,1.992929267883300781e+01,1.000000000000000000e+00
1.472000000000000064e+01,0.000000000000000000e+00,0.000000000000000000e+00,1.995317268371582031e+01,1.000000000000000000e+00
1.474000000000000021e+01,0.000000000000000000e+00,0.000000000000000000e+00,1.997704505920410156e+01,1.000000000000000000e+00
1.475999999999999979e+01,0.000000000000000000e+00,0.000000000000000000e+00,2.000091361999511719e+01,1.000000000000000000e+00
1.478000000000000114e+01,0.000000000000000000e+00,0.000000000000000000e+00,2.002477455139160156e+01,1.000000000000000000e+00
1.480000000000000071e+01,0.000000000000000000e+00,0.000000000000000000e+00,2.004863548278808594e+01,1.000000000000000000e+00
1.482000000000000028e+01,0.000000000000000000e+00,0.000000000000000000e+00,2.007249641418457031e+01,1.000000000000000000e+00
1.483999999999999986e+01,0.000000000000000000e+00,0.000000000000000000e+00,2.009635162353515625e+01,1.000000000000000000e+00
1.485999999999999943e+01,0.000000000000000000e+00,0.000000000000000000e+00,2.012020301818847656e+01,1.000000000000000000e+00
1.488000000000000078e+01,0.000000000000000000e+00,0.000000000000000000e+00,2.014404678344726562e+01,1.000000000000000000e+00
1.490000000000000036e+01,0.000000000000000000e+00,0.000000000000000000e+00,2.016788864135742188e+01,1.000000000000000000e+00
1.491999999999999993e+01,0.000000000000000000e+00,0.000000000000000000e+00,2.019173049926757812e+01,1.000000000000000000e+00
1.493999999999999950e+01,0.000000000000000000e+00,0.000000000000000000e+00,2.021556854248046875e+01,1.000000000000000000e+00
1.496000000000000085e+01,0.000000000000000000e+00,0.000000000000000000e+00,2.023940086364746094e+01,1.000000000000000000e+00
1.498000000000000043e+01,0.000000000000000000e+00,0.000000000000000000e+00,2.026322937011718750e+01,1.000000000000000000e+00
1.500000000000000000e+01,0.000000000000000000e+00,0.000000000000000000e+00,2.028705406188964844e+01,1.000000000000000000e+00
1.501999999999999957e+01,0.000000000000000000e+00,0.000000000000000000e+00,2.031087684631347656e+01,1.000000000000000000e+00
1.504000000000000092e+01,0.000000000000000000e+00,0.000000000000000000e+00,2.033469963073730469e+01,1.000000000000000000e+00
1.506000000000000050e+01,0.000000000000000000e+00,0.000000000000000000e+00,2.035851669311523438e+01,1.000000000000000000e+00
1.508000000000000007e+01,0.000000000000000000e+00,0.000000000000000000e+00,2.038232994079589844e+01,1.000000000000000000e+00
1.509999999999999964e+01,0.000000000000000000e+00,0.000000000000000000e+00,2.040614318847656250e+01,1.000000000000000000e+00
1.512000000000000099e+01,0.000000000000000000e+00,0.000000000000000000e+00,2.042995643615722656e+01,1.000000000000000000e+00
1.514000000000000057e+01,0.000000000000000000e+00,0.000000000000000000e+00,2.045376586914062500e+01,1.000000000000000000e+00
1.516000000000000014e+01,0.000000000000000000e+00,0.000000000000000000e+00,2.047756767272949219e+01,1.000000000000000000e+00
1.517999999999999972e+01,0.000000000000000000e+00,0.000000000000000000e+00,2.050136184692382812e+01,1.000000000000000000e+00
1.520000000000000107e+01,0.000000000000000000e+00,0.000000000000000000e+00,2.052515602111816406e+01,1.000000000000000000e+00
1.522000000000000064e+01,0.000000000000000000e+00,0.000000000000000000e+00,2.054895019531250000e+01,1.000000000000000000e+00
1.524000000000000021e+01,0.000000000000000000e+00,0.000000000000000000e+00,2.057273674011230469e+01,1.000000000000000000e+00
1.525999999999999979e+01,0.000000000000000000e+00,0.000000000000000000e+00,2.059652137756347656e+01,1.000000000000000000e+00
1.528000000000000114e+01,0.000000000000000000e+00,0.000000000000000000e+00,2.062029647827148438e+01,1.000000000000000000e+00
1.530000000000000071e+01,0.000000000000000000e+00,0.000000000000000000e+00,2.064407157897949219e+01,1.000000000000000000e+00
1.532000000000000028e+01,0.000000000000000000e+00,0.000000000000000000e+00,2.066784667968750000e+01,1.000000000000000000e+00
1.533999999999999986e+01,0.000000000000000000e+00,0.000000000000000000e+00,2.069162178039550781e+01,1.000000000000000000e+00
1.535999999999999943e+01,0.000000000000000000e+00,0.000000000000000000e+00,2.071538925170898438e+01,1.000000000000000000e+00
1.538000000000000078e+01,0.000000000000000000e+00,0.000000000000000000e+00,2.073915481567382812e+01,1.000000000000000000e+00
1.540000000000000036e+01,0.000000000000000000e+00,0.000000000000000000e+00,2.076292037963867188e+01,1.000000000000000000e+00
1.541999999999999993e+01,0.000000000000000000e+00,0.000000000000000000e+00,2.078668594360351562e+01,1.000000000000000000e+00
1.543999999999999950e+01,0.000000000000000000e+00,0.000000000000000000e+00,2.081044578552246094e+01,1.000000000000000000e+00
1.546000000000000085e+01,0.000000000000000000e+00,0.000000000000000000e+00,2.083420181274414062e+01,1.000000000000000000e+00
1.548000000000000043e+01,0.000000000000000000e+00,0.000000000000000000e+00,2.085794830322265625e+01,1.000000000000000000e+00
1.550000000000000000e+01,0.000000000000000000e+00,0.000000000000000000e+00,2.088169479370117188e+01,1.000000000000000000e+00
1.551999999999999957e+01,0.000000000000000000e+00,0.000000000000000000e+00,2.090544128417968750e+01,1.000000000000000000e+00
1.554000000000000092e+01,0.000000000000000000e+00,0.000000000000000000e+00,2.092918777465820312e+01,1.000000000000000000e+00
1.556000000000000050e+01,0.000000000000000000e+00,0.000000000000000000e+00,2.095292472839355469e+01,1.000000000000000000e+00
1.558000000000000007e+01,0.000000000000000000e+00,0.000000000000000000e+00,2.097666168212890625e+01,1.000000000000000000e+00
1.559999999999999964e+01,0.000000000000000000e+00,0.000000000000000000e+00,2.100039863586425781e+01,1.000000000000000000e+00
1.562000000000000099e+01,0.000000000000000000e+00,0.000000000000000000e+00,2.102413558959960938e+01,1.000000000000000000e+00
1.564000000000000057e+01,0.000000000000000000e+00,0.000000000000000000e+00,2.104786682128906250e+01,1.000000000000000000e+00
1.566000000000000014e+01,0.000000000000000000e+00,0.000000000000000000e+00,2.107159423828125000e+01,1.000000000000000000e+00
1.567999999999999972e+01,0.000000000000000000e+00,0.000000000000000000e+00,2.109531974792480469e+01,1.000000000000000000e+00
1.570000000000000107e+01,0.000000000000000000e+00,0.000000000000000000e+00,2.111904716491699219e+01,1.000000000000000000e+00
1.572000000000000064e+01,0.000000000000000000e+00,0.000000000000000000e+00,2.114277076721191406e+01,1.000000000000000000e+00
1.574000000000000021e+01,0.000000000000000000e+00,0.000000000000000000e+00,2.116648864746093750e+01,1.000000000000000000e+00
1.575999999999999979e+01,0.000000000000000000e+00,0.000000000000000000e+00,2.119020271301269531e+01,1.000000000000000000e+00
1.578000000000000114e+01,0.000000000000000000e+00,0.000000000000000000e+00,2.121391105651855469e+01,1.000000000000000000e+00
1.580000000000000071e+01,0.000000000000000000e+00,0.000000000000000000e+00,2.123761940002441406e+01,1.000000000000000000e+00
1.582000000000000028e+01,0.000000000000000000e+00,0.000000000000000000e+00,2.126132774353027344e+01,1.000000000000000000e+00
1.583999999999999986e+01,0.000000000000000000e+00,0.000000000000000000e+00,2.128503608703613281e+01,1.000000000000000000e+00
1.586000000000000121e+01,0.000000000000000000e+00,0.000000000000000000e+00,2.130873870849609375e+01,1.000000000000000000e+00
1.588000000000000078e+01,0.000000000000000000e+00,0.000000000000000000e+00,2.133243751525878906e+01,1.000000000000000000e+00
1.590000000000000036e+01,0.000000000000000000e+00,0.000000000000000000e+00,2.135613632202148438e+01,1.000000000000000000e+00
1.591999999999999993e+01,0.000000000000000000e+00,0.000000000000000000e+00,2.137983512878417969e+01,1.000000000000000000e+00
1.593999999999999950e+01,0.000000000000000000e+00,0.000000000000000000e+00,2.140353393554687500e+01,1.000000000000000000e+00
1.596000000000000085e+01,0.000000000000000000e+00,0.000000000000000000e+00,2.142722702026367188e+01,1.000000000000000000e+00
1.598000000000000043e+01,0.000000000000000000e+00,0.000000000000000000e+00,2.145091629028320312e+01,1.000000000000000000e+00
1.600000000000000000e+01,0.000000000000000000e+00,0.000000000000000000e+00,2.147460556030273438e+01,1.000000000000000000e+00
1.601999999999999957e+01,0.000000000000000000e+00,0.000000000000000000e+00,2.149829483032226562e+01,1.000000000000000000e+00
1.603999999999999915e+01,0.000000000000000000e+00,0.000000000000000000e+00,2.152198410034179688e+01,1.000000000000000000e+00
1.605999999999999872e+01,0.000000000000000000e+00,0.000000000000000000e+00,2.154566764831542969e+01,1.000000000000000000e+00
1.608000000000000185e+01,0.000000000000000000e+00,0.000000000000000000e+00,2.156934738159179688e+01,1.000000000000000000e+00
1.610000000000000142e+01,0.000000000000000000e+00,0.000000000000000000e+00,2.159302711486816406e+01,1.000000000000000000e+00
1.612000000000000099e+01,0.000000000000000000e+00,0.000000000000000000e+00,2.161670684814453125e+01,1.000000000000000000e+00
1.614000000000000057e+01,0.000000000000000000e+00,0.000000000000000000e+00,2.164038658142089844e+01,1.000000000000000000e+00
1.616000000000000014e+01,0.000000000000000000e+00,0.000000000000000000e+00,2.166406250000000000e+01,1.000000000000000000e+00
1.617999999999999972e+01,0.000000000000000000e+00,0.000000000000000000e+00,2.168773269653320312e+01,1.000000000000000000e+00
1.619999999999999929e+01,0.000000000000000000e+00,0.000000000000000000e+00,2.171140289306640625e+01,1.000000000000000000e+00
1.621999999999999886e+01,0.000000000000000000e+00,0.000000000000000000e+00,2.173507308959960938e+01,1.000000000000000000e+00
1.624000000000000199e+01,0.000000000000000000e+00,0.000000000000000000e+00,2.175874328613281250e+01,1.000000000000000000e+00
1.626000000000000156e+01,0.000000000000000000e+00,0.000000000000000000e+00,2.178241348266601562e+01,1.000000000000000000e+00
1.628000000000000114e+01,0.000000000000000000e+00,0.000000000000000000e+00,2.180607604980468750e+01,1.000000000000000000e+00
1.630000000000000071e+01,0.000000000000000000e+00,0.000000000000000000e+00,2.182974433898925781e+01,1.000000000000000000e+00
1.632000000000000028e+01,0.000000000000000000e+00,0.000000000000000000e+00,2.185341453552246094e+01,1.000000000000000000e+00
1.633999999999999986e+01,0.000000000000000000e+00,0.000000000000000000e+00,2.187707901000976562e+01,1.000000000000000000e+00
1.635999999999999943e+01,0.000000000000000000e+00,0.000000000000000000e+00,2.190073966979980469e+01,1.000000000000000000e+00
1.637999999999999901e+01,0.000000000000000000e+00,0.000000000000000000e+00,2.192440032958984375e+01,1.000000000000000000e+00
1.639999999999999858e+01,0.000000000000000000e+00,0.000000000000000000e+00,2.194806098937988281e+01,1.000000000000000000e+00
1.642000000000000171e+01,0.000000000000000000e+00,0.000000000000000000e+00,2.197172164916992188e+01,1.000000000000000000e+00
1.644000000000000128e+01,0.000000000000000000e+00,0.000000000000000000e+00,2.199537658691406250e+01,1.000000000000000000e+00
1.646000000000000085e+01,0.000000000000000000e+00,0.000000000000000000e+00,2.201902770996093750e+01,1.000000000000000000e+00
1.648000000000000043e+01,0.000000000000000000e+00,0.000000000000000000e+00,2.204267883300781250e+01,1.000000000000000000e+00
1.650000000000000000e+01,0.000000000000000000e+00,0.000000000000000000e+00,2.206632995605468750e+01,1.000000000000000000e+00
1.651999999999999957e+01,0.000000000000000000e+00,0.000000000000000000e+00,2.208998107910156250e+01,1.000000000000000000e+00
1.653999999999999915e+01,0.000000000000000000e+00,0.000000000000000000e+00,2.211363220214843750e+01,1.000000000000000000e+00
1.655999999999999872e+01,0.000000000000000000e+00,0.000000000000000000e+00,2.213727378845214844e+01,1.000000000000000000e+00
1.658000000000000185e+01,0.000000000000000000e+00,0.000000000000000000e+00,2.216091537475585938e+01,1.000000000000000000e+00
1.660000000000000142e+01,0.000000000000000000e+00,0.000000000000000000e+00,2.218455696105957031e+01,1.000000000000000000e+00
1.662000000000000099e+01,0.000000000000000000e+00,0.000000000000000000e+00,2.220819854736328125e+01,1.000000000000000000e+00
1.664000000000000057e+01,0.000000000000000000e+00,0.000000000000000000e+00,2.223184013366699219e+01,1.000000000000000000e+00
1.666000000000000014e+01,0.000000000000000000e+00,0.000000000000000000e+00,2.225547599792480469e+01,1.000000000000000000e+00
1.667999999999999972e+01,0.000000000000000000e+00,0.000000000000000000e+00,2.227910804748535156e+01,1.000000000000000000e+00
1.669999999999999929e+01,0.000000000000000000e+00,0.000000000000000000e+00,2.230274391174316406e+01,1.000000000000000000e+00
1.671999999999999886e+01,0.000000000000000000e+00,0.000000000000000000e+00,2.232638359069824219e+01,1.000000000000000000e+00
1.674000000000000199e+01,0.000000000000000000e+00,0.000000000000000000e+00,2.235001564025878906e+01,1.000000000000000000e+00
1.676000000000000156e+01,0.000000000000000000e+00,0.000000000000000000e+00,2.237364768981933594e+01,1.000000000000000000e+00
1.678000000000000114e+01,0.000000000000000000e+00,0.000000000000000000e+00,2.239727973937988281e+01,1.000000000000000000e+00
1.680000000000000071e+01,0.000000000000000000e+00,0.000000000000000000e+00,2.242091178894042969e+01,1.000000000000000000e+00
1.682000000000000028e+01,0.000000000000000000e+00,0.000000000000000000e+00,2.244454383850097656e+01,1.000000000000000000e+00
1.683999999999999986e+01,0.000000000000000000e+00,0.000000000000000000e+00,2.246817588806152344e+01,1.000000000000000000e+00
1.685999999999999943e+01,0.000000000000000000e+00,0.000000000000000000e+00,2.249180030822753906e+01,1.000000000000000000e+00
1.687999999999999901e+01,0.000000000000000000e+00,0.000000000000000000e+00,2.251542282104492188e+01,1.000000000000000000e+00
1.689999999999999858e+01,0.000000000000000000e+00,0.000000000000000000e+00,2.253904914855957031e+01,1.000000000000000000e+00
1.692000000000000171e+01,0.000000000000000000e+00,0.000000000000000000e+00,2.256268119812011719e+01,1.000000000000000000e+00
1.694000000000000128e+01,0.000000000000000000e+00,0.000000000000000000e+00,2.258630371093750000e+01,1.000000000000000000e+00
1.696000000000000085e+01,0.000000000000000000e+00,0.000000000000000000e+00,2.260992622375488281e+01,1.000000000000000000e+00
1.698000000000000043e+01,0.000000000000000000e+00,0.000000000000000000e+00,2.263354873657226562e+01,1.000000000000000000e+00
1.700000000000000000e+01,0.000000000000000000e+00,0.000000000000000000e+00,2.265717124938964844e+01,1.000000000000000000e+00
1.701999999999999957e+01,0.000000000000000000e+00,0.000000000000000000e+00,2.268079376220703125e+01,1.000000000000000000e+00
1.703999999999999915e+01,0.000000000000000000e+00,0.000000000000000000e+00,2.270441627502441406e+01,1.000000000000000000e+00
1.705999999999999872e+01,0.000000000000000000e+00,0.000000000000000000e+00,2.272803497314453125e+01,1.000000000000000000e+00
1.708000000000000185e+01,0.000000000000000000e+00,0.000000000000000000e+00,2.275164794921875000e+01,1.000000000000000000e+00
1.710000000000000142e+01,0.000000000000000000e+00,0.000000000000000000e+00,2.277526664733886719e+01,1.000000000000000000e+00
1.712000000000000099e+01,0.000000000000000000e+00,0.000000000000000000e+00,2.279888916015625000e+01,1.000000000000000000e+00
1.714000000000000057e+01,0.000000000000000000e+00,0.000000000000000000e+00,2.282250976562500000e+01,1.000000000000000000e+00
1.716000000000000014e+01,0.000000000000000000e+00,0.000000000000000000e+00,2.284612274169921875e+01,1.000000000000000000e+00
1.717999999999999972e+01,0.000000000000000000e+00,0.000000000000000000e+00,2.286973571777343750e+01,1.000000000000000000e+00
1.719999999999999929e+01,0.000000000000000000e+00,0.000000000000000000e+00,2.289335250854492188e+01,1.000000000000000000e+00
1.721999999999999886e+01,0.000000000000000000e+00,0.000000000000000000e+00,2.291697502136230469e+01,1.000000000000000000e+00
1.724000000000000199e+01,0.000000000000000000e+00,0.000000000000000000e+00,2.294059753417968750e+01,1.000000000000000000e+00
1.726000000000000156e+01,0.000000000000000000e+00,0.000000000000000000e+00,2.296421432495117188e+01,1.000000000000000000e+00
1.728000000000000114e+01,0.000000000000000000e+00,0.000000000000000000e+00,2.298783302307128906e+01,1.000000000000000000e+00
1.730000000000000071e+01,0.000000000000000000e+00,0.000000000000000000e+00,2.301145553588867188e+01,1.000000000000000000e+00
1.732000000000000028e+01,0.000000000000000000e+00,0.000000000000000000e+00,2.303508758544921875e+01,1.000000000000000000e+00
1.733999999999999986e+01,0.000000000000000000e+00,0.000000000000000000e+00,2.305871963500976562e+01,1.000000000000000000e+00
1.735999999999999943e+01,0.000000000000000000e+00,0.000000000000000000e+00,2.308235168457031250e+01,1.000000000000000000e+00
1.737999999999999901e+01,0.000000000000000000e+00,0.000000000000000000e+00,2.310598373413085938e+01,1.000000000000000000e+00
1.740000000000000213e+01,0.000000000000000000e+00,0.000000000000000000e+00,2.312962150573730469e+01,1.000000000000000000e+00
1.742000000000000171e+01,0.000000000000000000e+00,0.000000000000000000e+00,2.315326309204101562e+01,1.000000000000000000e+00
1.744000000000000128e+01,0.000000000000000000e+00,0.000000000000000000e+00,2.317690467834472656e+01,1.000000000000000000e+00
1.746000000000000085e+01,0.000000000000000000e+00,0.000000000000000000e+00,2.320054054260253906e+01,1.000000000000000000e+00
1.748000000000000043e+01,0.000000000000000000e+00,0.000000000000000000e+00,2.322417259216308594e+01,1.000000000000000000e+00
1.750000000000000000e+01,0.000000000000000000e+00,0.000000000000000000e+00,2.324780654907226562e+01,1.000000000000000000e+00
1.751999999999999957e+01,0.000000000000000000e+00,0.000000000000000000e+00,2.327144050598144531e+01,1.000000000000000000e+00
1.753999999999999915e+01,0.000000000000000000e+00,0.000000000000000000e+00,2.329507255554199219e+01,1.000000000000000000e+00
1.755999999999999872e+01,0.000000000000000000e+00,0.000000000000000000e+00,2.331870460510253906e+01,1.000000000000000000e+00
1.758000000000000185e+01,0.000000000000000000e+00,0.000000000000000000e+00,2.334233665466308594e+01,1.000000000000000000e+00
1.760000000000000142e+01,0.000000000000000000e+00,0.000000000000000000e+00,2.336597061157226562e+01,1.000000000000000000e+00
1.762000000000000099e+01,0.000000000000000000e+00,0.000000000000000000e+00,2.338961219787597656e+01,1.000000000000000000e+00
1.764000000000000057e+01,0.000000000000000000e+00,0.000000000000000000e+00,2.341324424743652344e+01,1.000000000000000000e+00
1.766000000000000014e+01,0.000000000000000000e+00,0.000000000000000000e+00,2.343687629699707031e+01,1.000000000000000000e+00
1.767999999999999972e+01,0.000000000000000000e+00,0.000000000000000000e+00,2.346050834655761719e+01,1.000000000000000000e+00
1.769999999999999929e+01,0.000000000000000000e+00,0.000000000000000000e+00,2.348414230346679688e+01,1.000000000000000000e+00
1.771999999999999886e+01,0.000000000000000000e+00,0.000000000000000000e+00,2.350778388977050781e+01,2.000000000000000000e+00
1.774000000000000199e+01,1.110308687202632427e-03,8.475868895629901090e-08,2.353144454956054688e+01,2.000000000000000000e+00
1.776000000000000156e+01,4.555806517601013184e-03,1.272716417588526383e-06,2.355516624450683594e+01,2.000000000000000000e+00
1.778000000000000114e+01,1.075896341353654861e-02,6.384905191225698218e-06,2.357898902893066406e+01,2.000000000000000000e+00
1.780000000000000071e+01,1.979723013937473297e-02,2.006654358410742134e-05,2.360293960571289062e+01,2.000000000000000000e+00
1.782000000000000028e+01,3.167170658707618713e-02,4.849716424359939992e-05,2.362702941894531250e+01,2.000000000000000000e+00
1.783999999999999986e+01,4.636863246560096741e-02,9.920098818838596344e-05,2.365127372741699219e+01,2.000000000000000000e+00
1.785999999999999943e+01,6.387229263782501221e-02,1.809309324016794562e-04,2.367567443847656250e+01,2.000000000000000000e+00
1.787999999999999901e+01,8.416789025068283081e-02,3.035104018636047840e-04,2.370023536682128906e+01,2.000000000000000000e+00
1.790000000000000213e+01,1.072422787547111511e-01,4.776610294356942177e-04,2.372495079040527344e+01,2.000000000000000000e+00
1.792000000000000171e+01,1.330860555171966553e-01,7.148766890168190002e-04,2.374981307983398438e+01,2.000000000000000000e+00
1.794000000000000128e+01,1.616946607828140259e-01,1.027322607114911079e-03,2.377481651306152344e+01,2.000000000000000000e+00
1.796000000000000085e+01,1.930660009384155273e-01,1.427843701094388962e-03,2.379994201660156250e+01,2.000000000000000000e+00
1.798000000000000043e+01,2.271999269723892212e-01,1.929919002577662468e-03,2.382517433166503906e+01,2.000000000000000000e+00
1.800000000000000000e+01,2.640975713729858398e-01,2.547502284869551659e-03,2.385048675537109375e+01,2.000000000000000000e+00
1.801999999999999957e+01,3.037603795528411865e-01,3.295029047876596451e-03,2.387585830688476562e+01,2.000000000000000000e+00
1.803999999999999915e+01,3.461904823780059814e-01,4.187283571809530258e-03,2.390126609802246094e+01,2.000000000000000000e+00
1.805999999999999872e+01,3.913912177085876465e-01,5.239238031208515167e-03,2.392668151855468750e+01,2.000000000000000000e+00
1.808000000000000185e+01,4.393669962882995605e-01,6.465977057814598083e-03,2.395207595825195312e+01,2.000000000000000000e+00
1.810000000000000142e+01,4.901230335235595703e-01,7.882589474320411682e-03,2.397740745544433594e+01,2.000000000000000000e+00
1.812000000000000099e+01,5.436653494834899902e-01,9.504385292530059814e-03,2.400264739990234375e+01,2.000000000000000000e+00
1.814000000000000057e+01,6.000005006790161133e-01,1.134662143886089325e-02,2.402776336669921875e+01,2.000000000000000000e+00
1.816000000000000014e+01,6.591353416442871094e-01,1.342426799237728119e-02,2.405271720886230469e+01,2.000000000000000000e+00
1.817999999999999972e+01,7.210769057273864746e-01,1.575201936066150665e-02,2.407746696472167969e+01,2.000000000000000000e+00
1.819999999999999929e+01,7.858319282531738281e-01,1.834420859813690186e-02,2.410196876525878906e+01,2.000000000000000000e+00
1.821999999999999886e+01,8.534070849418640137e-01,2.121512033045291901e-02,2.412618446350097656e+01,2.000000000000000000e+00
1.824000000000000199e+01,9.238084554672241211e-01,2.437873370945453644e-02,2.415007209777832031e+01,2.000000000000000000e+00
1.826000000000000156e+01,9.970407485961914062e-01,2.784883975982666016e-02,2.417359542846679688e+01,2.000000000000000000e+00
1.828000000000000114e+01,1.073108196258544922e+00,3.163890913128852844e-02,2.419671249389648438e+01,2.000000000000000000e+00
1.830000000000000071e+01,1.152013421058654785e+00,3.576202690601348877e-02,2.421938705444335938e+01,2.000000000000000000e+00
1.832000000000000028e+01,1.233758330345153809e+00,4.023137688636779785e-02,2.424158668518066406e+01,2.000000000000000000e+00
1.833999999999999986e+01,1.318344235420227051e+00,4.505971074104309082e-02,2.426328659057617188e+01,2.000000000000000000e+00
1.835999999999999943e+01,1.405771493911743164e+00,5.025914311408996582e-02,2.428445243835449219e+01,2.000000000000000000e+00
1.837999999999999901e+01,1.496039748191833496e+00,5.584130436182022095e-02,2.430505180358886719e+01,2.000000000000000000e+00
1.840000000000000213e+01,1.589147329330444336e+00,6.181721016764640808e-02,2.432505035400390625e+01,2.000000000000000000e+00
1.842000000000000171e+01,1.685092687606811523e+00,6.819798797369003296e-02,2.434442520141601562e+01,2.000000000000000000e+00
1.844000000000000128e+01,1.783873200416564941e+00,7.499460130929946899e-02,2.436314964294433594e+01,2.000000000000000000e+00
1.846000000000000085e+01,1.885485529899597168e+00,8.221735060214996338e-02,2.438119506835937500e+01,2.000000000000000000e+00
1.848000000000000043e+01,1.989924669265747070e+00,8.987610787153244019e-02,2.439853286743164062e+01,2.000000000000000000e+00
1.850000000000000000e+01,2.097185373306274414e+00,9.798039495944976807e-02,2.441513442993164062e+01,2.000000000000000000e+00
1.851999999999999957e+01,2.207261085510253906e+00,1.065398529171943665e-01,2.443097305297851562e+01,2.000000000000000000e+00
1.853999999999999915e+01,2.320144414901733398e+00,1.155639216303825378e-01,2.444602775573730469e+01,2.000000000000000000e+00
1.855999999999999872e+01,2.435827016830444336e+00,1.250617951154708862e-01,2.446027374267578125e+01,2.000000000000000000e+00
1.858000000000000185e+01,2.554299354553222656e+00,1.350427269935607910e-01,2.447368812561035156e+01,2.000000000000000000e+00
1.860000000000000142e+01,2.675551176071166992e+00,1.455159783363342285e-01,2.448624801635742188e+01,2.000000000000000000e+00
1.862000000000000099e+01,2.799571037292480469e+00,1.564912348985671997e-01,2.449794197082519531e+01,2.000000000000000000e+00
1.864000000000000057e+01,2.926347732543945312e+00,1.679783612489700317e-01,2.450875663757324219e+01,2.000000000000000000e+00
1.866000000000000014e+01,3.055868387222290039e+00,1.799870729446411133e-01,2.451867866516113281e+01,2.000000000000000000e+00
1.867999999999999972e+01,3.188118934631347656e+00,1.925271004438400269e-01,2.452769470214843750e+01,2.000000000000000000e+00
1.869999999999999929e+01,3.323085784912109375e+00,2.056083381175994873e-01,2.453579521179199219e+01,2.000000000000000000e+00
1.871999999999999886e+01,3.460753917694091797e+00,2.192412912845611572e-01,2.454296875000000000e+01,2.000000000000000000e+00
1.874000000000000199e+01,3.601107835769653320e+00,2.334365397691726685e-01,2.454921340942382812e+01,2.000000000000000000e+00
1.876000000000000156e+01,3.744131803512573242e+00,2.482047528028488159e-01,2.455452156066894531e+01,2.000000000000000000e+00
1.878000000000000114e+01,3.889808893203735352e+00,2.635570764541625977e-01,2.455888748168945312e+01,2.000000000000000000e+00
1.880000000000000071e+01,4.038122653961181641e+00,2.795050442218780518e-01,2.456230926513671875e+01,2.000000000000000000e+00
1.882000000000000028e+01,4.189054965972900391e+00,2.960606813430786133e-01,2.456478691101074219e+01,2.000000000000000000e+00
1.883999999999999986e+01,4.342587471008300781e+00,3.132364153861999512e-01,2.456632041931152344e+01,2.000000000000000000e+00
1.885999999999999943e+01,4.498701095581054688e+00,3.310449123382568359e-01,2.456691551208496094e+01,2.000000000000000000e+00
1.887999999999999901e+01,4.657377719879150391e+00,3.494994938373565674e-01,2.456657218933105469e+01,2.000000000000000000e+00
1.890000000000000213e+01,4.818597316741943359e+00,3.686139285564422607e-01,2.456529617309570312e+01,2.000000000000000000e+00
1.892000000000000171e+01,4.982340335845947266e+00,3.884025812149047852e-01,2.456309700012207031e+01,2.000000000000000000e+00
1.894000000000000128e+01,5.148585796356201172e+00,4.088804423809051514e-01,2.455998802185058594e+01,2.000000000000000000e+00
1.896000000000000085e+01,5.317314147949218750e+00,4.300628006458282471e-01,2.455597496032714844e+01,2.000000000000000000e+00
1.898000000000000043e+01,5.488504886627197266e+00,4.519653320312500000e-01,2.455106735229492188e+01,2.000000000000000000e+00
1.900000000000000000e+01,5.662137031555175781e+00,4.746041297912597656e-01,2.454527854919433594e+01,2.000000000000000000e+00
1.901999999999999957e+01,5.838190555572509766e+00,4.979960024356842041e-01,2.453862190246582031e+01,2.000000000000000000e+00
1.903999999999999915e+01,6.016644954681396484e+00,5.221581459045410156e-01,2.453111267089843750e+01,2.000000000000000000e+00
1.905999999999999872e+01,6.197477817535400391e+00,5.471080541610717773e-01,2.452276611328125000e+01,2.000000000000000000e+00
1.908000000000000185e+01,6.380670547485351562e+00,5.728635787963867188e-01,2.451359558105468750e+01,2.000000000000000000e+00
1.910000000000000142e+01,6.566200256347656250e+00,5.994427204132080078e-01,2.450361442565917969e+01,2.000000000000000000e+00
1.912000000000000099e+01,6.754048347473144531e+00,6.268634200096130371e-01,2.449283599853515625e+01,2.000000000000000000e+00
1.914000000000000057e+01,6.944192409515380859e+00,6.551442146301269531e-01,2.448127365112304688e+01,2.000000000000000000e+00
1.916000000000000014e+01,7.136612415313720703e+00,6.843038201332092285e-01,2.446894264221191406e+01,2.000000000000000000e+00
1.917999999999999972e+01,7.331288814544677734e+00,7.143611907958984375e-01,2.445585823059082031e+01,2.000000000000000000e+00
1.919999999999999929e+01,7.528200626373291016e+00,7.453349828720092773e-01,2.444202995300292969e+01,2.000000000000000000e+00
1.921999999999999886e+01,7.727327823638916016e+00,7.772442698478698730e-01,2.442747116088867188e+01,2.000000000000000000e+00
1.924000000000000199e+01,7.928650379180908203e+00,8.101084828376770020e-01,2.441219902038574219e+01,2.000000000000000000e+00
1.926000000000000156e+01,8.132149696350097656e+00,8.439469933509826660e-01,2.439622497558593750e+01,2.000000000000000000e+00
1.928000000000000114e+01,8.337804794311523438e+00,8.787786960601806641e-01,2.437956047058105469e+01,2.000000000000000000e+00
1.930000000000000071e+01,8.545596122741699219e+00,9.146220684051513672e-01,2.436221313476562500e+01,2.000000000000000000e+00
1.932000000000000028e+01,8.755505561828613281e+00,9.514959454536437988e-01,2.434418869018554688e+01,2.000000000000000000e+00
1.933999999999999986e+01,8.967514991760253906e+00,9.894192814826965332e-01,2.432550430297851562e+01,2.000000000000000000e+00
1.935999999999999943e+01,9.181604385375976562e+00,1.028410434722900391e+00,2.430616378784179688e+01,2.000000000000000000e+00
1.937999999999999901e+01,9.397754669189453125e+00,1.068487405776977539e+00,2.428617286682128906e+01,3.000000000000000000e+00
1.940000000000000213e+01,9.615450859069824219e+00,1.109382629394531250e+00,2.426473808288574219e+01,3.000000000000000000e+00
1.942000000000000171e+01,9.834219932556152344e+00,1.150911569595336914e+00,2.424139022827148438e+01,3.000000000000000000e+00
1.944000000000000128e+01,1.005392742156982422e+01,1.193094849586486816e+00,2.421626472473144531e+01,3.000000000000000000e+00
1.946000000000000085e+01,1.027453708648681641e+01,1.235988974571228027e+00,2.418957328796386719e+01,3.000000000000000000e+00
1.948000000000000043e+01,1.049605083465576172e+01,1.279663801193237305e+00,2.416155624389648438e+01,3.000000000000000000e+00
1.950000000000000000e+01,1.071847534179687500e+01,1.324190020561218262e+00,2.413245773315429688e+01,3.000000000000000000e+00
1.951999999999999957e+01,1.094177818298339844e+01,1.369631171226501465e+00,2.410251808166503906e+01,3.000000000000000000e+00
1.953999999999999915e+01,1.116592502593994141e+01,1.416044950485229492e+00,2.407196044921875000e+01,3.000000000000000000e+00
1.955999999999999872e+01,1.139088344573974609e+01,1.463483452796936035e+00,2.404099273681640625e+01,3.000000000000000000e+00
1.958000000000000185e+01,1.161662197113037109e+01,1.511991858482360840e+00,2.400978851318359375e+01,3.000000000000000000e+00
1.960000000000000142e+01,1.184311008453369141e+01,1.561608076095581055e+00,2.397850227355957031e+01,3.000000000000000000e+00
1.962000000000000099e+01,1.207032203674316406e+01,1.612363100051879883e+00,2.394726181030273438e+01,3.000000000000000000e+00
1.964000000000000057e+01,1.229823017120361328e+01,1.664281606674194336e+00,2.391617012023925781e+01,3.000000000000000000e+00
1.966000000000000014e+01,1.252681064605712891e+01,1.717381477355957031e+00,2.388530540466308594e+01,3.000000000000000000e+00
1.967999999999999972e+01,1.275604057312011719e+01,1.771673917770385742e+00,2.385472297668457031e+01,3.000000000000000000e+00
1.969999999999999929e+01,1.298589992523193359e+01,1.827163696289062500e+00,2.382445526123046875e+01,3.000000000000000000e+00
1.971999999999999886e+01,1.321637248992919922e+01,1.883851766586303711e+00,2.379450988769531250e+01,3.000000000000000000e+00
1.974000000000000199e+01,1.344744491577148438e+01,1.941734790802001953e+00,2.376488685607910156e+01,3.000000000000000000e+00
1.976000000000000156e+01,1.367910480499267578e+01,2.000805616378784180e+00,2.373556900024414062e+01,3.000000000000000000e+00
1.978000000000000114e+01,1.391134262084960938e+01,2.061053752899169922e+00,2.370651817321777344e+01,3.000000000000000000e+00
1.980000000000000071e+01,1.414415168762207031e+01,2.122466564178466797e+00,2.367769432067871094e+01,3.000000000000000000e+00
1.982000000000000028e+01,1.437752819061279297e+01,2.185029745101928711e+00,2.364904403686523438e+01,3.000000000000000000e+00
1.983999999999999986e+01,1.461146926879882812e+01,2.248727798461914062e+00,2.362051010131835938e+01,3.000000000000000000e+00
1.985999999999999943e+01,1.484597492218017578e+01,2.313544750213623047e+00,2.359203529357910156e+01,3.000000000000000000e+00
1.987999999999999901e+01,1.508104705810546875e+01,2.379464864730834961e+00,2.356355667114257812e+01,3.000000000000000000e+00
1.990000000000000213e+01,1.531668663024902344e+01,2.446471929550170898e+00,2.353501129150390625e+01,3.000000000000000000e+00
1.992000000000000171e+01,1.555289745330810547e+01,2.514550447463989258e+00,2.350633621215820312e+01,3.000000000000000000e+00
1.994000000000000128e+01,1.578968334197998047e+01,2.583685636520385742e+00,2.347747230529785156e+01,3.000000000000000000e+00
1.996000000000000085e+01,1.602704811096191406e+01,2.653863906860351562e+00,2.344836997985839844e+01,3.000000000000000000e+00
1.998000000000000043e+01,1.626499557495117188e+01,2.725072145462036133e+00,2.341897773742675781e+01,3.000000000000000000e+00
2.000000000000000000e+01,1.650352859497070312e+01,2.797298192977905273e+00,2.338924598693847656e+01,3.000000000000000000e+00
2.001999999999999957e+01,1.674265289306640625e+01,2.870530366897583008e+00,2.335913467407226562e+01,3.000000000000000000e+00
2.003999999999999915e+01,1.698237037658691406e+01,2.944758892059326172e+00,2.332860755920410156e+01,3.000000000000000000e+00
2.005999999999999872e+01,1.722268676757812500e+01,3.019975185394287109e+00,2.329763984680175781e+01,3.000000000000000000e+00
2.008000000000000185e+01,1.746360397338867188e+01,3.096171140670776367e+00,2.326620674133300781e+01,3.000000000000000000e+00
2.010000000000000142e+01,1.770512580871582031e+01,3.173339128494262695e+00,2.323428344726562500e+01,3.000000000000000000e+00
2.012000000000000099e+01,1.794725036621093750e+01,3.251471996307373047e+00,2.320185852050781250e+01,3.000000000000000000e+00
2.014000000000000057e+01,1.818998336791992188e+01,3.330563068389892578e+00,2.316891860961914062e+01,3.000000000000000000e+00
2.016000000000000014e+01,1.843332481384277344e+01,3.410606384277343750e+00,2.313546371459960938e+01,3.000000000000000000e+00
2.017999999999999972e+01,1.867727279663085938e+01,3.491596460342407227e+00,2.310148620605468750e+01,3.000000000000000000e+00
2.019999999999999929e+01,1.892183113098144531e+01,3.573527336120605469e+00,2.306699180603027344e+01,3.000000000000000000e+00
2.021999999999999886e+01,1.916700172424316406e+01,3.656392812728881836e+00,2.303197860717773438e+01,3.000000000000000000e+00
2.024000000000000199e+01,1.941278266906738281e+01,3.740185976028442383e+00,2.299645423889160156e+01,3.000000000000000000e+00
2.026000000000000156e+01,1.965917396545410156e+01,3.824901342391967773e+00,2.296042633056640625e+01,3.000000000000000000e+00
2.028000000000000114e+01,1.990617942810058594e+01,3.910531759262084961e+00,2.292390441894531250e+01,3.000000000000000000e+00
2.030000000000000071e+01,2.015380096435546875e+01,3.997069835662841797e+00,2.288689422607421875e+01,3.000000000000000000e+00
2.032000000000000028e+01,2.040203285217285156e+01,4.084507465362548828e+00,2.284940528869628906e+01,3.000000000000000000e+00
2.033999999999999986e+01,2.065088462829589844e+01,4.172833919525146484e+00,2.281144523620605469e+01,3.000000000000000000e+00
2.035999999999999943e+01,2.090035057067871094e+01,4.262041091918945312e+00,2.277302360534667969e+01,3.000000000000000000e+00
2.037999999999999901e+01,2.115043449401855469e+01,4.352118492126464844e+00,2.273414993286132812e+01,3.000000000000000000e+00
2.040000000000000213e+01,2.140114593505859375e+01,4.443054676055908203e+00,2.269483184814453125e+01,3.000000000000000000e+00
2.042000000000000171e+01,2.165247726440429688e+01,4.534837245941162109e+00,2.265507316589355469e+01,3.000000000000000000e+00
2.044000000000000128e+01,2.190443801879882812e+01,4.627452850341796875e+00,2.261488151550292969e+01,3.000000000000000000e+00
2.046000000000000085e+01,2.215703010559082031e+01,4.720887660980224609e+00,2.257426071166992188e+01,3.000000000000000000e+00
2.048000000000000043e+01,2.241025733947753906e+01,4.815126895904541016e+00,2.253321647644042969e+01,3.000000000000000000e+00
2.050000000000000000e+01,2.266412353515625000e+01,4.910154819488525391e+00,2.249175262451171875e+01,3.000000000000000000e+00
2.051999999999999957e+01,2.291863441467285156e+01,5.005955219268798828e+00,2.244986915588378906e+01,3.000000000000000000e+00
2.053999999999999915e+01,2.317379379272460938e+01,5.102510452270507812e+00,2.240756607055664062e+01,3.000000000000000000e+00
2.055999999999999872e+01,2.342960929870605469e+01,5.199802398681640625e+00,2.236484336853027344e+01,3.000000000000000000e+00
2.058000000000000185e+01,2.368608474731445312e+01,5.297812461853027344e+00,2.232170295715332031e+01,3.000000000000000000e+00
2.060000000000000142e+01,2.394322586059570312e+01,5.396522045135498047e+00,2.227814483642578125e+01,3.000000000000000000e+00
2.062000000000000099e+01,2.420104408264160156e+01,5.495910167694091797e+00,2.223416519165039062e+01,3.000000000000000000e+00
2.064000000000000057e+01,2.445954132080078125e+01,5.595956325531005859e+00,2.218976211547851562e+01,3.000000000000000000e+00
2.066000000000000014e+01,2.471872901916503906e+01,5.696639060974121094e+00,2.214493942260742188e+01,3.000000000000000000e+00
2.067999999999999972e+01,2.497861099243164062e+01,5.797936916351318359e+00,2.209968948364257812e+01,3.000000000000000000e+00
2.069999999999999929e+01,2.523919868469238281e+01,5.899827003479003906e+00,2.205401802062988281e+01,3.000000000000000000e+00
2.071999999999999886e+01,2.550049591064453125e+01,6.002285003662109375e+00,2.200791740417480469e+01,3.000000000000000000e+00
2.074000000000000199e+01,2.576251983642578125e+01,6.105287551879882812e+00,2.196138763427734375e+01,3.000000000000000000e+00
2.076000000000000156e+01,2.602527427673339844e+01,6.208809852600097656e+00,2.191442871093750000e+01,3.000000000000000000e+00
2.078000000000000114e+01,2.628876876831054688e+01,6.312828063964843750e+00,2.186703109741210938e+01,3.000000000000000000e+00
2.080000000000000071e+01,2.655301284790039062e+01,6.417314529418945312e+00,2.181920433044433594e+01,3.000000000000000000e+00
2.082000000000000028e+01,2.681801986694335938e+01,6.522242069244384766e+00,2.177094268798828125e+01,3.000000000000000000e+00
2.083999999999999986e+01,2.708379364013671875e+01,6.627583503723144531e+00,2.172224617004394531e+01,3.000000000000000000e+00
2.085999999999999943e+01,2.735034751892089844e+01,6.733311653137207031e+00,2.167311286926269531e+01,3.000000000000000000e+00
2.087999999999999901e+01,2.761769485473632812e+01,6.839396476745605469e+00,2.162354469299316406e+01,3.000000000000000000e+00
2.090000000000000213e+01,2.788584136962890625e+01,6.945807933807373047e+00,2.157354354858398438e+01,3.000000000000000000e+00
2.092000000000000171e+01,2.815480613708496094e+01,7.052515506744384766e+00,2.152310943603515625e+01,3.000000000000000000e+00
2.094000000000000128e+01,2.842459487915039062e+01,7.159487247467041016e+00,2.147224044799804688e+01,3.000000000000000000e+00
2.096000000000000085e+01,2.869522285461425781e+01,7.266691207885742188e+00,2.142094230651855469e+01,3.000000000000000000e+00
2.098000000000000043e+01,2.896670150756835938e+01,7.374093055725097656e+00,2.136921501159667969e+01,3.000000000000000000e+00
2.100000000000000000e+01,2.923904418945312500e+01,7.481658458709716797e+00,2.131706047058105469e+01,3.000000000000000000e+00
2.101999999999999957e+01,2.951226043701171875e+01,7.589352607727050781e+00,2.126447677612304688e+01,3.000000000000000000e+00
2.103999999999999915e+01,2.978636741638183594e+01,7.697139739990234375e+00,2.121147155761718750e+01,3.000000000000000000e+00
2.105999999999999872e+01,3.006137657165527344e+01,7.804982662200927734e+00,2.115803909301757812e+01,3.000000000000000000e+00
2.108000000000000185e+01,3.033729743957519531e+01,7.912841796875000000e+00,2.110418701171875000e+01,3.000000000000000000e+00
2.110000000000000142e+01,3.061414909362792969e+01,8.020679473876953125e+00,2.104991340637207031e+01,3.000000000000000000e+00
2.112000000000000099e+01,3.089194297790527344e+01,8.128456115722656250e+00,2.099521446228027344e+01,3.000000000000000000e+00
2.114000000000000057e+01,3.117069244384765625e+01,8.236129760742187500e+00,2.094009208679199219e+01,3.000000000000000000e+00
2.116000000000000014e+01,3.145041084289550781e+01,8.343657493591308594e+00,2.088454627990722656e+01,3.000000000000000000e+00
2.117999999999999972e+01,3.173111152648925781e+01,8.450997352600097656e+00,2.082857894897460938e+01,3.000000000000000000e+00
2.119999999999999929e+01,3.201280975341796875e+01,8.558105468750000000e+00,2.077218818664550781e+01,3.000000000000000000e+00
2.121999999999999886e+01,3.229551696777343750e+01,8.664937973022460938e+00,2.071536827087402344e+01,3.000000000000000000e+00
2.124000000000000199e+01,3.257924652099609375e+01,8.771446228027343750e+00,2.065811347961425781e+01,3.000000000000000000e+00
2.126000000000000156e+01,3.286401367187500000e+01,8.877587318420410156e+00,2.060042572021484375e+01,3.000000000000000000e+00
2.128000000000000114e+01,3.314982986450195312e+01,8.983308792114257812e+00,2.054230117797851562e+01,3.000000000000000000e+00
2.130000000000000071e+01,3.343671798706054688e+01,9.088564872741699219e+00,2.048373413085937500e+01,3.000000000000000000e+00
2.132000000000000028e+01,3.372468185424804688e+01,9.193305969238281250e+00,2.042471885681152344e+01,3.000000000000000000e+00
2.133999999999999986e+01,3.401373672485351562e+01,9.297479629516601562e+00,2.036524772644042969e+01,3.000000000000000000e+00
2.135999999999999943e+01,3.430388641357421875e+01,9.401038169860839844e+00,2.030529785156250000e+01,3.000000000000000000e+00
2.137999999999999901e+01,3.459514236450195312e+01,9.503935813903808594e+00,2.024483489990234375e+01,3.000000000000000000e+00
2.140000000000000213e+01,3.488750839233398438e+01,9.606125831604003906e+00,2.018383026123046875e+01,3.000000000000000000e+00
2.142000000000000171e+01,3.518098068237304688e+01,9.707558631896972656e+00,2.012226104736328125e+01,3.000000000000000000e+00
2.144000000000000128e+01,3.547557449340820312e+01,9.808181762695312500e+00,2.006012153625488281e+01,3.000000000000000000e+00
2.146000000000000085e+01,3.577128982543945312e+01,9.907939910888671875e+00,1.999741554260253906e+01,3.000000000000000000e+00
2.148000000000000043e+01,3.606813049316406250e+01,1.000677680969238281e+01,1.993416023254394531e+01,3.000000000000000000e+00
2.150000000000000000e+01,3.636610412597656250e+01,1.010463428497314453e+01,1.987037849426269531e+01,3.000000000000000000e+00
2.151999999999999957e+01,3.666521453857421875e+01,1.020145225524902344e+01,1.980610084533691406e+01,3.000000000000000000e+00
2.153999999999999915e+01,3.696547698974609375e+01,1.029716968536376953e+01,1.974136924743652344e+01,3.000000000000000000e+00
2.155999999999999872e+01,3.726689529418945312e+01,1.039172458648681641e+01,1.967622756958007812e+01,3.000000000000000000e+00
2.158000000000000185e+01,3.756947326660156250e+01,1.048505783081054688e+01,1.961072349548339844e+01,3.000000000000000000e+00
2.160000000000000142e+01,3.787321090698242188e+01,1.057711315155029297e+01,1.954490470886230469e+01,3.000000000000000000e+00
2.162000000000000099e+01,3.817811203002929688e+01,1.066783237457275391e+01,1.947881889343261719e+01,3.000000000000000000e+00
2.164000000000000057e+01,3.848418045043945312e+01,1.075716209411621094e+01,1.941251945495605469e+01,3.000000000000000000e+00
2.166000000000000014e+01,3.879141616821289062e+01,1.084505367279052734e+01,1.934604644775390625e+01,3.000000000000000000e+00
2.167999999999999972e+01,3.909981536865234375e+01,1.093146324157714844e+01,1.927943992614746094e+01,3.000000000000000000e+00
2.169999999999999929e+01,3.940937042236328125e+01,1.101635074615478516e+01,1.921273422241210938e+01,3.000000000000000000e+00
2.171999999999999886e+01,3.972007751464843750e+01,1.109968090057373047e+01,1.914595985412597656e+01,3.000000000000000000e+00
2.174000000000000199e+01,4.003192901611328125e+01,1.118142127990722656e+01,1.907914733886718750e+01,3.000000000000000000e+00
2.176000000000000156e+01,4.034490966796875000e+01,1.126154804229736328e+01,1.901231575012207031e+01,3.000000000000000000e+00
2.178000000000000114e+01,4.065901184082031250e+01,1.134004020690917969e+01,1.894547653198242188e+01,3.000000000000000000e+00
2.180000000000000071e+01,4.097422409057617188e+01,1.141688346862792969e+01,1.887864303588867188e+01,3.000000000000000000e+00
2.182000000000000028e+01,4.129053115844726562e+01,1.149206161499023438e+01,1.881182098388671875e+01,3.000000000000000000e+00
2.183999999999999986e+01,4.160792160034179688e+01,1.156556701660156250e+01,1.874501800537109375e+01,3.000000000000000000e+00
2.185999999999999943e+01,4.192638015747070312e+01,1.163739395141601562e+01,1.867823410034179688e+01,3.000000000000000000e+00
2.187999999999999901e+01,4.224589920043945312e+01,1.170753860473632812e+01,1.861146736145019531e+01,3.000000000000000000e+00
2.190000000000000213e+01,4.256644821166992188e+01,1.177600193023681641e+01,1.854471397399902344e+01,3.000000000000000000e+00
2.192000000000000171e+01,4.288801956176757812e+01,1.184278392791748047e+01,1.847797203063964844e+01,3.000000000000000000e+00
2.194000000000000128e+01,4.321060562133789062e+01,1.190788650512695312e+01,1.841123771667480469e+01,3.000000000000000000e+00
2.196000000000000085e+01,4.353418731689453125e+01,1.197131443023681641e+01,1.834450912475585938e+01,3.000000000000000000e+00
2.198000000000000043e+01,4.385874938964843750e+01,1.203307151794433594e+01,1.827778053283691406e+01,3.000000000000000000e+00
2.200000000000000000e+01,4.418427658081054688e+01,1.209316539764404297e+01,1.821104049682617188e+01,3.000000000000000000e+00
2.201999999999999957e+01,4.451075744628906250e+01,1.215160083770751953e+01,1.814429092407226562e+01,3.000000000000000000e+00
2.203999999999999915e+01,4.483817672729492188e+01,1.220838356018066406e+01,1.807753181457519531e+01,3.000000000000000000e+00
2.205999999999999872e+01,4.516651916503906250e+01,1.226352119445800781e+01,1.801076126098632812e+01,3.000000000000000000e+00
2.208000000000000185e+01,4.549578094482421875e+01,1.231702136993408203e+01,1.794397544860839844e+01,3.000000000000000000e+00
2.210000000000000142e+01,4.582594299316406250e+01,1.236889266967773438e+01,1.787717056274414062e+01,3.000000000000000000e+00
2.212000000000000099e+01,4.615699386596679688e+01,1.241914176940917969e+01,1.781034660339355469e+01,3.000000000000000000e+00
2.214000000000000057e+01,4.648892211914062500e+01,1.246777629852294922e+01,1.774350929260253906e+01,3.000000000000000000e+00
2.216000000000000014e+01,4.682171630859375000e+01,1.251480484008789062e+01,1.767665672302246094e+01,3.000000000000000000e+00
2.217999999999999972e+01,4.715536499023437500e+01,1.256023693084716797e+01,1.760978698730468750e+01,3.000000000000000000e+00
2.219999999999999929e+01,4.748985290527343750e+01,1.260408210754394531e+01,1.754289817810058594e+01,3.000000000000000000e+00
2.221999999999999886e+01,4.782517242431640625e+01,1.264634895324707031e+01,1.747599411010742188e+01,3.000000000000000000e+00
2.224000000000000199e+01,4.816131210327148438e+01,1.268704414367675781e+01,1.740907859802246094e+01,3.000000000000000000e+00
2.226000000000000156e+01,4.849826431274414062e+01,1.272617912292480469e+01,1.734215354919433594e+01,3.000000000000000000e+00
2.228000000000000114e+01,4.883601760864257812e+01,1.276376438140869141e+01,1.727521324157714844e+01,3.000000000000000000e+00
2.230000000000000071e+01,4.917455673217773438e+01,1.279981040954589844e+01,1.720825767517089844e+01,3.000000000000000000e+00
2.232000000000000028e+01,4.951387405395507812e+01,1.283432865142822266e+01,1.714128875732421875e+01,3.000000000000000000e+00
2.233999999999999986e+01,4.985396575927734375e+01,1.286732673645019531e+01,1.707431030273437500e+01,3.000000000000000000e+00
2.235999999999999943e+01,5.019480895996093750e+01,1.289881706237792969e+01,1.700732231140136719e+01,3.000000000000000000e+00
2.237999999999999901e+01,5.053641128540039062e+01,1.292880916595458984e+01,1.694032287597656250e+01,3.000000000000000000e+00
2.240000000000000213e+01,5.087875366210937500e+01,1.295731639862060547e+01,1.687330627441406250e+01,3.000000000000000000e+00
2.242000000000000171e+01,5.122182846069335938e+01,1.298435115814208984e+01,1.680627250671386719e+01,3.000000000000000000e+00
2.244000000000000128e+01,5.156562423706054688e+01,1.300992393493652344e+01,1.673922348022460938e+01,3.000000000000000000e+00
2.246000000000000085e+01,5.191013336181640625e+01,1.303404617309570312e+01,1.667215728759765625e+01,3.000000000000000000e+00
2.248000000000000043e+01,5.225535202026367188e+01,1.305672931671142578e+01,1.660507202148437500e+01,3.000000000000000000e+00
2.250000000000000000e+01,5.260126495361328125e+01,1.307798767089843750e+01,1.653796195983886719e+01,3.000000000000000000e+00
2.251999999999999957e+01,5.294786453247070312e+01,1.309783363342285156e+01,1.647082519531250000e+01,3.000000000000000000e+00
2.253999999999999915e+01,5.329514694213867188e+01,1.311627483367919922e+01,1.640366935729980469e+01,3.000000000000000000e+00
2.255999999999999872e+01,5.364310455322265625e+01,1.313332366943359375e+01,1.633649063110351562e+01,3.000000000000000000e+00
2.258000000000000185e+01,5.399172210693359375e+01,1.314899444580078125e+01,1.626928710937500000e+01,3.000000000000000000e+00
2.260000000000000142e+01,5.434099578857421875e+01,1.316329956054687500e+01,1.620205497741699219e+01,3.000000000000000000e+00
2.262000000000000099e+01,5.469091415405273438e+01,1.317624759674072266e+01,1.613479423522949219e+01,3.000000000000000000e+00
2.264000000000000057e+01,5.504147720336914062e+01,1.318785095214843750e+01,1.606751060485839844e+01,3.000000000000000000e+00
2.266000000000000014e+01,5.539267730712890625e+01,1.319812107086181641e+01,1.600020027160644531e+01,3.000000000000000000e+00
2.267999999999999972e+01,5.574450302124023438e+01,1.320707130432128906e+01,1.593285751342773438e+01,3.000000000000000000e+00
2.269999999999999929e+01,5.609694671630859375e+01,1.321471405029296875e+01,1.586547851562500000e+01,3.000000000000000000e+00
2.271999999999999886e+01,5.645000839233398438e+01,1.322106170654296875e+01,1.579806423187255859e+01,3.000000000000000000e+00
2.274000000000000199e+01,5.680367660522460938e+01,1.322612476348876953e+01,1.573061656951904297e+01,3.000000000000000000e+00
2.276000000000000156e+01,5.715794754028320312e+01,1.322991561889648438e+01,1.566313457489013672e+01,3.000000000000000000e+00
2.278000000000000114e+01,5.751281738281250000e+01,1.323244476318359375e+01,1.559561347961425781e+01,3.000000000000000000e+00
2.280000000000000071e+01,5.786827850341796875e+01,1.323372745513916016e+01,1.552805042266845703e+01,3.000000000000000000e+00
2.282000000000000028e+01,5.822432327270507812e+01,1.323377132415771484e+01,1.546044635772705078e+01,3.000000000000000000e+00
2.283999999999999986e+01,5.858095550537109375e+01,1.323258876800537109e+01,1.539280509948730469e+01,3.000000000000000000e+00
2.285999999999999943e+01,5.893816375732421875e+01,1.323019123077392578e+01,1.532512378692626953e+01,3.000000000000000000e+00
2.287999999999999901e+01,5.929594421386718750e+01,1.322659111022949219e+01,1.525739765167236328e+01,3.000000000000000000e+00
2.290000000000000213e+01,5.965429306030273438e+01,1.322180271148681641e+01,1.518961906433105469e+01,3.000000000000000000e+00
2.292000000000000171e+01,6.001319885253906250e+01,1.321583557128906250e+01,1.512178897857666016e+01,3.000000000000000000e+00
2.294000000000000128e+01,6.037267303466796875e+01,1.320870208740234375e+01,1.505391025543212891e+01,3.000000000000000000e+00
2.296000000000000085e+01,6.073270416259765625e+01,1.320041275024414062e+01,1.498598003387451172e+01,3.000000000000000000e+00
2.298000000000000043e+01,6.109328460693359375e+01,1.319098091125488281e+01,1.491799354553222656e+01,3.000000000000000000e+00
2.300000000000000000e+01,6.145441818237304688e+01,1.318041992187500000e+01,1.484994697570800781e+01,3.000000000000000000e+00
2.301999999999999957e+01,6.181610107421875000e+01,1.316873836517333984e+01,1.478184509277343750e+01,3.000000000000000000e+00
2.303999999999999915e+01,6.217833328247070312e+01,1.315594577789306641e+01,1.471369838714599609e+01,3.000000000000000000e+00
2.305999999999999872e+01,6.254110717773437500e+01,1.314205169677734375e+01,1.464550781250000000e+01,3.000000000000000000e+00
2.308000000000000185e+01,6.290442657470703125e+01,1.312707042694091797e+01,1.457727241516113281e+01,3.000000000000000000e+00
2.310000000000000142e+01,6.326828384399414062e+01,1.311101245880126953e+01,1.450898742675781250e+01,3.000000000000000000e+00
2.312000000000000099e+01,6.363268280029296875e+01,1.309389114379882812e+01,1.444065666198730469e+01,3.000000000000000000e+00
2.314000000000000057e+01,6.399762725830078125e+01,1.307571506500244141e+01,1.437228584289550781e+01,3.000000000000000000e+00
2.316000000000000014e+01,6.436311340332031250e+01,1.305649662017822266e+01,1.430387306213378906e+01,3.000000000000000000e+00
2.317999999999999972e+01,6.472913360595703125e+01,1.303625106811523438e+01,1.423541069030761719e+01,3.000000000000000000e+00
2.319999999999999929e+01,6.509568786621093750e+01,1.301499366760253906e+01,1.416688251495361328e+01,3.000000000000000000e+00
2.321999999999999886e+01,6.546277618408203125e+01,1.299274063110351562e+01,1.409828376770019531e+01,3.000000000000000000e+00
2.324000000000000199e+01,6.583039093017578125e+01,1.296950435638427734e+01,1.402961635589599609e+01,3.000000000000000000e+00
2.326000000000000156e+01,6.619853210449218750e+01,1.294529533386230469e+01,1.396088314056396484e+01,3.000000000000000000e+00
2.328000000000000114e+01,6.656720733642578125e+01,1.292012882232666016e+01,1.389208889007568359e+01,3.000000000000000000e+00
2.330000000000000071e+01,6.693640899658203125e+01,1.289401817321777344e+01,1.382324123382568359e+01,3.000000000000000000e+00
2.332000000000000028e+01,6.730612182617187500e+01,1.286697292327880859e+01,1.375435733795166016e+01,3.000000000000000000e+00
2.333999999999999986e+01,6.767636108398437500e+01,1.283900642395019531e+01,1.368546390533447266e+01,3.000000000000000000e+00
2.335999999999999943e+01,6.804712677001953125e+01,1.281013011932373047e+01,1.361658477783203125e+01,3.000000000000000000e+00
2.337999999999999901e+01,6.841840362548828125e+01,1.278035831451416016e+01,1.354773712158203125e+01,3.000000000000000000e+00
2.340000000000000213e+01,6.879019927978515625e+01,1.274970626831054688e+01,1.347894287109375000e+01,3.000000000000000000e+00
2.342000000000000171e+01,6.916250610351562500e+01,1.271818923950195312e+01,1.341023063659667969e+01,3.000000000000000000e+00
2.344000000000000128e+01,6.953533172607421875e+01,1.268582248687744141e+01,1.334163188934326172e+01,3.000000000000000000e+00
2.346000000000000085e+01,6.990866088867187500e+01,1.265262413024902344e+01,1.327317333221435547e+01,3.000000000000000000e+00
2.348000000000000043e+01,7.028250122070312500e+01,1.261861324310302734e+01,1.320487689971923828e+01,3.000000000000000000e+00
2.350000000000000000e+01,7.065685272216796875e+01,1.258381080627441406e+01,1.313676071166992188e+01,3.000000000000000000e+00
2.351999999999999957e+01,7.103170013427734375e+01,1.254823970794677734e+01,1.306885433197021484e+01,3.000000000000000000e+00
2.353999999999999915e+01,7.140705108642578125e+01,1.251191997528076172e+01,1.300118350982666016e+01,3.000000000000000000e+00
2.355999999999999872e+01,7.178290557861328125e+01,1.247487640380859375e+01,1.293377399444580078e+01,3.000000000000000000e+00
2.358000000000000185e+01,7.215925598144531250e+01,1.243713665008544922e+01,1.286664485931396484e+01,3.000000000000000000e+00
2.360000000000000142e+01,7.253610229492187500e+01,1.239872646331787109e+01,1.279980945587158203e+01,3.000000000000000000e+00
2.362000000000000099e+01,7.291344451904296875e+01,1.235967540740966797e+01,1.273329162597656250e+01,3.000000000000000000e+00
2.364000000000000057e+01,7.329127502441406250e+01,1.232001304626464844e+01,1.266711330413818359e+01,3.000000000000000000e+00
2.366000000000000014e+01,7.366959381103515625e+01,1.227976894378662109e+01,1.260129451751708984e+01,3.000000000000000000e+00
2.367999999999999972e+01,7.404840087890625000e+01,1.223897361755371094e+01,1.253585338592529297e+01,3.000000000000000000e+00
2.369999999999999929e+01,7.442769622802734375e+01,1.219766044616699219e+01,1.247080326080322266e+01,3.000000000000000000e+00
2.371999999999999886e+01,7.480747985839843750e+01,1.215586376190185547e+01,1.240616512298583984e+01,3.000000000000000000e+00
2.374000000000000199e+01,7.518773651123046875e+01,1.211361694335937500e+01,1.234195804595947266e+01,3.000000000000000000e+00
2.376000000000000156e+01,7.556847381591796875e+01,1.207095527648925781e+01,1.227820110321044922e+01,3.000000000000000000e+00
2.378000000000000114e+01,7.594968414306640625e+01,1.202791404724121094e+01,1.221491050720214844e+01,3.000000000000000000e+00
2.380000000000000071e+01,7.633137512207031250e+01,1.198453044891357422e+01,1.215210723876953125e+01,3.000000000000000000e+00
2.382000000000000028e+01,7.671353912353515625e+01,1.194084358215332031e+01,1.208980560302734375e+01,3.000000000000000000e+00
2.383999999999999986e+01,7.709618377685546875e+01,1.189689064025878906e+01,1.202802371978759766e+01,3.000000000000000000e+00
2.385999999999999943e+01,7.747928619384765625e+01,1.185270977020263672e+01,1.196677970886230469e+01,3.000000000000000000e+00
2.387999999999999901e+01,7.786286163330078125e+01,1.180834102630615234e+01,1.190609264373779297e+01,3.000000000000000000e+00
2.390000000000000213e+01,7.824689483642578125e+01,1.176382446289062500e+01,1.184597969055175781e+01,3.000000000000000000e+00
2.392000000000000171e+01,7.863139343261718750e+01,1.171920013427734375e+01,1.178645324707031250e+01,3.000000000000000000e+00
2.394000000000000128e+01,7.901634979248046875e+01,1.167450809478759766e+01,1.172752857208251953e+01,3.000000000000000000e+00
2.396000000000000085e+01,7.940176391601562500e+01,1.162979125976562500e+01,1.166922092437744141e+01,3.000000000000000000e+00
2.398000000000000043e+01,7.978762817382812500e+01,1.158509063720703125e+01,1.161154747009277344e+01,3.000000000000000000e+00
2.400000000000000000e+01,8.017394256591796875e+01,1.154044628143310547e+01,1.155452156066894531e+01,3.000000000000000000e+00
2.401999999999999957e+01,8.056069946289062500e+01,1.149590206146240234e+01,1.149815464019775391e+01,3.000000000000000000e+00
2.403999999999999915e+01,8.094789886474609375e+01,1.145149898529052734e+01,1.144245719909667969e+01,3.000000000000000000e+00
2.406000000000000227e+01,8.133553314208984375e+01,1.140727806091308594e+01,1.138744449615478516e+01,3.000000000000000000e+00
2.408000000000000185e+01,8.172359466552734375e+01,1.136328125000000000e+01,1.133312797546386719e+01,3.000000000000000000e+00
2.410000000000000142e+01,8.211208343505859375e+01,1.131955146789550781e+01,1.127951908111572266e+01,3.000000000000000000e+00
2.412000000000000099e+01,8.250099182128906250e+01,1.127612781524658203e+01,1.122662258148193359e+01,3.000000000000000000e+00
2.414000000000000057e+01,8.289031982421875000e+01,1.123305320739746094e+01,1.117444324493408203e+01,3.000000000000000000e+00
2.416000000000000014e+01,8.328005981445312500e+01,1.119036769866943359e+01,1.112298965454101562e+01,3.000000000000000000e+00
2.417999999999999972e+01,8.367018890380859375e+01,1.114811134338378906e+01,1.107227325439453125e+01,3.000000000000000000e+00
2.419999999999999929e+01,8.406073760986328125e+01,1.110632419586181641e+01,1.102230167388916016e+01,3.000000000000000000e+00
2.421999999999999886e+01,8.445166778564453125e+01,1.106504535675048828e+01,1.097307777404785156e+01,3.000000000000000000e+00
2.424000000000000199e+01,8.484297943115234375e+01,1.102431297302246094e+01,1.092460536956787109e+01,3.000000000000000000e+00
2.426000000000000156e+01,8.523467254638671875e+01,1.098416519165039062e+01,1.087689304351806641e+01,3.000000000000000000e+00
2.428000000000000114e+01,8.562672424316406250e+01,1.094464015960693359e+01,1.082994747161865234e+01,3.000000000000000000e+00
2.430000000000000071e+01,8.601914215087890625e+01,1.090577411651611328e+01,1.078377628326416016e+01,3.000000000000000000e+00
2.432000000000000028e+01,8.641190338134765625e+01,1.086760330200195312e+01,1.073837947845458984e+01,3.000000000000000000e+00
2.433999999999999986e+01,8.680501556396484375e+01,1.083016014099121094e+01,1.069375801086425781e+01,3.000000000000000000e+00
2.435999999999999943e+01,8.719845581054687500e+01,1.079348182678222656e+01,1.064991569519042969e+01,3.000000000000000000e+00
2.437999999999999901e+01,8.759223175048828125e+01,1.075759983062744141e+01,1.060685729980468750e+01,3.000000000000000000e+00
2.440000000000000213e+01,8.798632049560546875e+01,1.072254657745361328e+01,1.056458568572998047e+01,3.000000000000000000e+00
2.442000000000000171e+01,8.838072204589843750e+01,1.068835449218750000e+01,1.052309799194335938e+01,3.000000000000000000e+00
2.444000000000000128e+01,8.877542114257812500e+01,1.065505218505859375e+01,1.048238945007324219e+01,3.000000000000000000e+00
2.446000000000000085e+01,8.917040252685546875e+01,1.062266826629638672e+01,1.044246196746826172e+01,3.000000000000000000e+00
2.448000000000000043e+01,8.956567382812500000e+01,1.059123229980468750e+01,1.040331649780273438e+01,3.000000000000000000e+00
2.450000000000000000e+01,8.996121215820312500e+01,1.056077098846435547e+01,1.036495304107666016e+01,3.000000000000000000e+00
2.451999999999999957e+01,9.035700988769531250e+01,1.053131103515625000e+01,1.032736778259277344e+01,3.000000000000000000e+00
2.453999999999999915e+01,9.075305175781250000e+01,1.050287628173828125e+01,1.029055690765380859e+01,3.000000000000000000e+00
2.456000000000000227e+01,9.114933013916015625e+01,1.047549247741699219e+01,1.025452327728271484e+01,3.000000000000000000e+00
2.458000000000000185e+01,9.154583740234375000e+01,1.044918346405029297e+01,1.021926784515380859e+01,3.000000000000000000e+00
2.460000000000000142e+01,9.194256591796875000e+01,1.042397117614746094e+01,1.018479347229003906e+01,3.000000000000000000e+00
2.462000000000000099e+01,9.233948516845703125e+01,1.039987754821777344e+01,1.015109729766845703e+01,3.000000000000000000e+00
2.464000000000000057e+01,9.273659515380859375e+01,1.037692356109619141e+01,1.011817932128906250e+01,3.000000000000000000e+00
2.466000000000000014e+01,9.313389587402343750e+01,1.035512733459472656e+01,1.008604240417480469e+01,3.000000000000000000e+00
2.467999999999999972e+01,9.353136444091796875e+01,1.033450984954833984e+01,1.005468750000000000e+01,3.000000000000000000e+00
2.469999999999999929e+01,9.392899322509765625e+01,1.031508922576904297e+01,1.002411746978759766e+01,3.000000000000000000e+00
2.471999999999999886e+01,9.432676696777343750e+01,1.029688072204589844e+01,9.994332313537597656e+00,3.000000000000000000e+00
2.474000000000000199e+01,9.472466278076171875e+01,1.027990150451660156e+01,9.965331077575683594e+00,3.000000000000000000e+00
2.476000000000000156e+01,9.512268066406250000e+01,1.026416873931884766e+01,9.937120437622070312e+00,3.000000000000000000e+00
2.478000000000000114e+01,9.552081298828125000e+01,1.024969482421875000e+01,9.909700393676757812e+00,3.000000000000000000e+00
2.480000000000000071e+01,9.591902160644531250e+01,1.023649406433105469e+01,9.883072853088378906e+00,3.000000000000000000e+00
2.482000000000000028e+01,9.631729888916015625e+01,1.022457885742187500e+01,9.857237815856933594e+00,3.000000000000000000e+00
2.483999999999999986e+01,9.671563720703125000e+01,1.021395969390869141e+01,9.832189559936523438e+00,3.000000000000000000e+00
2.485999999999999943e+01,9.711401367187500000e+01,1.020464706420898438e+01,9.807932853698730469e+00,3.000000000000000000e+00
2.487999999999999901e+01,9.751242065429687500e+01,1.019664955139160156e+01,9.784465789794921875e+00,3.000000000000000000e+00
2.490000000000000213e+01,9.791082763671875000e+01,1.018997669219970703e+01,9.761792182922363281e+00,3.000000000000000000e+00
2.492000000000000171e+01,9.830922698974609375e+01,1.018463611602783203e+01,9.739915847778320312e+00,3.000000000000000000e+00
2.494000000000000128e+01,9.870759582519531250e+01,1.018063735961914062e+01,9.718844413757324219e+00,3.000000000000000000e+00
2.496000000000000085e+01,9.910591888427734375e+01,1.017798423767089844e+01,9.698585510253906250e+00,3.000000000000000000e+00
2.498000000000000043e+01,9.950418090820312500e+01,1.017668342590332031e+01,9.679146766662597656e+00,3.000000000000000000e+00
2.500000000000000000e+01,9.990236663818359375e+01,1.017673683166503906e+01,9.660534858703613281e+00,3.000000000000000000e+00
2.501999999999999957e+01,1.003004608154296875e+02,1.017814826965332031e+01,9.642757415771484375e+00,3.000000000000000000e+00
2.503999999999999915e+01,1.006984329223632812e+02,1.018091964721679688e+01,9.625821113586425781e+00,3.000000000000000000e+00
2.506000000000000227e+01,1.010962829589843750e+02,1.018505382537841797e+01,9.609735488891601562e+00,3.000000000000000000e+00
2.508000000000000185e+01,1.014939880371093750e+02,1.019054698944091797e+01,9.594502449035644531e+00,3.000000000000000000e+00
2.510000000000000142e+01,1.018915328979492188e+02,1.019739532470703125e+01,9.580124855041503906e+00,3.000000000000000000e+00
2.512000000000000099e+01,1.022889099121093750e+02,1.020559597015380859e+01,9.566606521606445312e+00,3.000000000000000000e+00
2.514000000000000057e+01,1.026860961914062500e+02,1.021514606475830078e+01,9.553951263427734375e+00,3.000000000000000000e+00
2.516000000000000014e+01,1.030830688476562500e+02,1.022603893280029297e+01,9.542160987854003906e+00,3.000000000000000000e+00
2.517999999999999972e+01,1.034798202514648438e+02,1.023826789855957031e+01,9.531233787536621094e+00,3.000000000000000000e+00
2.519999999999999929e+01,1.038763351440429688e+02,1.025182533264160156e+01,9.521167755126953125e+00,3.000000000000000000e+00
2.521999999999999886e+01,1.042725906372070312e+02,1.026670169830322266e+01,9.511960029602050781e+00,3.000000000000000000e+00
2.524000000000000199e+01,1.046685867309570312e+02,1.028288936614990234e+01,9.503615379333496094e+00,3.000000000000000000e+00
2.526000000000000156e+01,1.050643157958984375e+02,1.030037975311279297e+01,9.496129035949707031e+00,3.000000000000000000e+00
2.528000000000000114e+01,1.054597396850585938e+02,1.031916236877441406e+01,9.489498138427734375e+00,3.000000000000000000e+00
2.530000000000000071e+01,1.058548660278320312e+02,1.033922576904296875e+01,9.483716964721679688e+00,3.000000000000000000e+00
2.532000000000000028e+01,1.062496719360351562e+02,1.036055946350097656e+01,9.478784561157226562e+00,3.000000000000000000e+00
2.533999999999999986e+01,1.066441421508789062e+02,1.038315296173095703e+01,9.474698066711425781e+00,3.000000000000000000e+00
2.535999999999999943e+01,1.070382766723632812e+02,1.040699386596679688e+01,9.471453666687011719e+00,3.000000000000000000e+00
2.537999999999999901e+01,1.074320602416992188e+02,1.043206977844238281e+01,9.469045639038085938e+00,3.000000000000000000e+00
2.540000000000000213e+01,1.078254699707031250e+02,1.045836734771728516e+01,9.467471122741699219e+00,3.000000000000000000e+00
2.542000000000000171e+01,1.082184982299804688e+02,1.048587703704833984e+01,9.466727256774902344e+00,3.000000000000000000e+00
2.544000000000000128e+01,1.086111450195312500e+02,1.051458644866943359e+01,9.466815948486328125e+00,3.000000000000000000e+00
2.546000000000000085e+01,1.090033874511718750e+02,1.054448032379150391e+01,9.467733383178710938e+00,3.000000000000000000e+00
2.548000000000000043e+01,1.093952178955078125e+02,1.057554817199707031e+01,9.469476699829101562e+00,3.000000000000000000e+00
2.550000000000000000e+01,1.097866287231445312e+02,1.060777568817138672e+01,9.472043037414550781e+00,3.000000000000000000e+00
2.551999999999999957e+01,1.101776046752929688e+02,1.064114761352539062e+01,9.475430488586425781e+00,3.000000000000000000e+00
2.553999999999999915e+01,1.105681381225585938e+02,1.067564868927001953e+01,9.479637145996093750e+00,3.000000000000000000e+00
2.556000000000000227e+01,1.109582138061523438e+02,1.071126461029052734e+01,9.484660148620605469e+00,3.000000000000000000e+00
2.558000000000000185e+01,1.113478240966796875e+02,1.074797916412353516e+01,9.490499496459960938e+00,3.000000000000000000e+00
2.560000000000000142e+01,1.117369689941406250e+02,1.078577613830566406e+01,9.497151374816894531e+00,3.000000000000000000e+00
2.562000000000000099e+01,1.121256256103515625e+02,1.082463741302490234e+01,9.504613876342773438e+00,3.000000000000000000e+00
2.564000000000000057e+01,1.125137939453125000e+02,1.086454486846923828e+01,9.512887001037597656e+00,3.000000000000000000e+00
2.566000000000000014e+01,1.129014587402343750e+02,1.090548038482666016e+01,9.521970748901367188e+00,3.000000000000000000e+00
2.567999999999999972e+01,1.132886199951171875e+02,1.094742488861083984e+01,9.531860351562500000e+00,3.000000000000000000e+00
2.569999999999999929e+01,1.136752624511718750e+02,1.099035835266113281e+01,9.542556762695312500e+00,3.000000000000000000e+00
2.571999999999999886e+01,1.140613784790039062e+02,1.103425979614257812e+01,9.554058074951171875e+00,3.000000000000000000e+00
2.574000000000000199e+01,1.144469680786132812e+02,1.107910823822021484e+01,9.566366195678710938e+00,3.000000000000000000e+00
2.576000000000000156e+01,1.148320236206054688e+02,1.112487983703613281e+01,9.579480171203613281e+00,3.000000000000000000e+00
2.578000000000000114e+01,1.152165298461914062e+02,1.117155361175537109e+01,9.593397140502929688e+00,3.000000000000000000e+00
2.580000000000000071e+01,1.156004791259765625e+02,1.121910285949707031e+01,9.608116149902343750e+00,3.000000000000000000e+00
2.582000000000000028e+01,1.159838790893554688e+02,1.126750564575195312e+01,9.623636245727539062e+00,3.000000000000000000e+00
2.583999999999999986e+01,1.163667221069335938e+02,1.131673431396484375e+01,9.639953613281250000e+00,3.000000000000000000e+00
2.585999999999999943e+01,1.167489929199218750e+02,1.136676406860351562e+01,9.657065391540527344e+00,3.000000000000000000e+00
2.587999999999999901e+01,1.171306915283203125e+02,1.141756534576416016e+01,9.674968719482421875e+00,3.000000000000000000e+00
2.590000000000000213e+01,1.175118179321289062e+02,1.146911239624023438e+01,9.693660736083984375e+00,3.000000000000000000e+00
2.592000000000000171e+01,1.178923721313476562e+02,1.152137565612792969e+01,9.713139533996582031e+00,3.000000000000000000e+00
2.594000000000000128e+01,1.182723236083984375e+02,1.157432651519775391e+01,9.733405113220214844e+00,3.000000000000000000e+00
2.596000000000000085e+01,1.186516952514648438e+02,1.162793254852294922e+01,9.754457473754882812e+00,3.000000000000000000e+00
2.598000000000000043e+01,1.190304870605468750e+02,1.168216514587402344e+01,9.776289939880371094e+00,3.000000000000000000e+00
2.600000000000000000e+01,1.194086761474609375e+02,1.173699092864990234e+01,9.798898696899414062e+00,3.000000000000000000e+00
2.601999999999999957e+01,1.197862777709960938e+02,1.179237937927246094e+01,9.822285652160644531e+00,3.000000000000000000e+00
2.603999999999999915e+01,1.201632843017578125e+02,1.184829521179199219e+01,9.846451759338378906e+00,3.000000000000000000e+00
2.606000000000000227e+01,1.205396957397460938e+02,1.190470504760742188e+01,9.871394157409667969e+00,3.000000000000000000e+00
2.608000000000000185e+01,1.209155197143554688e+02,1.196157455444335938e+01,9.897106170654296875e+00,3.000000000000000000e+00
2.610000000000000142e+01,1.212907333374023438e+02,1.201886940002441406e+01,9.923580169677734375e+00,3.000000000000000000e+00
2.612000000000000099e+01,1.216653594970703125e+02,1.207655334472656250e+01,9.950812339782714844e+00,3.000000000000000000e+00
2.614000000000000057e+01,1.220393905639648438e+02,1.213458728790283203e+01,9.978800773620605469e+00,3.000000000000000000e+00
2.616000000000000014e+01,1.224128265380859375e+02,1.219293594360351562e+01,1.000754070281982422e+01,3.000000000000000000e+00
2.617999999999999972e+01,1.227856750488281250e+02,1.225156211853027344e+01,1.003702735900878906e+01,3.000000000000000000e+00
2.619999999999999929e+01,1.231579208374023438e+02,1.231042671203613281e+01,1.006725406646728516e+01,3.000000000000000000e+00
2.621999999999999886e+01,1.235295791625976562e+02,1.236948966979980469e+01,1.009821796417236328e+01,3.000000000000000000e+00
2.624000000000000199e+01,1.239006347656250000e+02,1.242871189117431641e+01,1.012991619110107422e+01,3.000000000000000000e+00
2.626000000000000156e+01,1.242710952758789062e+02,1.248805141448974609e+01,1.016234493255615234e+01,3.000000000000000000e+00
2.628000000000000114e+01,1.246409606933593750e+02,1.254746913909912109e+01,1.019549560546875000e+01,3.000000000000000000e+00
2.630000000000000071e+01,1.250102233886718750e+02,1.260692310333251953e+01,1.022936058044433594e+01,3.000000000000000000e+00
2.632000000000000028e+01,1.253788833618164062e+02,1.266637229919433594e+01,1.026393222808837891e+01,3.000000000000000000e+00
2.633999999999999986e+01,1.257469482421875000e+02,1.272577571868896484e+01,1.029920673370361328e+01,3.000000000000000000e+00
2.635999999999999943e+01,1.261144180297851562e+02,1.278508949279785156e+01,1.033517456054687500e+01,3.000000000000000000e+00
2.637999999999999901e+01,1.264812774658203125e+02,1.284427165985107422e+01,1.037183189392089844e+01,3.000000000000000000e+00
2.640000000000000213e+01,1.268475341796875000e+02,1.290327930450439453e+01,1.040916633605957031e+01,3.000000000000000000e+00
2.642000000000000171e+01,1.272131958007812500e+02,1.296207141876220703e+01,1.044717025756835938e+01,3.000000000000000000e+00
2.644000000000000128e+01,1.275782623291015625e+02,1.302060413360595703e+01,1.048583889007568359e+01,3.000000000000000000e+00
2.646000000000000085e+01,1.279427185058593750e+02,1.307883548736572266e+01,1.052516174316406250e+01,3.000000000000000000e+00
2.648000000000000043e+01,1.283065795898437500e+02,1.313672256469726562e+01,1.056512832641601562e+01,3.000000000000000000e+00
2.650000000000000000e+01,1.286698455810546875e+02,1.319422245025634766e+01,1.060572528839111328e+01,3.000000000000000000e+00
2.651999999999999957e+01,1.290325164794921875e+02,1.325129222869873047e+01,1.064694309234619141e+01,3.000000000000000000e+00
2.653999999999999915e+01,1.293945922851562500e+02,1.330788993835449219e+01,1.068877220153808594e+01,3.000000000000000000e+00
2.656000000000000227e+01,1.297560729980468750e+02,1.336397266387939453e+01,1.073120594024658203e+01,3.000000000000000000e+00
2.658000000000000185e+01,1.301169586181640625e+02,1.341949939727783203e+01,1.077422714233398438e+01,3.000000000000000000e+00
2.660000000000000142e+01,1.304772338867187500e+02,1.347442722320556641e+01,1.081782436370849609e+01,3.000000000000000000e+00
2.662000000000000099e+01,1.308369293212890625e+02,1.352871417999267578e+01,1.086198806762695312e+01,4.000000000000000000e+00
2.664000000000000057e+01,1.311955413818359375e+02,1.358199405670166016e+01,1.090857791900634766e+01,4.000000000000000000e+00
2.666000000000000014e+01,1.315528106689453125e+02,1.363402271270751953e+01,1.095867156982421875e+01,4.000000000000000000e+00
2.667999999999999972e+01,1.319088134765625000e+02,1.368482589721679688e+01,1.101182174682617188e+01,4.000000000000000000e+00
2.669999999999999929e+01,1.322636871337890625e+02,1.373446273803710938e+01,1.106744670867919922e+01,4.000000000000000000e+00
2.671999999999999886e+01,1.326174926757812500e+02,1.378297138214111328e+01,1.112510776519775391e+01,4.000000000000000000e+00
2.674000000000000199e+01,1.329702301025390625e+02,1.383036804199218750e+01,1.118452739715576172e+01,4.000000000000000000e+00
2.676000000000000156e+01,1.333218994140625000e+02,1.387664222717285156e+01,1.124557304382324219e+01,4.000000000000000000e+00
2.678000000000000114e+01,1.336724548339843750e+02,1.392176628112792969e+01,1.130821323394775391e+01,4.000000000000000000e+00
2.680000000000000071e+01,1.340217895507812500e+02,1.396569633483886719e+01,1.137248516082763672e+01,4.000000000000000000e+00
2.682000000000000028e+01,1.343698272705078125e+02,1.400838279724121094e+01,1.143846035003662109e+01,4.000000000000000000e+00
2.683999999999999986e+01,1.347164764404296875e+02,1.404977321624755859e+01,1.150622653961181641e+01,4.000000000000000000e+00
2.685999999999999943e+01,1.350616302490234375e+02,1.408981418609619141e+01,1.157586765289306641e+01,4.000000000000000000e+00
2.687999999999999901e+01,1.354052124023437500e+02,1.412845993041992188e+01,1.164744567871093750e+01,4.000000000000000000e+00
2.690000000000000213e+01,1.357471008300781250e+02,1.416567039489746094e+01,1.172100162506103516e+01,4.000000000000000000e+00
2.692000000000000171e+01,1.360872497558593750e+02,1.420141696929931641e+01,1.179654407501220703e+01,4.000000000000000000e+00
2.694000000000000128e+01,1.364255676269531250e+02,1.423567676544189453e+01,1.187405204772949219e+01,4.000000000000000000e+00
2.696000000000000085e+01,1.367620239257812500e+02,1.426843643188476562e+01,1.195347404479980469e+01,4.000000000000000000e+00
2.698000000000000043e+01,1.370965576171875000e+02,1.429969215393066406e+01,1.203473663330078125e+01,4.000000000000000000e+00
2.700000000000000000e+01,1.374291229248046875e+02,1.432944679260253906e+01,1.211774635314941406e+01,4.000000000000000000e+00
2.701999999999999957e+01,1.377597351074218750e+02,1.435771083831787109e+01,1.220239067077636719e+01,4.000000000000000000e+00
2.703999999999999915e+01,1.380883789062500000e+02,1.438450241088867188e+01,1.228853702545166016e+01,4.000000000000000000e+00
2.706000000000000227e+01,1.384150695800781250e+02,1.440984535217285156e+01,1.237604045867919922e+01,4.000000000000000000e+00
2.708000000000000185e+01,1.387397918701171875e+02,1.443376922607421875e+01,1.246474742889404297e+01,4.000000000000000000e+00
2.710000000000000142e+01,1.390625915527343750e+02,1.445630931854248047e+01,1.255449581146240234e+01,4.000000000000000000e+00
2.712000000000000099e+01,1.393835296630859375e+02,1.447750282287597656e+01,1.264512157440185547e+01,4.000000000000000000e+00
2.714000000000000057e+01,1.397026214599609375e+02,1.449738979339599609e+01,1.273646259307861328e+01,4.000000000000000000e+00
2.716000000000000014e+01,1.400198974609375000e+02,1.451600933074951172e+01,1.282835960388183594e+01,4.000000000000000000e+00
2.717999999999999972e+01,1.403354187011718750e+02,1.453340148925781250e+01,1.292066383361816406e+01,4.000000000000000000e+00
2.719999999999999929e+01,1.406492156982421875e+02,1.454960536956787109e+01,1.301323413848876953e+01,4.000000000000000000e+00
2.721999999999999886e+01,1.409613342285156250e+02,1.456465816497802734e+01,1.310593414306640625e+01,4.000000000000000000e+00
2.724000000000000199e+01,1.412718200683593750e+02,1.457859706878662109e+01,1.319863891601562500e+01,4.000000000000000000e+00
2.726000000000000156e+01,1.415807037353515625e+02,1.459145450592041016e+01,1.329123973846435547e+01,4.000000000000000000e+00
2.728000000000000114e+01,1.418880157470703125e+02,1.460326290130615234e+01,1.338363647460937500e+01,4.000000000000000000e+00
2.730000000000000071e+01,1.421938018798828125e+02,1.461404991149902344e+01,1.347573852539062500e+01,4.000000000000000000e+00
2.732000000000000028e+01,1.424981079101562500e+02,1.462384319305419922e+01,1.356746482849121094e+01,4.000000000000000000e+00
2.733999999999999986e+01,1.428009338378906250e+02,1.463266658782958984e+01,1.365874290466308594e+01,4.000000000000000000e+00
2.735999999999999943e+01,1.431023254394531250e+02,1.464054107666015625e+01,1.374951171875000000e+01,4.000000000000000000e+00
2.737999999999999901e+01,1.434022827148437500e+02,1.464748764038085938e+01,1.383972072601318359e+01,4.000000000000000000e+00
2.740000000000000213e+01,1.437008514404296875e+02,1.465352439880371094e+01,1.392932319641113281e+01,4.000000000000000000e+00
2.742000000000000171e+01,1.439980316162109375e+02,1.465866661071777344e+01,1.401828098297119141e+01,4.000000000000000000e+00
2.744000000000000128e+01,1.442938385009765625e+02,1.466293048858642578e+01,1.410655689239501953e+01,4.000000000000000000e+00
2.746000000000000085e+01,1.445883178710937500e+02,1.466633033752441406e+01,1.419412326812744141e+01,4.000000000000000000e+00
2.748000000000000043e+01,1.448814544677734375e+02,1.466887760162353516e+01,1.428095912933349609e+01,4.000000000000000000e+00
2.750000000000000000e+01,1.451732635498046875e+02,1.467058467864990234e+01,1.436704254150390625e+01,4.000000000000000000e+00
2.751999999999999957e+01,1.454637298583984375e+02,1.467146110534667969e+01,1.445235633850097656e+01,4.000000000000000000e+00
2.753999999999999915e+01,1.457528991699218750e+02,1.467151832580566406e+01,1.453688430786132812e+01,4.000000000000000000e+00
2.756000000000000227e+01,1.460407714843750000e+02,1.467076587677001953e+01,1.462061405181884766e+01,4.000000000000000000e+00
2.758000000000000185e+01,1.463273468017578125e+02,1.466921329498291016e+01,1.470353507995605469e+01,4.000000000000000000e+00
2.760000000000000142e+01,1.466126403808593750e+02,1.466687202453613281e+01,1.478563785552978516e+01,4.000000000000000000e+00
2.762000000000000099e+01,1.468966522216796875e+02,1.466374683380126953e+01,1.486691284179687500e+01,4.000000000000000000e+00
2.764000000000000057e+01,1.471794128417968750e+02,1.465984916687011719e+01,1.494734954833984375e+01,4.000000000000000000e+00
2.766000000000000014e+01,1.474609069824218750e+02,1.465518665313720703e+01,1.502694416046142578e+01,4.000000000000000000e+00
2.767999999999999972e+01,1.477411651611328125e+02,1.464976882934570312e+01,1.510568809509277344e+01,4.000000000000000000e+00
2.769999999999999929e+01,1.480201721191406250e+02,1.464360332489013672e+01,1.518357849121093750e+01,4.000000000000000000e+00
2.771999999999999886e+01,1.482979431152343750e+02,1.463669872283935547e+01,1.526060581207275391e+01,4.000000000000000000e+00
2.774000000000000199e+01,1.485744934082031250e+02,1.462906265258789062e+01,1.533676528930664062e+01,4.000000000000000000e+00
2.776000000000000156e+01,1.488498229980468750e+02,1.462070369720458984e+01,1.541205310821533203e+01,4.000000000000000000e+00
2.778000000000000114e+01,1.491239471435546875e+02,1.461162853240966797e+01,1.548646640777587891e+01,4.000000000000000000e+00
2.780000000000000071e+01,1.493968505859375000e+02,1.460184478759765625e+01,1.556000041961669922e+01,4.000000000000000000e+00
2.782000000000000028e+01,1.496685791015625000e+02,1.459136104583740234e+01,1.563265132904052734e+01,4.000000000000000000e+00
2.783999999999999986e+01,1.499391174316406250e+02,1.458018398284912109e+01,1.570441627502441406e+01,4.000000000000000000e+00
2.785999999999999943e+01,1.502084960937500000e+02,1.456832218170166016e+01,1.577529144287109375e+01,4.000000000000000000e+00
2.787999999999999901e+01,1.504766693115234375e+02,1.455578327178955078e+01,1.584527587890625000e+01,4.000000000000000000e+00
2.790000000000000213e+01,1.507436981201171875e+02,1.454257488250732422e+01,1.591436862945556641e+01,4.000000000000000000e+00
2.792000000000000171e+01,1.510095825195312500e+02,1.452870178222656250e+01,1.598256683349609375e+01,4.000000000000000000e+00
2.794000000000000128e+01,1.512743225097656250e+02,1.451417255401611328e+01,1.604986572265625000e+01,4.000000000000000000e+00
2.796000000000000085e+01,1.515379180908203125e+02,1.449899482727050781e+01,1.611627006530761719e+01,4.000000000000000000e+00
2.798000000000000043e+01,1.518003692626953125e+02,1.448317432403564453e+01,1.618177795410156250e+01,4.000000000000000000e+00
2.800000000000000000e+01,1.520617523193359375e+02,1.446671772003173828e+01,1.624639129638671875e+01,4.000000000000000000e+00
2.801999999999999957e+01,1.523219909667968750e+02,1.444963073730468750e+01,1.631010818481445312e+01,4.000000000000000000e+00
2.803999999999999915e+01,1.525811462402343750e+02,1.443192100524902344e+01,1.637293052673339844e+01,4.000000000000000000e+00
2.806000000000000227e+01,1.528391876220703125e+02,1.441359710693359375e+01,1.643485832214355469e+01,4.000000000000000000e+00
2.808000000000000185e+01,1.530961456298828125e+02,1.439466285705566406e+01,1.649589729309082031e+01,4.000000000000000000e+00
2.810000000000000142e+01,1.533520355224609375e+02,1.437512493133544922e+01,1.655604743957519531e+01,4.000000000000000000e+00
2.812000000000000099e+01,1.536068420410156250e+02,1.435498905181884766e+01,1.661531448364257812e+01,4.000000000000000000e+00
2.814000000000000057e+01,1.538605957031250000e+02,1.433426284790039062e+01,1.667370033264160156e+01,4.000000000000000000e+00
2.816000000000000014e+01,1.541132965087890625e+02,1.431295108795166016e+01,1.673121070861816406e+01,4.000000000000000000e+00
2.817999999999999972e+01,1.543649444580078125e+02,1.429105949401855469e+01,1.678784751892089844e+01,4.000000000000000000e+00
2.819999999999999929e+01,1.546155548095703125e+02,1.426859569549560547e+01,1.684361839294433594e+01,4.000000000000000000e+00
2.821999999999999886e+01,1.548651428222656250e+02,1.424556446075439453e+01,1.689852523803710938e+01,4.000000000000000000e+00
2.824000000000000199e+01,1.551137084960937500e+02,1.422197341918945312e+01,1.695256996154785156e+01,4.000000000000000000e+00
2.826000000000000156e+01,1.553612518310546875e+02,1.419782733917236328e+01,1.700576210021972656e+01,4.000000000000000000e+00
2.828000000000000114e+01,1.556077880859375000e+02,1.417313480377197266e+01,1.705810165405273438e+01,4.000000000000000000e+00
2.830000000000000071e+01,1.558533325195312500e+02,1.414790153503417969e+01,1.710959625244140625e+01,4.000000000000000000e+00
2.832000000000000028e+01,1.560978851318359375e+02,1.412213420867919922e+01,1.716024780273437500e+01,4.000000000000000000e+00
2.833999999999999986e+01,1.563414764404296875e+02,1.409583854675292969e+01,1.721006011962890625e+01,4.000000000000000000e+00
2.835999999999999943e+01,1.565840759277343750e+02,1.406902313232421875e+01,1.725903892517089844e+01,4.000000000000000000e+00
2.837999999999999901e+01,1.568257141113281250e+02,1.404169273376464844e+01,1.730718994140625000e+01,4.000000000000000000e+00
2.840000000000000213e+01,1.570664062500000000e+02,1.401385498046875000e+01,1.735451889038085938e+01,4.000000000000000000e+00
2.842000000000000171e+01,1.573061523437500000e+02,1.398551750183105469e+01,1.740102958679199219e+01,4.000000000000000000e+00
2.844000000000000128e+01,1.575449676513671875e+02,1.395668697357177734e+01,1.744672966003417969e+01,4.000000000000000000e+00
2.846000000000000085e+01,1.577828674316406250e+02,1.392737007141113281e+01,1.749161911010742188e+01,4.000000000000000000e+00
2.848000000000000043e+01,1.580198516845703125e+02,1.389757347106933594e+01,1.753570747375488281e+01,4.000000000000000000e+00
2.850000000000000000e+01,1.582559356689453125e+02,1.386730575561523438e+01,1.757900047302246094e+01,4.000000000000000000e+00
2.851999999999999957e+01,1.584911041259765625e+02,1.383657455444335938e+01,1.762150382995605469e+01,4.000000000000000000e+00
2.853999999999999915e+01,1.587254028320312500e+02,1.380538463592529297e+01,1.766322326660156250e+01,4.000000000000000000e+00
2.856000000000000227e+01,1.589588165283203125e+02,1.377374649047851562e+01,1.770416831970214844e+01,4.000000000000000000e+00
2.858000000000000185e+01,1.591913604736328125e+02,1.374166679382324219e+01,1.774434280395507812e+01,4.000000000000000000e+00
2.860000000000000142e+01,1.594230346679687500e+02,1.370915126800537109e+01,1.778375244140625000e+01,4.000000000000000000e+00
2.862000000000000099e+01,1.596538696289062500e+02,1.367621040344238281e+01,1.782240486145019531e+01,4.000000000000000000e+00
2.864000000000000057e+01,1.598838653564453125e+02,1.364285087585449219e+01,1.786030769348144531e+01,4.000000000000000000e+00
2.866000000000000014e+01,1.601130218505859375e+02,1.360908126831054688e+01,1.789747047424316406e+01,4.000000000000000000e+00
2.867999999999999972e+01,1.603413696289062500e+02,1.357490825653076172e+01,1.793389511108398438e+01,4.000000000000000000e+00
2.869999999999999929e+01,1.605688781738281250e+02,1.354034137725830078e+01,1.796959304809570312e+01,4.000000000000000000e+00
2.871999999999999886e+01,1.607956085205078125e+02,1.350538921356201172e+01,1.800457000732421875e+01,4.000000000000000000e+00
2.874000000000000199e+01,1.610215148925781250e+02,1.347005748748779297e+01,1.803883552551269531e+01,4.000000000000000000e+00
2.876000000000000156e+01,1.612466583251953125e+02,1.343435668945312500e+01,1.807239151000976562e+01,4.000000000000000000e+00
2.878000000000000114e+01,1.614710388183593750e+02,1.339829349517822266e+01,1.810525131225585938e+01,4.000000000000000000e+00
2.880000000000000071e+01,1.616946563720703125e+02,1.336187839508056641e+01,1.813742065429687500e+01,4.000000000000000000e+00
2.882000000000000028e+01,1.619175109863281250e+02,1.332511997222900391e+01,1.816890716552734375e+01,4.000000000000000000e+00
2.883999999999999986e+01,1.621396026611328125e+02,1.328802680969238281e+01,1.819972038269042969e+01,4.000000000000000000e+00
2.885999999999999943e+01,1.623609619140625000e+02,1.325060749053955078e+01,1.822986602783203125e+01,4.000000000000000000e+00
2.887999999999999901e+01,1.625816040039062500e+02,1.321287059783935547e+01,1.825935173034667969e+01,4.000000000000000000e+00
2.890000000000000213e+01,1.628015289306640625e+02,1.317482566833496094e+01,1.828818702697753906e+01,4.000000000000000000e+00
2.892000000000000171e+01,1.630207366943359375e+02,1.313648223876953125e+01,1.831637763977050781e+01,4.000000000000000000e+00
2.894000000000000128e+01,1.632392425537109375e+02,1.309784889221191406e+01,1.834393310546875000e+01,4.000000000000000000e+00
2.896000000000000085e+01,1.634570770263671875e+02,1.305893707275390625e+01,1.837085723876953125e+01,4.000000000000000000e+00
2.898000000000000043e+01,1.636742248535156250e+02,1.301975536346435547e+01,1.839715957641601562e+01,4.000000000000000000e+00
2.900000000000000000e+01,1.638907012939453125e+02,1.298031234741210938e+01,1.842285156250000000e+01,4.000000000000000000e+00
2.901999999999999957e+01,1.641065063476562500e+02,1.294061851501464844e+01,1.844793891906738281e+01,4.000000000000000000e+00
2.903999999999999915e+01,1.643216857910156250e+02,1.290068340301513672e+01,1.847242927551269531e+01,4.000000000000000000e+00
2.906000000000000227e+01,1.645362243652343750e+02,1.286051845550537109e+01,1.849633026123046875e+01,4.000000000000000000e+00
2.908000000000000185e+01,1.647501220703125000e+02,1.282013130187988281e+01,1.851964759826660156e+01,4.000000000000000000e+00
2.910000000000000142e+01,1.649634094238281250e+02,1.277953529357910156e+01,1.854239273071289062e+01,4.000000000000000000e+00
2.912000000000000099e+01,1.651760864257812500e+02,1.273873805999755859e+01,1.856457138061523438e+01,4.000000000000000000e+00
2.914000000000000057e+01,1.653881683349609375e+02,1.269775104522705078e+01,1.858618927001953125e+01,4.000000000000000000e+00
2.916000000000000014e+01,1.655996398925781250e+02,1.265658378601074219e+01,1.860725402832031250e+01,4.000000000000000000e+00
2.917999999999999972e+01,1.658105316162109375e+02,1.261524772644042969e+01,1.862777519226074219e+01,4.000000000000000000e+00
2.919999999999999929e+01,1.660208587646484375e+02,1.257375335693359375e+01,1.864775848388671875e+01,4.000000000000000000e+00
2.921999999999999886e+01,1.662306213378906250e+02,1.253211116790771484e+01,1.866721343994140625e+01,4.000000000000000000e+00
2.924000000000000199e+01,1.664398345947265625e+02,1.249033164978027344e+01,1.868614387512207031e+01,4.000000000000000000e+00
2.926000000000000156e+01,1.666485137939453125e+02,1.244842720031738281e+01,1.870455741882324219e+01,4.000000000000000000e+00
2.928000000000000114e+01,1.668566741943359375e+02,1.240640735626220703e+01,1.872246170043945312e+01,4.000000000000000000e+00
2.930000000000000071e+01,1.670643005371093750e+02,1.236428356170654297e+01,1.873986434936523438e+01,4.000000000000000000e+00
2.932000000000000028e+01,1.672714080810546875e+02,1.232206630706787109e+01,1.875676918029785156e+01,4.000000000000000000e+00
2.933999999999999986e+01,1.674780273437500000e+02,1.227976799011230469e+01,1.877318572998046875e+01,4.000000000000000000e+00
2.935999999999999943e+01,1.676841430664062500e+02,1.223739910125732422e+01,1.878912162780761719e+01,4.000000000000000000e+00
2.937999999999999901e+01,1.678897857666015625e+02,1.219497203826904297e+01,1.880458068847656250e+01,4.000000000000000000e+00
2.940000000000000213e+01,1.680949707031250000e+02,1.215249729156494141e+01,1.881956672668457031e+01,4.000000000000000000e+00
2.942000000000000171e+01,1.682996826171875000e+02,1.210998725891113281e+01,1.883408927917480469e+01,4.000000000000000000e+00
2.944000000000000128e+01,1.685039520263671875e+02,1.206745243072509766e+01,1.884815406799316406e+01,4.000000000000000000e+00
2.946000000000000085e+01,1.687077789306640625e+02,1.202490520477294922e+01,1.886176490783691406e+01,4.000000000000000000e+00
2.948000000000000043e+01,1.689111785888671875e+02,1.198235702514648438e+01,1.887493133544921875e+01,4.000000000000000000e+00
2.950000000000000000e+01,1.691141510009765625e+02,1.193981933593750000e+01,1.888765716552734375e+01,4.000000000000000000e+00
2.951999999999999957e+01,1.693167114257812500e+02,1.189730453491210938e+01,1.889995002746582031e+01,4.000000000000000000e+00
2.953999999999999915e+01,1.695188903808593750e+02,1.185482311248779297e+01,1.891181373596191406e+01,4.000000000000000000e+00
2.956000000000000227e+01,1.697206878662109375e+02,1.181238746643066406e+01,1.892324829101562500e+01,4.000000000000000000e+00
2.958000000000000185e+01,1.699221038818359375e+02,1.177000999450683594e+01,1.893426513671875000e+01,4.000000000000000000e+00
2.960000000000000142e+01,1.701231384277343750e+02,1.172770214080810547e+01,1.894486808776855469e+01,4.000000000000000000e+00
2.962000000000000099e+01,1.703237915039062500e+02,1.168547630310058594e+01,1.895506095886230469e+01,4.000000000000000000e+00
2.964000000000000057e+01,1.705240936279296875e+02,1.164334487915039062e+01,1.896485137939453125e+01,4.000000000000000000e+00
2.966000000000000014e+01,1.707240600585937500e+02,1.160131931304931641e+01,1.897424125671386719e+01,4.000000000000000000e+00
2.967999999999999972e+01,1.709236907958984375e+02,1.155941200256347656e+01,1.898323822021484375e+01,4.000000000000000000e+00
2.969999999999999929e+01,1.711230010986328125e+02,1.151763725280761719e+01,1.899184799194335938e+01,4.000000000000000000e+00
2.971999999999999886e+01,1.713219909667968750e+02,1.147600460052490234e+01,1.900006866455078125e+01,4.000000000000000000e+00
2.974000000000000199e+01,1.715206909179687500e+02,1.143452644348144531e+01,1.900791168212890625e+01,4.000000000000000000e+00
2.976000000000000156e+01,1.717190856933593750e+02,1.139321517944335938e+01,1.901537895202636719e+01,4.000000000000000000e+00
2.978000000000000114e+01,1.719171905517578125e+02,1.135208415985107422e+01,1.902247619628906250e+01,4.000000000000000000e+00
2.980000000000000071e+01,1.721150360107421875e+02,1.131114482879638672e+01,1.902920532226562500e+01,4.000000000000000000e+00
2.982000000000000028e+01,1.723126068115234375e+02,1.127040958404541016e+01,1.903557205200195312e+01,4.000000000000000000e+00
2.983999999999999986e+01,1.725099334716796875e+02,1.122988986968994141e+01,1.904158210754394531e+01,4.000000000000000000e+00
2.985999999999999943e+01,1.727070007324218750e+02,1.118959903717041016e+01,1.904723548889160156e+01,4.000000000000000000e+00
2.987999999999999901e+01,1.729038238525390625e+02,1.114954948425292969e+01,1.905253791809082031e+01,4.000000000000000000e+00
2.990000000000000213e+01,1.731004180908203125e+02,1.110975265502929688e+01,1.905749320983886719e+01,4.000000000000000000e+00
2.992000000000000171e+01,1.732967834472656250e+02,1.107022190093994141e+01,1.906210517883300781e+01,4.000000000000000000e+00
2.994000000000000128e+01,1.734929504394531250e+02,1.103096866607666016e+01,1.906637763977050781e+01,4.000000000000000000e+00
2.996000000000000085e+01,1.736888885498046875e+02,1.099200630187988281e+01,1.907031631469726562e+01,4.000000000000000000e+00
2.998000000000000043e+01,1.738846435546875000e+02,1.095334720611572266e+01,1.907392120361328125e+01,4.000000000000000000e+00
3.000000000000000000e+01,1.740802001953125000e+02,1.091500377655029297e+01,1.907719421386718750e+01,4.000000000000000000e+00
3.001999999999999957e+01,1.742755889892578125e+02,1.087698650360107422e+01,1.908014297485351562e+01,4.000000000000000000e+00
3.003999999999999915e+01,1.744708099365234375e+02,1.083931064605712891e+01,1.908276939392089844e+01,4.000000000000000000e+00
3.006000000000000227e+01,1.746658630371093750e+02,1.080198764801025391e+01,1.908507728576660156e+01,4.000000000000000000e+00
3.008000000000000185e+01,1.748607635498046875e+02,1.076502799987792969e+01,1.908706855773925781e+01,4.000000000000000000e+00
3.010000000000000142e+01,1.750555114746093750e+02,1.072844505310058594e+01,1.908874893188476562e+01,4.000000000000000000e+00
3.012000000000000099e+01,1.752501373291015625e+02,1.069225215911865234e+01,1.909012031555175781e+01,4.000000000000000000e+00
3.014000000000000057e+01,1.754446105957031250e+02,1.065646076202392578e+01,1.909118461608886719e+01,4.000000000000000000e+00
3.016000000000000014e+01,1.756389770507812500e+02,1.062108325958251953e+01,1.909194755554199219e+01,4.000000000000000000e+00
3.017999999999999972e+01,1.758332214355468750e+02,1.058613204956054688e+01,1.909240913391113281e+01,4.000000000000000000e+00
3.019999999999999929e+01,1.760273590087890625e+02,1.055162048339843750e+01,1.909257507324218750e+01,4.000000000000000000e+00
3.021999999999999886e+01,1.762213897705078125e+02,1.051756000518798828e+01,1.909244728088378906e+01,4.000000000000000000e+00
3.024000000000000199e+01,1.764153137207031250e+02,1.048396110534667969e+01,1.909202766418457031e+01,4.000000000000000000e+00
3.026000000000000156e+01,1.766091613769531250e+02,1.045083713531494141e+01,1.909132194519042969e+01,4.000000000000000000e+00
3.028000000000000114e+01,1.768029174804687500e+02,1.041820049285888672e+01,1.909033012390136719e+01,4.000000000000000000e+00
3.030000000000000071e+01,1.769965972900390625e+02,1.038606262207031250e+01,1.908905220031738281e+01,4.000000000000000000e+00
3.032000000000000028e+01,1.771902160644531250e+02,1.035443592071533203e+01,1.908749771118164062e+01,4.000000000000000000e+00
3.033999999999999986e+01,1.773837738037109375e+02,1.032333278656005859e+01,1.908566284179687500e+01,4.000000000000000000e+00
3.035999999999999943e+01,1.775772552490234375e+02,1.029276466369628906e+01,1.908355331420898438e+01,4.000000000000000000e+00
3.037999999999999901e+01,1.777707061767578125e+02,1.026274394989013672e+01,1.908117103576660156e+01,4.000000000000000000e+00
3.040000000000000213e+01,1.779641113281250000e+02,1.023328208923339844e+01,1.907851982116699219e+01,4.000000000000000000e+00
3.042000000000000171e+01,1.781574554443359375e+02,1.020439147949218750e+01,1.907559967041015625e+01,4.000000000000000000e+00
3.044000000000000128e+01,1.783507843017578125e+02,1.017608356475830078e+01,1.907241439819335938e+01,4.000000000000000000e+00
3.046000000000000085e+01,1.785440826416015625e+02,1.014837074279785156e+01,1.906896400451660156e+01,4.000000000000000000e+00
3.048000000000000043e+01,1.787373352050781250e+02,1.012126445770263672e+01,1.906525611877441406e+01,4.000000000000000000e+00
3.050000000000000000e+01,1.789305877685546875e+02,1.009477615356445312e+01,1.906129074096679688e+01,4.000000000000000000e+00
3.051999999999999957e+01,1.791238403320312500e+02,1.006891632080078125e+01,1.905706977844238281e+01,4.000000000000000000e+00
3.053999999999999915e+01,1.793170928955078125e+02,1.004369640350341797e+01,1.905259513854980469e+01,4.000000000000000000e+00
3.056000000000000227e+01,1.795103454589843750e+02,1.001912879943847656e+01,1.904787063598632812e+01,4.000000000000000000e+00
3.058000000000000185e+01,1.797035980224609375e+02,9.995224952697753906e+00,1.904289627075195312e+01,4.000000000000000000e+00
3.060000000000000142e+01,1.798968505859375000e+02,9.971994400024414062e+00,1.903767967224121094e+01,4.000000000000000000e+00
3.062000000000000099e+01,1.800901031494140625e+02,9.949449539184570312e+00,1.903221511840820312e+01,4.000000000000000000e+00
3.064000000000000057e+01,1.802833557128906250e+02,9.927601814270019531e+00,1.902651214599609375e+01,4.000000000000000000e+00
3.066000000000000014e+01,1.804766082763671875e+02,9.906462669372558594e+00,1.902057075500488281e+01,4.000000000000000000e+00
3.067999999999999972e+01,1.806698608398437500e+02,9.886041641235351562e+00,1.901439094543457031e+01,4.000000000000000000e+00
3.069999999999999929e+01,1.808631439208984375e+02,9.866349220275878906e+00,1.900798034667968750e+01,4.000000000000000000e+00
3.071999999999999886e+01,1.810564727783203125e+02,9.847397804260253906e+00,1.900133895874023438e+01,4.000000000000000000e+00
3.074000000000000199e+01,1.812498016357421875e+02,9.829197883605957031e+00,1.899446868896484375e+01,4.000000000000000000e+00
3.076000000000000156e+01,1.814431304931640625e+02,9.811759948730468750e+00,1.898736953735351562e+01,4.000000000000000000e+00
3.078000000000000114e+01,1.816365356445312500e+02,9.795093536376953125e+00,1.898004913330078125e+01,4.000000000000000000e+00
3.080000000000000071e+01,1.818299407958984375e+02,9.779210090637207031e+00,1.897250556945800781e+01,4.000000000000000000e+00
3.082000000000000028e+01,1.820233764648437500e+02,9.764117240905761719e+00,1.896474266052246094e+01,4.000000000000000000e+00
3.083999999999999986e+01,1.822168579101562500e+02,9.749827384948730469e+00,1.895676231384277344e+01,4.000000000000000000e+00
3.085999999999999943e+01,1.824103393554687500e+02,9.736349105834960938e+00,1.894856834411621094e+01,4.000000000000000000e+00
3.087999999999999901e+01,1.826038818359375000e+02,9.723691940307617188e+00,1.894015884399414062e+01,4.000000000000000000e+00
3.090000000000000213e+01,1.827974395751953125e+02,9.711866378784179688e+00,1.893154144287109375e+01,4.000000000000000000e+00
3.092000000000000171e+01,1.829910278320312500e+02,9.700880050659179688e+00,1.892271614074707031e+01,4.000000000000000000e+00
3.094000000000000128e+01,1.831846618652343750e+02,9.690742492675781250e+00,1.891368675231933594e+01,4.000000000000000000e+00
3.096000000000000085e+01,1.833782958984375000e+02,9.681463241577148438e+00,1.890445518493652344e+01,4.000000000000000000e+00
3.098000000000000043e+01,1.835719909667968750e+02,9.673048019409179688e+00,1.889502525329589844e+01,4.000000000000000000e+00
3.100000000000000000e+01,1.837657012939453125e+02,9.665506362915039062e+00,1.888540267944335938e+01,4.000000000000000000e+00
3.101999999999999957e+01,1.839594268798828125e+02,9.658844947814941406e+00,1.887558937072753906e+01,4.000000000000000000e+00
3.103999999999999915e+01,1.841532135009765625e+02,9.653072357177734375e+00,1.886558532714843750e+01,4.000000000000000000e+00
3.106000000000000227e+01,1.843470001220703125e+02,9.648195266723632812e+00,1.885539436340332031e+01,4.000000000000000000e+00
3.108000000000000185e+01,1.845407867431640625e+02,9.644219398498535156e+00,1.884502029418945312e+01,4.000000000000000000e+00
3.110000000000000142e+01,1.847346496582031250e+02,9.641154289245605469e+00,1.883446693420410156e+01,4.000000000000000000e+00
3.112000000000000099e+01,1.849285125732421875e+02,9.639002799987792969e+00,1.882373809814453125e+01,4.000000000000000000e+00
3.114000000000000057e+01,1.851223754882812500e+02,9.637773513793945312e+00,1.881283569335937500e+01,4.000000000000000000e+00
3.116000000000000014e+01,1.853162384033203125e+02,9.637468338012695312e+00,1.880176353454589844e+01,4.000000000000000000e+00
3.117999999999999972e+01,1.855101776123046875e+02,9.638096809387207031e+00,1.879052352905273438e+01,4.000000000000000000e+00
3.119999999999999929e+01,1.857041168212890625e+02,9.639662742614746094e+00,1.877912139892578125e+01,4.000000000000000000e+00
3.122000000000000242e+01,1.858980560302734375e+02,9.642169952392578125e+00,1.876755905151367188e+01,4.000000000000000000e+00
3.124000000000000199e+01,1.860919952392578125e+02,9.645622253417968750e+00,1.875584030151367188e+01,4.000000000000000000e+00
3.126000000000000156e+01,1.862859344482421875e+02,9.650023460388183594e+00,1.874396705627441406e+01,4.000000000000000000e+00
3.128000000000000114e+01,1.864798736572265625e+02,9.655378341674804688e+00,1.873194122314453125e+01,4.000000000000000000e+00
3.130000000000000071e+01,1.866738128662109375e+02,9.661689758300781250e+00,1.871977043151855469e+01,4.000000000000000000e+00
3.132000000000000028e+01,1.868677520751953125e+02,9.668961524963378906e+00,1.870744895935058594e+01,4.000000000000000000e+00
3.133999999999999986e+01,1.870616912841796875e+02,9.677195549011230469e+00,1.869499397277832031e+01,4.000000000000000000e+00
3.135999999999999943e+01,1.872556304931640625e+02,9.686394691467285156e+00,1.868239593505859375e+01,4.000000000000000000e+00
3.137999999999999901e+01,1.874495544433593750e+02,9.696560859680175781e+00,1.866966438293457031e+01,4.000000000000000000e+00
3.140000000000000213e+01,1.876434173583984375e+02,9.707695007324218750e+00,1.865680122375488281e+01,4.000000000000000000e+00
3.142000000000000171e+01,1.878372802734375000e+02,9.719799995422363281e+00,1.864380645751953125e+01,4.000000000000000000e+00
3.144000000000000128e+01,1.880311431884765625e+02,9.732876777648925781e+00,1.863068580627441406e+01,4.000000000000000000e+00
3.146000000000000085e+01,1.882249450683593750e+02,9.746926307678222656e+00,1.861744117736816406e+01,4.000000000000000000e+00
3.148000000000000043e+01,1.884187316894531250e+02,9.761948585510253906e+00,1.860407829284667969e+01,4.000000000000000000e+00
3.150000000000000000e+01,1.886124725341796875e+02,9.777944564819335938e+00,1.859059524536132812e+01,4.000000000000000000e+00
3.151999999999999957e+01,1.888061828613281250e+02,9.794914245605468750e+00,1.857699775695800781e+01,4.000000000000000000e+00
3.153999999999999915e+01,1.889998474121093750e+02,9.812856674194335938e+00,1.856328773498535156e+01,4.000000000000000000e+00
3.156000000000000227e+01,1.891934814453125000e+02,9.831771850585937500e+00,1.854946708679199219e+01,4.000000000000000000e+00
3.158000000000000185e+01,1.893870391845703125e+02,9.851658821105957031e+00,1.853553962707519531e+01,4.000000000000000000e+00
3.160000000000000142e+01,1.895805511474609375e+02,9.872517585754394531e+00,1.852150726318359375e+01,4.000000000000000000e+00
3.162000000000000099e+01,1.897740173339843750e+02,9.894345283508300781e+00,1.850737380981445312e+01,4.000000000000000000e+00
3.164000000000000057e+01,1.899674224853515625e+02,9.917140007019042969e+00,1.849314117431640625e+01,4.000000000000000000e+00
3.166000000000000014e+01,1.901607513427734375e+02,9.940901756286621094e+00,1.847880744934082031e+01,4.000000000000000000e+00
3.167999999999999972e+01,1.903540191650390625e+02,9.965625762939453125e+00,1.846438217163085938e+01,4.000000000000000000e+00
3.169999999999999929e+01,1.905472106933593750e+02,9.991311073303222656e+00,1.844986724853515625e+01,4.000000000000000000e+00
3.172000000000000242e+01,1.907403259277343750e+02,1.001795578002929688e+01,1.843526077270507812e+01,4.000000000000000000e+00
3.174000000000000199e+01,1.909333648681640625e+02,1.004555511474609375e+01,1.842056655883789062e+01,4.000000000000000000e+00
3.176000000000000156e+01,1.911263122558593750e+02,1.007410717010498047e+01,1.840578842163085938e+01,4.000000000000000000e+00
3.178000000000000114e+01,1.913191680908203125e+02,1.010360717773437500e+01,1.839092636108398438e+01,4.000000000000000000e+00
3.180000000000000071e+01,1.915119323730468750e+02,1.013405227661132812e+01,1.837598609924316406e+01,4.000000000000000000e+00
3.182000000000000028e+01,1.917046051025390625e+02,1.016543769836425781e+01,1.836096572875976562e+01,4.000000000000000000e+00
3.183999999999999986e+01,1.918971862792968750e+02,1.019775867462158203e+01,1.834586906433105469e+01,4.000000000000000000e+00
3.185999999999999943e+01,1.920896606445312500e+02,1.023101234436035156e+01,1.833069801330566406e+01,4.000000000000000000e+00
3.187999999999999901e+01,1.922820281982421875e+02,1.026519107818603516e+01,1.831545639038085938e+01,4.000000000000000000e+00
3.190000000000000213e+01,1.924742889404296875e+02,1.030029201507568359e+01,1.830014228820800781e+01,4.000000000000000000e+00
3.192000000000000171e+01,1.926664428710937500e+02,1.033630943298339844e+01,1.828475952148437500e+01,4.000000000000000000e+00
3.194000000000000128e+01,1.928584747314453125e+02,1.037323570251464844e+01,1.826930999755859375e+01,4.000000000000000000e+00
3.196000000000000085e+01,1.930503997802734375e+02,1.041106700897216797e+01,1.825379753112792969e+01,4.000000000000000000e+00
3.198000000000000043e+01,1.932422027587890625e+02,1.044979667663574219e+01,1.823822021484375000e+01,4.000000000000000000e+00
3.200000000000000000e+01,1.934338836669921875e+02,1.048941898345947266e+01,1.822258377075195312e+01,4.000000000000000000e+00
3.202000000000000313e+01,1.936254272460937500e+02,1.052992630004882812e+01,1.820689010620117188e+01,4.000000000000000000e+00
3.203999999999999915e+01,1.938168487548828125e+02,1.057131099700927734e+01,1.819113922119140625e+01,4.000000000000000000e+00
3.206000000000000227e+01,1.940081481933593750e+02,1.061356735229492188e+01,1.817533493041992188e+01,4.000000000000000000e+00
3.207999999999999829e+01,1.941992950439453125e+02,1.065668773651123047e+01,1.815947532653808594e+01,4.000000000000000000e+00
3.210000000000000142e+01,1.943903045654296875e+02,1.070066356658935547e+01,1.814356803894042969e+01,4.000000000000000000e+00
3.211999999999999744e+01,1.945811920166015625e+02,1.074548721313476562e+01,1.812761306762695312e+01,4.000000000000000000e+00
3.214000000000000057e+01,1.947719268798828125e+02,1.079114913940429688e+01,1.811161041259765625e+01,4.000000000000000000e+00
3.216000000000000369e+01,1.949625244140625000e+02,1.083764362335205078e+01,1.809556007385253906e+01,4.000000000000000000e+00
3.217999999999999972e+01,1.951529846191406250e+02,1.088495922088623047e+01,1.807946395874023438e+01,4.000000000000000000e+00
3.220000000000000284e+01,1.953432922363281250e+02,1.093308639526367188e+01,1.806332778930664062e+01,4.000000000000000000e+00
3.221999999999999886e+01,1.955334472656250000e+02,1.098201847076416016e+01,1.804714965820312500e+01,4.000000000000000000e+00
3.224000000000000199e+01,1.957234497070312500e+02,1.103174304962158203e+01,1.803092956542968750e+01,4.000000000000000000e+00
3.225999999999999801e+01,1.959133148193359375e+02,1.108225250244140625e+01,1.801467132568359375e+01,4.000000000000000000e+00
3.228000000000000114e+01,1.961030273437500000e+02,1.113353443145751953e+01,1.799837493896484375e+01,4.000000000000000000e+00
3.229999999999999716e+01,1.962925872802734375e+02,1.118557929992675781e+01,1.798204231262207031e+01,4.000000000000000000e+00
3.232000000000000028e+01,1.964819946289062500e+02,1.123837471008300781e+01,1.796567344665527344e+01,4.000000000000000000e+00
3.234000000000000341e+01,1.966712493896484375e+02,1.129191207885742188e+01,1.794927406311035156e+01,4.000000000000000000e+00
3.235999999999999943e+01,1.968603515625000000e+02,1.134617805480957031e+01,1.793284225463867188e+01,4.000000000000000000e+00
3.238000000000000256e+01,1.970493011474609375e+02,1.140116119384765625e+01,1.791637802124023438e+01,4.000000000000000000e+00
3.239999999999999858e+01,1.972380981445312500e+02,1.145684909820556641e+01,1.789988517761230469e+01,4.000000000000000000e+00
3.242000000000000171e+01,1.974267425537109375e+02,1.151322937011718750e+01,1.788336563110351562e+01,4.000000000000000000e+00
3.243999999999999773e+01,1.976152343750000000e+02,1.157029056549072266e+01,1.786682128906250000e+01,4.000000000000000000e+00
3.246000000000000085e+01,1.978035736083984375e+02,1.162801837921142578e+01,1.785025405883789062e+01,4.000000000000000000e+00
3.248000000000000398e+01,1.979917602539062500e+02,1.168640041351318359e+01,1.783366203308105469e+01,4.000000000000000000e+00
3.250000000000000000e+01,1.981797943115234375e+02,1.174542140960693359e+01,1.781704902648925781e+01,4.000000000000000000e+00
3.252000000000000313e+01,1.983676757812500000e+02,1.180506896972656250e+01,1.780041694641113281e+01,4.000000000000000000e+00
3.253999999999999915e+01,1.985554199218750000e+02,1.186532974243164062e+01,1.778376579284667969e+01,4.000000000000000000e+00
3.256000000000000227e+01,1.987430267333984375e+02,1.192618751525878906e+01,1.776709938049316406e+01,4.000000000000000000e+00
3.257999999999999829e+01,1.989304809570312500e+02,1.198762798309326172e+01,1.775041770935058594e+01,4.000000000000000000e+00
3.260000000000000142e+01,1.991177978515625000e+02,1.204963684082031250e+01,1.773372268676757812e+01,4.000000000000000000e+00
3.261999999999999744e+01,1.993049774169921875e+02,1.211219787597656250e+01,1.771701622009277344e+01,4.000000000000000000e+00
3.264000000000000057e+01,1.994920196533203125e+02,1.217529678344726562e+01,1.770029830932617188e+01,4.000000000000000000e+00
3.266000000000000369e+01,1.996789245605468750e+02,1.223891735076904297e+01,1.768357086181640625e+01,4.000000000000000000e+00
3.267999999999999972e+01,1.998656921386718750e+02,1.230304241180419922e+01,1.766683578491210938e+01,4.000000000000000000e+00
3.270000000000000284e+01,2.000523376464843750e+02,1.236765670776367188e+01,1.765009307861328125e+01,4.000000000000000000e+00
3.271999999999999886e+01,2.002388458251953125e+02,1.243274211883544922e+01,1.763334655761718750e+01,4.000000000000000000e+00
3.274000000000000199e+01,2.004252624511718750e+02,1.249828243255615234e+01,1.761659240722656250e+01,4.000000000000000000e+00
3.275999999999999801e+01,2.006115417480468750e+02,1.256426239013671875e+01,1.759983634948730469e+01,4.000000000000000000e+00
3.278000000000000114e+01,2.007977142333984375e+02,1.263066101074218750e+01,1.758308029174804688e+01,4.000000000000000000e+00
3.279999999999999716e+01,2.009837646484375000e+02,1.269746208190917969e+01,1.756631851196289062e+01,4.000000000000000000e+00
3.282000000000000028e+01,2.011697235107421875e+02,1.276464748382568359e+01,1.754955291748046875e+01,4.000000000000000000e+00
3.284000000000000341e+01,2.013555908203125000e+02,1.283220100402832031e+01,1.753278732299804688e+01,4.000000000000000000e+00
3.285999999999999943e+01,2.015413513183593750e+02,1.290010166168212891e+01,1.751602172851562500e+01,4.000000000000000000e+00
3.288000000000000256e+01,2.017270202636718750e+02,1.296833038330078125e+01,1.749925613403320312e+01,4.000000000000000000e+00
3.289999999999999858e+01,2.019126129150390625e+02,1.303686904907226562e+01,1.748249244689941406e+01,4.000000000000000000e+00
3.292000000000000171e+01,2.020981140136718750e+02,1.310569858551025391e+01,1.746573638916015625e+01,4.000000000000000000e+00
3.293999999999999773e+01,2.022835388183593750e+02,1.317479991912841797e+01,1.744898033142089844e+01,4.000000000000000000e+00
3.296000000000000085e+01,2.024689025878906250e+02,1.324415111541748047e+01,1.743222427368164062e+01,4.000000000000000000e+00
3.298000000000000398e+01,2.026542053222656250e+02,1.331373500823974609e+01,1.741546821594238281e+01,4.000000000000000000e+00
3.300000000000000000e+01,2.028394470214843750e+02,1.338353061676025391e+01,1.739871215820312500e+01,4.000000000000000000e+00
3.302000000000000313e+01,2.030246276855468750e+02,1.345351696014404297e+01,1.738195800781250000e+01,4.000000000000000000e+00
3.303999999999999915e+01,2.032097778320312500e+02,1.352367305755615234e+01,1.736521148681640625e+01,4.000000000000000000e+00
3.306000000000000227e+01,2.033948669433593750e+02,1.359398174285888672e+01,1.734846496582031250e+01,4.000000000000000000e+00
3.307999999999999829e+01,2.035799560546875000e+02,1.366441917419433594e+01,1.733171844482421875e+01,4.000000000000000000e+00
3.310000000000000142e+01,2.037649841308593750e+02,1.373496246337890625e+01,1.731496810913085938e+01,4.000000000000000000e+00
3.311999999999999744e+01,2.039499969482421875e+02,1.380559444427490234e+01,1.729821205139160156e+01,4.000000000000000000e+00
3.314000000000000057e+01,2.041350097656250000e+02,1.387629127502441406e+01,1.728145599365234375e+01,4.000000000000000000e+00
3.316000000000000369e+01,2.043200225830078125e+02,1.394703102111816406e+01,1.726469993591308594e+01,4.000000000000000000e+00
3.317999999999999972e+01,2.045050354003906250e+02,1.401779270172119141e+01,1.724793624877929688e+01,4.000000000000000000e+00
3.320000000000000284e+01,2.046900482177734375e+02,1.408855438232421875e+01,1.723116874694824219e+01,4.000000000000000000e+00
3.321999999999999886e+01,2.048750610351562500e+02,1.415929412841796875e+01,1.721439361572265625e+01,4.000000000000000000e+00
3.324000000000000199e+01,2.050601348876953125e+02,1.422998905181884766e+01,1.719760894775390625e+01,4.000000000000000000e+00
3.325999999999999801e+01,2.052452239990234375e+02,1.430061721801757812e+01,1.718081474304199219e+01,4.000000000000000000e+00
3.328000000000000114e+01,2.054303588867187500e+02,1.437115478515625000e+01,1.716400909423828125e+01,4.000000000000000000e+00
3.329999999999999716e+01,2.056155242919921875e+02,1.444158267974853516e+01,1.714719009399414062e+01,4.000000000000000000e+00
3.332000000000000028e+01,2.058007659912109375e+02,1.451187515258789062e+01,1.713035392761230469e+01,4.000000000000000000e+00
3.334000000000000341e+01,2.059860687255859375e+02,1.458200836181640625e+01,1.711350250244140625e+01,4.000000000000000000e+00
3.335999999999999943e+01,2.061714324951171875e+02,1.465196228027343750e+01,1.709663009643554688e+01,4.000000000000000000e+00
3.338000000000000256e+01,2.063568725585937500e+02,1.472171306610107422e+01,1.707973861694335938e+01,4.000000000000000000e+00
3.339999999999999858e+01,2.065424041748046875e+02,1.479123592376708984e+01,1.706282043457031250e+01,4.000000000000000000e+00
3.342000000000000171e+01,2.067280426025390625e+02,1.486050891876220703e+01,1.704587554931640625e+01,4.000000000000000000e+00
3.343999999999999773e+01,2.069137725830078125e+02,1.492950725555419922e+01,1.702890205383300781e+01,4.000000000000000000e+00
3.346000000000000085e+01,2.070995941162109375e+02,1.499820995330810547e+01,1.701189613342285156e+01,4.000000000000000000e+00
3.348000000000000398e+01,2.072855529785156250e+02,1.506659126281738281e+01,1.699485588073730469e+01,4.000000000000000000e+00
3.350000000000000000e+01,2.074716339111328125e+02,1.513462638854980469e+01,1.697777938842773438e+01,4.000000000000000000e+00
3.352000000000000313e+01,2.076578369140625000e+02,1.520229434967041016e+01,1.696066093444824219e+01,4.000000000000000000e+00
3.353999999999999915e+01,2.078441925048828125e+02,1.526957035064697266e+01,1.694350433349609375e+01,4.000000000000000000e+00
3.356000000000000227e+01,2.080306854248046875e+02,1.533642959594726562e+01,1.692630004882812500e+01,4.000000000000000000e+00
3.357999999999999829e+01,2.082173461914062500e+02,1.540284824371337891e+01,1.690904808044433594e+01,4.000000000000000000e+00
3.360000000000000142e+01,2.084041748046875000e+02,1.546880340576171875e+01,1.689174270629882812e+01,4.000000000000000000e+00
3.361999999999999744e+01,2.085911560058593750e+02,1.553426837921142578e+01,1.687438392639160156e+01,4.000000000000000000e+00
3.364000000000000057e+01,2.087783203125000000e+02,1.559922313690185547e+01,1.685696792602539062e+01,4.000000000000000000e+00
3.366000000000000369e+01,2.089656829833984375e+02,1.566363906860351562e+01,1.683949089050292969e+01,4.000000000000000000e+00
3.367999999999999972e+01,2.091532287597656250e+02,1.572749519348144531e+01,1.682194900512695312e+01,4.000000000000000000e+00
3.370000000000000284e+01,2.093409729003906250e+02,1.579076671600341797e+01,1.680434226989746094e+01,4.000000000000000000e+00
3.371999999999999886e+01,2.095289001464843750e+02,1.585342788696289062e+01,1.678666305541992188e+01,4.000000000000000000e+00
3.374000000000000199e+01,2.097170562744140625e+02,1.591545486450195312e+01,1.676891136169433594e+01,4.000000000000000000e+00
3.375999999999999801e+01,2.099054260253906250e+02,1.597682380676269531e+01,1.675108337402343750e+01,4.000000000000000000e+00
3.378000000000000114e+01,2.100940246582031250e+02,1.603751182556152344e+01,1.673317718505859375e+01,4.000000000000000000e+00
3.379999999999999716e+01,2.102828521728515625e+02,1.609749221801757812e+01,1.671518707275390625e+01,4.000000000000000000e+00
3.382000000000000028e+01,2.104719085693359375e+02,1.615674018859863281e+01,1.669711112976074219e+01,4.000000000000000000e+00
3.384000000000000341e+01,2.106611938476562500e+02,1.621523666381835938e+01,1.667894363403320312e+01,4.000000000000000000e+00
3.385999999999999943e+01,2.108507385253906250e+02,1.627295303344726562e+01,1.666068077087402344e+01,4.000000000000000000e+00
3.388000000000000256e+01,2.110405273437500000e+02,1.632986640930175781e+01,1.664232254028320312e+01,4.000000000000000000e+00
3.389999999999999858e+01,2.112305755615234375e+02,1.638595390319824219e+01,1.662386131286621094e+01,4.000000000000000000e+00
3.392000000000000171e+01,2.114208831787109375e+02,1.644119071960449219e+01,1.660529708862304688e+01,4.000000000000000000e+00
3.393999999999999773e+01,2.116114349365234375e+02,1.649555206298828125e+01,1.658662605285644531e+01,4.000000000000000000e+00
3.396000000000000085e+01,2.118022613525390625e+02,1.654901504516601562e+01,1.656784439086914062e+01,4.000000000000000000e+00
3.398000000000000398e+01,2.119933471679687500e+02,1.660156440734863281e+01,1.654895591735839844e+01,4.000000000000000000e+00
3.400000000000000000e+01,2.121847076416015625e+02,1.665317153930664062e+01,1.652995491027832031e+01,4.000000000000000000e+00
3.402000000000000313e+01,2.123763275146484375e+02,1.670381736755371094e+01,1.651084136962890625e+01,4.000000000000000000e+00
3.403999999999999915e+01,2.125682373046875000e+02,1.675348091125488281e+01,1.649161529541015625e+01,4.000000000000000000e+00
3.406000000000000227e+01,2.127604064941406250e+02,1.680214118957519531e+01,1.647227859497070312e+01,4.000000000000000000e+00
3.407999999999999829e+01,2.129528503417968750e+02,1.684977722167968750e+01,1.645282936096191406e+01,4.000000000000000000e+00
3.410000000000000142e+01,2.131455535888671875e+02,1.689637184143066406e+01,1.643327331542968750e+01,4.000000000000000000e+00
3.411999999999999744e+01,2.133385314941406250e+02,1.694190216064453125e+01,1.641360664367675781e+01,4.000000000000000000e+00
3.414000000000000057e+01,2.135317840576171875e+02,1.698635482788085938e+01,1.639383316040039062e+01,4.000000000000000000e+00
3.416000000000000369e+01,2.137252960205078125e+02,1.702971076965332031e+01,1.637395477294921875e+01,4.000000000000000000e+00
3.417999999999999972e+01,2.139190826416015625e+02,1.707195472717285156e+01,1.635397529602050781e+01,4.000000000000000000e+00
3.420000000000000284e+01,2.141131286621093750e+02,1.711306762695312500e+01,1.633389282226562500e+01,4.000000000000000000e+00
3.421999999999999886e+01,2.143074188232421875e+02,1.715303611755371094e+01,1.631371307373046875e+01,4.000000000000000000e+00
3.424000000000000199e+01,2.145019683837890625e+02,1.719184875488281250e+01,1.629343795776367188e+01,4.000000000000000000e+00
3.425999999999999801e+01,2.146967773437500000e+02,1.722949028015136719e+01,1.627307319641113281e+01,4.000000000000000000e+00
3.428000000000000114e+01,2.148918304443359375e+02,1.726594924926757812e+01,1.625261878967285156e+01,4.000000000000000000e+00
3.430000000000000426e+01,2.150871124267578125e+02,1.730121040344238281e+01,1.623208045959472656e+01,4.000000000000000000e+00
3.432000000000000028e+01,2.152826385498046875e+02,1.733526420593261719e+01,1.621145820617675781e+01,4.000000000000000000e+00
3.434000000000000341e+01,2.154783935546875000e+02,1.736809921264648438e+01,1.619075775146484375e+01,4.000000000000000000e+00
3.435999999999999943e+01,2.156743774414062500e+02,1.739970397949218750e+01,1.616998100280761719e+01,4.000000000000000000e+00
3.438000000000000256e+01,2.158705749511718750e+02,1.743007659912109375e+01,1.614913177490234375e+01,4.000000000000000000e+00
3.439999999999999858e+01,2.160669708251953125e+02,1.745920181274414062e+01,1.612821388244628906e+01,4.000000000000000000e+00
3.442000000000000171e+01,2.162635650634765625e+02,1.748707389831542969e+01,1.610722923278808594e+01,4.000000000000000000e+00
3.443999999999999773e+01,2.164603729248046875e+02,1.751368904113769531e+01,1.608618545532226562e+01,4.000000000000000000e+00
3.446000000000000085e+01,2.166573486328125000e+02,1.753903770446777344e+01,1.606508064270019531e+01,4.000000000000000000e+00
3.448000000000000398e+01,2.168545074462890625e+02,1.756311416625976562e+01,1.604391860961914062e+01,4.000000000000000000e+00
3.450000000000000000e+01,2.170518493652343750e+02,1.758591651916503906e+01,1.602270889282226562e+01,4.000000000000000000e+00
3.452000000000000313e+01,2.172493591308593750e+02,1.760744094848632812e+01,1.600145149230957031e+01,4.000000000000000000e+00
3.453999999999999915e+01,2.174470214843750000e+02,1.762768173217773438e+01,1.598014259338378906e+01,4.000000000000000000e+00
3.456000000000000227e+01,2.176448211669921875e+02,1.764664077758789062e+01,1.595879173278808594e+01,4.000000000000000000e+00
3.457999999999999829e+01,2.178427581787109375e+02,1.766431236267089844e+01,1.593739986419677734e+01,4.000000000000000000e+00
3.460000000000000142e+01,2.180408477783203125e+02,1.768069648742675781e+01,1.591596984863281250e+01,4.000000000000000000e+00
3.461999999999999744e+01,2.182390289306640625e+02,1.769579315185546875e+01,1.589450645446777344e+01,4.000000000000000000e+00
3.464000000000000057e+01,2.184373474121093750e+02,1.770959472656250000e+01,1.587301063537597656e+01,4.000000000000000000e+00
3.466000000000000369e+01,2.186357574462890625e+02,1.772210693359375000e+01,1.585148620605468750e+01,4.000000000000000000e+00
3.467999999999999972e+01,2.188342590332031250e+02,1.773333168029785156e+01,1.582993316650390625e+01,4.000000000000000000e+00
3.470000000000000284e+01,2.190328369140625000e+02,1.774327468872070312e+01,1.580835628509521484e+01,4.000000000000000000e+00
3.471999999999999886e+01,2.192315063476562500e+02,1.775193405151367188e+01,1.578676033020019531e+01,4.000000000000000000e+00
3.474000000000000199e+01,2.194302368164062500e+02,1.775931167602539062e+01,1.576514434814453125e+01,4.000000000000000000e+00
3.475999999999999801e+01,2.196290283203125000e+02,1.776541137695312500e+01,1.574351215362548828e+01,4.000000000000000000e+00
3.478000000000000114e+01,2.198278503417968750e+02,1.777023696899414062e+01,1.572186470031738281e+01,4.000000000000000000e+00
3.480000000000000426e+01,2.200267486572265625e+02,1.777379226684570312e+01,1.570020580291748047e+01,4.000000000000000000e+00
3.482000000000000028e+01,2.202256469726562500e+02,1.777608299255371094e+01,1.567853641510009766e+01,4.000000000000000000e+00
3.484000000000000341e+01,2.204245605468750000e+02,1.777711105346679688e+01,1.565685939788818359e+01,4.000000000000000000e+00
3.485999999999999943e+01,2.206235351562500000e+02,1.777688407897949219e+01,1.563517665863037109e+01,4.000000000000000000e+00
3.488000000000000256e+01,2.208225097656250000e+02,1.777540779113769531e+01,1.561349010467529297e+01,4.000000000000000000e+00
3.489999999999999858e+01,2.210214843750000000e+02,1.777268981933593750e+01,1.559180355072021484e+01,4.000000000000000000e+00
3.492000000000000171e+01,2.212204284667968750e+02,1.776873397827148438e+01,1.557011699676513672e+01,4.000000000000000000e+00
3.493999999999999773e+01,2.214193267822265625e+02,1.776354980468750000e+01,1.554843044281005859e+01,4.000000000000000000e+00
3.496000000000000085e+01,2.216182250976562500e+02,1.775714302062988281e+01,1.552674770355224609e+01,4.000000000000000000e+00
3.498000000000000398e+01,2.218170776367187500e+02,1.774952316284179688e+01,1.550506973266601562e+01,4.000000000000000000e+00
3.500000000000000000e+01,2.220158996582031250e+02,1.774069786071777344e+01,1.548339939117431641e+01,4.000000000000000000e+00
3.502000000000000313e+01,2.222146453857421875e+02,1.773067474365234375e+01,1.546173858642578125e+01,4.000000000000000000e+00
3.503999999999999915e+01,2.224133453369140625e+02,1.771946525573730469e+01,1.544008731842041016e+01,4.000000000000000000e+00
3.506000000000000227e+01,2.226119689941406250e+02,1.770707702636718750e+01,1.541844749450683594e+01,4.000000000000000000e+00
3.507999999999999829e+01,2.228105316162109375e+02,1.769352149963378906e+01,1.539682197570800781e+01,4.000000000000000000e+00
3.510000000000000142e+01,2.230090026855468750e+02,1.767880821228027344e+01,1.537520980834960938e+01,4.000000000000000000e+00
3.511999999999999744e+01,2.232073822021484375e+02,1.766294860839843750e+01,1.535361480712890625e+01,4.000000000000000000e+00
3.514000000000000057e+01,2.234056701660156250e+02,1.764595031738281250e+01,1.533203697204589844e+01,4.000000000000000000e+00
3.516000000000000369e+01,2.236038513183593750e+02,1.762782859802246094e+01,1.531047821044921875e+01,4.000000000000000000e+00
3.517999999999999972e+01,2.238019256591796875e+02,1.760859489440917969e+01,1.528893947601318359e+01,4.000000000000000000e+00
3.520000000000000284e+01,2.239998779296875000e+02,1.758826255798339844e+01,1.526742172241210938e+01,4.000000000000000000e+00
3.521999999999999886e+01,2.241977081298828125e+02,1.756683921813964844e+01,1.524592590332031250e+01,4.000000000000000000e+00
3.524000000000000199e+01,2.243954162597656250e+02,1.754434013366699219e+01,1.522445392608642578e+01,4.000000000000000000e+00
3.525999999999999801e+01,2.245929870605468750e+02,1.752077865600585938e+01,1.520300579071044922e+01,4.000000000000000000e+00
3.528000000000000114e+01,2.247904205322265625e+02,1.749616813659667969e+01,1.518158435821533203e+01,4.000000000000000000e+00
3.530000000000000426e+01,2.249877166748046875e+02,1.747052574157714844e+01,1.516018962860107422e+01,4.000000000000000000e+00
3.532000000000000028e+01,2.251848602294921875e+02,1.744386291503906250e+01,1.513882255554199219e+01,4.000000000000000000e+00
3.534000000000000341e+01,2.253818511962890625e+02,1.741619682312011719e+01,1.511748504638671875e+01,4.000000000000000000e+00
3.535999999999999943e+01,2.255786743164062500e+02,1.738753890991210938e+01,1.509617614746093750e+01,4.000000000000000000e+00
3.538000000000000256e+01,2.257753448486328125e+02,1.735790824890136719e+01,1.507489681243896484e+01,4.000000000000000000e+00
3.539999999999999858e+01,2.259718475341796875e+02,1.732731819152832031e+01,1.505364894866943359e+01,4.000000000000000000e+00
3.542000000000000171e+01,2.261681671142578125e+02,1.729578781127929688e+01,1.503243255615234375e+01,4.000000000000000000e+00
3.543999999999999773e+01,2.263643341064453125e+02,1.726333427429199219e+01,1.501124858856201172e+01,4.000000000000000000e+00
3.546000000000000085e+01,2.265603179931640625e+02,1.722997474670410156e+01,1.499009609222412109e+01,4.000000000000000000e+00
3.548000000000000398e+01,2.267561187744140625e+02,1.719572448730468750e+01,1.496897506713867188e+01,4.000000000000000000e+00
3.550000000000000000e+01,2.269517517089843750e+02,1.716060066223144531e+01,1.494788742065429688e+01,4.000000000000000000e+00
3.552000000000000313e+01,2.271472015380859375e+02,1.712462425231933594e+01,1.492683219909667969e+01,4.000000000000000000e+00
3.553999999999999915e+01,2.273424530029296875e+02,1.708781623840332031e+01,1.490581035614013672e+01,4.000000000000000000e+00
3.556000000000000227e+01,2.275375213623046875e+02,1.705019378662109375e+01,1.488481807708740234e+01,4.000000000000000000e+00
3.557999999999999829e+01,2.277324371337890625e+02,1.701177787780761719e+01,1.486385726928710938e+01,4.000000000000000000e+00
3.560000000000000142e+01,2.279271545410156250e+02,1.697259140014648438e+01,1.484292602539062500e+01,4.000000000000000000e+00
3.561999999999999744e+01,2.281216888427734375e+02,1.693264961242675781e+01,1.482202339172363281e+01,4.000000000000000000e+00
3.564000000000000057e+01,2.283160247802734375e+02,1.689197540283203125e+01,1.480114841461181641e+01,4.000000000000000000e+00
3.566000000000000369e+01,2.285101776123046875e+02,1.685058975219726562e+01,1.478030109405517578e+01,4.000000000000000000e+00
3.567999999999999972e+01,2.287041320800781250e+02,1.680851554870605469e+01,1.475948047637939453e+01,4.000000000000000000e+00
3.570000000000000284e+01,2.288979187011718750e+02,1.676577568054199219e+01,1.473868560791015625e+01,4.000000000000000000e+00
3.571999999999999886e+01,2.290915374755859375e+02,1.672239303588867188e+01,1.471791839599609375e+01,4.000000000000000000e+00
3.574000000000000199e+01,2.292849578857421875e+02,1.667838668823242188e+01,1.469717597961425781e+01,4.000000000000000000e+00
3.575999999999999801e+01,2.294782104492187500e+02,1.663378334045410156e+01,1.467645740509033203e+01,4.000000000000000000e+00
3.578000000000000114e+01,2.296712951660156250e+02,1.658860397338867188e+01,1.465576553344726562e+01,4.000000000000000000e+00
3.580000000000000426e+01,2.298641967773437500e+02,1.654287528991699219e+01,1.463509941101074219e+01,4.000000000000000000e+00
3.582000000000000028e+01,2.300569305419921875e+02,1.649661636352539062e+01,1.461445713043212891e+01,4.000000000000000000e+00
3.584000000000000341e+01,2.302494964599609375e+02,1.644985580444335938e+01,1.459383869171142578e+01,4.000000000000000000e+00
3.585999999999999943e+01,2.304418945312500000e+02,1.640261459350585938e+01,1.457324409484863281e+01,4.000000000000000000e+00
3.588000000000000256e+01,2.306341400146484375e+02,1.635492324829101562e+01,1.455267333984375000e+01,4.000000000000000000e+00
3.589999999999999858e+01,2.308262329101562500e+02,1.630680274963378906e+01,1.453212642669677734e+01,4.000000000000000000e+00
3.592000000000000171e+01,2.310181732177734375e+02,1.625827407836914062e+01,1.451160335540771484e+01,4.000000000000000000e+00
3.593999999999999773e+01,2.312099609375000000e+02,1.620936775207519531e+01,1.449110412597656250e+01,4.000000000000000000e+00
3.596000000000000085e+01,2.314016113281250000e+02,1.616011047363281250e+01,1.447062873840332031e+01,4.000000000000000000e+00
3.598000000000000398e+01,2.315931243896484375e+02,1.611052322387695312e+01,1.445017719268798828e+01,4.000000000000000000e+00
3.600000000000000000e+01,2.317845001220703125e+02,1.606063652038574219e+01,1.442974662780761719e+01,4.000000000000000000e+00
3.602000000000000313e+01,2.319757385253906250e+02,1.601047134399414062e+01,1.440933799743652344e+01,4.000000000000000000e+00
3.603999999999999915e+01,2.321668701171875000e+02,1.596005725860595703e+01,1.438895034790039062e+01,4.000000000000000000e+00
3.606000000000000227e+01,2.323578796386718750e+02,1.590941905975341797e+01,1.436858367919921875e+01,4.000000000000000000e+00
3.607999999999999829e+01,2.325487823486328125e+02,1.585858535766601562e+01,1.434823703765869141e+01,4.000000000000000000e+00
3.610000000000000142e+01,2.327395629882812500e+02,1.580758190155029297e+01,1.432790946960449219e+01,4.000000000000000000e+00
3.611999999999999744e+01,2.329302520751953125e+02,1.575643444061279297e+01,1.430760002136230469e+01,4.000000000000000000e+00
3.614000000000000057e+01,2.331208496093750000e+02,1.570517063140869141e+01,1.428730773925781250e+01,4.000000000000000000e+00
3.616000000000000369e+01,2.333113708496093750e+02,1.565381622314453125e+01,1.426703071594238281e+01,4.000000000000000000e+00
3.617999999999999972e+01,2.335018005371093750e+02,1.560239887237548828e+01,1.424676895141601562e+01,4.000000000000000000e+00
3.620000000000000284e+01,2.336921539306640625e+02,1.555094337463378906e+01,1.422652149200439453e+01,4.000000000000000000e+00
3.621999999999999886e+01,2.338824310302734375e+02,1.549947834014892578e+01,1.420628547668457031e+01,4.000000000000000000e+00
3.624000000000000199e+01,2.340726470947265625e+02,1.544802856445312500e+01,1.418606185913085938e+01,4.000000000000000000e+00
3.625999999999999801e+01,2.342628021240234375e+02,1.539662265777587891e+01,1.416584777832031250e+01,4.000000000000000000e+00
3.628000000000000114e+01,2.344529266357421875e+02,1.534528541564941406e+01,1.414564228057861328e+01,4.000000000000000000e+00
3.630000000000000426e+01,2.346429748535156250e+02,1.529404354095458984e+01,1.412544345855712891e+01,4.000000000000000000e+00
3.632000000000000028e+01,2.348330078125000000e+02,1.524292373657226562e+01,1.410524940490722656e+01,4.000000000000000000e+00
3.634000000000000341e+01,2.350229797363281250e+02,1.519195175170898438e+01,1.408505916595458984e+01,4.000000000000000000e+00
3.635999999999999943e+01,2.352129516601562500e+02,1.514115428924560547e+01,1.406486988067626953e+01,4.000000000000000000e+00
3.638000000000000256e+01,2.354029083251953125e+02,1.509055709838867188e+01,1.404468059539794922e+01,4.000000000000000000e+00
3.639999999999999858e+01,2.355928039550781250e+02,1.504018402099609375e+01,1.402448654174804688e+01,4.000000000000000000e+00
3.642000000000000171e+01,2.357826995849609375e+02,1.499006366729736328e+01,1.400428771972656250e+01,4.000000000000000000e+00
3.643999999999999773e+01,2.359725952148437500e+02,1.494022083282470703e+01,1.398408126831054688e+01,4.000000000000000000e+00
3.646000000000000085e+01,2.361624908447265625e+02,1.489068317413330078e+01,1.396386432647705078e+01,4.000000000000000000e+00
3.648000000000000398e+01,2.363523864746093750e+02,1.484147262573242188e+01,1.394363594055175781e+01,4.000000000000000000e+00
3.650000000000000000e+01,2.365422973632812500e+02,1.479261684417724609e+01,1.392339229583740234e+01,4.000000000000000000e+00
3.652000000000000313e+01,2.367322692871093750e+02,1.474414062500000000e+01,1.390313243865966797e+01,4.000000000000000000e+00
3.653999999999999915e+01,2.369222412109375000e+02,1.469606876373291016e+01,1.388285255432128906e+01,4.000000000000000000e+00
3.656000000000000227e+01,2.371122283935546875e+02,1.464842700958251953e+01,1.386254882812500000e+01,4.000000000000000000e+00
3.657999999999999829e+01,2.373022766113281250e+02,1.460124111175537109e+01,1.384222030639648438e+01,4.000000000000000000e+00
3.660000000000000142e+01,2.374923248291015625e+02,1.455453586578369141e+01,1.382186317443847656e+01,4.000000000000000000e+00
3.661999999999999744e+01,2.376824493408203125e+02,1.450833606719970703e+01,1.380147552490234375e+01,4.000000000000000000e+00
3.664000000000000057e+01,2.378726043701171875e+02,1.446266555786132812e+01,1.378105354309082031e+01,4.000000000000000000e+00
3.666000000000000369e+01,2.380628051757812500e+02,1.441754913330078125e+01,1.376059341430664062e+01,4.000000000000000000e+00
3.667999999999999972e+01,2.382530822753906250e+02,1.437301254272460938e+01,1.374009323120117188e+01,4.000000000000000000e+00
3.670000000000000284e+01,2.384434204101562500e+02,1.432907867431640625e+01,1.371955108642578125e+01,4.000000000000000000e+00
3.671999999999999886e+01,2.386338195800781250e+02,1.428577327728271484e+01,1.369896125793457031e+01,4.000000000000000000e+00
3.674000000000000199e+01,2.388242797851562500e+02,1.424312114715576172e+01,1.367832183837890625e+01,4.000000000000000000e+00
3.675999999999999801e+01,2.390148162841796875e+02,1.420114517211914062e+01,1.365762996673583984e+01,4.000000000000000000e+00
3.678000000000000114e+01,2.392054290771484375e+02,1.415987014770507812e+01,1.363688182830810547e+01,4.000000000000000000e+00
3.680000000000000426e+01,2.393961181640625000e+02,1.411931991577148438e+01,1.361607551574707031e+01,4.000000000000000000e+00
3.682000000000000028e+01,2.395868835449218750e+02,1.407951831817626953e+01,1.359520721435546875e+01,4.000000000000000000e+00
3.684000000000000341e+01,2.397777404785156250e+02,1.404048919677734375e+01,1.357427310943603516e+01,4.000000000000000000e+00
3.685999999999999943e+01,2.399686737060546875e+02,1.400225353240966797e+01,1.355326843261718750e+01,4.000000000000000000e+00
3.688000000000000256e+01,2.401596984863281250e+02,1.396483707427978516e+01,1.353219223022460938e+01,4.000000000000000000e+00
3.689999999999999858e+01,2.403508148193359375e+02,1.392826080322265625e+01,1.351103973388671875e+01,4.000000000000000000e+00
3.692000000000000171e+01,2.405420227050781250e+02,1.389254760742187500e+01,1.348980903625488281e+01,4.000000000000000000e+00
3.693999999999999773e+01,2.407333221435546875e+02,1.385771846771240234e+01,1.346849727630615234e+01,4.000000000000000000e+00
3.696000000000000085e+01,2.409247131347656250e+02,1.382379531860351562e+01,1.344710254669189453e+01,4.000000000000000000e+00
3.698000000000000398e+01,2.411161956787109375e+02,1.379080009460449219e+01,1.342562484741210938e+01,4.000000000000000000e+00
3.700000000000000000e+01,2.413077850341796875e+02,1.375875282287597656e+01,1.340406322479248047e+01,4.000000000000000000e+00
3.702000000000000313e+01,2.414994506835937500e+02,1.372767257690429688e+01,1.338241672515869141e+01,4.000000000000000000e+00
3.703999999999999915e+01,2.416912078857421875e+02,1.369757938385009766e+01,1.336068630218505859e+01,4.000000000000000000e+00
3.706000000000000227e+01,2.418830566406250000e+02,1.366849040985107422e+01,1.333887100219726562e+01,4.000000000000000000e+00
3.707999999999999829e+01,2.420749969482421875e+02,1.364042472839355469e+01,1.331697368621826172e+01,4.000000000000000000e+00
3.710000000000000142e+01,2.422670135498046875e+02,1.361339759826660156e+01,1.329499340057373047e+01,4.000000000000000000e+00
3.711999999999999744e+01,2.424591064453125000e+02,1.358742904663085938e+01,1.327293300628662109e+01,4.000000000000000000e+00
3.714000000000000057e+01,2.426512908935546875e+02,1.356253242492675781e+01,1.325079345703125000e+01,4.000000000000000000e+00
3.716000000000000369e+01,2.428435516357421875e+02,1.353872394561767578e+01,1.322857666015625000e+01,4.000000000000000000e+00
3.717999999999999972e+01,2.430358886718750000e+02,1.351601600646972656e+01,1.320628452301025391e+01,4.000000000000000000e+00
3.720000000000000284e+01,2.432282867431640625e+02,1.349442481994628906e+01,1.318392086029052734e+01,4.000000000000000000e+00
3.721999999999999886e+01,2.434207458496093750e+02,1.347396087646484375e+01,1.316148757934570312e+01,4.000000000000000000e+00
3.724000000000000199e+01,2.436132659912109375e+02,1.345463466644287109e+01,1.313898658752441406e+01,4.000000000000000000e+00
3.725999999999999801e+01,2.438058319091796875e+02,1.343646144866943359e+01,1.311642074584960938e+01,4.000000000000000000e+00
3.728000000000000114e+01,2.439984588623046875e+02,1.341944789886474609e+01,1.309379196166992188e+01,4.000000000000000000e+00
3.730000000000000426e+01,2.441911010742187500e+02,1.340360546112060547e+01,1.307110404968261719e+01,4.000000000000000000e+00
3.732000000000000028e+01,2.443838195800781250e+02,1.338894271850585938e+01,1.304835891723632812e+01,4.000000000000000000e+00
3.734000000000000341e+01,2.445765380859375000e+02,1.337546730041503906e+01,1.302555942535400391e+01,4.000000000000000000e+00
3.735999999999999943e+01,2.447692565917968750e+02,1.336318683624267578e+01,1.300270843505859375e+01,4.000000000000000000e+00
3.738000000000000256e+01,2.449620513916015625e+02,1.335210895538330078e+01,1.297980594635009766e+01,4.000000000000000000e+00
3.739999999999999858e+01,2.451548461914062500e+02,1.334223747253417969e+01,1.295686054229736328e+01,4.000000000000000000e+00
3.742000000000000171e+01,2.453476409912109375e+02,1.333357810974121094e+01,1.293387031555175781e+01,4.000000000000000000e+00
3.743999999999999773e+01,2.455404357910156250e+02,1.332613563537597656e+01,1.291083812713623047e+01,4.000000000000000000e+00
3.746000000000000085e+01,2.457332305908203125e+02,1.331991481781005859e+01,1.288776683807373047e+01,4.000000000000000000e+00
3.748000000000000398e+01,2.459259490966796875e+02,1.331491661071777344e+01,1.286465930938720703e+01,4.000000000000000000e+00
3.750000000000000000e+01,2.461186676025390625e+02,1.331114482879638672e+01,1.284151840209960938e+01,4.000000000000000000e+00
3.752000000000000313e+01,2.463113708496093750e+02,1.330860137939453125e+01,1.281834602355957031e+01,4.000000000000000000e+00
3.753999999999999915e+01,2.465040130615234375e+02,1.330728626251220703e+01,1.279514408111572266e+01,4.000000000000000000e+00
3.756000000000000227e+01,2.466966094970703125e+02,1.330720138549804688e+01,1.277191543579101562e+01,4.000000000000000000e+00
3.757999999999999829e+01,2.468891601562500000e+02,1.330834674835205078e+01,1.274866104125976562e+01,4.000000000000000000e+00
3.760000000000000142e+01,2.470816497802734375e+02,1.331072235107421875e+01,1.272538661956787109e+01,4.000000000000000000e+00
3.761999999999999744e+01,2.472740631103515625e+02,1.331432628631591797e+01,1.270209217071533203e+01,4.000000000000000000e+00
3.764000000000000057e+01,2.474664001464843750e+02,1.331915760040283203e+01,1.267877960205078125e+01,4.000000000000000000e+00
3.766000000000000369e+01,2.476586456298828125e+02,1.332521343231201172e+01,1.265545177459716797e+01,4.000000000000000000e+00
3.767999999999999972e+01,2.478507995605468750e+02,1.333249282836914062e+01,1.263211154937744141e+01,4.000000000000000000e+00
3.770000000000000284e+01,2.480428619384765625e+02,1.334099197387695312e+01,1.260875988006591797e+01,4.000000000000000000e+00
3.771999999999999886e+01,2.482348022460937500e+02,1.335070991516113281e+01,1.258539962768554688e+01,4.000000000000000000e+00
3.774000000000000199e+01,2.484266357421875000e+02,1.336163902282714844e+01,1.256203365325927734e+01,4.000000000000000000e+00
3.775999999999999801e+01,2.486183319091796875e+02,1.337377738952636719e+01,1.253866386413574219e+01,4.000000000000000000e+00
3.778000000000000114e+01,2.488099060058593750e+02,1.338712024688720703e+01,1.251529026031494141e+01,4.000000000000000000e+00
3.780000000000000426e+01,2.490013580322265625e+02,1.340166282653808594e+01,1.249191951751708984e+01,4.000000000000000000e+00
3.782000000000000028e+01,2.491926574707031250e+02,1.341739845275878906e+01,1.246854972839355469e+01,4.000000000000000000e+00
3.784000000000000341e+01,2.493838195800781250e+02,1.343432426452636719e+01,1.244518566131591797e+01,4.000000000000000000e+00
3.785999999999999943e+01,2.495748138427734375e+02,1.345243358612060547e+01,1.242182826995849609e+01,4.000000000000000000e+00
3.788000000000000256e+01,2.497656402587890625e+02,1.347171878814697266e+01,1.239848041534423828e+01,4.000000000000000000e+00
3.789999999999999858e+01,2.499563140869140625e+02,1.349217510223388672e+01,1.237514495849609375e+01,4.000000000000000000e+00
3.792000000000000171e+01,2.501468048095703125e+02,1.351379299163818359e+01,1.235182285308837891e+01,4.000000000000000000e+00
3.793999999999999773e+01,2.503370971679687500e+02,1.353656578063964844e+01,1.232851696014404297e+01,4.000000000000000000e+00
3.796000000000000085e+01,2.505272064208984375e+02,1.356048774719238281e+01,1.230522918701171875e+01,4.000000000000000000e+00
3.798000000000000398e+01,2.507171173095703125e+02,1.358554840087890625e+01,1.228196334838867188e+01,4.000000000000000000e+00
3.800000000000000000e+01,2.509068298339843750e+02,1.361174011230468750e+01,1.225872039794921875e+01,4.000000000000000000e+00
3.802000000000000313e+01,2.510963287353515625e+02,1.363905334472656250e+01,1.223550319671630859e+01,4.000000000000000000e+00
3.803999999999999915e+01,2.512856140136718750e+02,1.366748142242431641e+01,1.221231365203857422e+01,4.000000000000000000e+00
3.806000000000000227e+01,2.514746704101562500e+02,1.369701480865478516e+01,1.218915367126464844e+01,4.000000000000000000e+00
3.807999999999999829e+01,2.516634979248046875e+02,1.372764205932617188e+01,1.216602611541748047e+01,4.000000000000000000e+00
3.810000000000000142e+01,2.518520965576171875e+02,1.375935459136962891e+01,1.214293384552001953e+01,4.000000000000000000e+00
3.811999999999999744e+01,2.520404510498046875e+02,1.379214191436767578e+01,1.211987876892089844e+01,4.000000000000000000e+00
3.814000000000000057e+01,2.522285614013671875e+02,1.382599353790283203e+01,1.209686374664306641e+01,4.000000000000000000e+00
3.816000000000000369e+01,2.524164276123046875e+02,1.386089801788330078e+01,1.207389068603515625e+01,4.000000000000000000e+00
3.817999999999999972e+01,2.526040344238281250e+02,1.389684486389160156e+01,1.205096054077148438e+01,4.000000000000000000e+00
3.820000000000000284e+01,2.527913818359375000e+02,1.393382358551025391e+01,1.202807712554931641e+01,4.000000000000000000e+00
3.821999999999999886e+01,2.529784851074218750e+02,1.397181987762451172e+01,1.200524139404296875e+01,4.000000000000000000e+00
3.824000000000000199e+01,2.531652984619140625e+02,1.401082420349121094e+01,1.198245811462402344e+01,4.000000000000000000e+00
3.825999999999999801e+01,2.533518524169921875e+02,1.405082225799560547e+01,1.195972633361816406e+01,4.000000000000000000e+00
3.828000000000000114e+01,2.535381317138671875e+02,1.409180164337158203e+01,1.193704986572265625e+01,4.000000000000000000e+00
3.830000000000000426e+01,2.537241363525390625e+02,1.413374996185302734e+01,1.191443061828613281e+01,4.000000000000000000e+00
3.832000000000000028e+01,2.539098663330078125e+02,1.417665386199951172e+01,1.189187049865722656e+01,4.000000000000000000e+00
3.834000000000000341e+01,2.540953063964843750e+02,1.422049903869628906e+01,1.186937141418457031e+01,4.000000000000000000e+00
3.835999999999999943e+01,2.542804565429687500e+02,1.426527214050292969e+01,1.184693622589111328e+01,4.000000000000000000e+00
3.838000000000000256e+01,2.544653167724609375e+02,1.431095790863037109e+01,1.182456588745117188e+01,4.000000000000000000e+00
3.839999999999999858e+01,2.546498870849609375e+02,1.435754299163818359e+01,1.180226230621337891e+01,4.000000000000000000e+00
3.842000000000000171e+01,2.548341674804687500e+02,1.440501117706298828e+01,1.178002738952636719e+01,4.000000000000000000e+00
3.843999999999999773e+01,2.550181427001953125e+02,1.445334815979003906e+01,1.175786399841308594e+01,4.000000000000000000e+00
3.846000000000000085e+01,2.552018280029296875e+02,1.450253677368164062e+01,1.173577213287353516e+01,4.000000000000000000e+00
3.848000000000000398e+01,2.553852081298828125e+02,1.455256175994873047e+01,1.171375560760498047e+01,4.000000000000000000e+00
3.850000000000000000e+01,2.555682983398437500e+02,1.460340690612792969e+01,1.169181346893310547e+01,4.000000000000000000e+00
3.852000000000000313e+01,2.557510833740234375e+02,1.465505599975585938e+01,1.166994857788085938e+01,4.000000000000000000e+00
3.853999999999999915e+01,2.559335784912109375e+02,1.470748996734619141e+01,1.164816093444824219e+01,4.000000000000000000e+00
3.856000000000000227e+01,2.561157836914062500e+02,1.476069068908691406e+01,1.162645244598388672e+01,4.000000000000000000e+00
3.857999999999999829e+01,2.562976684570312500e+02,1.481464195251464844e+01,1.160482311248779297e+01,4.000000000000000000e+00
3.860000000000000142e+01,2.564792785644531250e+02,1.486932468414306641e+01,1.158327579498291016e+01,4.000000000000000000e+00
3.861999999999999744e+01,2.566605834960937500e+02,1.492472076416015625e+01,1.156181240081787109e+01,4.000000000000000000e+00
3.864000000000000057e+01,2.568416137695312500e+02,1.498081016540527344e+01,1.154043483734130859e+01,4.000000000000000000e+00
3.866000000000000369e+01,2.570223388671875000e+02,1.503757667541503906e+01,1.151914596557617188e+01,4.000000000000000000e+00
3.867999999999999972e+01,2.572027587890625000e+02,1.509499740600585938e+01,1.149794769287109375e+01,4.000000000000000000e+00
3.870000000000000284e+01,2.573829040527343750e+02,1.515305519104003906e+01,1.147684288024902344e+01,4.000000000000000000e+00
3.871999999999999886e+01,2.575627441406250000e+02,1.521172904968261719e+01,1.145584011077880859e+01,4.000000000000000000e+00
3.874000000000000199e+01,2.577423400878906250e+02,1.527099990844726562e+01,1.143494319915771484e+01,4.000000000000000000e+00
3.875999999999999801e+01,2.579216308593750000e+02,1.533084774017333984e+01,1.141416645050048828e+01,4.000000000000000000e+00
3.878000000000000114e+01,2.581006774902343750e+02,1.539125347137451172e+01,1.139351749420166016e+01,4.000000000000000000e+00
3.880000000000000426e+01,2.582794494628906250e+02,1.545219516754150391e+01,1.137299823760986328e+01,4.000000000000000000e+00
3.882000000000000028e+01,2.584579772949218750e+02,1.551364994049072266e+01,1.135260772705078125e+01,4.000000000000000000e+00
3.884000000000000341e+01,2.586361999511718750e+02,1.557559585571289062e+01,1.133234786987304688e+01,4.000000000000000000e+00
3.885999999999999943e+01,2.588142089843750000e+02,1.563801193237304688e+01,1.131221961975097656e+01,4.000000000000000000e+00
3.888000000000000256e+01,2.589919738769531250e+02,1.570087242126464844e+01,1.129222202301025391e+01,4.000000000000000000e+00
3.889999999999999858e+01,2.591694946289062500e+02,1.576415634155273438e+01,1.127235794067382812e+01,4.000000000000000000e+00
3.892000000000000171e+01,2.593467407226562500e+02,1.582783699035644531e+01,1.125262832641601562e+01,4.000000000000000000e+00
3.893999999999999773e+01,2.595238037109375000e+02,1.589189434051513672e+01,1.123303604125976562e+01,4.000000000000000000e+00
3.896000000000000085e+01,2.597005920410156250e+02,1.595630168914794922e+01,1.121358203887939453e+01,4.000000000000000000e+00
3.898000000000000398e+01,2.598771972656250000e+02,1.602103614807128906e+01,1.119427013397216797e+01,4.000000000000000000e+00
3.900000000000000000e+01,2.600535583496093750e+02,1.608606719970703125e+01,1.117510128021240234e+01,4.000000000000000000e+00
3.902000000000000313e+01,2.602297363281250000e+02,1.615137672424316406e+01,1.115607738494873047e+01,4.000000000000000000e+00
3.903999999999999915e+01,2.604057312011718750e+02,1.621693801879882812e+01,1.113720130920410156e+01,4.000000000000000000e+00
3.906000000000000227e+01,2.605815429687500000e+02,1.628272438049316406e+01,1.111847591400146484e+01,4.000000000000000000e+00
3.907999999999999829e+01,2.607571411132812500e+02,1.634870910644531250e+01,1.109990215301513672e+01,4.000000000000000000e+00
3.910000000000000142e+01,2.609325561523437500e+02,1.641486549377441406e+01,1.108148288726806641e+01,4.000000000000000000e+00
3.911999999999999744e+01,2.611077880859375000e+02,1.648117065429687500e+01,1.106322002410888672e+01,4.000000000000000000e+00
3.914000000000000057e+01,2.612828674316406250e+02,1.654759216308593750e+01,1.104511547088623047e+01,4.000000000000000000e+00
3.916000000000000369e+01,2.614577941894531250e+02,1.661410903930664062e+01,1.102717018127441406e+01,4.000000000000000000e+00
3.917999999999999972e+01,2.616325683593750000e+02,1.668069267272949219e+01,1.100938606262207031e+01,4.000000000000000000e+00
3.920000000000000284e+01,2.618071899414062500e+02,1.674731636047363281e+01,1.099176406860351562e+01,4.000000000000000000e+00
3.921999999999999886e+01,2.619816589355468750e+02,1.681394958496093750e+01,1.097430515289306641e+01,4.000000000000000000e+00
3.924000000000000199e+01,2.621560058593750000e+02,1.688056945800781250e+01,1.095701026916503906e+01,4.000000000000000000e+00
3.925999999999999801e+01,2.623302307128906250e+02,1.694714927673339844e+01,1.093987846374511719e+01,4.000000000000000000e+00
3.928000000000000114e+01,2.625043334960937500e+02,1.701365661621093750e+01,1.092291259765625000e+01,4.000000000000000000e+00
3.930000000000000426e+01,2.626783142089843750e+02,1.708006858825683594e+01,1.090610885620117188e+01,4.000000000000000000e+00
3.932000000000000028e+01,2.628522033691406250e+02,1.714635848999023438e+01,1.088946914672851562e+01,4.000000000000000000e+00
3.934000000000000341e+01,2.630260009765625000e+02,1.721249771118164062e+01,1.087299156188964844e+01,4.000000000000000000e+00
3.935999999999999943e+01,2.631996765136718750e+02,1.727845382690429688e+01,1.085667610168457031e+01,4.000000000000000000e+00
3.938000000000000256e+01,2.633733215332031250e+02,1.734420394897460938e+01,1.084051895141601562e+01,4.000000000000000000e+00
3.939999999999999858e+01,2.635468444824218750e+02,1.740971946716308594e+01,1.082452011108398438e+01,4.000000000000000000e+00
3.942000000000000171e+01,2.637203369140625000e+02,1.747496986389160156e+01,1.080867576599121094e+01,4.000000000000000000e+00
3.943999999999999773e+01,2.638937377929687500e+02,1.753993034362792969e+01,1.079298496246337891e+01,4.000000000000000000e+00
3.946000000000000085e+01,2.640670776367187500e+02,1.760457038879394531e+01,1.077744388580322266e+01,4.000000000000000000e+00
3.948000000000000398e+01,2.642404174804687500e+02,1.766886711120605469e+01,1.076204967498779297e+01,4.000000000000000000e+00
3.950000000000000000e+01,2.644136962890625000e+02,1.773278999328613281e+01,1.074679756164550781e+01,4.000000000000000000e+00
3.952000000000000313e+01,2.645868835449218750e+02,1.779631042480468750e+01,1.073168468475341797e+01,4.000000000000000000e+00
3.953999999999999915e+01,2.647600708007812500e+02,1.785939979553222656e+01,1.071670722961425781e+01,4.000000000000000000e+00
3.956000000000000227e+01,2.649332580566406250e+02,1.792202758789062500e+01,1.070186138153076172e+01,4.000000000000000000e+00
3.957999999999999829e+01,2.651064453125000000e+02,1.798417282104492188e+01,1.068714141845703125e+01,4.000000000000000000e+00
3.960000000000000142e+01,2.652796325683593750e+02,1.804580688476562500e+01,1.067254066467285156e+01,4.000000000000000000e+00
3.961999999999999744e+01,2.654528198242187500e+02,1.810689735412597656e+01,1.065805816650390625e+01,4.000000000000000000e+00
3.964000000000000057e+01,2.656260070800781250e+02,1.816742134094238281e+01,1.064368724822998047e+01,4.000000000000000000e+00
3.966000000000000369e+01,2.657991943359375000e+02,1.822734832763671875e+01,1.062942314147949219e+01,4.000000000000000000e+00
3.967999999999999972e+01,2.659723815917968750e+02,1.828664970397949219e+01,1.061525917053222656e+01,4.000000000000000000e+00
3.970000000000000284e+01,2.661455688476562500e+02,1.834530067443847656e+01,1.060118961334228516e+01,4.000000000000000000e+00
3.971999999999999886e+01,2.663188476562500000e+02,1.840327453613281250e+01,1.058720970153808594e+01,4.000000000000000000e+00
3.974000000000000199e+01,2.664921875000000000e+02,1.846054267883300781e+01,1.057331275939941406e+01,4.000000000000000000e+00
3.975999999999999801e+01,2.666655273437500000e+02,1.851707839965820312e+01,1.055949401855468750e+01,4.000000000000000000e+00
3.978000000000000114e+01,2.668388671875000000e+02,1.857285499572753906e+01,1.054574680328369141e+01,4.000000000000000000e+00
3.980000000000000426e+01,2.670123596191406250e+02,1.862784194946289062e+01,1.053206443786621094e+01,4.000000000000000000e+00
3.982000000000000028e+01,2.671858520507812500e+02,1.868201637268066406e+01,1.051844120025634766e+01,4.000000000000000000e+00
3.984000000000000341e+01,2.673594360351562500e+02,1.873535156250000000e+01,1.050487041473388672e+01,4.000000000000000000e+00
3.985999999999999943e+01,2.675330810546875000e+02,1.878781890869140625e+01,1.049134731292724609e+01,4.000000000000000000e+00
3.988000000000000256e+01,2.677067871093750000e+02,1.883939361572265625e+01,1.047786521911621094e+01,4.000000000000000000e+00
3.989999999999999858e+01,2.678805847167968750e+02,1.889005088806152344e+01,1.046441650390625000e+01,4.000000000000000000e+00
3.992000000000000171e+01,2.680544433593750000e+02,1.893976593017578125e+01,1.045099735260009766e+01,4.000000000000000000e+00
3.993999999999999773e+01,2.682283935546875000e+02,1.898851394653320312e+01,1.043760204315185547e+01,4.000000000000000000e+00
3.996000000000000085e+01,2.684024353027343750e+02,1.903626823425292969e+01,1.042422485351562500e+01,4.000000000000000000e+00
3.998000000000000398e+01,2.685765380859375000e+02,1.908300781250000000e+01,1.041086101531982422e+01,4.000000000000000000e+00
4.000000000000000000e+01,2.687507629394531250e+02,1.912870788574218750e+01,1.039750766754150391e+01,4.000000000000000000e+00
4.002000000000000313e+01,2.689250488281250000e+02,1.917334747314453125e+01,1.038416194915771484e+01,4.000000000000000000e+00
4.003999999999999915e+01,2.690994567871093750e+02,1.921690177917480469e+01,1.037082004547119141e+01,4.000000000000000000e+00
4.006000000000000227e+01,2.692739257812500000e+02,1.925935173034667969e+01,1.035748100280761719e+01,4.000000000000000000e+00
4.007999999999999829e+01,2.694484863281250000e+02,1.930067443847656250e+01,1.034414196014404297e+01,4.000000000000000000e+00
4.010000000000000142e+01,2.696231689453125000e+02,1.934085273742675781e+01,1.033080005645751953e+01,4.000000000000000000e+00
4.011999999999999744e+01,2.697978820800781250e+02,1.937986755371093750e+01,1.031745624542236328e+01,4.000000000000000000e+00
4.014000000000000057e+01,2.699727478027343750e+02,1.941769981384277344e+01,1.030410861968994141e+01,4.000000000000000000e+00
4.016000000000000369e+01,2.701476440429687500e+02,1.945433235168457031e+01,1.029075622558593750e+01,4.000000000000000000e+00
4.017999999999999972e+01,2.703226623535156250e+02,1.948974800109863281e+01,1.027740001678466797e+01,4.000000000000000000e+00
4.020000000000000284e+01,2.704976806640625000e+02,1.952393150329589844e+01,1.026403903961181641e+01,4.000000000000000000e+00
4.021999999999999886e+01,2.706728515625000000e+02,1.955686759948730469e+01,1.025067520141601562e+01,4.000000000000000000e+00
4.024000000000000199e+01,2.708480224609375000e+02,1.958854484558105469e+01,1.023730945587158203e+01,4.000000000000000000e+00
4.025999999999999801e+01,2.710232849121093750e+02,1.961894798278808594e+01,1.022394180297851562e+01,4.000000000000000000e+00
4.028000000000000114e+01,2.711986083984375000e+02,1.964806365966796875e+01,1.021057128906250000e+01,4.000000000000000000e+00
4.030000000000000426e+01,2.713739318847656250e+02,1.967588233947753906e+01,1.019720554351806641e+01,4.000000000000000000e+00
4.032000000000000028e+01,2.715493164062500000e+02,1.970239257812500000e+01,1.018384075164794922e+01,4.000000000000000000e+00
4.034000000000000341e+01,2.717247924804687500e+02,1.972758483886718750e+01,1.017048168182373047e+01,4.000000000000000000e+00
4.035999999999999943e+01,2.719002685546875000e+02,1.975144958496093750e+01,1.015712928771972656e+01,4.000000000000000000e+00
4.038000000000000256e+01,2.720757446289062500e+02,1.977397918701171875e+01,1.014378547668457031e+01,4.000000000000000000e+00
4.039999999999999858e+01,2.722512207031250000e+02,1.979516601562500000e+01,1.013045406341552734e+01,4.000000000000000000e+00
4.042000000000000171e+01,2.724266967773437500e+02,1.981500434875488281e+01,1.011713600158691406e+01,4.000000000000000000e+00
4.043999999999999773e+01,2.726021728515625000e+02,1.983348846435546875e+01,1.010383415222167969e+01,4.000000000000000000e+00
4.046000000000000085e+01,2.727776489257812500e+02,1.985061264038085938e+01,1.009055137634277344e+01,4.000000000000000000e+00
4.048000000000000398e+01,2.729531250000000000e+02,1.986637306213378906e+01,1.007729053497314453e+01,4.000000000000000000e+00
4.050000000000000000e+01,2.731285095214843750e+02,1.988076591491699219e+01,1.006405353546142578e+01,4.000000000000000000e+00
4.052000000000000313e+01,2.733038330078125000e+02,1.989378929138183594e+01,1.005084323883056641e+01,4.000000000000000000e+00
4.053999999999999915e+01,2.734791564941406250e+02,1.990543937683105469e+01,1.003766250610351562e+01,4.000000000000000000e+00
4.056000000000000227e+01,2.736543884277343750e+02,1.991571617126464844e+01,1.002451515197753906e+01,4.000000000000000000e+00
4.057999999999999829e+01,2.738295593261718750e+02,1.992461967468261719e+01,1.001140308380126953e+01,4.000000000000000000e+00
4.060000000000000142e+01,2.740046081542968750e+02,1.993214988708496094e+01,9.998330116271972656e+00,4.000000000000000000e+00
4.061999999999999744e+01,2.741795959472656250e+02,1.993830680847167969e+01,9.985298156738281250e+00,4.000000000000000000e+00
4.064000000000000057e+01,2.743544616699218750e+02,1.994309043884277344e+01,9.972310066223144531e+00,4.000000000000000000e+00
4.066000000000000369e+01,2.745292053222656250e+02,1.994650459289550781e+01,9.959368705749511719e+00,4.000000000000000000e+00
4.067999999999999972e+01,2.747038269042968750e+02,1.994855117797851562e+01,9.946479797363281250e+00,4.000000000000000000e+00
4.070000000000000284e+01,2.748783264160156250e+02,1.994923591613769531e+01,9.933643341064453125e+00,4.000000000000000000e+00
4.071999999999999886e+01,2.750526733398437500e+02,1.994855690002441406e+01,9.920863151550292969e+00,4.000000000000000000e+00
4.074000000000000199e+01,2.752268676757812500e+02,1.994652366638183594e+01,9.908142089843750000e+00,4.000000000000000000e+00
4.075999999999999801e+01,2.754008789062500000e+02,1.994314002990722656e+01,9.895482063293457031e+00,4.000000000000000000e+00
4.078000000000000114e+01,2.755747375488281250e+02,1.993840980529785156e+01,9.882886886596679688e+00,4.000000000000000000e+00
4.080000000000000426e+01,2.757484130859375000e+02,1.993233871459960938e+01,9.870359420776367188e+00,4.000000000000000000e+00
4.082000000000000028e+01,2.759218444824218750e+02,1.992493629455566406e+01,9.857899665832519531e+00,4.000000000000000000e+00
4.084000000000000341e+01,2.760950927734375000e+02,1.991620635986328125e+01,9.845515251159667969e+00,4.000000000000000000e+00
4.085999999999999943e+01,2.762680969238281250e+02,1.990615653991699219e+01,9.833206176757812500e+00,4.000000000000000000e+00
4.088000000000000256e+01,2.764408874511718750e+02,1.989479637145996094e+01,9.820975303649902344e+00,4.000000000000000000e+00
4.089999999999999858e+01,2.766134033203125000e+02,1.988213348388671875e+01,9.808824539184570312e+00,4.000000000000000000e+00
4.092000000000000171e+01,2.767856750488281250e+02,1.986817359924316406e+01,9.796756744384765625e+00,4.000000000000000000e+00
4.093999999999999773e+01,2.769577026367187500e+02,1.985293197631835938e+01,9.784775733947753906e+00,4.000000000000000000e+00
4.096000000000000085e+01,2.771294555664062500e+02,1.983641433715820312e+01,9.772882461547851562e+00,4.000000000000000000e+00
4.098000000000000398e+01,2.773009033203125000e+02,1.981863212585449219e+01,9.761080741882324219e+00,4.000000000000000000e+00
4.100000000000000000e+01,2.774720764160156250e+02,1.979959678649902344e+01,9.749370574951171875e+00,4.000000000000000000e+00
4.102000000000000313e+01,2.776429443359375000e+02,1.977932167053222656e+01,9.737755775451660156e+00,4.000000000000000000e+00
4.103999999999999915e+01,2.778135070800781250e+02,1.975781250000000000e+01,9.726240158081054688e+00,4.000000000000000000e+00
4.106000000000000227e+01,2.779837646484375000e+02,1.973508453369140625e+01,9.714823722839355469e+00,4.000000000000000000e+00
4.107999999999999829e+01,2.781536865234375000e+02,1.971114921569824219e+01,9.703510284423828125e+00,4.000000000000000000e+00
4.110000000000000142e+01,2.783232727050781250e+02,1.968601989746093750e+01,9.692299842834472656e+00,4.000000000000000000e+00
4.111999999999999744e+01,2.784925231933593750e+02,1.965970993041992188e+01,9.681195259094238281e+00,4.000000000000000000e+00
4.114000000000000057e+01,2.786614074707031250e+02,1.963223075866699219e+01,9.670199394226074219e+00,4.000000000000000000e+00
4.116000000000000369e+01,2.788299255371093750e+02,1.960360145568847656e+01,9.659313201904296875e+00,4.000000000000000000e+00
4.117999999999999972e+01,2.789981079101562500e+02,1.957383155822753906e+01,9.648538589477539062e+00,4.000000000000000000e+00
4.120000000000000284e+01,2.791659240722656250e+02,1.954294013977050781e+01,9.637877464294433594e+00,4.000000000000000000e+00
4.121999999999999886e+01,2.793333435058593750e+02,1.951093673706054688e+01,9.627329826354980469e+00,4.000000000000000000e+00
4.124000000000000199e+01,2.795003967285156250e+02,1.947784233093261719e+01,9.616898536682128906e+00,4.000000000000000000e+00
4.125999999999999801e+01,2.796669921875000000e+02,1.944367218017578125e+01,9.606584548950195312e+00,4.000000000000000000e+00
4.128000000000000114e+01,2.798331909179687500e+02,1.940844345092773438e+01,9.596389770507812500e+00,4.000000000000000000e+00
4.130000000000000426e+01,2.799990234375000000e+02,1.937217140197753906e+01,9.586314201354980469e+00,4.000000000000000000e+00
4.132000000000000028e+01,2.801644287109375000e+02,1.933487510681152344e+01,9.576358795166015625e+00,4.000000000000000000e+00
4.134000000000000341e+01,2.803294067382812500e+02,1.929656791687011719e+01,9.566526412963867188e+00,4.000000000000000000e+00
4.135999999999999943e+01,2.804939575195312500e+02,1.925727462768554688e+01,9.556815147399902344e+00,4.000000000000000000e+00
4.138000000000000256e+01,2.806581115722656250e+02,1.921701049804687500e+01,9.547227859497070312e+00,4.000000000000000000e+00
4.139999999999999858e+01,2.808218078613281250e+02,1.917579460144042969e+01,9.537764549255371094e+00,4.000000000000000000e+00
4.142000000000000171e+01,2.809850769042968750e+02,1.913364601135253906e+01,9.528425216674804688e+00,4.000000000000000000e+00
4.143999999999999773e+01,2.811479187011718750e+02,1.909058761596679688e+01,9.519210815429687500e+00,4.000000000000000000e+00
4.146000000000000085e+01,2.813103027343750000e+02,1.904663848876953125e+01,9.510120391845703125e+00,4.000000000000000000e+00
4.148000000000000398e+01,2.814722595214843750e+02,1.900181579589843750e+01,9.501154899597167969e+00,4.000000000000000000e+00
4.150000000000000000e+01,2.816337890625000000e+02,1.895614624023437500e+01,9.492315292358398438e+00,4.000000000000000000e+00
4.152000000000000313e+01,2.817948608398437500e+02,1.890964698791503906e+01,9.483600616455078125e+00,4.000000000000000000e+00
4.153999999999999915e+01,2.819555053710937500e+02,1.886234474182128906e+01,9.475010871887207031e+00,4.000000000000000000e+00
4.156000000000000227e+01,2.821156921386718750e+02,1.881426048278808594e+01,9.466545104980468750e+00,4.000000000000000000e+00
4.157999999999999829e+01,2.822754211425781250e+02,1.876541519165039062e+01,9.458203315734863281e+00,4.000000000000000000e+00
4.160000000000000142e+01,2.824347229003906250e+02,1.871583366394042969e+01,9.449984550476074219e+00,4.000000000000000000e+00
4.161999999999999744e+01,2.825935974121093750e+02,1.866553878784179688e+01,9.441887855529785156e+00,4.000000000000000000e+00
4.164000000000000057e+01,2.827520141601562500e+02,1.861455535888671875e+01,9.433910369873046875e+00,4.000000000000000000e+00
4.166000000000000369e+01,2.829100036621093750e+02,1.856290817260742188e+01,9.426052093505859375e+00,4.000000000000000000e+00
4.167999999999999972e+01,2.830675659179687500e+02,1.851062011718750000e+01,9.418313026428222656e+00,4.000000000000000000e+00
4.170000000000000284e+01,2.832247009277343750e+02,1.845771789550781250e+01,9.410690307617187500e+00,4.000000000000000000e+00
4.171999999999999886e+01,2.833813781738281250e+02,1.840422630310058594e+01,9.403182983398437500e+00,4.000000000000000000e+00
4.174000000000000199e+01,2.835376586914062500e+02,1.835017013549804688e+01,9.395789146423339844e+00,4.000000000000000000e+00
4.175999999999999801e+01,2.836935119628906250e+02,1.829557228088378906e+01,9.388505935668945312e+00,4.000000000000000000e+00
4.178000000000000114e+01,2.838489685058593750e+02,1.824046134948730469e+01,9.381333351135253906e+00,4.000000000000000000e+00
4.180000000000000426e+01,2.840040283203125000e+02,1.818486213684082031e+01,9.374268531799316406e+00,4.000000000000000000e+00
4.182000000000000028e+01,2.841586303710937500e+02,1.812879753112792969e+01,9.367310523986816406e+00,4.000000000000000000e+00
4.184000000000000341e+01,2.843128662109375000e+02,1.807229423522949219e+01,9.360455513000488281e+00,4.000000000000000000e+00
4.185999999999999943e+01,2.844667053222656250e+02,1.801537704467773438e+01,9.353702545166015625e+00,4.000000000000000000e+00
4.188000000000000256e+01,2.846201782226562500e+02,1.795807075500488281e+01,9.347049713134765625e+00,4.000000000000000000e+00
4.189999999999999858e+01,2.847732543945312500e+02,1.790040016174316406e+01,9.340493202209472656e+00,4.000000000000000000e+00
4.192000000000000171e+01,2.849259948730468750e+02,1.784239006042480469e+01,9.334032058715820312e+00,4.000000000000000000e+00
4.193999999999999773e+01,2.850783996582031250e+02,1.778406715393066406e+01,9.327665328979492188e+00,4.000000000000000000e+00
4.196000000000000085e+01,2.852304077148437500e+02,1.772545433044433594e+01,9.321388244628906250e+00,4.000000000000000000e+00
4.198000000000000398e+01,2.853821105957031250e+02,1.766657257080078125e+01,9.315200805664062500e+00,4.000000000000000000e+00
4.200000000000000000e+01,2.855334472656250000e+02,1.760744857788085938e+01,9.309098243713378906e+00,4.000000000000000000e+00
4.202000000000000313e+01,2.856844787597656250e+02,1.754810523986816406e+01,9.303079605102539062e+00,4.000000000000000000e+00
4.203999999999999915e+01,2.858351745605468750e+02,1.748856925964355469e+01,9.297142028808593750e+00,4.000000000000000000e+00
4.206000000000000227e+01,2.859855651855468750e+02,1.742886161804199219e+01,9.291283607482910156e+00,4.000000000000000000e+00
4.207999999999999829e+01,2.861356506347656250e+02,1.736900901794433594e+01,9.285500526428222656e+00,4.000000000000000000e+00
4.210000000000000142e+01,2.862854309082031250e+02,1.730903053283691406e+01,9.279792785644531250e+00,4.000000000000000000e+00
4.211999999999999744e+01,2.864349365234375000e+02,1.724895095825195312e+01,9.274155616760253906e+00,4.000000000000000000e+00
4.214000000000000057e+01,2.865841674804687500e+02,1.718879318237304688e+01,9.268586158752441406e+00,4.000000000000000000e+00
4.216000000000000369e+01,2.867331542968750000e+02,1.712858009338378906e+01,9.263082504272460938e+00,4.000000000000000000e+00
4.217999999999999972e+01,2.868818664550781250e+02,1.706833457946777344e+01,9.257641792297363281e+00,4.000000000000000000e+00
4.220000000000000284e+01,2.870303344726562500e+02,1.700808143615722656e+01,9.252262115478515625e+00,4.000000000000000000e+00
4.221999999999999886e+01,2.871785583496093750e+02,1.694783973693847656e+01,9.246941566467285156e+00,4.000000000000000000e+00
4.224000000000000199e+01,2.873265380859375000e+02,1.688763427734375000e+01,9.241675376892089844e+00,4.000000000000000000e+00
4.225999999999999801e+01,2.874743041992187500e+02,1.682748413085937500e+01,9.236463546752929688e+00,4.000000000000000000e+00
4.228000000000000114e+01,2.876218566894531250e+02,1.676741409301757812e+01,9.231301307678222656e+00,4.000000000000000000e+00
4.230000000000000426e+01,2.877691955566406250e+02,1.670744514465332031e+01,9.226187705993652344e+00,4.000000000000000000e+00
4.232000000000000028e+01,2.879163513183593750e+02,1.664759635925292969e+01,9.221118927001953125e+00,4.000000000000000000e+00
4.234000000000000341e+01,2.880633239746093750e+02,1.658789253234863281e+01,9.216092109680175781e+00,4.000000000000000000e+00
4.235999999999999943e+01,2.882101135253906250e+02,1.652835273742675781e+01,9.211106300354003906e+00,4.000000000000000000e+00
4.238000000000000256e+01,2.883567504882812500e+02,1.646899795532226562e+01,9.206157684326171875e+00,4.000000000000000000e+00
4.239999999999999858e+01,2.885032348632812500e+02,1.640984916687011719e+01,9.201244354248046875e+00,4.000000000000000000e+00
4.242000000000000171e+01,2.886495666503906250e+02,1.635093116760253906e+01,9.196363449096679688e+00,4.000000000000000000e+00
4.243999999999999773e+01,2.887957458496093750e+02,1.629225921630859375e+01,9.191512107849121094e+00,4.000000000000000000e+00
4.246000000000000085e+01,2.889418029785156250e+02,1.623385620117187500e+01,9.186686515808105469e+00,4.000000000000000000e+00
4.248000000000000398e+01,2.890877380371093750e+02,1.617574119567871094e+01,9.181884765625000000e+00,4.000000000000000000e+00
4.250000000000000000e+01,2.892335815429687500e+02,1.611793518066406250e+01,9.177106857299804688e+00,4.000000000000000000e+00
4.252000000000000313e+01,2.893793029785156250e+02,1.606045722961425781e+01,9.172349929809570312e+00,4.000000000000000000e+00
4.253999999999999915e+01,2.895249023437500000e+02,1.600333023071289062e+01,9.167610168457031250e+00,4.000000000000000000e+00
4.256000000000000227e+01,2.896704711914062500e+02,1.594657230377197266e+01,9.162884712219238281e+00,4.000000000000000000e+00
4.257999999999999829e+01,2.898158874511718750e+02,1.589020252227783203e+01,9.158171653747558594e+00,4.000000000000000000e+00
4.260000000000000142e+01,2.899613037109375000e+02,1.583424282073974609e+01,9.153468132019042969e+00,4.000000000000000000e+00
4.261999999999999744e+01,2.901065979003906250e+02,1.577871036529541016e+01,9.148773193359375000e+00,4.000000000000000000e+00
4.264000000000000057e+01,2.902518615722656250e+02,1.572362613677978516e+01,9.144082069396972656e+00,4.000000000000000000e+00
4.266000000000000369e+01,2.903971252441406250e+02,1.566900920867919922e+01,9.139394760131835938e+00,4.000000000000000000e+00
4.267999999999999972e+01,2.905422973632812500e+02,1.561487960815429688e+01,9.134707450866699219e+00,4.000000000000000000e+00
4.270000000000000284e+01,2.906874084472656250e+02,1.556125450134277344e+01,9.130017280578613281e+00,4.000000000000000000e+00
4.271999999999999886e+01,2.908325195312500000e+02,1.550815582275390625e+01,9.125323295593261719e+00,4.000000000000000000e+00
4.274000000000000199e+01,2.909776306152343750e+02,1.545560073852539062e+01,9.120621681213378906e+00,4.000000000000000000e+00
4.275999999999999801e+01,2.911227416992187500e+02,1.540360927581787109e+01,9.115911483764648438e+00,4.000000000000000000e+00
4.278000000000000114e+01,2.912678527832031250e+02,1.535220146179199219e+01,9.111189842224121094e+00,4.000000000000000000e+00
4.280000000000000426e+01,2.914129638671875000e+02,1.530139446258544922e+01,9.106452941894531250e+00,4.000000000000000000e+00
4.282000000000000028e+01,2.915580749511718750e+02,1.525120735168457031e+01,9.101700782775878906e+00,4.000000000000000000e+00
4.284000000000000341e+01,2.917031860351562500e+02,1.520166015625000000e+01,9.096930503845214844e+00,4.000000000000000000e+00
4.285999999999999943e+01,2.918482971191406250e+02,1.515277194976806641e+01,9.092138290405273438e+00,4.000000000000000000e+00
4.288000000000000256e+01,2.919934997558593750e+02,1.510456085205078125e+01,9.087325096130371094e+00,4.000000000000000000e+00
4.289999999999999858e+01,2.921387634277343750e+02,1.505704784393310547e+01,9.082485198974609375e+00,4.000000000000000000e+00
4.292000000000000171e+01,2.922840270996093750e+02,1.501025009155273438e+01,9.077619552612304688e+00,4.000000000000000000e+00
4.293999999999999773e+01,2.924292907714843750e+02,1.496418857574462891e+01,9.072725296020507812e+00,4.000000000000000000e+00
4.296000000000000085e+01,2.925747070312500000e+02,1.491887950897216797e+01,9.067799568176269531e+00,4.000000000000000000e+00
4.298000000000000398e+01,2.927201232910156250e+02,1.487434387207031250e+01,9.062840461730957031e+00,4.000000000000000000e+00
4.300000000000000000e+01,2.928656005859375000e+02,1.483059883117675781e+01,9.057846069335937500e+00,4.000000000000000000e+00
4.302000000000000313e+01,2.930111694335937500e+02,1.478766441345214844e+01,9.052813529968261719e+00,4.000000000000000000e+00
4.303999999999999915e+01,2.931567382812500000e+02,1.474556064605712891e+01,9.047742843627929688e+00,4.000000000000000000e+00
4.306000000000000227e+01,2.933024597167968750e+02,1.470430469512939453e+01,9.042630195617675781e+00,4.000000000000000000e+00
4.307999999999999829e+01,2.934481811523437500e+02,1.466391754150390625e+01,9.037474632263183594e+00,4.000000000000000000e+00
4.310000000000000142e+01,2.935940551757812500e+02,1.462441539764404297e+01,9.032272338867187500e+00,4.000000000000000000e+00
4.311999999999999744e+01,2.937399597167968750e+02,1.458581733703613281e+01,9.027027130126953125e+00,4.000000000000000000e+00
4.314000000000000057e+01,2.938859863281250000e+02,1.454814338684082031e+01,9.021734237670898438e+00,4.000000000000000000e+00
4.316000000000000369e+01,2.940320739746093750e+02,1.451141262054443359e+01,9.016390800476074219e+00,4.000000000000000000e+00
4.317999999999999972e+01,2.941782531738281250e+02,1.447564220428466797e+01,9.010997772216796875e+00,4.000000000000000000e+00
4.320000000000000284e+01,2.943245239257812500e+02,1.444085121154785156e+01,9.005554199218750000e+00,4.000000000000000000e+00
4.321999999999999886e+01,2.944708557128906250e+02,1.440705871582031250e+01,9.000059127807617188e+00,4.000000000000000000e+00
4.324000000000000199e+01,2.946173095703125000e+02,1.437428092956542969e+01,8.994512557983398438e+00,4.000000000000000000e+00
4.325999999999999801e+01,2.947637939453125000e+02,1.434253501892089844e+01,8.988913536071777344e+00,4.000000000000000000e+00
4.328000000000000114e+01,2.949104309082031250e+02,1.431184005737304688e+01,8.983262062072753906e+00,4.000000000000000000e+00
4.330000000000000426e+01,2.950570983886718750e+02,1.428221130371093750e+01,8.977558135986328125e+00,4.000000000000000000e+00
4.332000000000000028e+01,2.952038879394531250e+02,1.425366878509521484e+01,8.971801757812500000e+00,4.000000000000000000e+00
4.334000000000000341e+01,2.953507385253906250e+02,1.422622585296630859e+01,8.965993881225585938e+00,4.000000000000000000e+00
4.335999999999999943e+01,2.954976806640625000e+02,1.419990062713623047e+01,8.960134506225585938e+00,4.000000000000000000e+00
4.338000000000000256e+01,2.956446838378906250e+02,1.417470932006835938e+01,8.954225540161132812e+00,4.000000000000000000e+00
4.339999999999999858e+01,2.957917785644531250e+02,1.415066814422607422e+01,8.948265075683593750e+00,4.000000000000000000e+00
4.342000000000000171e+01,2.959388732910156250e+02,1.412779140472412109e+01,8.942256927490234375e+00,4.000000000000000000e+00
4.343999999999999773e+01,2.960861206054687500e+02,1.410609531402587891e+01,8.936201095581054688e+00,4.000000000000000000e+00
4.346000000000000085e+01,2.962333679199218750e+02,1.408559322357177734e+01,8.930097579956054688e+00,4.000000000000000000e+00
4.348000000000000398e+01,2.963806152343750000e+02,1.406630039215087891e+01,8.923946380615234375e+00,4.000000000000000000e+00
4.350000000000000000e+01,2.965280151367187500e+02,1.404823017120361328e+01,8.917752265930175781e+00,4.000000000000000000e+00
4.352000000000000313e+01,2.966754150390625000e+02,1.403139781951904297e+01,8.911514282226562500e+00,4.000000000000000000e+00
4.353999999999999915e+01,2.968228149414062500e+02,1.401581382751464844e+01,8.905233383178710938e+00,4.000000000000000000e+00
4.356000000000000227e+01,2.969702148437500000e+02,1.400149250030517578e+01,8.898912429809570312e+00,4.000000000000000000e+00
4.357999999999999829e+01,2.971176147460937500e+02,1.398844623565673828e+01,8.892552375793457031e+00,4.000000000000000000e+00
4.360000000000000142e+01,2.972650146484375000e+02,1.397668647766113281e+01,8.886154174804687500e+00,4.000000000000000000e+00
4.361999999999999744e+01,2.974124145507812500e+02,1.396622467041015625e+01,8.879720687866210938e+00,4.000000000000000000e+00
4.364000000000000057e+01,2.975598144531250000e+02,1.395707130432128906e+01,8.873250961303710938e+00,4.000000000000000000e+00
4.366000000000000369e+01,2.977072143554687500e+02,1.394923782348632812e+01,8.866748809814453125e+00,4.000000000000000000e+00
4.367999999999999972e+01,2.978546142578125000e+02,1.394273376464843750e+01,8.860214233398437500e+00,4.000000000000000000e+00
4.370000000000000284e+01,2.980020141601562500e+02,1.393756675720214844e+01,8.853651046752929688e+00,4.000000000000000000e+00
4.371999999999999886e+01,2.981492614746093750e+02,1.393374729156494141e+01,8.847060203552246094e+00,4.000000000000000000e+00
4.374000000000000199e+01,2.982965087890625000e+02,1.393128204345703125e+01,8.840441703796386719e+00,4.000000000000000000e+00
4.375999999999999801e+01,2.984436645507812500e+02,1.393018054962158203e+01,8.833799362182617188e+00,4.000000000000000000e+00
4.378000000000000114e+01,2.985907592773437500e+02,1.393044853210449219e+01,8.827137947082519531e+00,4.000000000000000000e+00
4.380000000000000426e+01,2.987377014160156250e+02,1.393209362030029297e+01,8.820458412170410156e+00,4.000000000000000000e+00
4.382000000000000028e+01,2.988845520019531250e+02,1.393512153625488281e+01,8.813761711120605469e+00,4.000000000000000000e+00
4.384000000000000341e+01,2.990312805175781250e+02,1.393953418731689453e+01,8.807050704956054688e+00,4.000000000000000000e+00
4.385999999999999943e+01,2.991778869628906250e+02,1.394533824920654297e+01,8.800328254699707031e+00,4.000000000000000000e+00
4.388000000000000256e+01,2.993243408203125000e+02,1.395253753662109375e+01,8.793597221374511719e+00,4.000000000000000000e+00
4.389999999999999858e+01,2.994706420898437500e+02,1.396113491058349609e+01,8.786859512329101562e+00,4.000000000000000000e+00
4.392000000000000171e+01,2.996167602539062500e+02,1.397113323211669922e+01,8.780117034912109375e+00,4.000000000000000000e+00
4.393999999999999773e+01,2.997626953125000000e+02,1.398253440856933594e+01,8.773374557495117188e+00,4.000000000000000000e+00
4.396000000000000085e+01,2.999084167480468750e+02,1.399533748626708984e+01,8.766633987426757812e+00,4.000000000000000000e+00
4.398000000000000398e+01,3.000539245605468750e+02,1.400954627990722656e+01,8.759898185729980469e+00,4.000000000000000000e+00
4.400000000000000000e+01,3.001991882324218750e+02,1.402515792846679688e+01,8.753170013427734375e+00,4.000000000000000000e+00
4.402000000000000313e+01,3.003442382812500000e+02,1.404217338562011719e+01,8.746451377868652344e+00,4.000000000000000000e+00
4.403999999999999915e+01,3.004890136718750000e+02,1.406059074401855469e+01,8.739746093750000000e+00,4.000000000000000000e+00
4.406000000000000227e+01,3.006335144042968750e+02,1.408040809631347656e+01,8.733056068420410156e+00,4.000000000000000000e+00
4.407999999999999829e+01,3.007777404785156250e+02,1.410162162780761719e+01,8.726383209228515625e+00,4.000000000000000000e+00
4.410000000000000142e+01,3.009216613769531250e+02,1.412422943115234375e+01,8.719731330871582031e+00,4.000000000000000000e+00
4.411999999999999744e+01,3.010652770996093750e+02,1.414822673797607422e+01,8.713103294372558594e+00,4.000000000000000000e+00
4.414000000000000057e+01,3.012085876464843750e+02,1.417360877990722656e+01,8.706501007080078125e+00,4.000000000000000000e+00
4.416000000000000369e+01,3.013515319824218750e+02,1.420037174224853516e+01,8.699927330017089844e+00,4.000000000000000000e+00
4.417999999999999972e+01,3.014941406250000000e+02,1.422850894927978516e+01,8.693385124206542969e+00,4.000000000000000000e+00
4.420000000000000284e+01,3.016363830566406250e+02,1.425801372528076172e+01,8.686875343322753906e+00,4.000000000000000000e+00
4.421999999999999886e+01,3.017782592773437500e+02,1.428887939453125000e+01,8.680402755737304688e+00,4.000000000000000000e+00
4.424000000000000199e+01,3.019197387695312500e+02,1.432109928131103516e+01,8.673968315124511719e+00,4.000000000000000000e+00
4.425999999999999801e+01,3.020607604980468750e+02,1.435466575622558594e+01,8.667574882507324219e+00,4.000000000000000000e+00
4.428000000000000114e+01,3.022014160156250000e+02,1.438956928253173828e+01,8.661224365234375000e+00,4.000000000000000000e+00
4.430000000000000426e+01,3.023416137695312500e+02,1.442580032348632812e+01,8.654920578002929688e+00,4.000000000000000000e+00
4.432000000000000028e+01,3.024813537597656250e+02,1.446335124969482422e+01,8.648664474487304688e+00,4.000000000000000000e+00
4.434000000000000341e+01,3.026206665039062500e+02,1.450220966339111328e+01,8.642458915710449219e+00,4.000000000000000000e+00
4.435999999999999943e+01,3.027594909667968750e+02,1.454236698150634766e+01,8.636305809020996094e+00,4.000000000000000000e+00
4.438000000000000256e+01,3.028978271484375000e+02,1.458381080627441406e+01,8.630208969116210938e+00,4.000000000000000000e+00
4.439999999999999858e+01,3.030356750488281250e+02,1.462652969360351562e+01,8.624168395996093750e+00,4.000000000000000000e+00
4.442000000000000171e+01,3.031730651855468750e+02,1.467051219940185547e+01,8.618187904357910156e+00,4.000000000000000000e+00
4.443999999999999773e+01,3.033099060058593750e+02,1.471574497222900391e+01,8.612267494201660156e+00,4.000000000000000000e+00
4.446000000000000085e+01,3.034462280273437500e+02,1.476221561431884766e+01,8.606410980224609375e+00,4.000000000000000000e+00
4.448000000000000398e+01,3.035820312500000000e+02,1.480991172790527344e+01,8.600620269775390625e+00,4.000000000000000000e+00
4.450000000000000000e+01,3.037172851562500000e+02,1.485881710052490234e+01,8.594897270202636719e+00,4.000000000000000000e+00
4.452000000000000313e+01,3.038519592285156250e+02,1.490891838073730469e+01,8.589241981506347656e+00,4.000000000000000000e+00
4.453999999999999915e+01,3.039861145019531250e+02,1.496020126342773438e+01,8.583658218383789062e+00,4.000000000000000000e+00
4.456000000000000227e+01,3.041196899414062500e+02,1.501265144348144531e+01,8.578145980834960938e+00,4.000000000000000000e+00
4.457999999999999829e+01,3.042526855468750000e+02,1.506625270843505859e+01,8.572710037231445312e+00,4.000000000000000000e+00
4.460000000000000142e+01,3.043850708007812500e+02,1.512099075317382812e+01,8.567349433898925781e+00,4.000000000000000000e+00
4.461999999999999744e+01,3.045168762207031250e+02,1.517684650421142578e+01,8.562067031860351562e+00,4.000000000000000000e+00
4.464000000000000057e+01,3.046480712890625000e+02,1.523380470275878906e+01,8.556862831115722656e+00,4.000000000000000000e+00
4.466000000000000369e+01,3.047786865234375000e+02,1.529184818267822266e+01,8.551738739013671875e+00,4.000000000000000000e+00
4.467999999999999972e+01,3.049086914062500000e+02,1.535095787048339844e+01,8.546697616577148438e+00,4.000000000000000000e+00
4.470000000000000284e+01,3.050380859375000000e+02,1.541111660003662109e+01,8.541738510131835938e+00,4.000000000000000000e+00
4.471999999999999886e+01,3.051668395996093750e+02,1.547230720520019531e+01,8.536864280700683594e+00,4.000000000000000000e+00
4.474000000000000199e+01,3.052949829101562500e+02,1.553450965881347656e+01,8.532074928283691406e+00,4.000000000000000000e+00
4.475999999999999801e+01,3.054224853515625000e+02,1.559770393371582031e+01,8.527371406555175781e+00,4.000000000000000000e+00
4.478000000000000114e+01,3.055493469238281250e+02,1.566187286376953125e+01,8.522756576538085938e+00,4.000000000000000000e+00
4.480000000000000426e+01,3.056755676269531250e+02,1.572699546813964844e+01,8.518229484558105469e+00,4.000000000000000000e+00
4.482000000000000028e+01,3.058011474609375000e+02,1.579305076599121094e+01,8.513792037963867188e+00,4.000000000000000000e+00
4.484000000000000341e+01,3.059261169433593750e+02,1.586002159118652344e+01,8.509445190429687500e+00,4.000000000000000000e+00
4.485999999999999943e+01,3.060504150390625000e+02,1.592788505554199219e+01,8.505188941955566406e+00,4.000000000000000000e+00
4.488000000000000256e+01,3.061740722656250000e+02,1.599662017822265625e+01,8.501023292541503906e+00,4.000000000000000000e+00
4.489999999999999858e+01,3.062970886230468750e+02,1.606620788574218750e+01,8.496950149536132812e+00,4.000000000000000000e+00
4.492000000000000171e+01,3.064194641113281250e+02,1.613662719726562500e+01,8.492968559265136719e+00,4.000000000000000000e+00
4.493999999999999773e+01,3.065412292480468750e+02,1.620785522460937500e+01,8.489077568054199219e+00,4.000000000000000000e+00
4.496000000000000085e+01,3.066623535156250000e+02,1.627987480163574219e+01,8.485278129577636719e+00,4.000000000000000000e+00
4.498000000000000398e+01,3.067828063964843750e+02,1.635266494750976562e+01,8.481569290161132812e+00,4.000000000000000000e+00
4.500000000000000000e+01,3.069026489257812500e+02,1.642620086669921875e+01,8.477951049804687500e+00,4.000000000000000000e+00
4.502000000000000313e+01,3.070218505859375000e+02,1.650046348571777344e+01,8.474423408508300781e+00,4.000000000000000000e+00
4.503999999999999915e+01,3.071404113769531250e+02,1.657543373107910156e+01,8.470984458923339844e+00,4.000000000000000000e+00
4.506000000000000227e+01,3.072583618164062500e+02,1.665108871459960938e+01,8.467634201049804688e+00,4.000000000000000000e+00
4.507999999999999829e+01,3.073757019042968750e+02,1.672740745544433594e+01,8.464370727539062500e+00,4.000000000000000000e+00
4.510000000000000142e+01,3.074924316406250000e+02,1.680437278747558594e+01,8.461194038391113281e+00,4.000000000000000000e+00
4.511999999999999744e+01,3.076085510253906250e+02,1.688195991516113281e+01,8.458102226257324219e+00,4.000000000000000000e+00
4.514000000000000057e+01,3.077240905761718750e+02,1.696014976501464844e+01,8.455094337463378906e+00,4.000000000000000000e+00
4.516000000000000369e+01,3.078390197753906250e+02,1.703892326354980469e+01,8.452167510986328125e+00,4.000000000000000000e+00
4.517999999999999972e+01,3.079533691406250000e+02,1.711825752258300781e+01,8.449322700500488281e+00,4.000000000000000000e+00
4.520000000000000284e+01,3.080671386718750000e+02,1.719813346862792969e+01,8.446555137634277344e+00,4.000000000000000000e+00
4.521999999999999886e+01,3.081803283691406250e+02,1.727853202819824219e+01,8.443865776062011719e+00,4.000000000000000000e+00
4.524000000000000199e+01,3.082929687500000000e+02,1.735943222045898438e+01,8.441252708435058594e+00,4.000000000000000000e+00
4.525999999999999801e+01,3.084050292968750000e+02,1.744081687927246094e+01,8.438712120056152344e+00,4.000000000000000000e+00
4.528000000000000114e+01,3.085165405273437500e+02,1.752266311645507812e+01,8.436242103576660156e+00,4.000000000000000000e+00
4.530000000000000426e+01,3.086275329589843750e+02,1.760495376586914062e+01,8.433843612670898438e+00,4.000000000000000000e+00
4.532000000000000028e+01,3.087380065917968750e+02,1.768766975402832031e+01,8.431514739990234375e+00,4.000000000000000000e+00
4.534000000000000341e+01,3.088479614257812500e+02,1.777079010009765625e+01,8.429252624511718750e+00,4.000000000000000000e+00
4.535999999999999943e+01,3.089574279785156250e+02,1.785429573059082031e+01,8.427056312561035156e+00,4.000000000000000000e+00
4.538000000000000256e+01,3.090663757324218750e+02,1.793817329406738281e+01,8.424921989440917969e+00,4.000000000000000000e+00
4.539999999999999858e+01,3.091748046875000000e+02,1.802239990234375000e+01,8.422848701477050781e+00,4.000000000000000000e+00
4.542000000000000171e+01,3.092827758789062500e+02,1.810696029663085938e+01,8.420835494995117188e+00,4.000000000000000000e+00
4.543999999999999773e+01,3.093902893066406250e+02,1.819183349609375000e+01,8.418878555297851562e+00,4.000000000000000000e+00
4.546000000000000085e+01,3.094973449707031250e+02,1.827700614929199219e+01,8.416977882385253906e+00,4.000000000000000000e+00
4.548000000000000398e+01,3.096039733886718750e+02,1.836245727539062500e+01,8.415130615234375000e+00,4.000000000000000000e+00
4.550000000000000000e+01,3.097101440429687500e+02,1.844816970825195312e+01,8.413334846496582031e+00,4.000000000000000000e+00
4.552000000000000313e+01,3.098159179687500000e+02,1.853412818908691406e+01,8.411589622497558594e+00,4.000000000000000000e+00
4.553999999999999915e+01,3.099212341308593750e+02,1.862031745910644531e+01,8.409892082214355469e+00,4.000000000000000000e+00
4.556000000000000227e+01,3.100261840820312500e+02,1.870671653747558594e+01,8.408240318298339844e+00,4.000000000000000000e+00
4.557999999999999829e+01,3.101307373046875000e+02,1.879331016540527344e+01,8.406633377075195312e+00,4.000000000000000000e+00
4.560000000000000142e+01,3.102349243164062500e+02,1.888008689880371094e+01,8.405067443847656250e+00,4.000000000000000000e+00
4.561999999999999744e+01,3.103387451171875000e+02,1.896702766418457031e+01,8.403543472290039062e+00,4.000000000000000000e+00
4.564000000000000057e+01,3.104422302246093750e+02,1.905411720275878906e+01,8.402057647705078125e+00,4.000000000000000000e+00
4.566000000000000369e+01,3.105453796386718750e+02,1.914133644104003906e+01,8.400609016418457031e+00,4.000000000000000000e+00
4.567999999999999972e+01,3.106481933593750000e+02,1.922867393493652344e+01,8.399194717407226562e+00,4.000000000000000000e+00
4.570000000000000284e+01,3.107507019042968750e+02,1.931611633300781250e+01,8.397813796997070312e+00,4.000000000000000000e+00
4.571999999999999886e+01,3.108529052734375000e+02,1.940364265441894531e+01,8.396465301513671875e+00,4.000000000000000000e+00
4.574000000000000199e+01,3.109548339843750000e+02,1.949124145507812500e+01,8.395146369934082031e+00,4.000000000000000000e+00
4.575999999999999801e+01,3.110564880371093750e+02,1.957889938354492188e+01,8.393855094909667969e+00,4.000000000000000000e+00
4.578000000000000114e+01,3.111578674316406250e+02,1.966659736633300781e+01,8.392591476440429688e+00,4.000000000000000000e+00
4.580000000000000426e+01,3.112590026855468750e+02,1.975432586669921875e+01,8.391351699829101562e+00,4.000000000000000000e+00
4.582000000000000028e+01,3.113599243164062500e+02,1.984206962585449219e+01,8.390135765075683594e+00,4.000000000000000000e+00
4.584000000000000341e+01,3.114606018066406250e+02,1.992981338500976562e+01,8.388938903808593750e+00,4.000000000000000000e+00
4.585999999999999943e+01,3.115610961914062500e+02,2.001754379272460938e+01,8.387763023376464844e+00,4.000000000000000000e+00
4.588000000000000256e+01,3.116613769531250000e+02,2.010524559020996094e+01,8.386605262756347656e+00,4.000000000000000000e+00
4.589999999999999858e+01,3.117615051269531250e+02,2.019290733337402344e+01,8.385463714599609375e+00,4.000000000000000000e+00
4.592000000000000171e+01,3.118614501953125000e+02,2.028051185607910156e+01,8.384336471557617188e+00,4.000000000000000000e+00
4.593999999999999773e+01,3.119612426757812500e+02,2.036804771423339844e+01,8.383221626281738281e+00,4.000000000000000000e+00
4.596000000000000085e+01,3.120608825683593750e+02,2.045549964904785156e+01,8.382119178771972656e+00,4.000000000000000000e+00
4.598000000000000398e+01,3.121603698730468750e+02,2.054285621643066406e+01,8.381026268005371094e+00,4.000000000000000000e+00
4.600000000000000000e+01,3.122597351074218750e+02,2.063010597229003906e+01,8.379941940307617188e+00,4.000000000000000000e+00
4.602000000000000313e+01,3.123590393066406250e+02,2.071723365783691406e+01,8.378865242004394531e+00,4.000000000000000000e+00
4.603999999999999915e+01,3.124582214355468750e+02,2.080422782897949219e+01,8.377792358398437500e+00,4.000000000000000000e+00
4.606000000000000227e+01,3.125573425292968750e+02,2.089107322692871094e+01,8.376724243164062500e+00,4.000000000000000000e+00
4.607999999999999829e+01,3.126563720703125000e+02,2.097775459289550781e+01,8.375656127929687500e+00,4.000000000000000000e+00
4.610000000000000142e+01,3.127554016113281250e+02,2.106426048278808594e+01,8.374588012695312500e+00,4.000000000000000000e+00
4.611999999999999744e+01,3.128544311523437500e+02,2.115057563781738281e+01,8.373519897460937500e+00,4.000000000000000000e+00
4.614000000000000057e+01,3.129533081054687500e+02,2.123668670654296875e+01,8.372450828552246094e+00,4.000000000000000000e+00
4.616000000000000369e+01,3.130521850585937500e+02,2.132258033752441406e+01,8.371376991271972656e+00,4.000000000000000000e+00
4.617999999999999972e+01,3.131510620117187500e+02,2.140824699401855469e+01,8.370297431945800781e+00,4.000000000000000000e+00
4.620000000000000284e+01,3.132500610351562500e+02,2.149366569519042969e+01,8.369210243225097656e+00,4.000000000000000000e+00
4.621999999999999886e+01,3.133490905761718750e+02,2.157883071899414062e+01,8.368114471435546875e+00,4.000000000000000000e+00
4.624000000000000199e+01,3.134481201171875000e+02,2.166372489929199219e+01,8.367007255554199219e+00,4.000000000000000000e+00
4.625999999999999801e+01,3.135472106933593750e+02,2.174833488464355469e+01,8.365887641906738281e+00,4.000000000000000000e+00
4.628000000000000114e+01,3.136463928222656250e+02,2.183264541625976562e+01,8.364754676818847656e+00,4.000000000000000000e+00
4.630000000000000426e+01,3.137456359863281250e+02,2.191664886474609375e+01,8.363607406616210938e+00,4.000000000000000000e+00
4.632000000000000028e+01,3.138449707031250000e+02,2.200032424926757812e+01,8.362442016601562500e+00,4.000000000000000000e+00
4.634000000000000341e+01,3.139444580078125000e+02,2.208366584777832031e+01,8.361257553100585938e+00,4.000000000000000000e+00
4.635999999999999943e+01,3.140440368652343750e+02,2.216665649414062500e+01,8.360051155090332031e+00,4.000000000000000000e+00
4.638000000000000256e+01,3.141437377929687500e+02,2.224928283691406250e+01,8.358825683593750000e+00,4.000000000000000000e+00
4.639999999999999858e+01,3.142435913085937500e+02,2.233153343200683594e+01,8.357575416564941406e+00,4.000000000000000000e+00
4.642000000000000171e+01,3.143436279296875000e+02,2.241339302062988281e+01,8.356297492980957031e+00,4.000000000000000000e+00
4.643999999999999773e+01,3.144438171386718750e+02,2.249484825134277344e+01,8.354992866516113281e+00,4.000000000000000000e+00
4.646000000000000085e+01,3.145441894531250000e+02,2.257588195800781250e+01,8.353659629821777344e+00,4.000000000000000000e+00
4.648000000000000398e+01,3.146447753906250000e+02,2.265648460388183594e+01,8.352293968200683594e+00,4.000000000000000000e+00
4.650000000000000000e+01,3.147455749511718750e+02,2.273664283752441406e+01,8.350895881652832031e+00,4.000000000000000000e+00
4.652000000000000313e+01,3.148465881347656250e+02,2.281633949279785156e+01,8.349462509155273438e+00,4.000000000000000000e+00
4.653999999999999915e+01,3.149478454589843750e+02,2.289556121826171875e+01,8.347992897033691406e+00,4.000000000000000000e+00
4.656000000000000227e+01,3.150493774414062500e+02,2.297429847717285156e+01,8.346484184265136719e+00,4.000000000000000000e+00
4.657999999999999829e+01,3.151511535644531250e+02,2.305253410339355469e+01,8.344936370849609375e+00,4.000000000000000000e+00
4.660000000000000142e+01,3.152531738281250000e+02,2.313024902343750000e+01,8.343346595764160156e+00,4.000000000000000000e+00
4.661999999999999744e+01,3.153554687500000000e+02,2.320743560791015625e+01,8.341711044311523438e+00,4.000000000000000000e+00
4.664000000000000057e+01,3.154580688476562500e+02,2.328407859802246094e+01,8.340032577514648438e+00,4.000000000000000000e+00
4.666000000000000369e+01,3.155609741210937500e+02,2.336016082763671875e+01,8.338305473327636719e+00,4.000000000000000000e+00
4.667999999999999972e+01,3.156641845703125000e+02,2.343566894531250000e+01,8.336526870727539062e+00,4.000000000000000000e+00
4.670000000000000284e+01,3.157677307128906250e+02,2.351058578491210938e+01,8.334697723388671875e+00,4.000000000000000000e+00
4.671999999999999886e+01,3.158716125488281250e+02,2.358489608764648438e+01,8.332814216613769531e+00,4.000000000000000000e+00
4.674000000000000199e+01,3.159758605957031250e+02,2.365858650207519531e+01,8.330876350402832031e+00,4.000000000000000000e+00
4.675999999999999801e+01,3.160804138183593750e+02,2.373164176940917969e+01,8.328879356384277344e+00,4.000000000000000000e+00
4.678000000000000114e+01,3.161853637695312500e+02,2.380404663085937500e+01,8.326824188232421875e+00,4.000000000000000000e+00
4.680000000000000426e+01,3.162906799316406250e+02,2.387578392028808594e+01,8.324707031250000000e+00,4.000000000000000000e+00
4.682000000000000028e+01,3.163963928222656250e+02,2.394684028625488281e+01,8.322525978088378906e+00,4.000000000000000000e+00
4.684000000000000341e+01,3.165025024414062500e+02,2.401719665527343750e+01,8.320280075073242188e+00,4.000000000000000000e+00
4.685999999999999943e+01,3.166090393066406250e+02,2.408683776855468750e+01,8.317966461181640625e+00,4.000000000000000000e+00
4.688000000000000256e+01,3.167159729003906250e+02,2.415574836730957031e+01,8.315582275390625000e+00,4.000000000000000000e+00
4.689999999999999858e+01,3.168233642578125000e+02,2.422390747070312500e+01,8.313126564025878906e+00,4.000000000000000000e+00
4.692000000000000171e+01,3.169311828613281250e+02,2.429130172729492188e+01,8.310598373413085938e+00,4.000000000000000000e+00
4.693999999999999773e+01,3.170394287109375000e+02,2.435791206359863281e+01,8.307994842529296875e+00,4.000000000000000000e+00
4.696000000000000085e+01,3.171481323242187500e+02,2.442372512817382812e+01,8.305314064025878906e+00,4.000000000000000000e+00
4.698000000000000398e+01,3.172572937011718750e+02,2.448871803283691406e+01,8.302555084228515625e+00,4.000000000000000000e+00
4.700000000000000000e+01,3.173669128417968750e+02,2.455287742614746094e+01,8.299715995788574219e+00,4.000000000000000000e+00
4.702000000000000313e+01,3.174770202636718750e+02,2.461618232727050781e+01,8.296795845031738281e+00,4.000000000000000000e+00
4.703999999999999915e+01,3.175875854492187500e+02,2.467861747741699219e+01,8.293792724609375000e+00,4.000000000000000000e+00
4.706000000000000227e+01,3.176986389160156250e+02,2.474016380310058594e+01,8.290705680847167969e+00,4.000000000000000000e+00
4.707999999999999829e+01,3.178101806640625000e+02,2.480080223083496094e+01,8.287532806396484375e+00,4.000000000000000000e+00
4.710000000000000142e+01,3.179222412109375000e+02,2.486051368713378906e+01,8.284274101257324219e+00,4.000000000000000000e+00
4.711999999999999744e+01,3.180347900390625000e+02,2.491927909851074219e+01,8.280928611755371094e+00,4.000000000000000000e+00
4.714000000000000057e+01,3.181478576660156250e+02,2.497708702087402344e+01,8.277495384216308594e+00,4.000000000000000000e+00
4.716000000000000369e+01,3.182614440917968750e+02,2.503391265869140625e+01,8.273974418640136719e+00,4.000000000000000000e+00
4.717999999999999972e+01,3.183755187988281250e+02,2.508974075317382812e+01,8.270364761352539062e+00,4.000000000000000000e+00
4.720000000000000284e+01,3.184901123046875000e+02,2.514455032348632812e+01,8.266667366027832031e+00,4.000000000000000000e+00
4.721999999999999886e+01,3.186052246093750000e+02,2.519832420349121094e+01,8.262880325317382812e+00,4.000000000000000000e+00
4.724000000000000199e+01,3.187208251953125000e+02,2.525104141235351562e+01,8.259004592895507812e+00,4.000000000000000000e+00
4.725999999999999801e+01,3.188369445800781250e+02,2.530268669128417969e+01,8.255040168762207031e+00,4.000000000000000000e+00
4.728000000000000114e+01,3.189535827636718750e+02,2.535323905944824219e+01,8.250987052917480469e+00,4.000000000000000000e+00
4.730000000000000426e+01,3.190707702636718750e+02,2.540267944335937500e+01,8.246846199035644531e+00,4.000000000000000000e+00
4.732000000000000028e+01,3.191884765625000000e+02,2.545099067687988281e+01,8.242616653442382812e+00,4.000000000000000000e+00
4.734000000000000341e+01,3.193066711425781250e+02,2.549815368652343750e+01,8.238300323486328125e+00,4.000000000000000000e+00
4.735999999999999943e+01,3.194253845214843750e+02,2.554414939880371094e+01,8.233897209167480469e+00,4.000000000000000000e+00
4.738000000000000256e+01,3.195446166992187500e+02,2.558896255493164062e+01,8.229408264160156250e+00,4.000000000000000000e+00
4.739999999999999858e+01,3.196643371582031250e+02,2.563257026672363281e+01,8.224834442138671875e+00,4.000000000000000000e+00
4.742000000000000171e+01,3.197845764160156250e+02,2.567495727539062500e+01,8.220176696777343750e+00,4.000000000000000000e+00
4.743999999999999773e+01,3.199053344726562500e+02,2.571610450744628906e+01,8.215435981750488281e+00,4.000000000000000000e+00
4.746000000000000085e+01,3.200265808105468750e+02,2.575599288940429688e+01,8.210613250732421875e+00,4.000000000000000000e+00
4.748000000000000398e+01,3.201482849121093750e+02,2.579460716247558594e+01,8.205709457397460938e+00,4.000000000000000000e+00
4.750000000000000000e+01,3.202705078125000000e+02,2.583192825317382812e+01,8.200726509094238281e+00,4.000000000000000000e+00
4.752000000000000313e+01,3.203931884765625000e+02,2.586793518066406250e+01,8.195666313171386719e+00,4.000000000000000000e+00
4.753999999999999915e+01,3.205163269042968750e+02,2.590261459350585938e+01,8.190529823303222656e+00,4.000000000000000000e+00
4.756000000000000227e+01,3.206399536132812500e+02,2.593595123291015625e+01,8.185317993164062500e+00,4.000000000000000000e+00
4.757999999999999829e+01,3.207640075683593750e+02,2.596792411804199219e+01,8.180033683776855469e+00,4.000000000000000000e+00
4.760000000000000142e+01,3.208885192871093750e+02,2.599851799011230469e+01,8.174678802490234375e+00,4.000000000000000000e+00
4.761999999999999744e+01,3.210134582519531250e+02,2.602771949768066406e+01,8.169252395629882812e+00,4.000000000000000000e+00
4.764000000000000057e+01,3.211388244628906250e+02,2.605550956726074219e+01,8.163758277893066406e+00,4.000000000000000000e+00
4.766000000000000369e+01,3.212645874023437500e+02,2.608187484741210938e+01,8.158197402954101562e+00,4.000000000000000000e+00
4.767999999999999972e+01,3.213907470703125000e+02,2.610679817199707031e+01,8.152572631835937500e+00,4.000000000000000000e+00
4.770000000000000284e+01,3.215172729492187500e+02,2.613026428222656250e+01,8.146884918212890625e+00,4.000000000000000000e+00
4.771999999999999886e+01,3.216441955566406250e+02,2.615225982666015625e+01,8.141138076782226562e+00,4.000000000000000000e+00
4.774000000000000199e+01,3.217714843750000000e+02,2.617277145385742188e+01,8.135333061218261719e+00,4.000000000000000000e+00
4.775999999999999801e+01,3.218991088867187500e+02,2.619178390502929688e+01,8.129472732543945312e+00,4.000000000000000000e+00
4.778000000000000114e+01,3.220270690917968750e+02,2.620928382873535156e+01,8.123558044433593750e+00,4.000000000000000000e+00
4.780000000000000426e+01,3.221553344726562500e+02,2.622525787353515625e+01,8.117592811584472656e+00,4.000000000000000000e+00
4.782000000000000028e+01,3.222839050292968750e+02,2.623969650268554688e+01,8.111579895019531250e+00,4.000000000000000000e+00
4.784000000000000341e+01,3.224127502441406250e+02,2.625258445739746094e+01,8.105519294738769531e+00,4.000000000000000000e+00
4.785999999999999943e+01,3.225419006347656250e+02,2.626391220092773438e+01,8.099414825439453125e+00,4.000000000000000000e+00
4.788000000000000256e+01,3.226712646484375000e+02,2.627366828918457031e+01,8.093268394470214844e+00,4.000000000000000000e+00
4.789999999999999858e+01,3.228008728027343750e+02,2.628183746337890625e+01,8.087082862854003906e+00,4.000000000000000000e+00
4.792000000000000171e+01,3.229306640625000000e+02,2.628841590881347656e+01,8.080861091613769531e+00,4.000000000000000000e+00
4.793999999999999773e+01,3.230606689453125000e+02,2.629338836669921875e+01,8.074604988098144531e+00,4.000000000000000000e+00
4.796000000000000085e+01,3.231908569335937500e+02,2.629674530029296875e+01,8.068317413330078125e+00,4.000000000000000000e+00
4.798000000000000398e+01,3.233211975097656250e+02,2.629848098754882812e+01,8.062000274658203125e+00,4.000000000000000000e+00
4.800000000000000000e+01,3.234516601562500000e+02,2.629858970642089844e+01,8.055658340454101562e+00,4.000000000000000000e+00
4.802000000000000313e+01,3.235822753906250000e+02,2.629706192016601562e+01,8.049292564392089844e+00,4.000000000000000000e+00
4.803999999999999915e+01,3.237129516601562500e+02,2.629388809204101562e+01,8.042905807495117188e+00,4.000000000000000000e+00
4.806000000000000227e+01,3.238437194824218750e+02,2.628906631469726562e+01,8.036500930786132812e+00,4.000000000000000000e+00
4.807999999999999829e+01,3.239744873046875000e+02,2.628258705139160156e+01,8.030080795288085938e+00,4.000000000000000000e+00
4.810000000000000142e+01,3.241052551269531250e+02,2.627444648742675781e+01,8.023649215698242188e+00,4.000000000000000000e+00
4.812000000000000455e+01,3.242360229492187500e+02,2.626464271545410156e+01,8.017209053039550781e+00,4.000000000000000000e+00
4.814000000000000057e+01,3.243667907714843750e+02,2.625317001342773438e+01,8.010763168334960938e+00,4.000000000000000000e+00
4.816000000000000369e+01,3.244975585937500000e+02,2.624002265930175781e+01,8.004316329956054688e+00,4.000000000000000000e+00
4.817999999999999972e+01,3.246282958984375000e+02,2.622520256042480469e+01,7.997869968414306641e+00,4.000000000000000000e+00
4.820000000000000284e+01,3.247589111328125000e+02,2.620870399475097656e+01,7.991428852081298828e+00,4.000000000000000000e+00
4.821999999999999886e+01,3.248894348144531250e+02,2.619052886962890625e+01,7.984996318817138672e+00,4.000000000000000000e+00
4.824000000000000199e+01,3.250198364257812500e+02,2.617067909240722656e+01,7.978577613830566406e+00,4.000000000000000000e+00
4.825999999999999801e+01,3.251500549316406250e+02,2.614915466308593750e+01,7.972176074981689453e+00,4.000000000000000000e+00
4.828000000000000114e+01,3.252801208496093750e+02,2.612595367431640625e+01,7.965795993804931641e+00,4.000000000000000000e+00
4.830000000000000426e+01,3.254099731445312500e+02,2.610108184814453125e+01,7.959442138671875000e+00,4.000000000000000000e+00
4.832000000000000028e+01,3.255395812988281250e+02,2.607454109191894531e+01,7.953118801116943359e+00,4.000000000000000000e+00
4.834000000000000341e+01,3.256689147949218750e+02,2.604634094238281250e+01,7.946830749511718750e+00,4.000000000000000000e+00
4.835999999999999943e+01,3.257980041503906250e+02,2.601648139953613281e+01,7.940582275390625000e+00,4.000000000000000000e+00
4.838000000000000256e+01,3.259267883300781250e+02,2.598497009277343750e+01,7.934378623962402344e+00,4.000000000000000000e+00
4.839999999999999858e+01,3.260552368164062500e+02,2.595181274414062500e+01,7.928224086761474609e+00,4.000000000000000000e+00
4.842000000000000171e+01,3.261833801269531250e+02,2.591701698303222656e+01,7.922123432159423828e+00,4.000000000000000000e+00
4.843999999999999773e+01,3.263111267089843750e+02,2.588059043884277344e+01,7.916079998016357422e+00,4.000000000000000000e+00
4.846000000000000085e+01,3.264384765625000000e+02,2.584253883361816406e+01,7.910099029541015625e+00,4.000000000000000000e+00
4.848000000000000398e+01,3.265653991699218750e+02,2.580287361145019531e+01,7.904184341430664062e+00,4.000000000000000000e+00
4.850000000000000000e+01,3.266918640136718750e+02,2.576160240173339844e+01,7.898340702056884766e+00,4.000000000000000000e+00
4.852000000000000313e+01,3.268178405761718750e+02,2.571873855590820312e+01,7.892571449279785156e+00,4.000000000000000000e+00
4.853999999999999915e+01,3.269433593750000000e+02,2.567428779602050781e+01,7.886880874633789062e+00,4.000000000000000000e+00
4.856000000000000227e+01,3.270683593750000000e+02,2.562826728820800781e+01,7.881273746490478516e+00,4.000000000000000000e+00
4.857999999999999829e+01,3.271928100585937500e+02,2.558069038391113281e+01,7.875753879547119141e+00,4.000000000000000000e+00
4.860000000000000142e+01,3.273166809082031250e+02,2.553156852722167969e+01,7.870325565338134766e+00,4.000000000000000000e+00
4.862000000000000455e+01,3.274400024414062500e+02,2.548091888427734375e+01,7.864992618560791016e+00,4.000000000000000000e+00
4.864000000000000057e+01,3.275627136230468750e+02,2.542875289916992188e+01,7.859758853912353516e+00,4.000000000000000000e+00
4.866000000000000369e+01,3.276847839355468750e+02,2.537508773803710938e+01,7.854628086090087891e+00,4.000000000000000000e+00
4.867999999999999972e+01,3.278062438964843750e+02,2.531994247436523438e+01,7.849603176116943359e+00,4.000000000000000000e+00
4.870000000000000284e+01,3.279270324707031250e+02,2.526333427429199219e+01,7.844688892364501953e+00,4.000000000000000000e+00
4.871999999999999886e+01,3.280471191406250000e+02,2.520528411865234375e+01,7.839888095855712891e+00,4.000000000000000000e+00
4.874000000000000199e+01,3.281665344238281250e+02,2.514580726623535156e+01,7.835203170776367188e+00,4.000000000000000000e+00
4.875999999999999801e+01,3.282852478027343750e+02,2.508492660522460938e+01,7.830638408660888672e+00,4.000000000000000000e+00
4.878000000000000114e+01,3.284031982421875000e+02,2.502266311645507812e+01,7.826196193695068359e+00,4.000000000000000000e+00
4.880000000000000426e+01,3.285203857421875000e+02,2.495903778076171875e+01,7.821879863739013672e+00,4.000000000000000000e+00
4.882000000000000028e+01,3.286368103027343750e+02,2.489407348632812500e+01,7.817692279815673828e+00,4.000000000000000000e+00
4.884000000000000341e+01,3.287524719238281250e+02,2.482779121398925781e+01,7.813635349273681641e+00,4.000000000000000000e+00
4.885999999999999943e+01,3.288673706054687500e+02,2.476021385192871094e+01,7.809711933135986328e+00,4.000000000000000000e+00
4.888000000000000256e+01,3.289813842773437500e+02,2.469136810302734375e+01,7.805924415588378906e+00,4.000000000000000000e+00
4.889999999999999858e+01,3.290946044921875000e+02,2.462127685546875000e+01,7.802275180816650391e+00,4.000000000000000000e+00
4.892000000000000171e+01,3.292070007324218750e+02,2.454996681213378906e+01,7.798766136169433594e+00,4.000000000000000000e+00
4.893999999999999773e+01,3.293185424804687500e+02,2.447746276855468750e+01,7.795399665832519531e+00,4.000000000000000000e+00
4.896000000000000085e+01,3.294292297363281250e+02,2.440379142761230469e+01,7.792177200317382812e+00,4.000000000000000000e+00
4.898000000000000398e+01,3.295390930175781250e+02,2.432897758483886719e+01,7.789100170135498047e+00,4.000000000000000000e+00
4.900000000000000000e+01,3.296480407714843750e+02,2.425304794311523438e+01,7.786169528961181641e+00,4.000000000000000000e+00
4.902000000000000313e+01,3.297561340332031250e+02,2.417602920532226562e+01,7.783386707305908203e+00,4.000000000000000000e+00
4.903999999999999915e+01,3.298633422851562500e+02,2.409795188903808594e+01,7.780751705169677734e+00,4.000000000000000000e+00
4.906000000000000227e+01,3.299696655273437500e+02,2.401883697509765625e+01,7.778264522552490234e+00,4.000000000000000000e+00
4.907999999999999829e+01,3.300751037597656250e+02,2.393871307373046875e+01,7.775925159454345703e+00,4.000000000000000000e+00
4.910000000000000142e+01,3.301796264648437500e+02,2.385760879516601562e+01,7.773732662200927734e+00,4.000000000000000000e+00
4.912000000000000455e+01,3.302832641601562500e+02,2.377555084228515625e+01,7.771686077117919922e+00,4.000000000000000000e+00
4.914000000000000057e+01,3.303860168457031250e+02,2.369256591796875000e+01,7.769784450531005859e+00,4.000000000000000000e+00
4.916000000000000369e+01,3.304878845214843750e+02,2.360868072509765625e+01,7.768027305603027344e+00,4.000000000000000000e+00
4.917999999999999972e+01,3.305888671875000000e+02,2.352392005920410156e+01,7.766411304473876953e+00,4.000000000000000000e+00
4.920000000000000284e+01,3.306889648437500000e+02,2.343831443786621094e+01,7.764936447143554688e+00,4.000000000000000000e+00
4.921999999999999886e+01,3.307881469726562500e+02,2.335188674926757812e+01,7.763599395751953125e+00,4.000000000000000000e+00
4.924000000000000199e+01,3.308864440917968750e+02,2.326466560363769531e+01,7.762398719787597656e+00,4.000000000000000000e+00
4.925999999999999801e+01,3.309838562011718750e+02,2.317667388916015625e+01,7.761331081390380859e+00,4.000000000000000000e+00
4.928000000000000114e+01,3.310803833007812500e+02,2.308794021606445312e+01,7.760394096374511719e+00,4.000000000000000000e+00
4.930000000000000426e+01,3.311760559082031250e+02,2.299848747253417969e+01,7.759585857391357422e+00,4.000000000000000000e+00
4.932000000000000028e+01,3.312708129882812500e+02,2.290834045410156250e+01,7.758902549743652344e+00,4.000000000000000000e+00
4.934000000000000341e+01,3.313647460937500000e+02,2.281752586364746094e+01,7.758341312408447266e+00,4.000000000000000000e+00
4.935999999999999943e+01,3.314578247070312500e+02,2.272606468200683594e+01,7.757898807525634766e+00,4.000000000000000000e+00
4.938000000000000256e+01,3.315500183105468750e+02,2.263398170471191406e+01,7.757573127746582031e+00,4.000000000000000000e+00
4.939999999999999858e+01,3.316414184570312500e+02,2.254129981994628906e+01,7.757359504699707031e+00,4.000000000000000000e+00
4.942000000000000171e+01,3.317319030761718750e+02,2.244804191589355469e+01,7.757254600524902344e+00,4.000000000000000000e+00
4.943999999999999773e+01,3.318216247558593750e+02,2.235423088073730469e+01,7.757256031036376953e+00,4.000000000000000000e+00
4.946000000000000085e+01,3.319105224609375000e+02,2.225988578796386719e+01,7.757359981536865234e+00,4.000000000000000000e+00
4.948000000000000398e+01,3.319985656738281250e+02,2.216503143310546875e+01,7.757562637329101562e+00,4.000000000000000000e+00
4.950000000000000000e+01,3.320858459472656250e+02,2.206968498229980469e+01,7.757860660552978516e+00,4.000000000000000000e+00
4.952000000000000313e+01,3.321723632812500000e+02,2.197387123107910156e+01,7.758250236511230469e+00,4.000000000000000000e+00
4.953999999999999915e+01,3.322581176757812500e+02,2.187760925292968750e+01,7.758727550506591797e+00,4.000000000000000000e+00
4.956000000000000227e+01,3.323431091308593750e+02,2.178091621398925781e+01,7.759289264678955078e+00,4.000000000000000000e+00
4.957999999999999829e+01,3.324273376464843750e+02,2.168381118774414062e+01,7.759931564331054688e+00,4.000000000000000000e+00
4.960000000000000142e+01,3.325108032226562500e+02,2.158631706237792969e+01,7.760650634765625000e+00,4.000000000000000000e+00
4.962000000000000455e+01,3.325935058593750000e+02,2.148844528198242188e+01,7.761442184448242188e+00,4.000000000000000000e+00
4.964000000000000057e+01,3.326755065917968750e+02,2.139021492004394531e+01,7.762302875518798828e+00,4.000000000000000000e+00
4.966000000000000369e+01,3.327568359375000000e+02,2.129164314270019531e+01,7.763229370117187500e+00,4.000000000000000000e+00
4.967999999999999972e+01,3.328374328613281250e+02,2.119275093078613281e+01,7.764216899871826172e+00,4.000000000000000000e+00
4.970000000000000284e+01,3.329173889160156250e+02,2.109355163574218750e+01,7.765263080596923828e+00,4.000000000000000000e+00
4.971999999999999886e+01,3.329966735839843750e+02,2.099405670166015625e+01,7.766364097595214844e+00,4.000000000000000000e+00
4.974000000000000199e+01,3.330752868652343750e+02,2.089428710937500000e+01,7.767515659332275391e+00,4.000000000000000000e+00
4.975999999999999801e+01,3.331532897949218750e+02,2.079425621032714844e+01,7.768713951110839844e+00,4.000000000000000000e+00
4.978000000000000114e+01,3.332306823730468750e+02,2.069397735595703125e+01,7.769956111907958984e+00,4.000000000000000000e+00
4.980000000000000426e+01,3.333074645996093750e+02,2.059346389770507812e+01,7.771238803863525391e+00,4.000000000000000000e+00
4.982000000000000028e+01,3.333836669921875000e+02,2.049273490905761719e+01,7.772559642791748047e+00,4.000000000000000000e+00
4.984000000000000341e+01,3.334592895507812500e+02,2.039179992675781250e+01,7.773913860321044922e+00,4.000000000000000000e+00
4.985999999999999943e+01,3.335343322753906250e+02,2.029067420959472656e+01,7.775299549102783203e+00,4.000000000000000000e+00
4.988000000000000256e+01,3.336088562011718750e+02,2.018937301635742188e+01,7.776714324951171875e+00,4.000000000000000000e+00
4.989999999999999858e+01,3.336828613281250000e+02,2.008790779113769531e+01,7.778154373168945312e+00,4.000000000000000000e+00
4.992000000000000171e+01,3.337563476562500000e+02,1.998629379272460938e+01,7.779617786407470703e+00,4.000000000000000000e+00
4.993999999999999773e+01,3.338293762207031250e+02,1.988454055786132812e+01,7.781101226806640625e+00,4.000000000000000000e+00
4.996000000000000085e+01,3.339019165039062500e+02,1.978266143798828125e+01,7.782602310180664062e+00,4.000000000000000000e+00
4.998000000000000398e+01,3.339740295410156250e+02,1.968066978454589844e+01,7.784118175506591797e+00,4.000000000000000000e+00
5.000000000000000000e+01,3.340457153320312500e+02,1.957857894897460938e+01,7.785645961761474609e+00,4.000000000000000000e+00
5.002000000000000313e+01,3.341169738769531250e+02,1.947639465332031250e+01,7.787182807922363281e+00,4.000000000000000000e+00
5.003999999999999915e+01,3.341878051757812500e+02,1.937413024902343750e+01,7.788725852966308594e+00,4.000000000000000000e+00
5.006000000000000227e+01,3.342582702636718750e+02,1.927179527282714844e+01,7.790272235870361328e+00,4.000000000000000000e+00
5.007999999999999829e+01,3.343284301757812500e+02,1.916940116882324219e+01,7.791819572448730469e+00,4.000000000000000000e+00
5.010000000000000142e+01,3.343982238769531250e+02,1.906695747375488281e+01,7.793365001678466797e+00,4.000000000000000000e+00
5.012000000000000455e+01,3.344676818847656250e+02,1.896447372436523438e+01,7.794905662536621094e+00,4.000000000000000000e+00
5.014000000000000057e+01,3.345368652343750000e+02,1.886196136474609375e+01,7.796439170837402344e+00,4.000000000000000000e+00
5.016000000000000369e+01,3.346057434082031250e+02,1.875942611694335938e+01,7.797962665557861328e+00,4.000000000000000000e+00
5.017999999999999972e+01,3.346743469238281250e+02,1.865687942504882812e+01,7.799473762512207031e+00,4.000000000000000000e+00
5.020000000000000284e+01,3.347427062988281250e+02,1.855433082580566406e+01,7.800969600677490234e+00,4.000000000000000000e+00
5.021999999999999886e+01,3.348108520507812500e+02,1.845178222656250000e+01,7.802447795867919922e+00,4.000000000000000000e+00
5.024000000000000199e+01,3.348787841796875000e+02,1.834924697875976562e+01,7.803905487060546875e+00,4.000000000000000000e+00
5.025999999999999801e+01,3.349465026855468750e+02,1.824672889709472656e+01,7.805340766906738281e+00,4.000000000000000000e+00
5.028000000000000114e+01,3.350140686035156250e+02,1.814423751831054688e+01,7.806750297546386719e+00,4.000000000000000000e+00
5.030000000000000426e+01,3.350814514160156250e+02,1.804178047180175781e+01,7.808132171630859375e+00,4.000000000000000000e+00
5.032000000000000028e+01,3.351487121582031250e+02,1.793936538696289062e+01,7.809483528137207031e+00,4.000000000000000000e+00
5.034000000000000341e+01,3.352158508300781250e+02,1.783699798583984375e+01,7.810801982879638672e+00,4.000000000000000000e+00
5.035999999999999943e+01,3.352828674316406250e+02,1.773468971252441406e+01,7.812084674835205078e+00,4.000000000000000000e+00
5.038000000000000256e+01,3.353498535156250000e+02,1.763244247436523438e+01,7.813330650329589844e+00,4.000000000000000000e+00
5.039999999999999858e+01,3.354166870117187500e+02,1.753026390075683594e+01,7.814536571502685547e+00,4.000000000000000000e+00
5.042000000000000171e+01,3.354835205078125000e+02,1.742816352844238281e+01,7.815700054168701172e+00,4.000000000000000000e+00
5.043999999999999773e+01,3.355503540039062500e+02,1.732614517211914062e+01,7.816818237304687500e+00,4.000000000000000000e+00
5.046000000000000085e+01,3.356171875000000000e+02,1.722421646118164062e+01,7.817888736724853516e+00,4.000000000000000000e+00
5.048000000000000398e+01,3.356840209960937500e+02,1.712238311767578125e+01,7.818910598754882812e+00,4.000000000000000000e+00
5.050000000000000000e+01,3.357508544921875000e+02,1.702064704895019531e+01,7.819880962371826172e+00,4.000000000000000000e+00
5.052000000000000313e+01,3.358176879882812500e+02,1.691901779174804688e+01,7.820797443389892578e+00,4.000000000000000000e+00
5.053999999999999915e+01,3.358846130371093750e+02,1.681749916076660156e+01,7.821657657623291016e+00,4.000000000000000000e+00
5.056000000000000227e+01,3.359515991210937500e+02,1.671609687805175781e+01,7.822458744049072266e+00,4.000000000000000000e+00
5.057999999999999829e+01,3.360187072753906250e+02,1.661481857299804688e+01,7.823200225830078125e+00,4.000000000000000000e+00
5.060000000000000142e+01,3.360859069824218750e+02,1.651366615295410156e+01,7.823879718780517578e+00,4.000000000000000000e+00
5.062000000000000455e+01,3.361532592773437500e+02,1.641264724731445312e+01,7.824495315551757812e+00,4.000000000000000000e+00
5.064000000000000057e+01,3.362207641601562500e+02,1.631176376342773438e+01,7.825044631958007812e+00,4.000000000000000000e+00
5.066000000000000369e+01,3.362884216308593750e+02,1.621101760864257812e+01,7.825525760650634766e+00,4.000000000000000000e+00
5.067999999999999972e+01,3.363562622070312500e+02,1.611041450500488281e+01,7.825938224792480469e+00,4.000000000000000000e+00
5.070000000000000284e+01,3.364242858886718750e+02,1.600996208190917969e+01,7.826279163360595703e+00,4.000000000000000000e+00
5.071999999999999886e+01,3.364925537109375000e+02,1.590966033935546875e+01,7.826547622680664062e+00,4.000000000000000000e+00
5.074000000000000199e+01,3.365610351562500000e+02,1.580951499938964844e+01,7.826741695404052734e+00,4.000000000000000000e+00
5.075999999999999801e+01,3.366297607421875000e+02,1.570952987670898438e+01,7.826859951019287109e+00,4.000000000000000000e+00
5.078000000000000114e+01,3.366987915039062500e+02,1.560970878601074219e+01,7.826901435852050781e+00,4.000000000000000000e+00
5.080000000000000426e+01,3.367680969238281250e+02,1.551005458831787109e+01,7.826865673065185547e+00,4.000000000000000000e+00
5.082000000000000028e+01,3.368377075195312500e+02,1.541057109832763672e+01,7.826750278472900391e+00,4.000000000000000000e+00
5.084000000000000341e+01,3.369076232910156250e+02,1.531126213073730469e+01,7.826555252075195312e+00,4.000000000000000000e+00
5.085999999999999943e+01,3.369778442382812500e+02,1.521213150024414062e+01,7.826278686523437500e+00,4.000000000000000000e+00
5.088000000000000256e+01,3.370484619140625000e+02,1.511318111419677734e+01,7.825921058654785156e+00,4.000000000000000000e+00
5.089999999999999858e+01,3.371194458007812500e+02,1.501441478729248047e+01,7.825481414794921875e+00,4.000000000000000000e+00
5.092000000000000171e+01,3.371908264160156250e+02,1.491583633422851562e+01,7.824959278106689453e+00,4.000000000000000000e+00
5.093999999999999773e+01,3.372625732421875000e+02,1.481744670867919922e+01,7.824353694915771484e+00,4.000000000000000000e+00
5.096000000000000085e+01,3.373347778320312500e+02,1.471925163269042969e+01,7.823664188385009766e+00,4.000000000000000000e+00
5.098000000000000398e+01,3.374074096679687500e+02,1.462125205993652344e+01,7.822890281677246094e+00,4.000000000000000000e+00
5.100000000000000000e+01,3.374804992675781250e+02,1.452345085144042969e+01,7.822031974792480469e+00,4.000000000000000000e+00
5.102000000000000313e+01,3.375540466308593750e+02,1.442585086822509766e+01,7.821090221405029297e+00,4.000000000000000000e+00
5.103999999999999915e+01,3.376281127929687500e+02,1.432845306396484375e+01,7.820064067840576172e+00,4.000000000000000000e+00
5.106000000000000227e+01,3.377026672363281250e+02,1.423126125335693359e+01,7.818953037261962891e+00,4.000000000000000000e+00
5.107999999999999829e+01,3.377777404785156250e+02,1.413427639007568359e+01,7.817758560180664062e+00,4.000000000000000000e+00
5.110000000000000142e+01,3.378533630371093750e+02,1.403750038146972656e+01,7.816480636596679688e+00,4.000000000000000000e+00
5.112000000000000455e+01,3.379295349121093750e+02,1.394093608856201172e+01,7.815121173858642578e+00,4.000000000000000000e+00
5.114000000000000057e+01,3.380062866210937500e+02,1.384458351135253906e+01,7.813678741455078125e+00,4.000000000000000000e+00
5.116000000000000369e+01,3.380836486816406250e+02,1.374844360351562500e+01,7.812155246734619141e+00,4.000000000000000000e+00
5.117999999999999972e+01,3.381616210937500000e+02,1.365252017974853516e+01,7.810551643371582031e+00,4.000000000000000000e+00
5.120000000000000284e+01,3.382402038574218750e+02,1.355681419372558594e+01,7.808868408203125000e+00,4.000000000000000000e+00
5.121999999999999886e+01,3.383194274902343750e+02,1.346132469177246094e+01,7.807106494903564453e+00,4.000000000000000000e+00
5.124000000000000199e+01,3.383993530273437500e+02,1.336605262756347656e+01,7.805266380310058594e+00,4.000000000000000000e+00
5.125999999999999801e+01,3.384799194335937500e+02,1.327099990844726562e+01,7.803349971771240234e+00,4.000000000000000000e+00
5.128000000000000114e+01,3.385612487792968750e+02,1.317616558074951172e+01,7.801357746124267578e+00,4.000000000000000000e+00
5.130000000000000426e+01,3.386432495117187500e+02,1.308154964447021484e+01,7.799290180206298828e+00,4.000000000000000000e+00
5.132000000000000028e+01,3.387259521484375000e+02,1.298715114593505859e+01,7.797149181365966797e+00,4.000000000000000000e+00
5.134000000000000341e+01,3.388094177246093750e+02,1.289297103881835938e+01,7.794937610626220703e+00,4.000000000000000000e+00
5.135999999999999943e+01,3.388936462402343750e+02,1.279901027679443359e+01,7.792661190032958984e+00,4.000000000000000000e+00
5.138000000000000256e+01,3.389786987304687500e+02,1.270526885986328125e+01,7.790326118469238281e+00,4.000000000000000000e+00
5.139999999999999858e+01,3.390646057128906250e+02,1.261174774169921875e+01,7.787936687469482422e+00,4.000000000000000000e+00
5.142000000000000171e+01,3.391512756347656250e+02,1.251844692230224609e+01,7.785497665405273438e+00,4.000000000000000000e+00
5.143999999999999773e+01,3.392388610839843750e+02,1.242536640167236328e+01,7.783016681671142578e+00,4.000000000000000000e+00
5.146000000000000085e+01,3.393273010253906250e+02,1.233250904083251953e+01,7.780499458312988281e+00,4.000000000000000000e+00
5.148000000000000398e+01,3.394166259765625000e+02,1.223987483978271484e+01,7.777949810028076172e+00,4.000000000000000000e+00
5.150000000000000000e+01,3.395068969726562500e+02,1.214746570587158203e+01,7.775367259979248047e+00,4.000000000000000000e+00
5.152000000000000313e+01,3.395980834960937500e+02,1.205528259277343750e+01,7.772751808166503906e+00,4.000000000000000000e+00
5.153999999999999915e+01,3.396902465820312500e+02,1.196332454681396484e+01,7.770100116729736328e+00,4.000000000000000000e+00
5.156000000000000227e+01,3.397833862304687500e+02,1.187159061431884766e+01,7.767407417297363281e+00,4.000000000000000000e+00
5.157999999999999829e+01,3.398775329589843750e+02,1.178007888793945312e+01,7.764667510986328125e+00,4.000000000000000000e+00
5.160000000000000142e+01,3.399726867675781250e+02,1.168878841400146484e+01,7.761874675750732422e+00,4.000000000000000000e+00
5.162000000000000455e+01,3.400688781738281250e+02,1.159771251678466797e+01,7.759021282196044922e+00,4.000000000000000000e+00
5.164000000000000057e+01,3.401661071777343750e+02,1.150685119628906250e+01,7.756100654602050781e+00,4.000000000000000000e+00
5.166000000000000369e+01,3.402643737792968750e+02,1.141619777679443359e+01,7.753106594085693359e+00,4.000000000000000000e+00
5.167999999999999972e+01,3.403637390136718750e+02,1.132574748992919922e+01,7.750032424926757812e+00,4.000000000000000000e+00
5.170000000000000284e+01,3.404641723632812500e+02,1.123549747467041016e+01,7.746871948242187500e+00,4.000000000000000000e+00
5.171999999999999886e+01,3.405657043457031250e+02,1.114544200897216797e+01,7.743619918823242188e+00,4.000000000000000000e+00
5.174000000000000199e+01,3.406683654785156250e+02,1.105557441711425781e+01,7.740272521972656250e+00,4.000000000000000000e+00
5.175999999999999801e+01,3.407721557617187500e+02,1.096588897705078125e+01,7.736831188201904297e+00,4.000000000000000000e+00
5.178000000000000114e+01,3.408771057128906250e+02,1.087635803222656250e+01,7.733285427093505859e+00,4.000000000000000000e+00
5.180000000000000426e+01,3.409832763671875000e+02,1.078697013854980469e+01,7.729634761810302734e+00,4.000000000000000000e+00
5.182000000000000028e+01,3.410906372070312500e+02,1.069772243499755859e+01,7.725878715515136719e+00,4.000000000000000000e+00
5.184000000000000341e+01,3.411992187500000000e+02,1.060860729217529297e+01,7.722013473510742188e+00,4.000000000000000000e+00
5.185999999999999943e+01,3.413090209960937500e+02,1.051961803436279297e+01,7.718035697937011719e+00,4.000000000000000000e+00
5.188000000000000256e+01,3.414200439453125000e+02,1.043074893951416016e+01,7.713943481445312500e+00,4.000000000000000000e+00
5.189999999999999858e+01,3.415323486328125000e+02,1.034199142456054688e+01,7.709733009338378906e+00,4.000000000000000000e+00
5.192000000000000171e+01,3.416459350585937500e+02,1.025333976745605469e+01,7.705402374267578125e+00,4.000000000000000000e+00
5.193999999999999773e+01,3.417607727050781250e+02,1.016478633880615234e+01,7.700948238372802734e+00,4.000000000000000000e+00
5.196000000000000085e+01,3.418769531250000000e+02,1.007632350921630859e+01,7.696368694305419922e+00,4.000000000000000000e+00
5.198000000000000398e+01,3.419944152832031250e+02,9.987944602966308594e+00,7.691661834716796875e+00,4.000000000000000000e+00
5.200000000000000000e+01,3.421131896972656250e+02,9.899639129638671875e+00,7.686825752258300781e+00,4.000000000000000000e+00
5.202000000000000313e+01,3.422333068847656250e+02,9.811403274536132812e+00,7.681858539581298828e+00,4.000000000000000000e+00
5.203999999999999915e+01,3.423547363281250000e+02,9.723225593566894531e+00,7.676758289337158203e+00,4.000000000000000000e+00
5.206000000000000227e+01,3.424775390625000000e+02,9.635099411010742188e+00,7.671524047851562500e+00,4.000000000000000000e+00
5.207999999999999829e+01,3.426016845703125000e+02,9.547014236450195312e+00,7.666154861450195312e+00,4.000000000000000000e+00
5.210000000000000142e+01,3.427272033691406250e+02,9.458963394165039062e+00,7.660648822784423828e+00,4.000000000000000000e+00
5.212000000000000455e+01,3.428541259765625000e+02,9.370937347412109375e+00,7.655005455017089844e+00,4.000000000000000000e+00
5.214000000000000057e+01,3.429824218750000000e+02,9.282925605773925781e+00,7.649223327636718750e+00,4.000000000000000000e+00
5.216000000000000369e+01,3.431121215820312500e+02,9.194920539855957031e+00,7.643302917480468750e+00,4.000000000000000000e+00
5.217999999999999972e+01,3.432431945800781250e+02,9.106912612915039062e+00,7.637242794036865234e+00,4.000000000000000000e+00
5.220000000000000284e+01,3.433757019042968750e+02,9.018891334533691406e+00,7.631042957305908203e+00,4.000000000000000000e+00
5.221999999999999886e+01,3.435096435546875000e+02,8.930848121643066406e+00,7.624702930450439453e+00,4.000000000000000000e+00
5.224000000000000199e+01,3.436449890136718750e+02,8.842772483825683594e+00,7.618222236633300781e+00,4.000000000000000000e+00
5.225999999999999801e+01,3.437817687988281250e+02,8.754656791687011719e+00,7.611600875854492188e+00,4.000000000000000000e+00
5.228000000000000114e+01,3.439200134277343750e+02,8.666487693786621094e+00,7.604838848114013672e+00,4.000000000000000000e+00
5.230000000000000426e+01,3.440596923828125000e+02,8.578257560729980469e+00,7.597936630249023438e+00,4.000000000000000000e+00
5.232000000000000028e+01,3.442008361816406250e+02,8.489955902099609375e+00,7.590893745422363281e+00,4.000000000000000000e+00
