time_s,north_m,east_m,altitude_m,phase
0.000000000000000000e+00,0.000000000000000000e+00,0.000000000000000000e+00,9.377412497997283936e-02,0.000000000000000000e+00
2.000000000000000042e-02,0.000000000000000000e+00,0.000000000000000000e+00,9.474229812622070312e-02,0.000000000000000000e+00
4.000000000000000083e-02,0.000000000000000000e+00,0.000000000000000000e+00,9.584950655698776245e-02,0.000000000000000000e+00
5.999999999999999778e-02,0.000000000000000000e+00,0.000000000000000000e+00,9.725560247898101807e-02,0.000000000000000000e+00
8.000000000000000167e-02,0.000000000000000000e+00,0.000000000000000000e+00,9.913198649883270264e-02,0.000000000000000000e+00
1.000000000000000056e-01,0.000000000000000000e+00,0.000000000000000000e+00,1.015153154730796814e-01,0.000000000000000000e+00
1.199999999999999956e-01,0.000000000000000000e+00,0.000000000000000000e+00,1.044117733836174011e-01,0.000000000000000000e+00
1.400000000000000133e-01,0.000000000000000000e+00,0.000000000000000000e+00,1.078208759427070618e-01,0.000000000000000000e+00
1.600000000000000033e-01,0.000000000000000000e+00,0.000000000000000000e+00,1.117397695779800415e-01,0.000000000000000000e+00
1.799999999999999933e-01,0.000000000000000000e+00,0.000000000000000000e+00,1.161646842956542969e-01,0.000000000000000000e+00
2.000000000000000111e-01,0.000000000000000000e+00,0.000000000000000000e+00,1.210909336805343628e-01,0.000000000000000000e+00
2.200000000000000011e-01,0.000000000000000000e+00,0.000000000000000000e+00,1.265139877796173096e-01,0.000000000000000000e+00
2.399999999999999911e-01,0.000000000000000000e+00,0.000000000000000000e+00,1.324300318956375122e-01,0.000000000000000000e+00
2.600000000000000089e-01,0.000000000000000000e+00,0.000000000000000000e+00,1.388354003429412842e-01,0.000000000000000000e+00
2.800000000000000266e-01,0.000000000000000000e+00,0.000000000000000000e+00,1.457266807556152344e-01,0.000000000000000000e+00
2.999999999999999889e-01,0.000000000000000000e+00,0.000000000000000000e+00,1.530993729829788208e-01,0.000000000000000000e+00
3.200000000000000067e-01,0.000000000000000000e+00,0.000000000000000000e+00,1.609489619731903076e-01,0.000000000000000000e+00
3.400000000000000244e-01,0.000000000000000000e+00,0.000000000000000000e+00,1.692716330289840698e-01,0.000000000000000000e+00
3.599999999999999867e-01,0.000000000000000000e+00,0.000000000000000000e+00,1.780640780925750732e-01,0.000000000000000000e+00
3.800000000000000044e-01,0.000000000000000000e+00,0.000000000000000000e+00,1.873229146003723145e-01,0.000000000000000000e+00
4.000000000000000222e-01,0.000000000000000000e+00,0.000000000000000000e+00,1.970434337854385376e-01,0.000000000000000000e+00
4.199999999999999845e-01,0.000000000000000000e+00,0.000000000000000000e+00,2.072205096483230591e-01,0.000000000000000000e+00
4.400000000000000022e-01,0.000000000000000000e+00,0.000000000000000000e+00,2.178553044795989990e-01,0.000000000000000000e+00
4.600000000000000200e-01,0.000000000000000000e+00,0.000000000000000000e+00,2.289496660232543945e-01,0.000000000000000000e+00
4.799999999999999822e-01,0.000000000000000000e+00,0.000000000000000000e+00,2.405014634132385254e-01,0.000000000000000000e+00
5.000000000000000000e-01,0.000000000000000000e+00,0.000000000000000000e+00,2.525067925453186035e-01,0.000000000000000000e+00
5.200000000000000178e-01,0.000000000000000000e+00,0.000000000000000000e+00,2.649606764316558838e-01,0.000000000000000000e+00
5.400000000000000355e-01,0.000000000000000000e+00,0.000000000000000000e+00,2.778580188751220703e-01,0.000000000000000000e+00
5.600000000000000533e-01,0.000000000000000000e+00,0.000000000000000000e+00,2.911944091320037842e-01,0.000000000000000000e+00
5.799999999999999600e-01,0.000000000000000000e+00,0.000000000000000000e+00,3.049660325050354004e-01,0.000000000000000000e+00
5.999999999999999778e-01,0.000000000000000000e+00,0.000000000000000000e+00,3.191690146923065186e-01,0.000000000000000000e+00
6.199999999999999956e-01,0.000000000000000000e+00,0.000000000000000000e+00,3.337992429733276367e-01,0.000000000000000000e+00
6.400000000000000133e-01,0.000000000000000000e+00,0.000000000000000000e+00,3.488526940345764160e-01,0.000000000000000000e+00
6.600000000000000311e-01,0.000000000000000000e+00,0.000000000000000000e+00,3.643256425857543945e-01,0.000000000000000000e+00
6.800000000000000488e-01,0.000000000000000000e+00,0.000000000000000000e+00,3.802145719528198242e-01,0.000000000000000000e+00
7.000000000000000666e-01,0.000000000000000000e+00,0.000000000000000000e+00,3.965156972408294678e-01,0.000000000000000000e+00
7.199999999999999734e-01,0.000000000000000000e+00,0.000000000000000000e+00,4.132250249385833740e-01,0.000000000000000000e+00
7.399999999999999911e-01,0.000000000000000000e+00,0.000000000000000000e+00,4.303390085697174072e-01,0.000000000000000000e+00
7.600000000000000089e-01,0.000000000000000000e+00,0.000000000000000000e+00,4.478543102741241455e-01,0.000000000000000000e+00
7.800000000000000266e-01,0.000000000000000000e+00,0.000000000000000000e+00,4.657676219940185547e-01,0.000000000000000000e+00
8.000000000000000444e-01,0.000000000000000000e+00,0.000000000000000000e+00,4.840752184391021729e-01,0.000000000000000000e+00
8.200000000000000622e-01,0.000000000000000000e+00,0.000000000000000000e+00,5.027729868888854980e-01,0.000000000000000000e+00
8.399999999999999689e-01,0.000000000000000000e+00,0.000000000000000000e+00,5.218571424484252930e-01,0.000000000000000000e+00
8.599999999999999867e-01,0.000000000000000000e+00,0.000000000000000000e+00,5.413242578506469727e-01,0.000000000000000000e+00
8.800000000000000044e-01,0.000000000000000000e+00,0.000000000000000000e+00,5.611711740493774414e-01,0.000000000000000000e+00
9.000000000000000222e-01,0.000000000000000000e+00,0.000000000000000000e+00,5.813945531845092773e-01,0.000000000000000000e+00
9.200000000000000400e-01,0.000000000000000000e+00,0.000000000000000000e+00,6.019909977912902832e-01,0.000000000000000000e+00
9.400000000000000577e-01,0.000000000000000000e+00,0.000000000000000000e+00,6.229573488235473633e-01,0.000000000000000000e+00
9.599999999999999645e-01,0.000000000000000000e+00,0.000000000000000000e+00,6.442906856536865234e-01,0.000000000000000000e+00
9.799999999999999822e-01,0.000000000000000000e+00,0.000000000000000000e+00,6.659880876541137695e-01,0.000000000000000000e+00
1.000000000000000000e+00,0.000000000000000000e+00,0.000000000000000000e+00,6.880461573600769043e-01,0.000000000000000000e+00
1.020000000000000018e+00,0.000000000000000000e+00,0.000000000000000000e+00,7.104610800743103027e-01,0.000000000000000000e+00
1.040000000000000036e+00,0.000000000000000000e+00,0.000000000000000000e+00,7.332293987274169922e-01,0.000000000000000000e+00
1.060000000000000053e+00,0.000000000000000000e+00,0.000000000000000000e+00,7.563481926918029785e-01,0.000000000000000000e+00
1.080000000000000071e+00,0.000000000000000000e+00,0.000000000000000000e+00,7.798146605491638184e-01,0.000000000000000000e+00
1.100000000000000089e+00,0.000000000000000000e+00,0.000000000000000000e+00,8.036257028579711914e-01,0.000000000000000000e+00
1.120000000000000107e+00,0.000000000000000000e+00,0.000000000000000000e+00,8.277776241302490234e-01,0.000000000000000000e+00
1.140000000000000124e+00,0.000000000000000000e+00,0.000000000000000000e+00,8.522671461105346680e-01,0.000000000000000000e+00
1.159999999999999920e+00,0.000000000000000000e+00,0.000000000000000000e+00,8.770915269851684570e-01,0.000000000000000000e+00
1.179999999999999938e+00,0.000000000000000000e+00,0.000000000000000000e+00,9.022481441497802734e-01,0.000000000000000000e+00
1.199999999999999956e+00,0.000000000000000000e+00,0.000000000000000000e+00,9.277340173721313477e-01,0.000000000000000000e+00
1.219999999999999973e+00,0.000000000000000000e+00,0.000000000000000000e+00,9.535458683967590332e-01,0.000000000000000000e+00
1.239999999999999991e+00,0.000000000000000000e+00,0.000000000000000000e+00,9.796805381774902344e-01,0.000000000000000000e+00
1.260000000000000009e+00,0.000000000000000000e+00,0.000000000000000000e+00,1.006135225296020508e+00,1.000000000000000000e+00
1.280000000000000027e+00,0.000000000000000000e+00,0.000000000000000000e+00,1.032874822616577148e+00,1.000000000000000000e+00
1.300000000000000044e+00,0.000000000000000000e+00,0.000000000000000000e+00,1.059838771820068359e+00,1.000000000000000000e+00
1.320000000000000062e+00,0.000000000000000000e+00,0.000000000000000000e+00,1.086979985237121582e+00,1.000000000000000000e+00
1.340000000000000080e+00,0.000000000000000000e+00,0.000000000000000000e+00,1.114269614219665527e+00,1.000000000000000000e+00
1.360000000000000098e+00,0.000000000000000000e+00,0.000000000000000000e+00,1.141689896583557129e+00,1.000000000000000000e+00
1.380000000000000115e+00,0.000000000000000000e+00,0.000000000000000000e+00,1.169228315353393555e+00,1.000000000000000000e+00
1.400000000000000133e+00,0.000000000000000000e+00,0.000000000000000000e+00,1.196873664855957031e+00,1.000000000000000000e+00
1.419999999999999929e+00,0.000000000000000000e+00,0.000000000000000000e+00,1.224620819091796875e+00,1.000000000000000000e+00
1.439999999999999947e+00,0.000000000000000000e+00,0.000000000000000000e+00,1.252468585968017578e+00,1.000000000000000000e+00
1.459999999999999964e+00,0.000000000000000000e+00,0.000000000000000000e+00,1.280415415763854980e+00,1.000000000000000000e+00
1.479999999999999982e+00,0.000000000000000000e+00,0.000000000000000000e+00,1.308458209037780762e+00,1.000000000000000000e+00
1.500000000000000000e+00,0.000000000000000000e+00,0.000000000000000000e+00,1.336592078208923340e+00,1.000000000000000000e+00
1.520000000000000018e+00,0.000000000000000000e+00,0.000000000000000000e+00,1.364812612533569336e+00,1.000000000000000000e+00
1.540000000000000036e+00,0.000000000000000000e+00,0.000000000000000000e+00,1.393116831779479980e+00,1.000000000000000000e+00
1.560000000000000053e+00,0.000000000000000000e+00,0.000000000000000000e+00,1.421501517295837402e+00,1.000000000000000000e+00
1.580000000000000071e+00,0.000000000000000000e+00,0.000000000000000000e+00,1.449962735176086426e+00,1.000000000000000000e+00
1.600000000000000089e+00,0.000000000000000000e+00,0.000000000000000000e+00,1.478495359420776367e+00,1.000000000000000000e+00
1.620000000000000107e+00,0.000000000000000000e+00,0.000000000000000000e+00,1.507102489471435547e+00,1.000000000000000000e+00
1.640000000000000124e+00,0.000000000000000000e+00,0.000000000000000000e+00,1.535791397094726562e+00,1.000000000000000000e+00
1.660000000000000142e+00,0.000000000000000000e+00,0.000000000000000000e+00,1.564564585685729980e+00,1.000000000000000000e+00
1.679999999999999938e+00,0.000000000000000000e+00,0.000000000000000000e+00,1.593420743942260742e+00,1.000000000000000000e+00
1.699999999999999956e+00,0.000000000000000000e+00,0.000000000000000000e+00,1.622356772422790527e+00,1.000000000000000000e+00
1.719999999999999973e+00,0.000000000000000000e+00,0.000000000000000000e+00,1.651372313499450684e+00,1.000000000000000000e+00
1.739999999999999991e+00,0.000000000000000000e+00,0.000000000000000000e+00,1.680468916893005371e+00,1.000000000000000000e+00
1.760000000000000009e+00,0.000000000000000000e+00,0.000000000000000000e+00,1.709645748138427734e+00,1.000000000000000000e+00
1.780000000000000027e+00,0.000000000000000000e+00,0.000000000000000000e+00,1.738900899887084961e+00,1.000000000000000000e+00
1.800000000000000044e+00,0.000000000000000000e+00,0.000000000000000000e+00,1.768230319023132324e+00,1.000000000000000000e+00
1.820000000000000062e+00,0.000000000000000000e+00,0.000000000000000000e+00,1.797630786895751953e+00,1.000000000000000000e+00
1.840000000000000080e+00,0.000000000000000000e+00,0.000000000000000000e+00,1.827099442481994629e+00,1.000000000000000000e+00
1.860000000000000098e+00,0.000000000000000000e+00,0.000000000000000000e+00,1.856633663177490234e+00,1.000000000000000000e+00
1.880000000000000115e+00,0.000000000000000000e+00,0.000000000000000000e+00,1.886229515075683594e+00,1.000000000000000000e+00
1.900000000000000133e+00,0.000000000000000000e+00,0.000000000000000000e+00,1.915882349014282227e+00,1.000000000000000000e+00
1.919999999999999929e+00,0.000000000000000000e+00,0.000000000000000000e+00,1.945590734481811523e+00,1.000000000000000000e+00
1.939999999999999947e+00,0.000000000000000000e+00,0.000000000000000000e+00,1.975354909896850586e+00,1.000000000000000000e+00
1.959999999999999964e+00,0.000000000000000000e+00,0.000000000000000000e+00,2.005174398422241211e+00,1.000000000000000000e+00
1.979999999999999982e+00,0.000000000000000000e+00,0.000000000000000000e+00,2.035046577453613281e+00,1.000000000000000000e+00
2.000000000000000000e+00,0.000000000000000000e+00,0.000000000000000000e+00,2.064968109130859375e+00,1.000000000000000000e+00
2.020000000000000018e+00,0.000000000000000000e+00,0.000000000000000000e+00,2.094943284988403320e+00,1.000000000000000000e+00
2.040000000000000036e+00,0.000000000000000000e+00,0.000000000000000000e+00,2.124979734420776367e+00,1.000000000000000000e+00
2.060000000000000053e+00,0.000000000000000000e+00,0.000000000000000000e+00,2.155081272125244141e+00,1.000000000000000000e+00
2.080000000000000071e+00,0.000000000000000000e+00,0.000000000000000000e+00,2.185247182846069336e+00,1.000000000000000000e+00
2.100000000000000089e+00,0.000000000000000000e+00,0.000000000000000000e+00,2.215474605560302734e+00,1.000000000000000000e+00
2.120000000000000107e+00,0.000000000000000000e+00,0.000000000000000000e+00,2.245763301849365234e+00,1.000000000000000000e+00
2.140000000000000124e+00,0.000000000000000000e+00,0.000000000000000000e+00,2.276115179061889648e+00,1.000000000000000000e+00
2.160000000000000142e+00,0.000000000000000000e+00,0.000000000000000000e+00,2.306529998779296875e+00,1.000000000000000000e+00
2.180000000000000160e+00,0.000000000000000000e+00,0.000000000000000000e+00,2.337005853652954102e+00,1.000000000000000000e+00
2.200000000000000178e+00,0.000000000000000000e+00,0.000000000000000000e+00,2.367538928985595703e+00,1.000000000000000000e+00
2.220000000000000195e+00,0.000000000000000000e+00,0.000000000000000000e+00,2.398125171661376953e+00,1.000000000000000000e+00
2.240000000000000213e+00,0.000000000000000000e+00,0.000000000000000000e+00,2.428761720657348633e+00,1.000000000000000000e+00
2.260000000000000231e+00,0.000000000000000000e+00,0.000000000000000000e+00,2.459445476531982422e+00,1.000000000000000000e+00
2.280000000000000249e+00,0.000000000000000000e+00,0.000000000000000000e+00,2.490172863006591797e+00,1.000000000000000000e+00
2.300000000000000266e+00,0.000000000000000000e+00,0.000000000000000000e+00,2.520938873291015625e+00,1.000000000000000000e+00
2.319999999999999840e+00,0.000000000000000000e+00,0.000000000000000000e+00,2.551746129989624023e+00,1.000000000000000000e+00
2.339999999999999858e+00,0.000000000000000000e+00,0.000000000000000000e+00,2.582599878311157227e+00,1.000000000000000000e+00
2.359999999999999876e+00,0.000000000000000000e+00,0.000000000000000000e+00,2.613502025604248047e+00,1.000000000000000000e+00
2.379999999999999893e+00,0.000000000000000000e+00,0.000000000000000000e+00,2.644451141357421875e+00,1.000000000000000000e+00
2.399999999999999911e+00,0.000000000000000000e+00,0.000000000000000000e+00,2.675444364547729492e+00,1.000000000000000000e+00
2.419999999999999929e+00,0.000000000000000000e+00,0.000000000000000000e+00,2.706481695175170898e+00,1.000000000000000000e+00
2.439999999999999947e+00,0.000000000000000000e+00,0.000000000000000000e+00,2.737565517425537109e+00,1.000000000000000000e+00
2.459999999999999964e+00,0.000000000000000000e+00,0.000000000000000000e+00,2.768695831298828125e+00,1.000000000000000000e+00
2.479999999999999982e+00,0.000000000000000000e+00,0.000000000000000000e+00,2.799870729446411133e+00,1.000000000000000000e+00
2.500000000000000000e+00,0.000000000000000000e+00,0.000000000000000000e+00,2.831086635589599609e+00,1.000000000000000000e+00
2.520000000000000018e+00,0.000000000000000000e+00,0.000000000000000000e+00,2.862342596054077148e+00,1.000000000000000000e+00
2.540000000000000036e+00,0.000000000000000000e+00,0.000000000000000000e+00,2.893638849258422852e+00,1.000000000000000000e+00
2.560000000000000053e+00,0.000000000000000000e+00,0.000000000000000000e+00,2.924974918365478516e+00,1.000000000000000000e+00
2.580000000000000071e+00,0.000000000000000000e+00,0.000000000000000000e+00,2.956348657608032227e+00,1.000000000000000000e+00
2.600000000000000089e+00,0.000000000000000000e+00,0.000000000000000000e+00,2.987756967544555664e+00,1.000000000000000000e+00
2.620000000000000107e+00,0.000000000000000000e+00,0.000000000000000000e+00,3.019200563430786133e+00,1.000000000000000000e+00
2.640000000000000124e+00,0.000000000000000000e+00,0.000000000000000000e+00,3.050683021545410156e+00,1.000000000000000000e+00
2.660000000000000142e+00,0.000000000000000000e+00,0.000000000000000000e+00,3.082205057144165039e+00,1.000000000000000000e+00
2.680000000000000160e+00,0.000000000000000000e+00,0.000000000000000000e+00,3.113765239715576172e+00,1.000000000000000000e+00
2.700000000000000178e+00,0.000000000000000000e+00,0.000000000000000000e+00,3.145360231399536133e+00,1.000000000000000000e+00
2.720000000000000195e+00,0.000000000000000000e+00,0.000000000000000000e+00,3.176987409591674805e+00,1.000000000000000000e+00
2.740000000000000213e+00,0.000000000000000000e+00,0.000000000000000000e+00,3.208645820617675781e+00,1.000000000000000000e+00
2.760000000000000231e+00,0.000000000000000000e+00,0.000000000000000000e+00,3.240332841873168945e+00,1.000000000000000000e+00
2.780000000000000249e+00,0.000000000000000000e+00,0.000000000000000000e+00,3.272045850753784180e+00,1.000000000000000000e+00
2.800000000000000266e+00,0.000000000000000000e+00,0.000000000000000000e+00,3.303780794143676758e+00,1.000000000000000000e+00
2.819999999999999840e+00,0.000000000000000000e+00,0.000000000000000000e+00,3.335540056228637695e+00,1.000000000000000000e+00
2.839999999999999858e+00,0.000000000000000000e+00,0.000000000000000000e+00,3.367327690124511719e+00,1.000000000000000000e+00
2.859999999999999876e+00,0.000000000000000000e+00,0.000000000000000000e+00,3.399145841598510742e+00,1.000000000000000000e+00
2.879999999999999893e+00,0.000000000000000000e+00,0.000000000000000000e+00,3.430992126464843750e+00,1.000000000000000000e+00
2.899999999999999911e+00,0.000000000000000000e+00,0.000000000000000000e+00,3.462863922119140625e+00,1.000000000000000000e+00
2.919999999999999929e+00,0.000000000000000000e+00,0.000000000000000000e+00,3.494762659072875977e+00,1.000000000000000000e+00
2.939999999999999947e+00,0.000000000000000000e+00,0.000000000000000000e+00,3.526690483093261719e+00,1.000000000000000000e+00
2.959999999999999964e+00,0.000000000000000000e+00,0.000000000000000000e+00,3.558648824691772461e+00,1.000000000000000000e+00
2.979999999999999982e+00,0.000000000000000000e+00,0.000000000000000000e+00,3.590635776519775391e+00,1.000000000000000000e+00
3.000000000000000000e+00,0.000000000000000000e+00,0.000000000000000000e+00,3.622648239135742188e+00,1.000000000000000000e+00
3.020000000000000018e+00,0.000000000000000000e+00,0.000000000000000000e+00,3.654685258865356445e+00,1.000000000000000000e+00
3.040000000000000036e+00,0.000000000000000000e+00,0.000000000000000000e+00,3.686746835708618164e+00,1.000000000000000000e+00
3.060000000000000053e+00,0.000000000000000000e+00,0.000000000000000000e+00,3.718832015991210938e+00,1.000000000000000000e+00
3.080000000000000071e+00,0.000000000000000000e+00,0.000000000000000000e+00,3.750939130783081055e+00,1.000000000000000000e+00
3.100000000000000089e+00,0.000000000000000000e+00,0.000000000000000000e+00,3.783064603805541992e+00,1.000000000000000000e+00
3.120000000000000107e+00,0.000000000000000000e+00,0.000000000000000000e+00,3.815209865570068359e+00,1.000000000000000000e+00
3.140000000000000124e+00,0.000000000000000000e+00,0.000000000000000000e+00,3.847379684448242188e+00,1.000000000000000000e+00
3.160000000000000142e+00,0.000000000000000000e+00,0.000000000000000000e+00,3.879575729370117188e+00,1.000000000000000000e+00
3.180000000000000160e+00,0.000000000000000000e+00,0.000000000000000000e+00,3.911796808242797852e+00,1.000000000000000000e+00
3.200000000000000178e+00,0.000000000000000000e+00,0.000000000000000000e+00,3.944040536880493164e+00,1.000000000000000000e+00
3.220000000000000195e+00,0.000000000000000000e+00,0.000000000000000000e+00,3.976306200027465820e+00,1.000000000000000000e+00
3.240000000000000213e+00,0.000000000000000000e+00,0.000000000000000000e+00,4.008594036102294922e+00,1.000000000000000000e+00
3.260000000000000231e+00,0.000000000000000000e+00,0.000000000000000000e+00,4.040903568267822266e+00,1.000000000000000000e+00
3.280000000000000249e+00,0.000000000000000000e+00,0.000000000000000000e+00,4.073232650756835938e+00,1.000000000000000000e+00
3.300000000000000266e+00,0.000000000000000000e+00,0.000000000000000000e+00,4.105578422546386719e+00,1.000000000000000000e+00
3.320000000000000284e+00,0.000000000000000000e+00,0.000000000000000000e+00,4.137943267822265625e+00,1.000000000000000000e+00
3.339999999999999858e+00,0.000000000000000000e+00,0.000000000000000000e+00,4.170332431793212891e+00,1.000000000000000000e+00
3.359999999999999876e+00,0.000000000000000000e+00,0.000000000000000000e+00,4.202746391296386719e+00,1.000000000000000000e+00
3.379999999999999893e+00,0.000000000000000000e+00,0.000000000000000000e+00,4.235185623168945312e+00,1.000000000000000000e+00
3.399999999999999911e+00,0.000000000000000000e+00,0.000000000000000000e+00,4.267645359039306641e+00,1.000000000000000000e+00
3.419999999999999929e+00,0.000000000000000000e+00,0.000000000000000000e+00,4.300124645233154297e+00,1.000000000000000000e+00
3.439999999999999947e+00,0.000000000000000000e+00,0.000000000000000000e+00,4.332619667053222656e+00,1.000000000000000000e+00
3.459999999999999964e+00,0.000000000000000000e+00,0.000000000000000000e+00,4.365128040313720703e+00,1.000000000000000000e+00
3.479999999999999982e+00,0.000000000000000000e+00,0.000000000000000000e+00,4.397647857666015625e+00,1.000000000000000000e+00
3.500000000000000000e+00,0.000000000000000000e+00,0.000000000000000000e+00,4.430174827575683594e+00,1.000000000000000000e+00
3.520000000000000018e+00,0.000000000000000000e+00,0.000000000000000000e+00,4.462708473205566406e+00,1.000000000000000000e+00
3.540000000000000036e+00,0.000000000000000000e+00,0.000000000000000000e+00,4.495251178741455078e+00,1.000000000000000000e+00
3.560000000000000053e+00,0.000000000000000000e+00,0.000000000000000000e+00,4.527803421020507812e+00,1.000000000000000000e+00
3.580000000000000071e+00,0.000000000000000000e+00,0.000000000000000000e+00,4.560364246368408203e+00,1.000000000000000000e+00
3.600000000000000089e+00,0.000000000000000000e+00,0.000000000000000000e+00,4.592930793762207031e+00,1.000000000000000000e+00
3.620000000000000107e+00,0.000000000000000000e+00,0.000000000000000000e+00,4.625505924224853516e+00,1.000000000000000000e+00
3.640000000000000124e+00,0.000000000000000000e+00,0.000000000000000000e+00,4.658095359802246094e+00,1.000000000000000000e+00
3.660000000000000142e+00,0.000000000000000000e+00,0.000000000000000000e+00,4.690701484680175781e+00,1.000000000000000000e+00
3.680000000000000160e+00,0.000000000000000000e+00,0.000000000000000000e+00,4.723323345184326172e+00,1.000000000000000000e+00
3.700000000000000178e+00,0.000000000000000000e+00,0.000000000000000000e+00,4.755958080291748047e+00,1.000000000000000000e+00
3.720000000000000195e+00,0.000000000000000000e+00,0.000000000000000000e+00,4.788604736328125000e+00,1.000000000000000000e+00
3.740000000000000213e+00,0.000000000000000000e+00,0.000000000000000000e+00,4.821260452270507812e+00,1.000000000000000000e+00
3.760000000000000231e+00,0.000000000000000000e+00,0.000000000000000000e+00,4.853923320770263672e+00,1.000000000000000000e+00
3.780000000000000249e+00,0.000000000000000000e+00,0.000000000000000000e+00,4.886590003967285156e+00,1.000000000000000000e+00
3.800000000000000266e+00,0.000000000000000000e+00,0.000000000000000000e+00,4.919258117675781250e+00,1.000000000000000000e+00
3.820000000000000284e+00,0.000000000000000000e+00,0.000000000000000000e+00,4.951923847198486328e+00,1.000000000000000000e+00
3.839999999999999858e+00,0.000000000000000000e+00,0.000000000000000000e+00,4.984589576721191406e+00,1.000000000000000000e+00
3.859999999999999876e+00,0.000000000000000000e+00,0.000000000000000000e+00,5.017252922058105469e+00,1.000000000000000000e+00
3.879999999999999893e+00,0.000000000000000000e+00,0.000000000000000000e+00,5.049912929534912109e+00,1.000000000000000000e+00
3.899999999999999911e+00,0.000000000000000000e+00,0.000000000000000000e+00,5.082566738128662109e+00,1.000000000000000000e+00
3.919999999999999929e+00,0.000000000000000000e+00,0.000000000000000000e+00,5.115216255187988281e+00,1.000000000000000000e+00
3.939999999999999947e+00,0.000000000000000000e+00,0.000000000000000000e+00,5.147865295410156250e+00,1.000000000000000000e+00
3.959999999999999964e+00,0.000000000000000000e+00,0.000000000000000000e+00,5.180516719818115234e+00,1.000000000000000000e+00
3.979999999999999982e+00,0.000000000000000000e+00,0.000000000000000000e+00,5.213168144226074219e+00,1.000000000000000000e+00
4.000000000000000000e+00,0.000000000000000000e+00,0.000000000000000000e+00,5.245818138122558594e+00,1.000000000000000000e+00
4.020000000000000462e+00,0.000000000000000000e+00,0.000000000000000000e+00,5.278467178344726562e+00,1.000000000000000000e+00
4.040000000000000036e+00,0.000000000000000000e+00,0.000000000000000000e+00,5.311113834381103516e+00,1.000000000000000000e+00
4.060000000000000497e+00,0.000000000000000000e+00,0.000000000000000000e+00,5.343760013580322266e+00,1.000000000000000000e+00
4.080000000000000071e+00,0.000000000000000000e+00,0.000000000000000000e+00,5.376403331756591797e+00,1.000000000000000000e+00
4.099999999999999645e+00,0.000000000000000000e+00,0.000000000000000000e+00,5.409040927886962891e+00,1.000000000000000000e+00
4.120000000000000107e+00,0.000000000000000000e+00,0.000000000000000000e+00,5.441672801971435547e+00,1.000000000000000000e+00
4.139999999999999680e+00,0.000000000000000000e+00,0.000000000000000000e+00,5.474297046661376953e+00,1.000000000000000000e+00
4.160000000000000142e+00,0.000000000000000000e+00,0.000000000000000000e+00,5.506912231445312500e+00,1.000000000000000000e+00
4.179999999999999716e+00,0.000000000000000000e+00,0.000000000000000000e+00,5.539516448974609375e+00,1.000000000000000000e+00
4.200000000000000178e+00,0.000000000000000000e+00,0.000000000000000000e+00,5.572108268737792969e+00,1.000000000000000000e+00
4.219999999999999751e+00,0.000000000000000000e+00,0.000000000000000000e+00,5.604690551757812500e+00,1.000000000000000000e+00
4.240000000000000213e+00,0.000000000000000000e+00,0.000000000000000000e+00,5.637266159057617188e+00,1.000000000000000000e+00
4.259999999999999787e+00,0.000000000000000000e+00,0.000000000000000000e+00,5.669836044311523438e+00,1.000000000000000000e+00
4.280000000000000249e+00,0.000000000000000000e+00,0.000000000000000000e+00,5.702400207519531250e+00,1.000000000000000000e+00
4.299999999999999822e+00,0.000000000000000000e+00,0.000000000000000000e+00,5.734957218170166016e+00,1.000000000000000000e+00
4.320000000000000284e+00,0.000000000000000000e+00,0.000000000000000000e+00,5.767503738403320312e+00,1.000000000000000000e+00
4.339999999999999858e+00,0.000000000000000000e+00,0.000000000000000000e+00,5.800035953521728516e+00,1.000000000000000000e+00
4.360000000000000320e+00,0.000000000000000000e+00,0.000000000000000000e+00,5.832551002502441406e+00,1.000000000000000000e+00
4.379999999999999893e+00,0.000000000000000000e+00,0.000000000000000000e+00,5.865046024322509766e+00,1.000000000000000000e+00
4.400000000000000355e+00,0.000000000000000000e+00,0.000000000000000000e+00,5.897520542144775391e+00,1.000000000000000000e+00
4.419999999999999929e+00,0.000000000000000000e+00,0.000000000000000000e+00,5.929975032806396484e+00,1.000000000000000000e+00
4.440000000000000391e+00,0.000000000000000000e+00,0.000000000000000000e+00,5.962411403656005859e+00,1.000000000000000000e+00
4.459999999999999964e+00,0.000000000000000000e+00,0.000000000000000000e+00,5.994829654693603516e+00,1.000000000000000000e+00
4.480000000000000426e+00,0.000000000000000000e+00,0.000000000000000000e+00,6.027230262756347656e+00,1.000000000000000000e+00
4.500000000000000000e+00,0.000000000000000000e+00,0.000000000000000000e+00,6.059611797332763672e+00,1.000000000000000000e+00
4.520000000000000462e+00,0.000000000000000000e+00,0.000000000000000000e+00,6.091976642608642578e+00,1.000000000000000000e+00
4.540000000000000036e+00,0.000000000000000000e+00,0.000000000000000000e+00,6.124327659606933594e+00,1.000000000000000000e+00
4.560000000000000497e+00,0.000000000000000000e+00,0.000000000000000000e+00,6.156666755676269531e+00,1.000000000000000000e+00
4.580000000000000071e+00,0.000000000000000000e+00,0.000000000000000000e+00,6.188993930816650391e+00,1.000000000000000000e+00
4.600000000000000533e+00,0.000000000000000000e+00,0.000000000000000000e+00,6.221306324005126953e+00,1.000000000000000000e+00
4.620000000000000107e+00,0.000000000000000000e+00,0.000000000000000000e+00,6.253607273101806641e+00,1.000000000000000000e+00
4.639999999999999680e+00,0.000000000000000000e+00,0.000000000000000000e+00,6.285899639129638672e+00,1.000000000000000000e+00
4.660000000000000142e+00,0.000000000000000000e+00,0.000000000000000000e+00,6.318184852600097656e+00,1.000000000000000000e+00
4.679999999999999716e+00,0.000000000000000000e+00,0.000000000000000000e+00,6.350462913513183594e+00,1.000000000000000000e+00
4.700000000000000178e+00,0.000000000000000000e+00,0.000000000000000000e+00,6.382731914520263672e+00,1.000000000000000000e+00
4.719999999999999751e+00,0.000000000000000000e+00,0.000000000000000000e+00,6.414989948272705078e+00,1.000000000000000000e+00
4.740000000000000213e+00,0.000000000000000000e+00,0.000000000000000000e+00,6.447236061096191406e+00,1.000000000000000000e+00
4.759999999999999787e+00,0.000000000000000000e+00,0.000000000000000000e+00,6.479467391967773438e+00,1.000000000000000000e+00
4.780000000000000249e+00,0.000000000000000000e+00,0.000000000000000000e+00,6.511682987213134766e+00,1.000000000000000000e+00
4.799999999999999822e+00,0.000000000000000000e+00,0.000000000000000000e+00,6.543881893157958984e+00,1.000000000000000000e+00
4.820000000000000284e+00,0.000000000000000000e+00,0.000000000000000000e+00,6.576064586639404297e+00,1.000000000000000000e+00
4.839999999999999858e+00,0.000000000000000000e+00,0.000000000000000000e+00,6.608232975006103516e+00,1.000000000000000000e+00
4.860000000000000320e+00,0.000000000000000000e+00,0.000000000000000000e+00,6.640388011932373047e+00,1.000000000000000000e+00
4.879999999999999893e+00,0.000000000000000000e+00,0.000000000000000000e+00,6.672529220581054688e+00,1.000000000000000000e+00
4.900000000000000355e+00,0.000000000000000000e+00,0.000000000000000000e+00,6.704655647277832031e+00,1.000000000000000000e+00
4.919999999999999929e+00,0.000000000000000000e+00,0.000000000000000000e+00,6.736767292022705078e+00,1.000000000000000000e+00
4.940000000000000391e+00,0.000000000000000000e+00,0.000000000000000000e+00,6.768864154815673828e+00,1.000000000000000000e+00
4.959999999999999964e+00,0.000000000000000000e+00,0.000000000000000000e+00,6.800945281982421875e+00,1.000000000000000000e+00
4.980000000000000426e+00,0.000000000000000000e+00,0.000000000000000000e+00,6.833010196685791016e+00,1.000000000000000000e+00
5.000000000000000000e+00,0.000000000000000000e+00,0.000000000000000000e+00,6.865058422088623047e+00,1.000000000000000000e+00
5.020000000000000462e+00,0.000000000000000000e+00,0.000000000000000000e+00,6.897090911865234375e+00,1.000000000000000000e+00
5.040000000000000036e+00,0.000000000000000000e+00,0.000000000000000000e+00,6.929108142852783203e+00,1.000000000000000000e+00
5.060000000000000497e+00,0.000000000000000000e+00,0.000000000000000000e+00,6.961110115051269531e+00,1.000000000000000000e+00
5.080000000000000071e+00,0.000000000000000000e+00,0.000000000000000000e+00,6.993096351623535156e+00,1.000000000000000000e+00
5.100000000000000533e+00,0.000000000000000000e+00,0.000000000000000000e+00,7.025066852569580078e+00,1.000000000000000000e+00
5.120000000000000107e+00,0.000000000000000000e+00,0.000000000000000000e+00,7.057019710540771484e+00,1.000000000000000000e+00
5.139999999999999680e+00,0.000000000000000000e+00,0.000000000000000000e+00,7.088953018188476562e+00,1.000000000000000000e+00
5.160000000000000142e+00,0.000000000000000000e+00,0.000000000000000000e+00,7.120865345001220703e+00,1.000000000000000000e+00
5.179999999999999716e+00,0.000000000000000000e+00,0.000000000000000000e+00,7.152755737304687500e+00,1.000000000000000000e+00
5.200000000000000178e+00,0.000000000000000000e+00,0.000000000000000000e+00,7.184622764587402344e+00,1.000000000000000000e+00
5.219999999999999751e+00,0.000000000000000000e+00,0.000000000000000000e+00,7.216468811035156250e+00,1.000000000000000000e+00
5.240000000000000213e+00,0.000000000000000000e+00,0.000000000000000000e+00,7.248294353485107422e+00,1.000000000000000000e+00
5.259999999999999787e+00,0.000000000000000000e+00,0.000000000000000000e+00,7.280100345611572266e+00,1.000000000000000000e+00
5.280000000000000249e+00,0.000000000000000000e+00,0.000000000000000000e+00,7.311885356903076172e+00,1.000000000000000000e+00
5.299999999999999822e+00,0.000000000000000000e+00,0.000000000000000000e+00,7.343650817871093750e+00,1.000000000000000000e+00
5.320000000000000284e+00,0.000000000000000000e+00,0.000000000000000000e+00,7.375397682189941406e+00,1.000000000000000000e+00
5.339999999999999858e+00,0.000000000000000000e+00,0.000000000000000000e+00,7.407128810882568359e+00,1.000000000000000000e+00
5.360000000000000320e+00,0.000000000000000000e+00,0.000000000000000000e+00,7.438844680786132812e+00,1.000000000000000000e+00
5.379999999999999893e+00,0.000000000000000000e+00,0.000000000000000000e+00,7.470546245574951172e+00,1.000000000000000000e+00
5.400000000000000355e+00,0.000000000000000000e+00,0.000000000000000000e+00,7.502233028411865234e+00,1.000000000000000000e+00
5.419999999999999929e+00,0.000000000000000000e+00,0.000000000000000000e+00,7.533902168273925781e+00,1.000000000000000000e+00
5.440000000000000391e+00,0.000000000000000000e+00,0.000000000000000000e+00,7.565547466278076172e+00,1.000000000000000000e+00
5.459999999999999964e+00,0.000000000000000000e+00,0.000000000000000000e+00,7.597165584564208984e+00,1.000000000000000000e+00
5.480000000000000426e+00,0.000000000000000000e+00,0.000000000000000000e+00,7.628754615783691406e+00,1.000000000000000000e+00
5.500000000000000000e+00,0.000000000000000000e+00,0.000000000000000000e+00,7.660314559936523438e+00,1.000000000000000000e+00
5.520000000000000462e+00,0.000000000000000000e+00,0.000000000000000000e+00,7.691844940185546875e+00,1.000000000000000000e+00
5.540000000000000036e+00,0.000000000000000000e+00,0.000000000000000000e+00,7.723346710205078125e+00,1.000000000000000000e+00
5.560000000000000497e+00,0.000000000000000000e+00,0.000000000000000000e+00,7.754821300506591797e+00,1.000000000000000000e+00
5.580000000000000071e+00,0.000000000000000000e+00,0.000000000000000000e+00,7.786269187927246094e+00,1.000000000000000000e+00
5.600000000000000533e+00,0.000000000000000000e+00,0.000000000000000000e+00,7.817691326141357422e+00,1.000000000000000000e+00
5.620000000000000107e+00,0.000000000000000000e+00,0.000000000000000000e+00,7.849088668823242188e+00,1.000000000000000000e+00
5.639999999999999680e+00,0.000000000000000000e+00,0.000000000000000000e+00,7.880460262298583984e+00,1.000000000000000000e+00
5.660000000000000142e+00,0.000000000000000000e+00,0.000000000000000000e+00,7.911807537078857422e+00,1.000000000000000000e+00
5.679999999999999716e+00,0.000000000000000000e+00,0.000000000000000000e+00,7.943128585815429688e+00,1.000000000000000000e+00
5.700000000000000178e+00,0.000000000000000000e+00,0.000000000000000000e+00,7.974425792694091797e+00,1.000000000000000000e+00
5.719999999999999751e+00,0.000000000000000000e+00,0.000000000000000000e+00,8.005699157714843750e+00,1.000000000000000000e+00
5.740000000000000213e+00,0.000000000000000000e+00,0.000000000000000000e+00,8.036946296691894531e+00,1.000000000000000000e+00
5.759999999999999787e+00,0.000000000000000000e+00,0.000000000000000000e+00,8.068168640136718750e+00,1.000000000000000000e+00
5.780000000000000249e+00,0.000000000000000000e+00,0.000000000000000000e+00,8.099363327026367188e+00,1.000000000000000000e+00
5.799999999999999822e+00,0.000000000000000000e+00,0.000000000000000000e+00,8.130534172058105469e+00,1.000000000000000000e+00
5.820000000000000284e+00,0.000000000000000000e+00,0.000000000000000000e+00,8.161681175231933594e+00,1.000000000000000000e+00
5.839999999999999858e+00,0.000000000000000000e+00,0.000000000000000000e+00,8.192800521850585938e+00,1.000000000000000000e+00
5.860000000000000320e+00,0.000000000000000000e+00,0.000000000000000000e+00,8.223893165588378906e+00,1.000000000000000000e+00
5.879999999999999893e+00,0.000000000000000000e+00,0.000000000000000000e+00,8.254959106445312500e+00,1.000000000000000000e+00
5.900000000000000355e+00,0.000000000000000000e+00,0.000000000000000000e+00,8.285999298095703125e+00,1.000000000000000000e+00
5.919999999999999929e+00,0.000000000000000000e+00,0.000000000000000000e+00,8.317012786865234375e+00,1.000000000000000000e+00
5.940000000000000391e+00,0.000000000000000000e+00,0.000000000000000000e+00,8.348002433776855469e+00,1.000000000000000000e+00
5.959999999999999964e+00,0.000000000000000000e+00,0.000000000000000000e+00,8.378968238830566406e+00,1.000000000000000000e+00
5.980000000000000426e+00,0.000000000000000000e+00,0.000000000000000000e+00,8.409910202026367188e+00,1.000000000000000000e+00
6.000000000000000000e+00,0.000000000000000000e+00,0.000000000000000000e+00,8.440832138061523438e+00,1.000000000000000000e+00
6.020000000000000462e+00,0.000000000000000000e+00,0.000000000000000000e+00,8.471731185913085938e+00,1.000000000000000000e+00
6.040000000000000036e+00,0.000000000000000000e+00,0.000000000000000000e+00,8.502606391906738281e+00,1.000000000000000000e+00
6.060000000000000497e+00,0.000000000000000000e+00,0.000000000000000000e+00,8.533452987670898438e+00,1.000000000000000000e+00
6.080000000000000071e+00,0.000000000000000000e+00,0.000000000000000000e+00,8.564275741577148438e+00,1.000000000000000000e+00
6.100000000000000533e+00,0.000000000000000000e+00,0.000000000000000000e+00,8.595074653625488281e+00,1.000000000000000000e+00
6.120000000000000107e+00,0.000000000000000000e+00,0.000000000000000000e+00,8.625845909118652344e+00,1.000000000000000000e+00
6.140000000000000568e+00,0.000000000000000000e+00,0.000000000000000000e+00,8.656589508056640625e+00,1.000000000000000000e+00
6.160000000000000142e+00,0.000000000000000000e+00,0.000000000000000000e+00,8.687303543090820312e+00,1.000000000000000000e+00
6.179999999999999716e+00,0.000000000000000000e+00,0.000000000000000000e+00,8.717988014221191406e+00,1.000000000000000000e+00
6.200000000000000178e+00,0.000000000000000000e+00,0.000000000000000000e+00,8.748643875122070312e+00,1.000000000000000000e+00
6.219999999999999751e+00,0.000000000000000000e+00,0.000000000000000000e+00,8.779272079467773438e+00,1.000000000000000000e+00
6.240000000000000213e+00,0.000000000000000000e+00,0.000000000000000000e+00,8.809868812561035156e+00,1.000000000000000000e+00
6.259999999999999787e+00,0.000000000000000000e+00,0.000000000000000000e+00,8.840434074401855469e+00,1.000000000000000000e+00
6.280000000000000249e+00,0.000000000000000000e+00,0.000000000000000000e+00,8.870968818664550781e+00,1.000000000000000000e+00
6.299999999999999822e+00,0.000000000000000000e+00,0.000000000000000000e+00,8.901473045349121094e+00,1.000000000000000000e+00
6.320000000000000284e+00,0.000000000000000000e+00,0.000000000000000000e+00,8.931946754455566406e+00,1.000000000000000000e+00
6.339999999999999858e+00,0.000000000000000000e+00,0.000000000000000000e+00,8.962390899658203125e+00,1.000000000000000000e+00
6.360000000000000320e+00,0.000000000000000000e+00,0.000000000000000000e+00,8.992805480957031250e+00,1.000000000000000000e+00
6.379999999999999893e+00,0.000000000000000000e+00,0.000000000000000000e+00,9.023190498352050781e+00,1.000000000000000000e+00
6.400000000000000355e+00,0.000000000000000000e+00,0.000000000000000000e+00,9.053548812866210938e+00,1.000000000000000000e+00
6.419999999999999929e+00,0.000000000000000000e+00,0.000000000000000000e+00,9.083880424499511719e+00,1.000000000000000000e+00
6.440000000000000391e+00,0.000000000000000000e+00,0.000000000000000000e+00,9.114184379577636719e+00,1.000000000000000000e+00
6.459999999999999964e+00,0.000000000000000000e+00,0.000000000000000000e+00,9.144461631774902344e+00,1.000000000000000000e+00
6.480000000000000426e+00,0.000000000000000000e+00,0.000000000000000000e+00,9.174712181091308594e+00,1.000000000000000000e+00
6.500000000000000000e+00,0.000000000000000000e+00,0.000000000000000000e+00,9.204938888549804688e+00,1.000000000000000000e+00
6.520000000000000462e+00,0.000000000000000000e+00,0.000000000000000000e+00,9.235141754150390625e+00,1.000000000000000000e+00
6.540000000000000036e+00,0.000000000000000000e+00,0.000000000000000000e+00,9.265320777893066406e+00,1.000000000000000000e+00
6.560000000000000497e+00,0.000000000000000000e+00,0.000000000000000000e+00,9.295477867126464844e+00,1.000000000000000000e+00
6.580000000000000071e+00,0.000000000000000000e+00,0.000000000000000000e+00,9.325613975524902344e+00,1.000000000000000000e+00
6.600000000000000533e+00,0.000000000000000000e+00,0.000000000000000000e+00,9.355730056762695312e+00,1.000000000000000000e+00
6.620000000000000107e+00,0.000000000000000000e+00,0.000000000000000000e+00,9.385824203491210938e+00,1.000000000000000000e+00
6.640000000000000568e+00,0.000000000000000000e+00,0.000000000000000000e+00,9.415893554687500000e+00,1.000000000000000000e+00
6.660000000000000142e+00,0.000000000000000000e+00,0.000000000000000000e+00,9.445939064025878906e+00,1.000000000000000000e+00
6.679999999999999716e+00,0.000000000000000000e+00,0.000000000000000000e+00,9.475960731506347656e+00,1.000000000000000000e+00
6.700000000000000178e+00,0.000000000000000000e+00,0.000000000000000000e+00,9.505958557128906250e+00,1.000000000000000000e+00
6.719999999999999751e+00,0.000000000000000000e+00,0.000000000000000000e+00,9.535927772521972656e+00,1.000000000000000000e+00
6.740000000000000213e+00,0.000000000000000000e+00,0.000000000000000000e+00,9.565873146057128906e+00,1.000000000000000000e+00
6.759999999999999787e+00,0.000000000000000000e+00,0.000000000000000000e+00,9.595789909362792969e+00,1.000000000000000000e+00
6.780000000000000249e+00,0.000000000000000000e+00,0.000000000000000000e+00,9.625679969787597656e+00,1.000000000000000000e+00
6.799999999999999822e+00,0.000000000000000000e+00,0.000000000000000000e+00,9.655544281005859375e+00,1.000000000000000000e+00
6.820000000000000284e+00,0.000000000000000000e+00,0.000000000000000000e+00,9.685383796691894531e+00,1.000000000000000000e+00
6.839999999999999858e+00,0.000000000000000000e+00,0.000000000000000000e+00,9.715194702148437500e+00,1.000000000000000000e+00
6.860000000000000320e+00,0.000000000000000000e+00,0.000000000000000000e+00,9.744976043701171875e+00,1.000000000000000000e+00
6.879999999999999893e+00,0.000000000000000000e+00,0.000000000000000000e+00,9.774727821350097656e+00,1.000000000000000000e+00
6.900000000000000355e+00,0.000000000000000000e+00,0.000000000000000000e+00,9.804450035095214844e+00,1.000000000000000000e+00
6.919999999999999929e+00,0.000000000000000000e+00,0.000000000000000000e+00,9.834144592285156250e+00,1.000000000000000000e+00
6.940000000000000391e+00,0.000000000000000000e+00,0.000000000000000000e+00,9.863812446594238281e+00,1.000000000000000000e+00
6.959999999999999964e+00,0.000000000000000000e+00,0.000000000000000000e+00,9.893452644348144531e+00,1.000000000000000000e+00
6.980000000000000426e+00,0.000000000000000000e+00,0.000000000000000000e+00,9.923069000244140625e+00,1.000000000000000000e+00
7.000000000000000000e+00,0.000000000000000000e+00,0.000000000000000000e+00,9.952661514282226562e+00,1.000000000000000000e+00
7.020000000000000462e+00,0.000000000000000000e+00,0.000000000000000000e+00,9.982230186462402344e+00,1.000000000000000000e+00
7.040000000000000036e+00,0.000000000000000000e+00,0.000000000000000000e+00,1.001177215576171875e+01,1.000000000000000000e+00
7.060000000000000497e+00,0.000000000000000000e+00,0.000000000000000000e+00,1.004128837585449219e+01,1.000000000000000000e+00
7.080000000000000071e+00,0.000000000000000000e+00,0.000000000000000000e+00,1.007077693939208984e+01,1.000000000000000000e+00
7.100000000000000533e+00,0.000000000000000000e+00,0.000000000000000000e+00,1.010024070739746094e+01,1.000000000000000000e+00
7.120000000000000107e+00,0.000000000000000000e+00,0.000000000000000000e+00,1.012968063354492188e+01,1.000000000000000000e+00
7.140000000000000568e+00,0.000000000000000000e+00,0.000000000000000000e+00,1.015909671783447266e+01,1.000000000000000000e+00
7.160000000000000142e+00,0.000000000000000000e+00,0.000000000000000000e+00,1.018848896026611328e+01,1.000000000000000000e+00
7.179999999999999716e+00,0.000000000000000000e+00,0.000000000000000000e+00,1.021785736083984375e+01,1.000000000000000000e+00
7.200000000000000178e+00,0.000000000000000000e+00,0.000000000000000000e+00,1.024720191955566406e+01,1.000000000000000000e+00
7.219999999999999751e+00,0.000000000000000000e+00,0.000000000000000000e+00,1.027652263641357422e+01,1.000000000000000000e+00
7.240000000000000213e+00,0.000000000000000000e+00,0.000000000000000000e+00,1.030581951141357422e+01,1.000000000000000000e+00
7.259999999999999787e+00,0.000000000000000000e+00,0.000000000000000000e+00,1.033509254455566406e+01,1.000000000000000000e+00
7.280000000000000249e+00,0.000000000000000000e+00,0.000000000000000000e+00,1.036434173583984375e+01,1.000000000000000000e+00
7.299999999999999822e+00,0.000000000000000000e+00,0.000000000000000000e+00,1.039356708526611328e+01,1.000000000000000000e+00
7.320000000000000284e+00,0.000000000000000000e+00,0.000000000000000000e+00,1.042276859283447266e+01,1.000000000000000000e+00
7.339999999999999858e+00,0.000000000000000000e+00,0.000000000000000000e+00,1.045194625854492188e+01,1.000000000000000000e+00
7.360000000000000320e+00,0.000000000000000000e+00,0.000000000000000000e+00,1.048109531402587891e+01,1.000000000000000000e+00
7.379999999999999893e+00,0.000000000000000000e+00,0.000000000000000000e+00,1.051021575927734375e+01,1.000000000000000000e+00
7.400000000000000355e+00,0.000000000000000000e+00,0.000000000000000000e+00,1.053930759429931641e+01,1.000000000000000000e+00
7.419999999999999929e+00,0.000000000000000000e+00,0.000000000000000000e+00,1.056837272644042969e+01,1.000000000000000000e+00
7.440000000000000391e+00,0.000000000000000000e+00,0.000000000000000000e+00,1.059741020202636719e+01,1.000000000000000000e+00
7.459999999999999964e+00,0.000000000000000000e+00,0.000000000000000000e+00,1.062641906738281250e+01,1.000000000000000000e+00
7.480000000000000426e+00,0.000000000000000000e+00,0.000000000000000000e+00,1.065540122985839844e+01,1.000000000000000000e+00
7.500000000000000000e+00,0.000000000000000000e+00,0.000000000000000000e+00,1.068435764312744141e+01,1.000000000000000000e+00
7.520000000000000462e+00,0.000000000000000000e+00,0.000000000000000000e+00,1.071328735351562500e+01,1.000000000000000000e+00
7.540000000000000036e+00,0.000000000000000000e+00,0.000000000000000000e+00,1.074218940734863281e+01,1.000000000000000000e+00
7.560000000000000497e+00,0.000000000000000000e+00,0.000000000000000000e+00,1.077106094360351562e+01,1.000000000000000000e+00
7.580000000000000071e+00,0.000000000000000000e+00,0.000000000000000000e+00,1.079990291595458984e+01,1.000000000000000000e+00
7.600000000000000533e+00,0.000000000000000000e+00,0.000000000000000000e+00,1.082871532440185547e+01,1.000000000000000000e+00
7.620000000000000107e+00,0.000000000000000000e+00,0.000000000000000000e+00,1.085749912261962891e+01,1.000000000000000000e+00
7.640000000000000568e+00,0.000000000000000000e+00,0.000000000000000000e+00,1.088625431060791016e+01,1.000000000000000000e+00
7.660000000000000142e+00,0.000000000000000000e+00,0.000000000000000000e+00,1.091498088836669922e+01,1.000000000000000000e+00
7.679999999999999716e+00,0.000000000000000000e+00,0.000000000000000000e+00,1.094367885589599609e+01,1.000000000000000000e+00
7.700000000000000178e+00,0.000000000000000000e+00,0.000000000000000000e+00,1.097235107421875000e+01,1.000000000000000000e+00
7.719999999999999751e+00,0.000000000000000000e+00,0.000000000000000000e+00,1.100099754333496094e+01,1.000000000000000000e+00
7.740000000000000213e+00,0.000000000000000000e+00,0.000000000000000000e+00,1.102961730957031250e+01,1.000000000000000000e+00
7.759999999999999787e+00,0.000000000000000000e+00,0.000000000000000000e+00,1.105820846557617188e+01,1.000000000000000000e+00
7.780000000000000249e+00,0.000000000000000000e+00,0.000000000000000000e+00,1.108677101135253906e+01,1.000000000000000000e+00
7.799999999999999822e+00,0.000000000000000000e+00,0.000000000000000000e+00,1.111530780792236328e+01,1.000000000000000000e+00
7.820000000000000284e+00,0.000000000000000000e+00,0.000000000000000000e+00,1.114381790161132812e+01,1.000000000000000000e+00
7.839999999999999858e+00,0.000000000000000000e+00,0.000000000000000000e+00,1.117230415344238281e+01,1.000000000000000000e+00
7.860000000000000320e+00,0.000000000000000000e+00,0.000000000000000000e+00,1.120076274871826172e+01,1.000000000000000000e+00
7.879999999999999893e+00,0.000000000000000000e+00,0.000000000000000000e+00,1.122919654846191406e+01,1.000000000000000000e+00
7.900000000000000355e+00,0.000000000000000000e+00,0.000000000000000000e+00,1.125760841369628906e+01,1.000000000000000000e+00
7.919999999999999929e+00,0.000000000000000000e+00,0.000000000000000000e+00,1.128599929809570312e+01,1.000000000000000000e+00
7.940000000000000391e+00,0.000000000000000000e+00,0.000000000000000000e+00,1.131436252593994141e+01,1.000000000000000000e+00
7.959999999999999964e+00,0.000000000000000000e+00,0.000000000000000000e+00,1.134270095825195312e+01,1.000000000000000000e+00
7.980000000000000426e+00,0.000000000000000000e+00,0.000000000000000000e+00,1.137101078033447266e+01,1.000000000000000000e+00
8.000000000000000000e+00,0.000000000000000000e+00,0.000000000000000000e+00,1.139929676055908203e+01,1.000000000000000000e+00
8.019999999999999574e+00,0.000000000000000000e+00,0.000000000000000000e+00,1.142755508422851562e+01,1.000000000000000000e+00
8.040000000000000924e+00,0.000000000000000000e+00,0.000000000000000000e+00,1.145578861236572266e+01,1.000000000000000000e+00
8.060000000000000497e+00,0.000000000000000000e+00,0.000000000000000000e+00,1.148399353027343750e+01,1.000000000000000000e+00
8.080000000000000071e+00,0.000000000000000000e+00,0.000000000000000000e+00,1.151217460632324219e+01,1.000000000000000000e+00
8.099999999999999645e+00,0.000000000000000000e+00,0.000000000000000000e+00,1.154033184051513672e+01,1.000000000000000000e+00
8.120000000000000995e+00,0.000000000000000000e+00,0.000000000000000000e+00,1.156846523284912109e+01,1.000000000000000000e+00
8.140000000000000568e+00,0.000000000000000000e+00,0.000000000000000000e+00,1.159657478332519531e+01,1.000000000000000000e+00
8.160000000000000142e+00,0.000000000000000000e+00,0.000000000000000000e+00,1.162465763092041016e+01,1.000000000000000000e+00
8.179999999999999716e+00,0.000000000000000000e+00,0.000000000000000000e+00,1.165271472930908203e+01,1.000000000000000000e+00
8.199999999999999289e+00,0.000000000000000000e+00,0.000000000000000000e+00,1.168075275421142578e+01,1.000000000000000000e+00
8.220000000000000639e+00,0.000000000000000000e+00,0.000000000000000000e+00,1.170876693725585938e+01,1.000000000000000000e+00
8.240000000000000213e+00,0.000000000000000000e+00,0.000000000000000000e+00,1.173675727844238281e+01,1.000000000000000000e+00
8.259999999999999787e+00,0.000000000000000000e+00,0.000000000000000000e+00,1.176472187042236328e+01,1.000000000000000000e+00
8.279999999999999361e+00,0.000000000000000000e+00,0.000000000000000000e+00,1.179265975952148438e+01,1.000000000000000000e+00
8.300000000000000711e+00,0.000000000000000000e+00,0.000000000000000000e+00,1.182057380676269531e+01,1.000000000000000000e+00
8.320000000000000284e+00,0.000000000000000000e+00,0.000000000000000000e+00,1.184846401214599609e+01,1.000000000000000000e+00
8.339999999999999858e+00,0.000000000000000000e+00,0.000000000000000000e+00,1.187632942199707031e+01,1.000000000000000000e+00
8.359999999999999432e+00,0.000000000000000000e+00,0.000000000000000000e+00,1.190416717529296875e+01,1.000000000000000000e+00
8.380000000000000782e+00,0.000000000000000000e+00,0.000000000000000000e+00,1.193198108673095703e+01,1.000000000000000000e+00
8.400000000000000355e+00,0.000000000000000000e+00,0.000000000000000000e+00,1.195977115631103516e+01,1.000000000000000000e+00
8.419999999999999929e+00,0.000000000000000000e+00,0.000000000000000000e+00,1.198753738403320312e+01,1.000000000000000000e+00
8.439999999999999503e+00,0.000000000000000000e+00,0.000000000000000000e+00,1.201527976989746094e+01,1.000000000000000000e+00
8.460000000000000853e+00,0.000000000000000000e+00,0.000000000000000000e+00,1.204299831390380859e+01,1.000000000000000000e+00
8.480000000000000426e+00,0.000000000000000000e+00,0.000000000000000000e+00,1.207069301605224609e+01,1.000000000000000000e+00
8.500000000000000000e+00,0.000000000000000000e+00,0.000000000000000000e+00,1.209836673736572266e+01,1.000000000000000000e+00
8.519999999999999574e+00,0.000000000000000000e+00,0.000000000000000000e+00,1.212601852416992188e+01,1.000000000000000000e+00
8.540000000000000924e+00,0.000000000000000000e+00,0.000000000000000000e+00,1.215365028381347656e+01,1.000000000000000000e+00
8.560000000000000497e+00,0.000000000000000000e+00,0.000000000000000000e+00,1.218125915527343750e+01,1.000000000000000000e+00
8.580000000000000071e+00,0.000000000000000000e+00,0.000000000000000000e+00,1.220884799957275391e+01,1.000000000000000000e+00
8.599999999999999645e+00,0.000000000000000000e+00,0.000000000000000000e+00,1.223641681671142578e+01,1.000000000000000000e+00
8.620000000000000995e+00,0.000000000000000000e+00,0.000000000000000000e+00,1.226396751403808594e+01,1.000000000000000000e+00
8.640000000000000568e+00,0.000000000000000000e+00,0.000000000000000000e+00,1.229149818420410156e+01,1.000000000000000000e+00
8.660000000000000142e+00,0.000000000000000000e+00,0.000000000000000000e+00,1.231900691986083984e+01,1.000000000000000000e+00
8.679999999999999716e+00,0.000000000000000000e+00,0.000000000000000000e+00,1.234649467468261719e+01,1.000000000000000000e+00
8.700000000000001066e+00,0.000000000000000000e+00,0.000000000000000000e+00,1.237396240234375000e+01,1.000000000000000000e+00
8.720000000000000639e+00,0.000000000000000000e+00,0.000000000000000000e+00,1.240140914916992188e+01,1.000000000000000000e+00
8.740000000000000213e+00,0.000000000000000000e+00,0.000000000000000000e+00,1.242883682250976562e+01,1.000000000000000000e+00
8.759999999999999787e+00,0.000000000000000000e+00,0.000000000000000000e+00,1.245624065399169922e+01,1.000000000000000000e+00
8.779999999999999361e+00,0.000000000000000000e+00,0.000000000000000000e+00,1.248362064361572266e+01,1.000000000000000000e+00
8.800000000000000711e+00,0.000000000000000000e+00,0.000000000000000000e+00,1.251097965240478516e+01,1.000000000000000000e+00
8.820000000000000284e+00,0.000000000000000000e+00,0.000000000000000000e+00,1.253831672668457031e+01,1.000000000000000000e+00
8.839999999999999858e+00,0.000000000000000000e+00,0.000000000000000000e+00,1.256562995910644531e+01,1.000000000000000000e+00
8.859999999999999432e+00,0.000000000000000000e+00,0.000000000000000000e+00,1.259291934967041016e+01,1.000000000000000000e+00
8.880000000000000782e+00,0.000000000000000000e+00,0.000000000000000000e+00,1.262018489837646484e+01,1.000000000000000000e+00
8.900000000000000355e+00,0.000000000000000000e+00,0.000000000000000000e+00,1.264742660522460938e+01,1.000000000000000000e+00
8.919999999999999929e+00,0.000000000000000000e+00,0.000000000000000000e+00,1.267464447021484375e+01,1.000000000000000000e+00
8.939999999999999503e+00,0.000000000000000000e+00,0.000000000000000000e+00,1.270183849334716797e+01,1.000000000000000000e+00
8.960000000000000853e+00,0.000000000000000000e+00,0.000000000000000000e+00,1.272900867462158203e+01,1.000000000000000000e+00
8.980000000000000426e+00,0.000000000000000000e+00,0.000000000000000000e+00,1.275615501403808594e+01,1.000000000000000000e+00
9.000000000000000000e+00,0.000000000000000000e+00,0.000000000000000000e+00,1.278328227996826172e+01,1.000000000000000000e+00
9.019999999999999574e+00,0.000000000000000000e+00,0.000000000000000000e+00,1.281038665771484375e+01,1.000000000000000000e+00
9.040000000000000924e+00,0.000000000000000000e+00,0.000000000000000000e+00,1.283747100830078125e+01,1.000000000000000000e+00
9.060000000000000497e+00,0.000000000000000000e+00,0.000000000000000000e+00,1.286453151702880859e+01,1.000000000000000000e+00
9.080000000000000071e+00,0.000000000000000000e+00,0.000000000000000000e+00,1.289156913757324219e+01,1.000000000000000000e+00
9.099999999999999645e+00,0.000000000000000000e+00,0.000000000000000000e+00,1.291858673095703125e+01,1.000000000000000000e+00
9.120000000000000995e+00,0.000000000000000000e+00,0.000000000000000000e+00,1.294558525085449219e+01,1.000000000000000000e+00
9.140000000000000568e+00,0.000000000000000000e+00,0.000000000000000000e+00,1.297256088256835938e+01,1.000000000000000000e+00
9.160000000000000142e+00,0.000000000000000000e+00,0.000000000000000000e+00,1.299951648712158203e+01,1.000000000000000000e+00
9.179999999999999716e+00,0.000000000000000000e+00,0.000000000000000000e+00,1.302644824981689453e+01,1.000000000000000000e+00
9.200000000000001066e+00,0.000000000000000000e+00,0.000000000000000000e+00,1.305335998535156250e+01,1.000000000000000000e+00
9.220000000000000639e+00,0.000000000000000000e+00,0.000000000000000000e+00,1.308025169372558594e+01,1.000000000000000000e+00
9.240000000000000213e+00,0.000000000000000000e+00,0.000000000000000000e+00,1.310712242126464844e+01,1.000000000000000000e+00
9.259999999999999787e+00,0.000000000000000000e+00,0.000000000000000000e+00,1.313397312164306641e+01,1.000000000000000000e+00
9.279999999999999361e+00,0.000000000000000000e+00,0.000000000000000000e+00,1.316080474853515625e+01,1.000000000000000000e+00
9.300000000000000711e+00,0.000000000000000000e+00,0.000000000000000000e+00,1.318761825561523438e+01,1.000000000000000000e+00
9.320000000000000284e+00,0.000000000000000000e+00,0.000000000000000000e+00,1.321441364288330078e+01,1.000000000000000000e+00
9.339999999999999858e+00,0.000000000000000000e+00,0.000000000000000000e+00,1.324118900299072266e+01,1.000000000000000000e+00
9.359999999999999432e+00,0.000000000000000000e+00,0.000000000000000000e+00,1.326794433593750000e+01,1.000000000000000000e+00
9.380000000000000782e+00,0.000000000000000000e+00,0.000000000000000000e+00,1.329467773437500000e+01,1.000000000000000000e+00
9.400000000000000355e+00,0.000000000000000000e+00,0.000000000000000000e+00,1.332139110565185547e+01,1.000000000000000000e+00
9.419999999999999929e+00,0.000000000000000000e+00,0.000000000000000000e+00,1.334808444976806641e+01,1.000000000000000000e+00
9.439999999999999503e+00,0.000000000000000000e+00,0.000000000000000000e+00,1.337475585937500000e+01,1.000000000000000000e+00
9.460000000000000853e+00,0.000000000000000000e+00,0.000000000000000000e+00,1.340140628814697266e+01,1.000000000000000000e+00
9.480000000000000426e+00,0.000000000000000000e+00,0.000000000000000000e+00,1.342803287506103516e+01,1.000000000000000000e+00
9.500000000000000000e+00,0.000000000000000000e+00,0.000000000000000000e+00,1.345464038848876953e+01,1.000000000000000000e+00
9.519999999999999574e+00,0.000000000000000000e+00,0.000000000000000000e+00,1.348122882843017578e+01,1.000000000000000000e+00
9.540000000000000924e+00,0.000000000000000000e+00,0.000000000000000000e+00,1.350779438018798828e+01,1.000000000000000000e+00
9.560000000000000497e+00,0.000000000000000000e+00,0.000000000000000000e+00,1.353433990478515625e+01,1.000000000000000000e+00
9.580000000000000071e+00,0.000000000000000000e+00,0.000000000000000000e+00,1.356086158752441406e+01,1.000000000000000000e+00
9.599999999999999645e+00,0.000000000000000000e+00,0.000000000000000000e+00,1.358736515045166016e+01,1.000000000000000000e+00
9.620000000000000995e+00,0.000000000000000000e+00,0.000000000000000000e+00,1.361384963989257812e+01,1.000000000000000000e+00
9.640000000000000568e+00,0.000000000000000000e+00,0.000000000000000000e+00,1.364031410217285156e+01,1.000000000000000000e+00
9.660000000000000142e+00,0.000000000000000000e+00,0.000000000000000000e+00,1.366675758361816406e+01,1.000000000000000000e+00
9.679999999999999716e+00,0.000000000000000000e+00,0.000000000000000000e+00,1.369317913055419922e+01,1.000000000000000000e+00
9.700000000000001066e+00,0.000000000000000000e+00,0.000000000000000000e+00,1.371958351135253906e+01,1.000000000000000000e+00
9.720000000000000639e+00,0.000000000000000000e+00,0.000000000000000000e+00,1.374596881866455078e+01,1.000000000000000000e+00
9.740000000000000213e+00,0.000000000000000000e+00,0.000000000000000000e+00,1.377233600616455078e+01,1.000000000000000000e+00
9.759999999999999787e+00,0.000000000000000000e+00,0.000000000000000000e+00,1.379868412017822266e+01,1.000000000000000000e+00
9.779999999999999361e+00,0.000000000000000000e+00,0.000000000000000000e+00,1.382501411437988281e+01,1.000000000000000000e+00
9.800000000000000711e+00,0.000000000000000000e+00,0.000000000000000000e+00,1.385132789611816406e+01,1.000000000000000000e+00
9.820000000000000284e+00,0.000000000000000000e+00,0.000000000000000000e+00,1.387762546539306641e+01,1.000000000000000000e+00
9.839999999999999858e+00,0.000000000000000000e+00,0.000000000000000000e+00,1.390390682220458984e+01,1.000000000000000000e+00
9.859999999999999432e+00,0.000000000000000000e+00,0.000000000000000000e+00,1.393017196655273438e+01,1.000000000000000000e+00
9.880000000000000782e+00,0.000000000000000000e+00,0.000000000000000000e+00,1.395641994476318359e+01,1.000000000000000000e+00
9.900000000000000355e+00,0.000000000000000000e+00,0.000000000000000000e+00,1.398265266418457031e+01,1.000000000000000000e+00
9.919999999999999929e+00,0.000000000000000000e+00,0.000000000000000000e+00,1.400886917114257812e+01,1.000000000000000000e+00
9.939999999999999503e+00,0.000000000000000000e+00,0.000000000000000000e+00,1.403506946563720703e+01,1.000000000000000000e+00
9.960000000000000853e+00,0.000000000000000000e+00,0.000000000000000000e+00,1.406125354766845703e+01,1.000000000000000000e+00
9.980000000000000426e+00,0.000000000000000000e+00,0.000000000000000000e+00,1.408741950988769531e+01,1.000000000000000000e+00
1.000000000000000000e+01,0.000000000000000000e+00,0.000000000000000000e+00,1.411356925964355469e+01,1.000000000000000000e+00
1.001999999999999957e+01,0.000000000000000000e+00,0.000000000000000000e+00,1.413970279693603516e+01,1.000000000000000000e+00
1.004000000000000092e+01,0.000000000000000000e+00,0.000000000000000000e+00,1.416581916809082031e+01,1.000000000000000000e+00
1.006000000000000050e+01,0.000000000000000000e+00,0.000000000000000000e+00,1.419191646575927734e+01,1.000000000000000000e+00
1.008000000000000007e+01,0.000000000000000000e+00,0.000000000000000000e+00,1.421799564361572266e+01,1.000000000000000000e+00
1.009999999999999964e+01,0.000000000000000000e+00,0.000000000000000000e+00,1.424405765533447266e+01,1.000000000000000000e+00
1.012000000000000099e+01,0.000000000000000000e+00,0.000000000000000000e+00,1.427010440826416016e+01,1.000000000000000000e+00
1.014000000000000057e+01,0.000000000000000000e+00,0.000000000000000000e+00,1.429613208770751953e+01,1.000000000000000000e+00
1.016000000000000014e+01,0.000000000000000000e+00,0.000000000000000000e+00,1.432214164733886719e+01,1.000000000000000000e+00
1.017999999999999972e+01,0.000000000000000000e+00,0.000000000000000000e+00,1.434813308715820312e+01,1.000000000000000000e+00
1.020000000000000107e+01,0.000000000000000000e+00,0.000000000000000000e+00,1.437410831451416016e+01,1.000000000000000000e+00
1.022000000000000064e+01,0.000000000000000000e+00,0.000000000000000000e+00,1.440006923675537109e+01,1.000000000000000000e+00
1.024000000000000021e+01,0.000000000000000000e+00,0.000000000000000000e+00,1.442601203918457031e+01,1.000000000000000000e+00
1.025999999999999979e+01,0.000000000000000000e+00,0.000000000000000000e+00,1.445193862915039062e+01,1.000000000000000000e+00
1.027999999999999936e+01,0.000000000000000000e+00,0.000000000000000000e+00,1.447784709930419922e+01,1.000000000000000000e+00
1.030000000000000071e+01,0.000000000000000000e+00,0.000000000000000000e+00,1.450374031066894531e+01,1.000000000000000000e+00
1.032000000000000028e+01,0.000000000000000000e+00,0.000000000000000000e+00,1.452962017059326172e+01,1.000000000000000000e+00
1.033999999999999986e+01,0.000000000000000000e+00,0.000000000000000000e+00,1.455548381805419922e+01,1.000000000000000000e+00
1.035999999999999943e+01,0.000000000000000000e+00,0.000000000000000000e+00,1.458133125305175781e+01,1.000000000000000000e+00
1.038000000000000078e+01,0.000000000000000000e+00,0.000000000000000000e+00,1.460716247558593750e+01,1.000000000000000000e+00
1.040000000000000036e+01,0.000000000000000000e+00,0.000000000000000000e+00,1.463297939300537109e+01,1.000000000000000000e+00
1.041999999999999993e+01,0.000000000000000000e+00,0.000000000000000000e+00,1.465878295898437500e+01,1.000000000000000000e+00
1.043999999999999950e+01,0.000000000000000000e+00,0.000000000000000000e+00,1.468457221984863281e+01,1.000000000000000000e+00
1.046000000000000085e+01,0.000000000000000000e+00,0.000000000000000000e+00,1.471034336090087891e+01,1.000000000000000000e+00
1.048000000000000043e+01,0.000000000000000000e+00,0.000000000000000000e+00,1.473609924316406250e+01,1.000000000000000000e+00
1.050000000000000000e+01,0.000000000000000000e+00,0.000000000000000000e+00,1.476184272766113281e+01,1.000000000000000000e+00
1.051999999999999957e+01,0.000000000000000000e+00,0.000000000000000000e+00,1.478757190704345703e+01,1.000000000000000000e+00
1.054000000000000092e+01,0.000000000000000000e+00,0.000000000000000000e+00,1.481328582763671875e+01,1.000000000000000000e+00
1.056000000000000050e+01,0.000000000000000000e+00,0.000000000000000000e+00,1.483898448944091797e+01,1.000000000000000000e+00
1.058000000000000007e+01,0.000000000000000000e+00,0.000000000000000000e+00,1.486466693878173828e+01,1.000000000000000000e+00
1.059999999999999964e+01,0.000000000000000000e+00,0.000000000000000000e+00,1.489033603668212891e+01,1.000000000000000000e+00
1.062000000000000099e+01,0.000000000000000000e+00,0.000000000000000000e+00,1.491599273681640625e+01,1.000000000000000000e+00
1.064000000000000057e+01,0.000000000000000000e+00,0.000000000000000000e+00,1.494163417816162109e+01,1.000000000000000000e+00
1.066000000000000014e+01,0.000000000000000000e+00,0.000000000000000000e+00,1.496725940704345703e+01,1.000000000000000000e+00
1.067999999999999972e+01,0.000000000000000000e+00,0.000000000000000000e+00,1.499287033081054688e+01,1.000000000000000000e+00
1.070000000000000107e+01,0.000000000000000000e+00,0.000000000000000000e+00,1.501846790313720703e+01,1.000000000000000000e+00
1.072000000000000064e+01,0.000000000000000000e+00,0.000000000000000000e+00,1.504405403137207031e+01,1.000000000000000000e+00
1.074000000000000021e+01,0.000000000000000000e+00,0.000000000000000000e+00,1.506962490081787109e+01,1.000000000000000000e+00
1.075999999999999979e+01,0.000000000000000000e+00,0.000000000000000000e+00,1.509518051147460938e+01,1.000000000000000000e+00
1.077999999999999936e+01,0.000000000000000000e+00,0.000000000000000000e+00,1.512071990966796875e+01,1.000000000000000000e+00
1.080000000000000071e+01,0.000000000000000000e+00,0.000000000000000000e+00,1.514624595642089844e+01,1.000000000000000000e+00
1.082000000000000028e+01,0.000000000000000000e+00,0.000000000000000000e+00,1.517175865173339844e+01,1.000000000000000000e+00
1.083999999999999986e+01,0.000000000000000000e+00,0.000000000000000000e+00,1.519725704193115234e+01,1.000000000000000000e+00
1.085999999999999943e+01,0.000000000000000000e+00,0.000000000000000000e+00,1.522273921966552734e+01,1.000000000000000000e+00
1.088000000000000078e+01,0.000000000000000000e+00,0.000000000000000000e+00,1.524820613861083984e+01,1.000000000000000000e+00
1.090000000000000036e+01,0.000000000000000000e+00,0.000000000000000000e+00,1.527366065979003906e+01,1.000000000000000000e+00
1.091999999999999993e+01,0.000000000000000000e+00,0.000000000000000000e+00,1.529910373687744141e+01,1.000000000000000000e+00
1.093999999999999950e+01,0.000000000000000000e+00,0.000000000000000000e+00,1.532453155517578125e+01,1.000000000000000000e+00
1.096000000000000085e+01,0.000000000000000000e+00,0.000000000000000000e+00,1.534994506835937500e+01,1.000000000000000000e+00
1.098000000000000043e+01,0.000000000000000000e+00,0.000000000000000000e+00,1.537534427642822266e+01,1.000000000000000000e+00
1.100000000000000000e+01,0.000000000000000000e+00,0.000000000000000000e+00,1.540073204040527344e+01,1.000000000000000000e+00
1.101999999999999957e+01,0.000000000000000000e+00,0.000000000000000000e+00,1.542610740661621094e+01,1.000000000000000000e+00
1.104000000000000092e+01,0.000000000000000000e+00,0.000000000000000000e+00,1.545146846771240234e+01,1.000000000000000000e+00
1.106000000000000050e+01,0.000000000000000000e+00,0.000000000000000000e+00,1.547681427001953125e+01,1.000000000000000000e+00
1.108000000000000007e+01,0.000000000000000000e+00,0.000000000000000000e+00,1.550214576721191406e+01,1.000000000000000000e+00
1.109999999999999964e+01,0.000000000000000000e+00,0.000000000000000000e+00,1.552746582031250000e+01,1.000000000000000000e+00
1.112000000000000099e+01,0.000000000000000000e+00,0.000000000000000000e+00,1.555277442932128906e+01,1.000000000000000000e+00
1.114000000000000057e+01,0.000000000000000000e+00,0.000000000000000000e+00,1.557806777954101562e+01,1.000000000000000000e+00
1.116000000000000014e+01,0.000000000000000000e+00,0.000000000000000000e+00,1.560334491729736328e+01,1.000000000000000000e+00
1.117999999999999972e+01,0.000000000000000000e+00,0.000000000000000000e+00,1.562860774993896484e+01,1.000000000000000000e+00
1.120000000000000107e+01,0.000000000000000000e+00,0.000000000000000000e+00,1.565385818481445312e+01,1.000000000000000000e+00
1.122000000000000064e+01,0.000000000000000000e+00,0.000000000000000000e+00,1.567909717559814453e+01,1.000000000000000000e+00
1.124000000000000021e+01,0.000000000000000000e+00,0.000000000000000000e+00,1.570432186126708984e+01,1.000000000000000000e+00
1.125999999999999979e+01,0.000000000000000000e+00,0.000000000000000000e+00,1.572953224182128906e+01,1.000000000000000000e+00
1.127999999999999936e+01,0.000000000000000000e+00,0.000000000000000000e+00,1.575472831726074219e+01,1.000000000000000000e+00
1.130000000000000071e+01,0.000000000000000000e+00,0.000000000000000000e+00,1.577991294860839844e+01,1.000000000000000000e+00
1.132000000000000028e+01,0.000000000000000000e+00,0.000000000000000000e+00,1.580508613586425781e+01,1.000000000000000000e+00
1.133999999999999986e+01,0.000000000000000000e+00,0.000000000000000000e+00,1.583024597167968750e+01,1.000000000000000000e+00
1.135999999999999943e+01,0.000000000000000000e+00,0.000000000000000000e+00,1.585539150238037109e+01,1.000000000000000000e+00
1.138000000000000078e+01,0.000000000000000000e+00,0.000000000000000000e+00,1.588052272796630859e+01,1.000000000000000000e+00
1.140000000000000036e+01,0.000000000000000000e+00,0.000000000000000000e+00,1.590564346313476562e+01,1.000000000000000000e+00
1.141999999999999993e+01,0.000000000000000000e+00,0.000000000000000000e+00,1.593075275421142578e+01,1.000000000000000000e+00
1.143999999999999950e+01,0.000000000000000000e+00,0.000000000000000000e+00,1.595584869384765625e+01,1.000000000000000000e+00
1.146000000000000085e+01,0.000000000000000000e+00,0.000000000000000000e+00,1.598093032836914062e+01,1.000000000000000000e+00
1.148000000000000043e+01,0.000000000000000000e+00,0.000000000000000000e+00,1.600599861145019531e+01,1.000000000000000000e+00
1.150000000000000000e+01,0.000000000000000000e+00,0.000000000000000000e+00,1.603105735778808594e+01,1.000000000000000000e+00
1.151999999999999957e+01,0.000000000000000000e+00,0.000000000000000000e+00,1.605610466003417969e+01,1.000000000000000000e+00
1.154000000000000092e+01,0.000000000000000000e+00,0.000000000000000000e+00,1.608114051818847656e+01,1.000000000000000000e+00
1.156000000000000050e+01,0.000000000000000000e+00,0.000000000000000000e+00,1.610616111755371094e+01,1.000000000000000000e+00
1.158000000000000007e+01,0.000000000000000000e+00,0.000000000000000000e+00,1.613117027282714844e+01,1.000000000000000000e+00
1.159999999999999964e+01,0.000000000000000000e+00,0.000000000000000000e+00,1.615616989135742188e+01,1.000000000000000000e+00
1.162000000000000099e+01,0.000000000000000000e+00,0.000000000000000000e+00,1.618115997314453125e+01,1.000000000000000000e+00
1.164000000000000057e+01,0.000000000000000000e+00,0.000000000000000000e+00,1.620613670349121094e+01,1.000000000000000000e+00
1.166000000000000014e+01,0.000000000000000000e+00,0.000000000000000000e+00,1.623110008239746094e+01,1.000000000000000000e+00
1.167999999999999972e+01,0.000000000000000000e+00,0.000000000000000000e+00,1.625605010986328125e+01,1.000000000000000000e+00
1.170000000000000107e+01,0.000000000000000000e+00,0.000000000000000000e+00,1.628099060058593750e+01,1.000000000000000000e+00
1.172000000000000064e+01,0.000000000000000000e+00,0.000000000000000000e+00,1.630592155456542969e+01,1.000000000000000000e+00
1.174000000000000021e+01,0.000000000000000000e+00,0.000000000000000000e+00,1.633084297180175781e+01,1.000000000000000000e+00
1.175999999999999979e+01,0.000000000000000000e+00,0.000000000000000000e+00,1.635575103759765625e+01,1.000000000000000000e+00
1.177999999999999936e+01,0.000000000000000000e+00,0.000000000000000000e+00,1.638064765930175781e+01,1.000000000000000000e+00
1.180000000000000071e+01,0.000000000000000000e+00,0.000000000000000000e+00,1.640553665161132812e+01,1.000000000000000000e+00
1.182000000000000028e+01,0.000000000000000000e+00,0.000000000000000000e+00,1.643041610717773438e+01,1.000000000000000000e+00
1.183999999999999986e+01,0.000000000000000000e+00,0.000000000000000000e+00,1.645528411865234375e+01,1.000000000000000000e+00
1.185999999999999943e+01,0.000000000000000000e+00,0.000000000000000000e+00,1.648014068603515625e+01,1.000000000000000000e+00
1.188000000000000078e+01,0.000000000000000000e+00,0.000000000000000000e+00,1.650498390197753906e+01,1.000000000000000000e+00
1.190000000000000036e+01,0.000000000000000000e+00,0.000000000000000000e+00,1.652981758117675781e+01,1.000000000000000000e+00
1.191999999999999993e+01,0.000000000000000000e+00,0.000000000000000000e+00,1.655464363098144531e+01,1.000000000000000000e+00
1.193999999999999950e+01,0.000000000000000000e+00,0.000000000000000000e+00,1.657946014404296875e+01,1.000000000000000000e+00
1.196000000000000085e+01,0.000000000000000000e+00,0.000000000000000000e+00,1.660426330566406250e+01,1.000000000000000000e+00
1.198000000000000043e+01,0.000000000000000000e+00,0.000000000000000000e+00,1.662905502319335938e+01,1.000000000000000000e+00
1.200000000000000000e+01,0.000000000000000000e+00,0.000000000000000000e+00,1.665384101867675781e+01,1.000000000000000000e+00
1.201999999999999957e+01,0.000000000000000000e+00,0.000000000000000000e+00,1.667861747741699219e+01,1.000000000000000000e+00
1.204000000000000092e+01,0.000000000000000000e+00,0.000000000000000000e+00,1.670338249206542969e+01,1.000000000000000000e+00
1.206000000000000050e+01,0.000000000000000000e+00,0.000000000000000000e+00,1.672813606262207031e+01,1.000000000000000000e+00
1.208000000000000007e+01,0.000000000000000000e+00,0.000000000000000000e+00,1.675288009643554688e+01,1.000000000000000000e+00
1.209999999999999964e+01,0.000000000000000000e+00,0.000000000000000000e+00,1.677761840820312500e+01,1.000000000000000000e+00
1.212000000000000099e+01,0.000000000000000000e+00,0.000000000000000000e+00,1.680234718322753906e+01,1.000000000000000000e+00
1.214000000000000057e+01,0.000000000000000000e+00,0.000000000000000000e+00,1.682706451416015625e+01,1.000000000000000000e+00
1.216000000000000014e+01,0.000000000000000000e+00,0.000000000000000000e+00,1.685177040100097656e+01,1.000000000000000000e+00
1.217999999999999972e+01,0.000000000000000000e+00,0.000000000000000000e+00,1.687646484375000000e+01,1.000000000000000000e+00
1.220000000000000107e+01,0.000000000000000000e+00,0.000000000000000000e+00,1.690115356445312500e+01,1.000000000000000000e+00
1.222000000000000064e+01,0.000000000000000000e+00,0.000000000000000000e+00,1.692583274841308594e+01,1.000000000000000000e+00
1.224000000000000021e+01,0.000000000000000000e+00,0.000000000000000000e+00,1.695050239562988281e+01,1.000000000000000000e+00
1.225999999999999979e+01,0.000000000000000000e+00,0.000000000000000000e+00,1.697516059875488281e+01,1.000000000000000000e+00
1.228000000000000114e+01,0.000000000000000000e+00,0.000000000000000000e+00,1.699980926513671875e+01,1.000000000000000000e+00
1.230000000000000071e+01,0.000000000000000000e+00,0.000000000000000000e+00,1.702445220947265625e+01,1.000000000000000000e+00
1.232000000000000028e+01,0.000000000000000000e+00,0.000000000000000000e+00,1.704908752441406250e+01,1.000000000000000000e+00
1.233999999999999986e+01,0.000000000000000000e+00,0.000000000000000000e+00,1.707371330261230469e+01,1.000000000000000000e+00
1.235999999999999943e+01,0.000000000000000000e+00,0.000000000000000000e+00,1.709832572937011719e+01,1.000000000000000000e+00
1.238000000000000078e+01,0.000000000000000000e+00,0.000000000000000000e+00,1.712292861938476562e+01,1.000000000000000000e+00
1.240000000000000036e+01,0.000000000000000000e+00,0.000000000000000000e+00,1.714752388000488281e+01,1.000000000000000000e+00
1.241999999999999993e+01,0.000000000000000000e+00,0.000000000000000000e+00,1.717211341857910156e+01,1.000000000000000000e+00
1.243999999999999950e+01,0.000000000000000000e+00,0.000000000000000000e+00,1.719669342041015625e+01,1.000000000000000000e+00
1.246000000000000085e+01,0.000000000000000000e+00,0.000000000000000000e+00,1.722126197814941406e+01,1.000000000000000000e+00
1.248000000000000043e+01,0.000000000000000000e+00,0.000000000000000000e+00,1.724581909179687500e+01,1.000000000000000000e+00
1.250000000000000000e+01,0.000000000000000000e+00,0.000000000000000000e+00,1.727037048339843750e+01,1.000000000000000000e+00
1.251999999999999957e+01,0.000000000000000000e+00,0.000000000000000000e+00,1.729491615295410156e+01,1.000000000000000000e+00
1.254000000000000092e+01,0.000000000000000000e+00,0.000000000000000000e+00,1.731945228576660156e+01,1.000000000000000000e+00
1.256000000000000050e+01,0.000000000000000000e+00,0.000000000000000000e+00,1.734397697448730469e+01,1.000000000000000000e+00
1.258000000000000007e+01,0.000000000000000000e+00,0.000000000000000000e+00,1.736849212646484375e+01,1.000000000000000000e+00
1.259999999999999964e+01,0.000000000000000000e+00,0.000000000000000000e+00,1.739300155639648438e+01,1.000000000000000000e+00
1.262000000000000099e+01,0.000000000000000000e+00,0.000000000000000000e+00,1.741750335693359375e+01,1.000000000000000000e+00
1.264000000000000057e+01,0.000000000000000000e+00,0.000000000000000000e+00,1.744199752807617188e+01,1.000000000000000000e+00
1.266000000000000014e+01,0.000000000000000000e+00,0.000000000000000000e+00,1.746648216247558594e+01,1.000000000000000000e+00
1.267999999999999972e+01,0.000000000000000000e+00,0.000000000000000000e+00,1.749095726013183594e+01,1.000000000000000000e+00
1.270000000000000107e+01,0.000000000000000000e+00,0.000000000000000000e+00,1.751542854309082031e+01,1.000000000000000000e+00
1.272000000000000064e+01,0.000000000000000000e+00,0.000000000000000000e+00,1.753989028930664062e+01,1.000000000000000000e+00
1.274000000000000021e+01,0.000000000000000000e+00,0.000000000000000000e+00,1.756434440612792969e+01,1.000000000000000000e+00
1.275999999999999979e+01,0.000000000000000000e+00,0.000000000000000000e+00,1.758878898620605469e+01,1.000000000000000000e+00
1.278000000000000114e+01,0.000000000000000000e+00,0.000000000000000000e+00,1.761322402954101562e+01,1.000000000000000000e+00
1.280000000000000071e+01,0.000000000000000000e+00,0.000000000000000000e+00,1.763765716552734375e+01,1.000000000000000000e+00
1.282000000000000028e+01,0.000000000000000000e+00,0.000000000000000000e+00,1.766208076477050781e+01,1.000000000000000000e+00
1.283999999999999986e+01,0.000000000000000000e+00,0.000000000000000000e+00,1.768649673461914062e+01,1.000000000000000000e+00
1.285999999999999943e+01,0.000000000000000000e+00,0.000000000000000000e+00,1.771090316772460938e+01,1.000000000000000000e+00
1.288000000000000078e+01,0.000000000000000000e+00,0.000000000000000000e+00,1.773530197143554688e+01,1.000000000000000000e+00
1.290000000000000036e+01,0.000000000000000000e+00,0.000000000000000000e+00,1.775969696044921875e+01,1.000000000000000000e+00
1.291999999999999993e+01,0.000000000000000000e+00,0.000000000000000000e+00,1.778408432006835938e+01,1.000000000000000000e+00
1.293999999999999950e+01,0.000000000000000000e+00,0.000000000000000000e+00,1.780846405029296875e+01,1.000000000000000000e+00
1.296000000000000085e+01,0.000000000000000000e+00,0.000000000000000000e+00,1.783283424377441406e+01,1.000000000000000000e+00
1.298000000000000043e+01,0.000000000000000000e+00,0.000000000000000000e+00,1.785719490051269531e+01,1.000000000000000000e+00
1.300000000000000000e+01,0.000000000000000000e+00,0.000000000000000000e+00,1.788155174255371094e+01,1.000000000000000000e+00
1.301999999999999957e+01,0.000000000000000000e+00,0.000000000000000000e+00,1.790590095520019531e+01,1.000000000000000000e+00
1.304000000000000092e+01,0.000000000000000000e+00,0.000000000000000000e+00,1.793024253845214844e+01,1.000000000000000000e+00
1.306000000000000050e+01,0.000000000000000000e+00,0.000000000000000000e+00,1.795457458496093750e+01,1.000000000000000000e+00
1.308000000000000007e+01,0.000000000000000000e+00,0.000000000000000000e+00,1.797889900207519531e+01,1.000000000000000000e+00
1.309999999999999964e+01,0.000000000000000000e+00,0.000000000000000000e+00,1.800321769714355469e+01,1.000000000000000000e+00
1.312000000000000099e+01,0.000000000000000000e+00,0.000000000000000000e+00,1.802753257751464844e+01,1.000000000000000000e+00
1.314000000000000057e+01,0.000000000000000000e+00,0.000000000000000000e+00,1.805183982849121094e+01,1.000000000000000000e+00
1.316000000000000014e+01,0.000000000000000000e+00,0.000000000000000000e+00,1.807613754272460938e+01,1.000000000000000000e+00
1.317999999999999972e+01,0.000000000000000000e+00,0.000000000000000000e+00,1.810042762756347656e+01,1.000000000000000000e+00
1.320000000000000107e+01,0.000000000000000000e+00,0.000000000000000000e+00,1.812471008300781250e+01,1.000000000000000000e+00
1.322000000000000064e+01,0.000000000000000000e+00,0.000000000000000000e+00,1.814899063110351562e+01,1.000000000000000000e+00
1.324000000000000021e+01,0.000000000000000000e+00,0.000000000000000000e+00,1.817326164245605469e+01,1.000000000000000000e+00
1.325999999999999979e+01,0.000000000000000000e+00,0.000000000000000000e+00,1.819752311706542969e+01,1.000000000000000000e+00
1.328000000000000114e+01,0.000000000000000000e+00,0.000000000000000000e+00,1.822177696228027344e+01,1.000000000000000000e+00
1.330000000000000071e+01,0.000000000000000000e+00,0.000000000000000000e+00,1.824602890014648438e+01,1.000000000000000000e+00
1.332000000000000028e+01,0.000000000000000000e+00,0.000000000000000000e+00,1.827027130126953125e+01,1.000000000000000000e+00
1.333999999999999986e+01,0.000000000000000000e+00,0.000000000000000000e+00,1.829450798034667969e+01,1.000000000000000000e+00
1.335999999999999943e+01,0.000000000000000000e+00,0.000000000000000000e+00,1.831873512268066406e+01,1.000000000000000000e+00
1.338000000000000078e+01,0.000000000000000000e+00,0.000000000000000000e+00,1.834295463562011719e+01,1.000000000000000000e+00
1.340000000000000036e+01,0.000000000000000000e+00,0.000000000000000000e+00,1.836716842651367188e+01,1.000000000000000000e+00
1.341999999999999993e+01,0.000000000000000000e+00,0.000000000000000000e+00,1.839138031005859375e+01,1.000000000000000000e+00
1.343999999999999950e+01,0.000000000000000000e+00,0.000000000000000000e+00,1.841558456420898438e+01,1.000000000000000000e+00
1.346000000000000085e+01,0.000000000000000000e+00,0.000000000000000000e+00,1.843978118896484375e+01,1.000000000000000000e+00
1.348000000000000043e+01,0.000000000000000000e+00,0.000000000000000000e+00,1.846397209167480469e+01,1.000000000000000000e+00
1.350000000000000000e+01,0.000000000000000000e+00,0.000000000000000000e+00,1.848815727233886719e+01,1.000000000000000000e+00
1.351999999999999957e+01,0.000000000000000000e+00,0.000000000000000000e+00,1.851234054565429688e+01,1.000000000000000000e+00
1.354000000000000092e+01,0.000000000000000000e+00,0.000000000000000000e+00,1.853651618957519531e+01,1.000000000000000000e+00
1.356000000000000050e+01,0.000000000000000000e+00,0.000000000000000000e+00,1.856068229675292969e+01,1.000000000000000000e+00
1.358000000000000007e+01,0.000000000000000000e+00,0.000000000000000000e+00,1.858484268188476562e+01,1.000000000000000000e+00
1.359999999999999964e+01,0.000000000000000000e+00,0.000000000000000000e+00,1.860899925231933594e+01,1.000000000000000000e+00
1.362000000000000099e+01,0.000000000000000000e+00,0.000000000000000000e+00,1.863315200805664062e+01,1.000000000000000000e+00
1.364000000000000057e+01,0.000000000000000000e+00,0.000000000000000000e+00,1.865729713439941406e+01,1.000000000000000000e+00
1.366000000000000014e+01,0.000000000000000000e+00,0.000000000000000000e+00,1.868143463134765625e+01,1.000000000000000000e+00
1.367999999999999972e+01,0.000000000000000000e+00,0.000000000000000000e+00,1.870556259155273438e+01,1.000000000000000000e+00
1.370000000000000107e+01,0.000000000000000000e+00,0.000000000000000000e+00,1.872969055175781250e+01,1.000000000000000000e+00
1.372000000000000064e+01,0.000000000000000000e+00,0.000000000000000000e+00,1.875381088256835938e+01,1.000000000000000000e+00
1.374000000000000021e+01,0.000000000000000000e+00,0.000000000000000000e+00,1.877792549133300781e+01,1.000000000000000000e+00
1.375999999999999979e+01,0.000000000000000000e+00,0.000000000000000000e+00,1.880203247070312500e+01,1.000000000000000000e+00
1.378000000000000114e+01,0.000000000000000000e+00,0.000000000000000000e+00,1.882613182067871094e+01,1.000000000000000000e+00
1.380000000000000071e+01,0.000000000000000000e+00,0.000000000000000000e+00,1.885022544860839844e+01,1.000000000000000000e+00
1.382000000000000028e+01,0.000000000000000000e+00,0.000000000000000000e+00,1.887431526184082031e+01,1.000000000000000000e+00
1.383999999999999986e+01,0.000000000000000000e+00,0.000000000000000000e+00,1.889839744567871094e+01,1.000000000000000000e+00
1.385999999999999943e+01,0.000000000000000000e+00,0.000000000000000000e+00,1.892247200012207031e+01,1.000000000000000000e+00
1.388000000000000078e+01,0.000000000000000000e+00,0.000000000000000000e+00,1.894654273986816406e+01,1.000000000000000000e+00
1.390000000000000036e+01,0.000000000000000000e+00,0.000000000000000000e+00,1.897060585021972656e+01,1.000000000000000000e+00
1.391999999999999993e+01,0.000000000000000000e+00,0.000000000000000000e+00,1.899466705322265625e+01,1.000000000000000000e+00
1.393999999999999950e+01,0.000000000000000000e+00,0.000000000000000000e+00,1.901872253417968750e+01,1.000000000000000000e+00
1.396000000000000085e+01,0.000000000000000000e+00,0.000000000000000000e+00,1.904277038574218750e+01,1.000000000000000000e+00
1.398000000000000043e+01,0.000000000000000000e+00,0.000000000000000000e+00,1.906681251525878906e+01,1.000000000000000000e+00
1.400000000000000000e+01,0.000000000000000000e+00,0.000000000000000000e+00,1.909085083007812500e+01,1.000000000000000000e+00
1.401999999999999957e+01,0.000000000000000000e+00,0.000000000000000000e+00,1.911488342285156250e+01,1.000000000000000000e+00
1.404000000000000092e+01,0.000000000000000000e+00,0.000000000000000000e+00,1.913891220092773438e+01,1.000000000000000000e+00
1.406000000000000050e+01,0.000000000000000000e+00,0.000000000000000000e+00,1.916293525695800781e+01,1.000000000000000000e+00
1.408000000000000007e+01,0.000000000000000000e+00,0.000000000000000000e+00,1.918694877624511719e+01,1.000000000000000000e+00
1.409999999999999964e+01,0.000000000000000000e+00,0.000000000000000000e+00,1.921096229553222656e+01,1.000000000000000000e+00
1.412000000000000099e+01,0.000000000000000000e+00,0.000000000000000000e+00,1.923497581481933594e+01,1.000000000000000000e+00
1.414000000000000057e+01,0.000000000000000000e+00,0.000000000000000000e+00,1.925897979736328125e+01,1.000000000000000000e+00
1.416000000000000014e+01,0.000000000000000000e+00,0.000000000000000000e+00,1.928297805786132812e+01,1.000000000000000000e+00
1.417999999999999972e+01,0.000000000000000000e+00,0.000000000000000000e+00,1.930697250366210938e+01,1.000000000000000000e+00
1.420000000000000107e+01,0.000000000000000000e+00,0.000000000000000000e+00,1.933095741271972656e+01,1.000000000000000000e+00
1.422000000000000064e+01,0.000000000000000000e+00,0.000000000000000000e+00,1.935494232177734375e+01,1.000000000000000000e+00
1.424000000000000021e+01,0.000000000000000000e+00,0.000000000000000000e+00,1.937892341613769531e+01,1.000000000000000000e+00
1.425999999999999979e+01,0.000000000000000000e+00,0.000000000000000000e+00,1.940289878845214844e+01,1.000000000000000000e+00
1.428000000000000114e+01,0.000000000000000000e+00,0.000000000000000000e+00,1.942686843872070312e+01,1.000000000000000000e+00
1.430000000000000071e+01,0.000000000000000000e+00,0.000000000000000000e+00,1.945083427429199219e+01,1.000000000000000000e+00
1.432000000000000028e+01,0.000000000000000000e+00,0.000000000000000000e+00,1.947480010986328125e+01,1.000000000000000000e+00
1.433999999999999986e+01,0.000000000000000000e+00,0.000000000000000000e+00,1.949876022338867188e+01,1.000000000000000000e+00
1.435999999999999943e+01,0.000000000000000000e+00,0.000000000000000000e+00,1.952271270751953125e+01,1.000000000000000000e+00
1.438000000000000078e+01,0.000000000000000000e+00,0.000000000000000000e+00,1.954665946960449219e+01,1.000000000000000000e+00
1.440000000000000036e+01,0.000000000000000000e+00,0.000000000000000000e+00,1.957060623168945312e+01,1.000000000000000000e+00
1.441999999999999993e+01,0.000000000000000000e+00,0.000000000000000000e+00,1.959454917907714844e+01,1.000000000000000000e+00
1.443999999999999950e+01,0.000000000000000000e+00,0.000000000000000000e+00,1.961848640441894531e+01,1.000000000000000000e+00
1.446000000000000085e+01,0.000000000000000000e+00,0.000000000000000000e+00,1.964241981506347656e+01,1.000000000000000000e+00
1.448000000000000043e+01,0.000000000000000000e+00,0.000000000000000000e+00,1.966634750366210938e+01,1.000000000000000000e+00
1.450000000000000000e+01,0.000000000000000000e+00,0.000000000000000000e+00,1.969027519226074219e+01,1.000000000000000000e+00
1.451999999999999957e+01,0.000000000000000000e+00,0.000000000000000000e+00,1.971420288085937500e+01,1.000000000000000000e+00
1.454000000000000092e+01,0.000000000000000000e+00,0.000000000000000000e+00,1.973812103271484375e+01,1.000000000000000000e+00
1.456000000000000050e+01,0.000000000000000000e+00,0.000000000000000000e+00,1.976203346252441406e+01,1.000000000000000000e+00
1.458000000000000007e+01,0.000000000000000000e+00,0.000000000000000000e+00,1.978594207763671875e+01,1.000000000000000000e+00
1.459999999999999964e+01,0.000000000000000000e+00,0.000000000000000000e+00,1.980984878540039062e+01,1.000000000000000000e+00
1.462000000000000099e+01,0.000000000000000000e+00,0.000000000000000000e+00,1.983374786376953125e+01,1.000000000000000000e+00
1.464000000000000057e+01,0.000000000000000000e+00,0.000000000000000000e+00,1.985764312744140625e+01,1.000000000000000000e+00
1.466000000000000014e+01,0.000000000000000000e+00,0.000000000000000000e+00,1.988153266906738281e+01,1.000000000000000000e+00
1.467999999999999972e+01,0.000000000000000000e+00,0.000000000000000000e+00,1.990541267395019531e+01,1.000000000000000000e+00
1.470000000000000107e+01,0.000000000000000000e+00,0.000000000000000000e+00,1.992929267883300781e+01,1.000000000000000000e+00
1.472000000000000064e+01,0.000000000000000000e+00,0.000000000000000000e+00,1.995317268371582031e+01,1.000000000000000000e+00
1.474000000000000021e+01,0.000000000000000000e+00,0.000000000000000000e+00,1.997704505920410156e+01,1.000000000000000000e+00
1.475999999999999979e+01,0.000000000000000000e+00,0.000000000000000000e+00,2.000091361999511719e+01,1.000000000000000000e+00
1.478000000000000114e+01,0.000000000000000000e+00,0.000000000000000000e+00,2.002477455139160156e+01,1.000000000000000000e+00
1.480000000000000071e+01,0.000000000000000000e+00,0.000000000000000000e+00,2.004863548278808594e+01,1.000000000000000000e+00
1.482000000000000028e+01,0.000000000000000000e+00,0.000000000000000000e+00,2.007249641418457031e+01,1.000000000000000000e+00
1.483999999999999986e+01,0.000000000000000000e+00,0.000000000000000000e+00,2.009635162353515625e+01,1.000000000000000000e+00
1.485999999999999943e+01,0.000000000000000000e+00,0.000000000000000000e+00,2.012020301818847656e+01,1.000000000000000000e+00
1.488000000000000078e+01,0.000000000000000000e+00,0.000000000000000000e+00,2.014404678344726562e+01,1.000000000000000000e+00
1.490000000000000036e+01,0.000000000000000000e+00,0.000000000000000000e+00,2.016788864135742188e+01,1.000000000000000000e+00
1.491999999999999993e+01,0.000000000000000000e+00,0.000000000000000000e+00,2.019173049926757812e+01,1.000000000000000000e+00
1.493999999999999950e+01,0.000000000000000000e+00,0.000000000000000000e+00,2.021556854248046875e+01,1.000000000000000000e+00
1.496000000000000085e+01,0.000000000000000000e+00,0.000000000000000000e+00,2.023940086364746094e+01,1.000000000000000000e+00
1.498000000000000043e+01,0.000000000000000000e+00,0.000000000000000000e+00,2.026322937011718750e+01,1.000000000000000000e+00
1.500000000000000000e+01,0.000000000000000000e+00,0.000000000000000000e+00,2.028705406188964844e+01,1.000000000000000000e+00
1.501999999999999957e+01,0.000000000000000000e+00,0.000000000000000000e+00,2.031087684631347656e+01,1.000000000000000000e+00
1.504000000000000092e+01,0.000000000000000000e+00,0.000000000000000000e+00,2.033469963073730469e+01,1.000000000000000000e+00
1.506000000000000050e+01,0.000000000000000000e+00,0.000000000000000000e+00,2.035851669311523438e+01,1.000000000000000000e+00
1.508000000000000007e+01,0.000000000000000000e+00,0.000000000000000000e+00,2.038232994079589844e+01,1.000000000000000000e+00
1.509999999999999964e+01,0.000000000000000000e+00,0.000000000000000000e+00,2.040614318847656250e+01,1.000000000000000000e+00
1.512000000000000099e+01,0.000000000000000000e+00,0.000000000000000000e+00,2.042995643615722656e+01,1.000000000000000000e+00
1.514000000000000057e+01,0.000000000000000000e+00,0.000000000000000000e+00,2.045376586914062500e+01,1.000000000000000000e+00
1.516000000000000014e+01,0.000000000000000000e+00,0.000000000000000000e+00,2.047756767272949219e+01,1.000000000000000000e+00
1.517999999999999972e+01,0.000000000000000000e+00,0.000000000000000000e+00,2.050136184692382812e+01,1.000000000000000000e+00
1.520000000000000107e+01,0.000000000000000000e+00,0.000000000000000000e+00,2.052515602111816406e+01,1.000000000000000000e+00
1.522000000000000064e+01,0.000000000000000000e+00,0.000000000000000000e+00,2.054895019531250000e+01,1.000000000000000000e+00
1.524000000000000021e+01,0.000000000000000000e+00,0.000000000000000000e+00,2.057273674011230469e+01,1.000000000000000000e+00
1.525999999999999979e+01,0.000000000000000000e+00,0.000000000000000000e+00,2.059652137756347656e+01,1.000000000000000000e+00
1.528000000000000114e+01,0.000000000000000000e+00,0.000000000000000000e+00,2.062029647827148438e+01,1.000000000000000000e+00
1.530000000000000071e+01,0.000000000000000000e+00,0.000000000000000000e+00,2.064407157897949219e+01,1.000000000000000000e+00
1.532000000000000028e+01,0.000000000000000000e+00,0.000000000000000000e+00,2.066784667968750000e+01,1.000000000000000000e+00
1.533999999999999986e+01,0.000000000000000000e+00,0.000000000000000000e+00,2.069162178039550781e+01,1.000000000000000000e+00
1.535999999999999943e+01,0.000000000000000000e+00,0.000000000000000000e+00,2.071538925170898438e+01,1.000000000000000000e+00
1.538000000000000078e+01,0.000000000000000000e+00,0.000000000000000000e+00,2.073915481567382812e+01,1.000000000000000000e+00
1.540000000000000036e+01,0.000000000000000000e+00,0.000000000000000000e+00,2.076292037963867188e+01,1.000000000000000000e+00
1.541999999999999993e+01,0.000000000000000000e+00,0.000000000000000000e+00,2.078668594360351562e+01,1.000000000000000000e+00
1.543999999999999950e+01,0.000000000000000000e+00,0.000000000000000000e+00,2.081044578552246094e+01,1.000000000000000000e+00
1.546000000000000085e+01,0.000000000000000000e+00,0.000000000000000000e+00,2.083420181274414062e+01,1.000000000000000000e+00
1.548000000000000043e+01,0.000000000000000000e+00,0.000000000000000000e+00,2.085794830322265625e+01,1.000000000000000000e+00
1.550000000000000000e+01,0.000000000000000000e+00,0.000000000000000000e+00,2.088169479370117188e+01,1.000000000000000000e+00
1.551999999999999957e+01,0.000000000000000000e+00,0.000000000000000000e+00,2.090544128417968750e+01,1.000000000000000000e+00
1.554000000000000092e+01,0.000000000000000000e+00,0.000000000000000000e+00,2.092918777465820312e+01,1.000000000000000000e+00
1.556000000000000050e+01,0.000000000000000000e+00,0.000000000000000000e+00,2.095292472839355469e+01,1.000000000000000000e+00
1.558000000000000007e+01,0.000000000000000000e+00,0.000000000000000000e+00,2.097666168212890625e+01,1.000000000000000000e+00
1.559999999999999964e+01,0.000000000000000000e+00,0.000000000000000000e+00,2.100039863586425781e+01,1.000000000000000000e+00
1.562000000000000099e+01,0.000000000000000000e+00,0.000000000000000000e+00,2.102413558959960938e+01,1.000000000000000000e+00
1.564000000000000057e+01,0.000000000000000000e+00,0.000000000000000000e+00,2.104786682128906250e+01,1.000000000000000000e+00
1.566000000000000014e+01,0.000000000000000000e+00,0.000000000000000000e+00,2.107159423828125000e+01,1.000000000000000000e+00
1.567999999999999972e+01,0.000000000000000000e+00,0.000000000000000000e+00,2.109531974792480469e+01,1.000000000000000000e+00
1.570000000000000107e+01,0.000000000000000000e+00,0.000000000000000000e+00,2.111904716491699219e+01,1.000000000000000000e+00
1.572000000000000064e+01,0.000000000000000000e+00,0.000000000000000000e+00,2.114277076721191406e+01,1.000000000000000000e+00
1.574000000000000021e+01,0.000000000000000000e+00,0.000000000000000000e+00,2.116648864746093750e+01,1.000000000000000000e+00
1.575999999999999979e+01,0.000000000000000000e+00,0.000000000000000000e+00,2.119020271301269531e+01,1.000000000000000000e+00
1.578000000000000114e+01,0.000000000000000000e+00,0.000000000000000000e+00,2.121391105651855469e+01,1.000000000000000000e+00
1.580000000000000071e+01,0.000000000000000000e+00,0.000000000000000000e+00,2.123761940002441406e+01,1.000000000000000000e+00
1.582000000000000028e+01,0.000000000000000000e+00,0.000000000000000000e+00,2.126132774353027344e+01,1.000000000000000000e+00
1.583999999999999986e+01,0.000000000000000000e+00,0.000000000000000000e+00,2.128503608703613281e+01,1.000000000000000000e+00
1.586000000000000121e+01,0.000000000000000000e+00,0.000000000000000000e+00,2.130873870849609375e+01,1.000000000000000000e+00
1.588000000000000078e+01,0.000000000000000000e+00,0.000000000000000000e+00,2.133243751525878906e+01,1.000000000000000000e+00
1.590000000000000036e+01,0.000000000000000000e+00,0.000000000000000000e+00,2.135613632202148438e+01,1.000000000000000000e+00
1.591999999999999993e+01,0.000000000000000000e+00,0.000000000000000000e+00,2.137983512878417969e+01,1.000000000000000000e+00
1.593999999999999950e+01,0.000000000000000000e+00,0.000000000000000000e+00,2.140353393554687500e+01,1.000000000000000000e+00
1.596000000000000085e+01,0.000000000000000000e+00,0.000000000000000000e+00,2.142722702026367188e+01,1.000000000000000000e+00
1.598000000000000043e+01,0.000000000000000000e+00,0.000000000000000000e+00,2.145091629028320312e+01,1.000000000000000000e+00
1.600000000000000000e+01,0.000000000000000000e+00,0.000000000000000000e+00,2.147460556030273438e+01,1.000000000000000000e+00
1.601999999999999957e+01,0.000000000000000000e+00,0.000000000000000000e+00,2.149829483032226562e+01,1.000000000000000000e+00
1.603999999999999915e+01,0.000000000000000000e+00,0.000000000000000000e+00,2.152198410034179688e+01,1.000000000000000000e+00
1.605999999999999872e+01,0.000000000000000000e+00,0.000000000000000000e+00,2.154566764831542969e+01,1.000000000000000000e+00
1.608000000000000185e+01,0.000000000000000000e+00,0.000000000000000000e+00,2.156934738159179688e+01,1.000000000000000000e+00
1.610000000000000142e+01,0.000000000000000000e+00,0.000000000000000000e+00,2.159302711486816406e+01,1.000000000000000000e+00
1.612000000000000099e+01,0.000000000000000000e+00,0.000000000000000000e+00,2.161670684814453125e+01,1.000000000000000000e+00
1.614000000000000057e+01,0.000000000000000000e+00,0.000000000000000000e+00,2.164038658142089844e+01,1.000000000000000000e+00
1.616000000000000014e+01,0.000000000000000000e+00,0.000000000000000000e+00,2.166406250000000000e+01,1.000000000000000000e+00
1.617999999999999972e+01,0.000000000000000000e+00,0.000000000000000000e+00,2.168773269653320312e+01,1.000000000000000000e+00
1.619999999999999929e+01,0.000000000000000000e+00,0.000000000000000000e+00,2.171140289306640625e+01,1.000000000000000000e+00
1.621999999999999886e+01,0.000000000000000000e+00,0.000000000000000000e+00,2.173507308959960938e+01,1.000000000000000000e+00
1.624000000000000199e+01,0.000000000000000000e+00,0.000000000000000000e+00,2.175874328613281250e+01,1.000000000000000000e+00
1.626000000000000156e+01,0.000000000000000000e+00,0.000000000000000000e+00,2.178241348266601562e+01,1.000000000000000000e+00
1.628000000000000114e+01,0.000000000000000000e+00,0.000000000000000000e+00,2.180607604980468750e+01,1.000000000000000000e+00
1.630000000000000071e+01,0.000000000000000000e+00,0.000000000000000000e+00,2.182974433898925781e+01,1.000000000000000000e+00
1.632000000000000028e+01,0.000000000000000000e+00,0.000000000000000000e+00,2.185341453552246094e+01,1.000000000000000000e+00
1.633999999999999986e+01,0.000000000000000000e+00,0.000000000000000000e+00,2.187707901000976562e+01,1.000000000000000000e+00
1.635999999999999943e+01,0.000000000000000000e+00,0.000000000000000000e+00,2.190073966979980469e+01,1.000000000000000000e+00
1.637999999999999901e+01,0.000000000000000000e+00,0.000000000000000000e+00,2.192440032958984375e+01,1.000000000000000000e+00
1.639999999999999858e+01,0.000000000000000000e+00,0.000000000000000000e+00,2.194806098937988281e+01,1.000000000000000000e+00
1.642000000000000171e+01,0.000000000000000000e+00,0.000000000000000000e+00,2.197172164916992188e+01,1.000000000000000000e+00
1.644000000000000128e+01,0.000000000000000000e+00,0.000000000000000000e+00,2.199537658691406250e+01,1.000000000000000000e+00
1.646000000000000085e+01,0.000000000000000000e+00,0.000000000000000000e+00,2.201902770996093750e+01,1.000000000000000000e+00
1.648000000000000043e+01,0.000000000000000000e+00,0.000000000000000000e+00,2.204267883300781250e+01,1.000000000000000000e+00
1.650000000000000000e+01,0.000000000000000000e+00,0.000000000000000000e+00,2.206632995605468750e+01,1.000000000000000000e+00
1.651999999999999957e+01,0.000000000000000000e+00,0.000000000000000000e+00,2.208998107910156250e+01,1.000000000000000000e+00
1.653999999999999915e+01,0.000000000000000000e+00,0.000000000000000000e+00,2.211363220214843750e+01,1.000000000000000000e+00
1.655999999999999872e+01,0.000000000000000000e+00,0.000000000000000000e+00,2.213727378845214844e+01,1.000000000000000000e+00
1.658000000000000185e+01,0.000000000000000000e+00,0.000000000000000000e+00,2.216091537475585938e+01,1.000000000000000000e+00
1.660000000000000142e+01,0.000000000000000000e+00,0.000000000000000000e+00,2.218455696105957031e+01,1.000000000000000000e+00
1.662000000000000099e+01,0.000000000000000000e+00,0.000000000000000000e+00,2.220819854736328125e+01,1.000000000000000000e+00
1.664000000000000057e+01,0.000000000000000000e+00,0.000000000000000000e+00,2.223184013366699219e+01,1.000000000000000000e+00
1.666000000000000014e+01,0.000000000000000000e+00,0.000000000000000000e+00,2.225547599792480469e+01,1.000000000000000000e+00
1.667999999999999972e+01,0.000000000000000000e+00,0.000000000000000000e+00,2.227910804748535156e+01,1.000000000000000000e+00
1.669999999999999929e+01,0.000000000000000000e+00,0.000000000000000000e+00,2.230274391174316406e+01,1.000000000000000000e+00
1.671999999999999886e+01,0.000000000000000000e+00,0.000000000000000000e+00,2.232638359069824219e+01,1.000000000000000000e+00
1.674000000000000199e+01,0.000000000000000000e+00,0.000000000000000000e+00,2.235001564025878906e+01,1.000000000000000000e+00
1.676000000000000156e+01,0.000000000000000000e+00,0.000000000000000000e+00,2.237364768981933594e+01,1.000000000000000000e+00
1.678000000000000114e+01,0.000000000000000000e+00,0.000000000000000000e+00,2.239727973937988281e+01,1.000000000000000000e+00
1.680000000000000071e+01,0.000000000000000000e+00,0.000000000000000000e+00,2.242091178894042969e+01,1.000000000000000000e+00
1.682000000000000028e+01,0.000000000000000000e+00,0.000000000000000000e+00,2.244454383850097656e+01,1.000000000000000000e+00
1.683999999999999986e+01,0.000000000000000000e+00,0.000000000000000000e+00,2.246817588806152344e+01,1.000000000000000000e+00
1.685999999999999943e+01,0.000000000000000000e+00,0.000000000000000000e+00,2.249180030822753906e+01,1.000000000000000000e+00
1.687999999999999901e+01,0.000000000000000000e+00,0.000000000000000000e+00,2.251542282104492188e+01,1.000000000000000000e+00
1.689999999999999858e+01,0.000000000000000000e+00,0.000000000000000000e+00,2.253904914855957031e+01,1.000000000000000000e+00
1.692000000000000171e+01,0.000000000000000000e+00,0.000000000000000000e+00,2.256268119812011719e+01,1.000000000000000000e+00
1.694000000000000128e+01,0.000000000000000000e+00,0.000000000000000000e+00,2.258630371093750000e+01,1.000000000000000000e+00
1.696000000000000085e+01,0.000000000000000000e+00,0.000000000000000000e+00,2.260992622375488281e+01,1.000000000000000000e+00
1.698000000000000043e+01,0.000000000000000000e+00,0.000000000000000000e+00,2.263354873657226562e+01,1.000000000000000000e+00
1.700000000000000000e+01,0.000000000000000000e+00,0.000000000000000000e+00,2.265717124938964844e+01,1.000000000000000000e+00
1.701999999999999957e+01,0.000000000000000000e+00,0.000000000000000000e+00,2.268079376220703125e+01,1.000000000000000000e+00
1.703999999999999915e+01,0.000000000000000000e+00,0.000000000000000000e+00,2.270441627502441406e+01,1.000000000000000000e+00
1.705999999999999872e+01,0.000000000000000000e+00,0.000000000000000000e+00,2.272803497314453125e+01,1.000000000000000000e+00
1.708000000000000185e+01,0.000000000000000000e+00,0.000000000000000000e+00,2.275164794921875000e+01,1.000000000000000000e+00
1.710000000000000142e+01,0.000000000000000000e+00,0.000000000000000000e+00,2.277526664733886719e+01,1.000000000000000000e+00
1.712000000000000099e+01,0.000000000000000000e+00,0.000000000000000000e+00,2.279888916015625000e+01,1.000000000000000000e+00
1.714000000000000057e+01,0.000000000000000000e+00,0.000000000000000000e+00,2.282250976562500000e+01,1.000000000000000000e+00
1.716000000000000014e+01,0.000000000000000000e+00,0.000000000000000000e+00,2.284612274169921875e+01,1.000000000000000000e+00
1.717999999999999972e+01,0.000000000000000000e+00,0.000000000000000000e+00,2.286973571777343750e+01,1.000000000000000000e+00
1.719999999999999929e+01,0.000000000000000000e+00,0.000000000000000000e+00,2.289335250854492188e+01,1.000000000000000000e+00
1.721999999999999886e+01,0.000000000000000000e+00,0.000000000000000000e+00,2.291697502136230469e+01,1.000000000000000000e+00
1.724000000000000199e+01,0.000000000000000000e+00,0.000000000000000000e+00,2.294059753417968750e+01,1.000000000000000000e+00
1.726000000000000156e+01,0.000000000000000000e+00,0.000000000000000000e+00,2.296421432495117188e+01,1.000000000000000000e+00
1.728000000000000114e+01,0.000000000000000000e+00,0.000000000000000000e+00,2.298783302307128906e+01,1.000000000000000000e+00
1.730000000000000071e+01,0.000000000000000000e+00,0.000000000000000000e+00,2.301145553588867188e+01,1.000000000000000000e+00
1.732000000000000028e+01,0.000000000000000000e+00,0.000000000000000000e+00,2.303508758544921875e+01,1.000000000000000000e+00
1.733999999999999986e+01,0.000000000000000000e+00,0.000000000000000000e+00,2.305871963500976562e+01,1.000000000000000000e+00
1.735999999999999943e+01,0.000000000000000000e+00,0.000000000000000000e+00,2.308235168457031250e+01,1.000000000000000000e+00
1.737999999999999901e+01,0.000000000000000000e+00,0.000000000000000000e+00,2.310598373413085938e+01,1.000000000000000000e+00
1.740000000000000213e+01,0.000000000000000000e+00,0.000000000000000000e+00,2.312962150573730469e+01,1.000000000000000000e+00
1.742000000000000171e+01,0.000000000000000000e+00,0.000000000000000000e+00,2.315326309204101562e+01,1.000000000000000000e+00
1.744000000000000128e+01,0.000000000000000000e+00,0.000000000000000000e+00,2.317690467834472656e+01,1.000000000000000000e+00
1.746000000000000085e+01,0.000000000000000000e+00,0.000000000000000000e+00,2.320054054260253906e+01,1.000000000000000000e+00
1.748000000000000043e+01,0.000000000000000000e+00,0.000000000000000000e+00,2.322417259216308594e+01,1.000000000000000000e+00
1.750000000000000000e+01,0.000000000000000000e+00,0.000000000000000000e+00,2.324780654907226562e+01,1.000000000000000000e+00
1.751999999999999957e+01,0.000000000000000000e+00,0.000000000000000000e+00,2.327144050598144531e+01,1.000000000000000000e+00
1.753999999999999915e+01,0.000000000000000000e+00,0.000000000000000000e+00,2.329507255554199219e+01,1.000000000000000000e+00
1.755999999999999872e+01,0.000000000000000000e+00,0.000000000000000000e+00,2.331870460510253906e+01,1.000000000000000000e+00
1.758000000000000185e+01,0.000000000000000000e+00,0.000000000000000000e+00,2.334233665466308594e+01,1.000000000000000000e+00
1.760000000000000142e+01,0.000000000000000000e+00,0.000000000000000000e+00,2.336597061157226562e+01,1.000000000000000000e+00
1.762000000000000099e+01,0.000000000000000000e+00,0.000000000000000000e+00,2.338961219787597656e+01,1.000000000000000000e+00
1.764000000000000057e+01,0.000000000000000000e+00,0.000000000000000000e+00,2.341324424743652344e+01,1.000000000000000000e+00
1.766000000000000014e+01,0.000000000000000000e+00,0.000000000000000000e+00,2.343687629699707031e+01,1.000000000000000000e+00
1.767999999999999972e+01,0.000000000000000000e+00,0.000000000000000000e+00,2.346050834655761719e+01,1.000000000000000000e+00
1.769999999999999929e+01,0.000000000000000000e+00,0.000000000000000000e+00,2.348414230346679688e+01,1.000000000000000000e+00
1.771999999999999886e+01,0.000000000000000000e+00,0.000000000000000000e+00,2.350778388977050781e+01,2.000000000000000000e+00
1.774000000000000199e+01,1.110308687202632427e-03,8.475868895629901090e-08,2.353144454956054688e+01,2.000000000000000000e+00
1.776000000000000156e+01,4.555806517601013184e-03,1.272716417588526383e-06,2.355516624450683594e+01,2.000000000000000000e+00
1.778000000000000114e+01,1.075896341353654861e-02,6.384905191225698218e-06,2.357898902893066406e+01,2.000000000000000000e+00
1.780000000000000071e+01,1.979723013937473297e-02,2.006654358410742134e-05,2.360293960571289062e+01,2.000000000000000000e+00
1.782000000000000028e+01,3.167170658707618713e-02,4.849716424359939992e-05,2.362702941894531250e+01,2.000000000000000000e+00
1.783999999999999986e+01,4.636863246560096741e-02,9.920098818838596344e-05,2.365127372741699219e+01,2.000000000000000000e+00
1.785999999999999943e+01,6.387229263782501221e-02,1.809309324016794562e-04,2.367567443847656250e+01,2.000000000000000000e+00
1.787999999999999901e+01,8.416789025068283081e-02,3.035104018636047840e-04,2.370023536682128906e+01,2.000000000000000000e+00
1.790000000000000213e+01,1.072422787547111511e-01,4.776610294356942177e-04,2.372495079040527344e+01,2.000000000000000000e+00
1.792000000000000171e+01,1.330860555171966553e-01,7.148766890168190002e-04,2.374981307983398438e+01,2.000000000000000000e+00
1.794000000000000128e+01,1.616946607828140259e-01,1.027322607114911079e-03,2.377481651306152344e+01,2.000000000000000000e+00
1.796000000000000085e+01,1.930660009384155273e-01,1.427843701094388962e-03,2.379994201660156250e+01,2.000000000000000000e+00
1.798000000000000043e+01,2.271999269723892212e-01,1.929919002577662468e-03,2.382517433166503906e+01,2.000000000000000000e+00
1.800000000000000000e+01,2.640975713729858398e-01,2.547502284869551659e-03,2.385048675537109375e+01,2.000000000000000000e+00
1.801999999999999957e+01,3.037603795528411865e-01,3.295029047876596451e-03,2.387585830688476562e+01,2.000000000000000000e+00
1.803999999999999915e+01,3.461904823780059814e-01,4.187283571809530258e-03,2.390126609802246094e+01,2.000000000000000000e+00
1.805999999999999872e+01,3.913912177085876465e-01,5.239238031208515167e-03,2.392668151855468750e+01,2.000000000000000000e+00
1.808000000000000185e+01,4.393669962882995605e-01,6.465977057814598083e-03,2.395207595825195312e+01,2.000000000000000000e+00
1.810000000000000142e+01,4.901230335235595703e-01,7.882589474320411682e-03,2.397740745544433594e+01,2.000000000000000000e+00
1.812000000000000099e+01,5.436653494834899902e-01,9.504385292530059814e-03,2.400264739990234375e+01,2.000000000000000000e+00
1.814000000000000057e+01,6.000005006790161133e-01,1.134662143886089325e-02,2.402776336669921875e+01,2.000000000000000000e+00
1.816000000000000014e+01,6.591353416442871094e-01,1.342426799237728119e-02,2.405271720886230469e+01,2.000000000000000000e+00
1.817999999999999972e+01,7.210769057273864746e-01,1.575201936066150665e-02,2.407746696472167969e+01,2.000000000000000000e+00
1.819999999999999929e+01,7.858319282531738281e-01,1.834420859813690186e-02,2.410196876525878906e+01,2.000000000000000000e+00
1.821999999999999886e+01,8.534070849418640137e-01,2.121512033045291901e-02,2.412618446350097656e+01,2.000000000000000000e+00
1.824000000000000199e+01,9.238084554672241211e-01,2.437873370945453644e-02,2.415007209777832031e+01,2.000000000000000000e+00
1.826000000000000156e+01,9.970407485961914062e-01,2.784883975982666016e-02,2.417359542846679688e+01,2.000000000000000000e+00
1.828000000000000114e+01,1.073108196258544922e+00,3.163890913128852844e-02,2.419671249389648438e+01,2.000000000000000000e+00
1.830000000000000071e+01,1.152013421058654785e+00,3.576202690601348877e-02,2.421938705444335938e+01,2.000000000000000000e+00
1.832000000000000028e+01,1.233758330345153809e+00,4.023137688636779785e-02,2.424158668518066406e+01,2.000000000000000000e+00
1.833999999999999986e+01,1.318344235420227051e+00,4.505971074104309082e-02,2.426328659057617188e+01,2.000000000000000000e+00
1.835999999999999943e+01,1.405771493911743164e+00,5.025914311408996582e-02,2.428445243835449219e+01,2.000000000000000000e+00
1.837999999999999901e+01,1.496039748191833496e+00,5.584130436182022095e-02,2.430505180358886719e+01,2.000000000000000000e+00
1.840000000000000213e+01,1.589147329330444336e+00,6.181721016764640808e-02,2.432505035400390625e+01,2.000000000000000000e+00
1.842000000000000171e+01,1.685092687606811523e+00,6.819798797369003296e-02,2.434442520141601562e+01,2.000000000000000000e+00
1.844000000000000128e+01,1.783873200416564941e+00,7.499460130929946899e-02,2.436314964294433594e+01,2.000000000000000000e+00
1.846000000000000085e+01,1.885485529899597168e+00,8.221735060214996338e-02,2.438119506835937500e+01,2.000000000000000000e+00
1.848000000000000043e+01,1.989924669265747070e+00,8.987610787153244019e-02,2.439853286743164062e+01,2.000000000000000000e+00
1.850000000000000000e+01,2.097185373306274414e+00,9.798039495944976807e-02,2.441513442993164062e+01,2.000000000000000000e+00
1.851999999999999957e+01,2.207261085510253906e+00,1.065398529171943665e-01,2.443097305297851562e+01,2.000000000000000000e+00
1.853999999999999915e+01,2.320144414901733398e+00,1.155639216303825378e-01,2.444602775573730469e+01,2.000000000000000000e+00
1.855999999999999872e+01,2.435827016830444336e+00,1.250617951154708862e-01,2.446027374267578125e+01,2.000000000000000000e+00
1.858000000000000185e+01,2.554299354553222656e+00,1.350427269935607910e-01,2.447368812561035156e+01,2.000000000000000000e+00
1.860000000000000142e+01,2.675551176071166992e+00,1.455159783363342285e-01,2.448624801635742188e+01,2.000000000000000000e+00
1.862000000000000099e+01,2.799571037292480469e+00,1.564912348985671997e-01,2.449794197082519531e+01,2.000000000000000000e+00
1.864000000000000057e+01,2.926347732543945312e+00,1.679783612489700317e-01,2.450875663757324219e+01,2.000000000000000000e+00
1.866000000000000014e+01,3.055868387222290039e+00,1.799870729446411133e-01,2.451867866516113281e+01,2.000000000000000000e+00
1.867999999999999972e+01,3.188118934631347656e+00,1.925271004438400269e-01,2.452769470214843750e+01,2.000000000000000000e+00
1.869999999999999929e+01,3.323085784912109375e+00,2.056083381175994873e-01,2.453579521179199219e+01,2.000000000000000000e+00
1.871999999999999886e+01,3.460753917694091797e+00,2.192412912845611572e-01,2.454296875000000000e+01,2.000000000000000000e+00
1.874000000000000199e+01,3.601107835769653320e+00,2.334365397691726685e-01,2.454921340942382812e+01,2.000000000000000000e+00
1.876000000000000156e+01,3.744131803512573242e+00,2.482047528028488159e-01,2.455452156066894531e+01,2.000000000000000000e+00
1.878000000000000114e+01,3.889808893203735352e+00,2.635570764541625977e-01,2.455888748168945312e+01,2.000000000000000000e+00
1.880000000000000071e+01,4.038122653961181641e+00,2.795050442218780518e-01,2.456230926513671875e+01,2.000000000000000000e+00
1.882000000000000028e+01,4.189054965972900391e+00,2.960606813430786133e-01,2.456478691101074219e+01,2.000000000000000000e+00
1.883999999999999986e+01,4.342587471008300781e+00,3.132364153861999512e-01,2.456632041931152344e+01,2.000000000000000000e+00
1.885999999999999943e+01,4.498701095581054688e+00,3.310449123382568359e-01,2.456691551208496094e+01,2.000000000000000000e+00
1.887999999999999901e+01,4.657377719879150391e+00,3.494994938373565674e-01,2.456657218933105469e+01,2.000000000000000000e+00
1.890000000000000213e+01,4.818597316741943359e+00,3.686139285564422607e-01,2.456529617309570312e+01,2.000000000000000000e+00
1.892000000000000171e+01,4.982340335845947266e+00,3.884025812149047852e-01,2.456309700012207031e+01,2.000000000000000000e+00
1.894000000000000128e+01,5.148585796356201172e+00,4.088804423809051514e-01,2.455998802185058594e+01,2.000000000000000000e+00
1.896000000000000085e+01,5.317314147949218750e+00,4.300628006458282471e-01,2.455597496032714844e+01,2.000000000000000000e+00
1.898000000000000043e+01,5.488504886627197266e+00,4.519653320312500000e-01,2.455106735229492188e+01,2.000000000000000000e+00
1.900000000000000000e+01,5.662137031555175781e+00,4.746041297912597656e-01,2.454527854919433594e+01,2.000000000000000000e+00
1.901999999999999957e+01,5.838190555572509766e+00,4.979960024356842041e-01,2.453862190246582031e+01,2.000000000000000000e+00
1.903999999999999915e+01,6.016644954681396484e+00,5.221581459045410156e-01,2.453111267089843750e+01,2.000000000000000000e+00
1.905999999999999872e+01,6.197477817535400391e+00,5.471080541610717773e-01,2.452276611328125000e+01,2.000000000000000000e+00
1.908000000000000185e+01,6.380670547485351562e+00,5.728635787963867188e-01,2.451359558105468750e+01,2.000000000000000000e+00
1.910000000000000142e+01,6.566200256347656250e+00,5.994427204132080078e-01,2.450361442565917969e+01,2.000000000000000000e+00
1.912000000000000099e+01,6.754048347473144531e+00,6.268634200096130371e-01,2.449283599853515625e+01,2.000000000000000000e+00
1.914000000000000057e+01,6.944192409515380859e+00,6.551442146301269531e-01,2.448127365112304688e+01,2.000000000000000000e+00
1.916000000000000014e+01,7.136612415313720703e+00,6.843038201332092285e-01,2.446894264221191406e+01,2.000000000000000000e+00
1.917999999999999972e+01,7.331288814544677734e+00,7.143611907958984375e-01,2.445585823059082031e+01,2.000000000000000000e+00
1.919999999999999929e+01,7.528200626373291016e+00,7.453349828720092773e-01,2.444202995300292969e+01,2.000000000000000000e+00
1.921999999999999886e+01,7.727327823638916016e+00,7.772442698478698730e-01,2.442747116088867188e+01,2.000000000000000000e+00
1.924000000000000199e+01,7.928650379180908203e+00,8.101084828376770020e-01,2.441219902038574219e+01,2.000000000000000000e+00
1.926000000000000156e+01,8.132149696350097656e+00,8.439469933509826660e-01,2.439622497558593750e+01,2.000000000000000000e+00
1.928000000000000114e+01,8.337804794311523438e+00,8.787786960601806641e-01,2.437956047058105469e+01,2.000000000000000000e+00
1.930000000000000071e+01,8.545596122741699219e+00,9.146220684051513672e-01,2.436221313476562500e+01,2.000000000000000000e+00
1.932000000000000028e+01,8.755505561828613281e+00,9.514959454536437988e-01,2.434418869018554688e+01,2.000000000000000000e+00
1.933999999999999986e+01,8.967514991760253906e+00,9.894192814826965332e-01,2.432550430297851562e+01,2.000000000000000000e+00
1.935999999999999943e+01,9.181604385375976562e+00,1.028410434722900391e+00,2.430616378784179688e+01,2.000000000000000000e+00
1.937999999999999901e+01,9.397754669189453125e+00,1.068487405776977539e+00,2.428617286682128906e+01,3.000000000000000000e+00
1.940000000000000213e+01,9.615450859069824219e+00,1.109382629394531250e+00,2.426473808288574219e+01,3.000000000000000000e+00
1.942000000000000171e+01,9.834219932556152344e+00,1.150911569595336914e+00,2.424139022827148438e+01,3.000000000000000000e+00
1.944000000000000128e+01,1.005392742156982422e+01,1.193094849586486816e+00,2.421626472473144531e+01,3.000000000000000000e+00
1.946000000000000085e+01,1.027453708648681641e+01,1.235988974571228027e+00,2.418957328796386719e+01,3.000000000000000000e+00
1.948000000000000043e+01,1.049605083465576172e+01,1.279663801193237305e+00,2.416155624389648438e+01,3.000000000000000000e+00
1.950000000000000000e+01,1.071847534179687500e+01,1.324190020561218262e+00,2.413245773315429688e+01,3.000000000000000000e+00
1.951999999999999957e+01,1.094177818298339844e+01,1.369631171226501465e+00,2.410251808166503906e+01,3.000000000000000000e+00
1.953999999999999915e+01,1.116592502593994141e+01,1.416044950485229492e+00,2.407196044921875000e+01,3.000000000000000000e+00
1.955999999999999872e+01,1.139088344573974609e+01,1.463483452796936035e+00,2.404099273681640625e+01,3.000000000000000000e+00
1.958000000000000185e+01,1.161662197113037109e+01,1.511991858482360840e+00,2.400978851318359375e+01,3.000000000000000000e+00
1.960000000000000142e+01,1.184311008453369141e+01,1.561608076095581055e+00,2.397850227355957031e+01,3.000000000000000000e+00
1.962000000000000099e+01,1.207032203674316406e+01,1.612363100051879883e+00,2.394726181030273438e+01,3.000000000000000000e+00
1.964000000000000057e+01,1.229823017120361328e+01,1.664281606674194336e+00,2.391617012023925781e+01,3.000000000000000000e+00
1.966000000000000014e+01,1.252681064605712891e+01,1.717381477355957031e+00,2.388530540466308594e+01,3.000000000000000000e+00
1.967999999999999972e+01,1.275604057312011719e+01,1.771673917770385742e+00,2.385472297668457031e+01,3.000000000000000000e+00
1.969999999999999929e+01,1.298589992523193359e+01,1.827163696289062500e+00,2.382445526123046875e+01,3.000000000000000000e+00
1.971999999999999886e+01,1.321637248992919922e+01,1.883851766586303711e+00,2.379450988769531250e+01,3.000000000000000000e+00
1.974000000000000199e+01,1.344744491577148438e+01,1.941734790802001953e+00,2.376488685607910156e+01,3.000000000000000000e+00
1.976000000000000156e+01,1.367910480499267578e+01,2.000805616378784180e+00,2.373556900024414062e+01,3.000000000000000000e+00
1.978000000000000114e+01,1.391134262084960938e+01,2.061053752899169922e+00,2.370651817321777344e+01,3.000000000000000000e+00
1.980000000000000071e+01,1.414415168762207031e+01,2.122466564178466797e+00,2.367769432067871094e+01,3.000000000000000000e+00
1.982000000000000028e+01,1.437752819061279297e+01,2.185029745101928711e+00,2.364904403686523438e+01,3.000000000000000000e+00
1.983999999999999986e+01,1.461146926879882812e+01,2.248727798461914062e+00,2.362051010131835938e+01,3.000000000000000000e+00
1.985999999999999943e+01,1.484597492218017578e+01,2.313544750213623047e+00,2.359203529357910156e+01,3.000000000000000000e+00
1.987999999999999901e+01,1.508104705810546875e+01,2.379464864730834961e+00,2.356355667114257812e+01,3.000000000000000000e+00
1.990000000000000213e+01,1.531668663024902344e+01,2.446471929550170898e+00,2.353501129150390625e+01,3.000000000000000000e+00
1.992000000000000171e+01,1.555289745330810547e+01,2.514550447463989258e+00,2.350633621215820312e+01,3.000000000000000000e+00
1.994000000000000128e+01,1.578968334197998047e+01,2.583685636520385742e+00,2.347747230529785156e+01,3.000000000000000000e+00
1.996000000000000085e+01,1.602704811096191406e+01,2.653863906860351562e+00,2.344836997985839844e+01,3.000000000000000000e+00
1.998000000000000043e+01,1.626499557495117188e+01,2.725072145462036133e+00,2.341897773742675781e+01,3.000000000000000000e+00
2.000000000000000000e+01,1.650352859497070312e+01,2.797298192977905273e+00,2.338924598693847656e+01,3.000000000000000000e+00
2.001999999999999957e+01,1.674265289306640625e+01,2.870530366897583008e+00,2.335913467407226562e+01,3.000000000000000000e+00
2.003999999999999915e+01,1.698237037658691406e+01,2.944758892059326172e+00,2.332860755920410156e+01,3.000000000000000000e+00
2.005999999999999872e+01,1.722268676757812500e+01,3.019975185394287109e+00,2.329763984680175781e+01,3.000000000000000000e+00
2.008000000000000185e+01,1.746360397338867188e+01,3.096171140670776367e+00,2.326620674133300781e+01,3.000000000000000000e+00
2.010000000000000142e+01,1.770512580871582031e+01,3.173339128494262695e+00,2.323428344726562500e+01,3.000000000000000000e+00
2.012000000000000099e+01,1.794725036621093750e+01,3.251471996307373047e+00,2.320185852050781250e+01,3.000000000000000000e+00
2.014000000000000057e+01,1.818998336791992188e+01,3.330563068389892578e+00,2.316891860961914062e+01,3.000000000000000000e+00
2.016000000000000014e+01,1.843332481384277344e+01,3.410606384277343750e+00,2.313546371459960938e+01,3.000000000000000000e+00
2.017999999999999972e+01,1.867727279663085938e+01,3.491596460342407227e+00,2.310148620605468750e+01,3.000000000000000000e+00
2.019999999999999929e+01,1.892183113098144531e+01,3.573527336120605469e+00,2.306699180603027344e+01,3.000000000000000000e+00
2.021999999999999886e+01,1.916700172424316406e+01,3.656392812728881836e+00,2.303197860717773438e+01,3.000000000000000000e+00
2.024000000000000199e+01,1.941278266906738281e+01,3.740185976028442383e+00,2.299645423889160156e+01,3.000000000000000000e+00
2.026000000000000156e+01,1.965917396545410156e+01,3.824901342391967773e+00,2.296042633056640625e+01,3.000000000000000000e+00
2.028000000000000114e+01,1.990617942810058594e+01,3.910531759262084961e+00,2.292390441894531250e+01,3.000000000000000000e+00
2.030000000000000071e+01,2.015380096435546875e+01,3.997069835662841797e+00,2.288689422607421875e+01,3.000000000000000000e+00
2.032000000000000028e+01,2.040203285217285156e+01,4.084507465362548828e+00,2.284940528869628906e+01,3.000000000000000000e+00
2.033999999999999986e+01,2.065088462829589844e+01,4.172833919525146484e+00,2.281144523620605469e+01,3.000000000000000000e+00
2.035999999999999943e+01,2.090035057067871094e+01,4.262041091918945312e+00,2.277302360534667969e+01,3.000000000000000000e+00
2.037999999999999901e+01,2.115043449401855469e+01,4.352118492126464844e+00,2.273414993286132812e+01,3.000000000000000000e+00
2.040000000000000213e+01,2.140114593505859375e+01,4.443054676055908203e+00,2.269483184814453125e+01,3.000000000000000000e+00
2.042000000000000171e+01,2.165247726440429688e+01,4.534837245941162109e+00,2.265507316589355469e+01,3.000000000000000000e+00
2.044000000000000128e+01,2.190443801879882812e+01,4.627452850341796875e+00,2.261488151550292969e+01,3.000000000000000000e+00
2.046000000000000085e+01,2.215703010559082031e+01,4.720887660980224609e+00,2.257426071166992188e+01,3.000000000000000000e+00
2.048000000000000043e+01,2.241025733947753906e+01,4.815126895904541016e+00,2.253321647644042969e+01,3.000000000000000000e+00
2.050000000000000000e+01,2.266412353515625000e+01,4.910154819488525391e+00,2.249175262451171875e+01,3.000000000000000000e+00
2.051999999999999957e+01,2.291863441467285156e+01,5.005955219268798828e+00,2.244986915588378906e+01,3.000000000000000000e+00
2.053999999999999915e+01,2.317379379272460938e+01,5.102510452270507812e+00,2.240756607055664062e+01,3.000000000000000000e+00
2.055999999999999872e+01,2.342960929870605469e+01,5.199802398681640625e+00,2.236484336853027344e+01,3.000000000000000000e+00
2.058000000000000185e+01,2.368608474731445312e+01,5.297812461853027344e+00,2.232170295715332031e+01,3.000000000000000000e+00
2.060000000000000142e+01,2.394322586059570312e+01,5.396522045135498047e+00,2.227814483642578125e+01,3.000000000000000000e+00
2.062000000000000099e+01,2.420104408264160156e+01,5.495910167694091797e+00,2.223416519165039062e+01,3.000000000000000000e+00
2.064000000000000057e+01,2.445954132080078125e+01,5.595956325531005859e+00,2.218976211547851562e+01,3.000000000000000000e+00
2.066000000000000014e+01,2.471872901916503906e+01,5.696639060974121094e+00,2.214493942260742188e+01,3.000000000000000000e+00
2.067999999999999972e+01,2.497861099243164062e+01,5.797936916351318359e+00,2.209968948364257812e+01,3.000000000000000000e+00
2.069999999999999929e+01,2.523919868469238281e+01,5.899827003479003906e+00,2.205401802062988281e+01,3.000000000000000000e+00
2.071999999999999886e+01,2.550049591064453125e+01,6.002285003662109375e+00,2.200791740417480469e+01,3.000000000000000000e+00
2.074000000000000199e+01,2.576251983642578125e+01,6.105287551879882812e+00,2.196138763427734375e+01,3.000000000000000000e+00
2.076000000000000156e+01,2.602527427673339844e+01,6.208809852600097656e+00,2.191442871093750000e+01,3.000000000000000000e+00
2.078000000000000114e+01,2.628876876831054688e+01,6.312828063964843750e+00,2.186703109741210938e+01,3.000000000000000000e+00
2.080000000000000071e+01,2.655301284790039062e+01,6.417314529418945312e+00,2.181920433044433594e+01,3.000000000000000000e+00
2.082000000000000028e+01,2.681801986694335938e+01,6.522242069244384766e+00,2.177094268798828125e+01,3.000000000000000000e+00
2.083999999999999986e+01,2.708379364013671875e+01,6.627583503723144531e+00,2.172224617004394531e+01,3.000000000000000000e+00
2.085999999999999943e+01,2.735034751892089844e+01,6.733311653137207031e+00,2.167311286926269531e+01,3.000000000000000000e+00
2.087999999999999901e+01,2.761769485473632812e+01,6.839396476745605469e+00,2.162354469299316406e+01,3.000000000000000000e+00
2.090000000000000213e+01,2.788584136962890625e+01,6.945807933807373047e+00,2.157354354858398438e+01,3.000000000000000000e+00
2.092000000000000171e+01,2.815480613708496094e+01,7.052515506744384766e+00,2.152310943603515625e+01,3.000000000000000000e+00
2.094000000000000128e+01,2.842459487915039062e+01,7.159487247467041016e+00,2.147224044799804688e+01,3.000000000000000000e+00
2.096000000000000085e+01,2.869522285461425781e+01,7.266691207885742188e+00,2.142094230651855469e+01,3.000000000000000000e+00
2.098000000000000043e+01,2.896670150756835938e+01,7.374093055725097656e+00,2.136921501159667969e+01,3.000000000000000000e+00
2.100000000000000000e+01,2.923904418945312500e+01,7.481658458709716797e+00,2.131706047058105469e+01,3.000000000000000000e+00
2.101999999999999957e+01,2.951226043701171875e+01,7.589352607727050781e+00,2.126447677612304688e+01,3.000000000000000000e+00
2.103999999999999915e+01,2.978636741638183594e+01,7.697139739990234375e+00,2.121147155761718750e+01,3.000000000000000000e+00
2.105999999999999872e+01,3.006137657165527344e+01,7.804982662200927734e+00,2.115803909301757812e+01,3.000000000000000000e+00
2.108000000000000185e+01,3.033729743957519531e+01,7.912841796875000000e+00,2.110418701171875000e+01,3.000000000000000000e+00
2.110000000000000142e+01,3.061414909362792969e+01,8.020679473876953125e+00,2.104991340637207031e+01,3.000000000000000000e+00
2.112000000000000099e+01,3.089194297790527344e+01,8.128456115722656250e+00,2.099521446228027344e+01,3.000000000000000000e+00
2.114000000000000057e+01,3.117069244384765625e+01,8.236129760742187500e+00,2.094009208679199219e+01,3.000000000000000000e+00
2.116000000000000014e+01,3.145041084289550781e+01,8.343657493591308594e+00,2.088454627990722656e+01,3.000000000000000000e+00
2.117999999999999972e+01,3.173111152648925781e+01,8.450997352600097656e+00,2.082857894897460938e+01,3.000000000000000000e+00
2.119999999999999929e+01,3.201280975341796875e+01,8.558105468750000000e+00,2.077218818664550781e+01,3.000000000000000000e+00
2.121999999999999886e+01,3.229551696777343750e+01,8.664937973022460938e+00,2.071536827087402344e+01,3.000000000000000000e+00
2.124000000000000199e+01,3.257924652099609375e+01,8.771446228027343750e+00,2.065811347961425781e+01,3.000000000000000000e+00
2.126000000000000156e+01,3.286401367187500000e+01,8.877587318420410156e+00,2.060042572021484375e+01,3.000000000000000000e+00
2.128000000000000114e+01,3.314982986450195312e+01,8.983308792114257812e+00,2.054230117797851562e+01,3.000000000000000000e+00
2.130000000000000071e+01,3.343671798706054688e+01,9.088564872741699219e+00,2.048373413085937500e+01,3.000000000000000000e+00
2.132000000000000028e+01,3.372468185424804688e+01,9.193305969238281250e+00,2.042471885681152344e+01,3.000000000000000000e+00
2.133999999999999986e+01,3.401373672485351562e+01,9.297479629516601562e+00,2.036524772644042969e+01,3.000000000000000000e+00
2.135999999999999943e+01,3.430388641357421875e+01,9.401038169860839844e+00,2.030529785156250000e+01,3.000000000000000000e+00
2.137999999999999901e+01,3.459514236450195312e+01,9.503935813903808594e+00,2.024483489990234375e+01,3.000000000000000000e+00
2.140000000000000213e+01,3.488750839233398438e+01,9.606125831604003906e+00,2.018383026123046875e+01,3.000000000000000000e+00
2.142000000000000171e+01,3.518098068237304688e+01,9.707558631896972656e+00,2.012226104736328125e+01,3.000000000000000000e+00
2.144000000000000128e+01,3.547557449340820312e+01,9.808181762695312500e+00,2.006012153625488281e+01,3.000000000000000000e+00
2.146000000000000085e+01,3.577128982543945312e+01,9.907939910888671875e+00,1.999741554260253906e+01,3.000000000000000000e+00
2.148000000000000043e+01,3.606813049316406250e+01,1.000677680969238281e+01,1.993416023254394531e+01,3.000000000000000000e+00
2.150000000000000000e+01,3.636610412597656250e+01,1.010463428497314453e+01,1.987037849426269531e+01,3.000000000000000000e+00
2.151999999999999957e+01,3.666521453857421875e+01,1.020145225524902344e+01,1.980610084533691406e+01,3.000000000000000000e+00
2.153999999999999915e+01,3.696547698974609375e+01,1.029716968536376953e+01,1.974136924743652344e+01,3.000000000000000000e+00
2.155999999999999872e+01,3.726689529418945312e+01,1.039172458648681641e+01,1.967622756958007812e+01,3.000000000000000000e+00
2.158000000000000185e+01,3.756947326660156250e+01,1.048505783081054688e+01,1.961072349548339844e+01,3.000000000000000000e+00
2.160000000000000142e+01,3.787321090698242188e+01,1.057711315155029297e+01,1.954490470886230469e+01,3.000000000000000000e+00
2.162000000000000099e+01,3.817811203002929688e+01,1.066783237457275391e+01,1.947881889343261719e+01,3.000000000000000000e+00
2.164000000000000057e+01,3.848418045043945312e+01,1.075716209411621094e+01,1.941251945495605469e+01,3.000000000000000000e+00
2.166000000000000014e+01,3.879141616821289062e+01,1.084505367279052734e+01,1.934604644775390625e+01,3.000000000000000000e+00
2.167999999999999972e+01,3.909981536865234375e+01,1.093146324157714844e+01,1.927943992614746094e+01,3.000000000000000000e+00
2.169999999999999929e+01,3.940937042236328125e+01,1.101635074615478516e+01,1.921273422241210938e+01,3.000000000000000000e+00
2.171999999999999886e+01,3.972007751464843750e+01,1.109968090057373047e+01,1.914595985412597656e+01,3.000000000000000000e+00
2.174000000000000199e+01,4.003192901611328125e+01,1.118142127990722656e+01,1.907914733886718750e+01,3.000000000000000000e+00
2.176000000000000156e+01,4.034490966796875000e+01,1.126154804229736328e+01,1.901231575012207031e+01,3.000000000000000000e+00
2.178000000000000114e+01,4.065901184082031250e+01,1.134004020690917969e+01,1.894547653198242188e+01,3.000000000000000000e+00
2.180000000000000071e+01,4.097422409057617188e+01,1.141688346862792969e+01,1.887864303588867188e+01,3.000000000000000000e+00
2.182000000000000028e+01,4.129053115844726562e+01,1.149206161499023438e+01,1.881182098388671875e+01,3.000000000000000000e+00
2.183999999999999986e+01,4.160792160034179688e+01,1.156556701660156250e+01,1.874501800537109375e+01,3.000000000000000000e+00
2.185999999999999943e+01,4.192638015747070312e+01,1.163739395141601562e+01,1.867823410034179688e+01,3.000000000000000000e+00
2.187999999999999901e+01,4.224589920043945312e+01,1.170753860473632812e+01,1.861146736145019531e+01,3.000000000000000000e+00
2.190000000000000213e+01,4.256644821166992188e+01,1.177600193023681641e+01,1.854471397399902344e+01,3.000000000000000000e+00
2.192000000000000171e+01,4.288801956176757812e+01,1.184278392791748047e+01,1.847797203063964844e+01,3.000000000000000000e+00
2.194000000000000128e+01,4.321060562133789062e+01,1.190788650512695312e+01,1.841123771667480469e+01,3.000000000000000000e+00
2.196000000000000085e+01,4.353418731689453125e+01,1.197131443023681641e+01,1.834450912475585938e+01,3.000000000000000000e+00
2.198000000000000043e+01,4.385874938964843750e+01,1.203307151794433594e+01,1.827778053283691406e+01,3.000000000000000000e+00
2.200000000000000000e+01,4.418427658081054688e+01,1.209316539764404297e+01,1.821104049682617188e+01,3.000000000000000000e+00
2.201999999999999957e+01,4.451075744628906250e+01,1.215160083770751953e+01,1.814429092407226562e+01,3.000000000000000000e+00
2.203999999999999915e+01,4.483817672729492188e+01,1.220838356018066406e+01,1.807753181457519531e+01,3.000000000000000000e+00
2.205999999999999872e+01,4.516651916503906250e+01,1.226352119445800781e+01,1.801076126098632812e+01,3.000000000000000000e+00
2.208000000000000185e+01,4.549578094482421875e+01,1.231702136993408203e+01,1.794397544860839844e+01,3.000000000000000000e+00
2.210000000000000142e+01,4.582594299316406250e+01,1.236889266967773438e+01,1.787717056274414062e+01,3.000000000000000000e+00
2.212000000000000099e+01,4.615699386596679688e+01,1.241914176940917969e+01,1.781034660339355469e+01,3.000000000000000000e+00
2.214000000000000057e+01,4.648892211914062500e+01,1.246777629852294922e+01,1.774350929260253906e+01,3.000000000000000000e+00
2.216000000000000014e+01,4.682171630859375000e+01,1.251480484008789062e+01,1.767665672302246094e+01,3.000000000000000000e+00
2.217999999999999972e+01,4.715536499023437500e+01,1.256023693084716797e+01,1.760978698730468750e+01,3.000000000000000000e+00
2.219999999999999929e+01,4.748985290527343750e+01,1.260408210754394531e+01,1.754289817810058594e+01,3.000000000000000000e+00
2.221999999999999886e+01,4.782517242431640625e+01,1.264634895324707031e+01,1.747599411010742188e+01,3.000000000000000000e+00
2.224000000000000199e+01,4.816131210327148438e+01,1.268704414367675781e+01,1.740907859802246094e+01,3.000000000000000000e+00
2.226000000000000156e+01,4.849826431274414062e+01,1.272617912292480469e+01,1.734215354919433594e+01,3.000000000000000000e+00
2.228000000000000114e+01,4.883601760864257812e+01,1.276376438140869141e+01,1.727521324157714844e+01,3.000000000000000000e+00
2.230000000000000071e+01,4.917455673217773438e+01,1.279981040954589844e+01,1.720825767517089844e+01,3.000000000000000000e+00
2.232000000000000028e+01,4.951387405395507812e+01,1.283432865142822266e+01,1.714128875732421875e+01,3.000000000000000000e+00
2.233999999999999986e+01,4.985396575927734375e+01,1.286732673645019531e+01,1.707431030273437500e+01,3.000000000000000000e+00
2.235999999999999943e+01,5.019480895996093750e+01,1.289881706237792969e+01,1.700732231140136719e+01,3.000000000000000000e+00
2.237999999999999901e+01,5.053641128540039062e+01,1.292880916595458984e+01,1.694032287597656250e+01,3.000000000000000000e+00
2.240000000000000213e+01,5.087875366210937500e+01,1.295731639862060547e+01,1.687330627441406250e+01,3.000000000000000000e+00
2.242000000000000171e+01,5.122182846069335938e+01,1.298435115814208984e+01,1.680627250671386719e+01,3.000000000000000000e+00
2.244000000000000128e+01,5.156562423706054688e+01,1.300992393493652344e+01,1.673922348022460938e+01,3.000000000000000000e+00
2.246000000000000085e+01,5.191013336181640625e+01,1.303404617309570312e+01,1.667215728759765625e+01,3.000000000000000000e+00
2.248000000000000043e+01,5.225535202026367188e+01,1.305672931671142578e+01,1.660507202148437500e+01,3.000000000000000000e+00
2.250000000000000000e+01,5.260126495361328125e+01,1.307798767089843750e+01,1.653796195983886719e+01,3.000000000000000000e+00
2.251999999999999957e+01,5.294786453247070312e+01,1.309783363342285156e+01,1.647082519531250000e+01,3.000000000000000000e+00
2.253999999999999915e+01,5.329514694213867188e+01,1.311627483367919922e+01,1.640366935729980469e+01,3.000000000000000000e+00
2.255999999999999872e+01,5.364310455322265625e+01,1.313332366943359375e+01,1.633649063110351562e+01,3.000000000000000000e+00
2.258000000000000185e+01,5.399172210693359375e+01,1.314899444580078125e+01,1.626928710937500000e+01,3.000000000000000000e+00
2.260000000000000142e+01,5.434099578857421875e+01,1.316329956054687500e+01,1.620205497741699219e+01,3.000000000000000000e+00
2.262000000000000099e+01,5.469091415405273438e+01,1.317624759674072266e+01,1.613479423522949219e+01,3.000000000000000000e+00
2.264000000000000057e+01,5.504147720336914062e+01,1.318785095214843750e+01,1.606751060485839844e+01,3.000000000000000000e+00
2.266000000000000014e+01,5.539267730712890625e+01,1.319812107086181641e+01,1.600020027160644531e+01,3.000000000000000000e+00
2.267999999999999972e+01,5.574450302124023438e+01,1.320707130432128906e+01,1.593285751342773438e+01,3.000000000000000000e+00
2.269999999999999929e+01,5.609694671630859375e+01,1.321471405029296875e+01,1.586547851562500000e+01,3.000000000000000000e+00
2.271999999999999886e+01,5.645000839233398438e+01,1.322106170654296875e+01,1.579806423187255859e+01,3.000000000000000000e+00
2.274000000000000199e+01,5.680367660522460938e+01,1.322612476348876953e+01,1.573061656951904297e+01,3.000000000000000000e+00
2.276000000000000156e+01,5.715794754028320312e+01,1.322991561889648438e+01,1.566313457489013672e+01,3.000000000000000000e+00
2.278000000000000114e+01,5.751281738281250000e+01,1.323244476318359375e+01,1.559561347961425781e+01,3.000000000000000000e+00
2.280000000000000071e+01,5.786827850341796875e+01,1.323372745513916016e+01,1.552805042266845703e+01,3.000000000000000000e+00
2.282000000000000028e+01,5.822432327270507812e+01,1.323377132415771484e+01,1.546044635772705078e+01,3.000000000000000000e+00
2.283999999999999986e+01,5.858095550537109375e+01,1.323258876800537109e+01,1.539280509948730469e+01,3.000000000000000000e+00
2.285999999999999943e+01,5.893816375732421875e+01,1.323019123077392578e+01,1.532512378692626953e+01,3.000000000000000000e+00
2.287999999999999901e+01,5.929594421386718750e+01,1.322659111022949219e+01,1.525739765167236328e+01,3.000000000000000000e+00
2.290000000000000213e+01,5.965429306030273438e+01,1.322180271148681641e+01,1.518961906433105469e+01,3.000000000000000000e+00
2.292000000000000171e+01,6.001319885253906250e+01,1.321583557128906250e+01,1.512178897857666016e+01,3.000000000000000000e+00
2.294000000000000128e+01,6.037267303466796875e+01,1.320870208740234375e+01,1.505391025543212891e+01,3.000000000000000000e+00
2.296000000000000085e+01,6.073270416259765625e+01,1.320041275024414062e+01,1.498598003387451172e+01,3.000000000000000000e+00
2.298000000000000043e+01,6.109328460693359375e+01,1.319098091125488281e+01,1.491799354553222656e+01,3.000000000000000000e+00
2.300000000000000000e+01,6.145441818237304688e+01,1.318041992187500000e+01,1.484994697570800781e+01,3.000000000000000000e+00
2.301999999999999957e+01,6.181610107421875000e+01,1.316873836517333984e+01,1.478184509277343750e+01,3.000000000000000000e+00
2.303999999999999915e+01,6.217833328247070312e+01,1.315594577789306641e+01,1.471369838714599609e+01,3.000000000000000000e+00
2.305999999999999872e+01,6.254110717773437500e+01,1.314205169677734375e+01,1.464550781250000000e+01,3.000000000000000000e+00
2.308000000000000185e+01,6.290442657470703125e+01,1.312707042694091797e+01,1.457727241516113281e+01,3.000000000000000000e+00
2.310000000000000142e+01,6.326828384399414062e+01,1.311101245880126953e+01,1.450898742675781250e+01,3.000000000000000000e+00
2.312000000000000099e+01,6.363268280029296875e+01,1.309389114379882812e+01,1.444065666198730469e+01,3.000000000000000000e+00
2.314000000000000057e+01,6.399762725830078125e+01,1.307571506500244141e+01,1.437228584289550781e+01,3.000000000000000000e+00
2.316000000000000014e+01,6.436311340332031250e+01,1.305649662017822266e+01,1.430387306213378906e+01,3.000000000000000000e+00
2.317999999999999972e+01,6.472913360595703125e+01,1.303625106811523438e+01,1.423541069030761719e+01,3.000000000000000000e+00
2.319999999999999929e+01,6.509568786621093750e+01,1.301499366760253906e+01,1.416688251495361328e+01,3.000000000000000000e+00
2.321999999999999886e+01,6.546277618408203125e+01,1.299274063110351562e+01,1.409828376770019531e+01,3.000000000000000000e+00
2.324000000000000199e+01,6.583039093017578125e+01,1.296950435638427734e+01,1.402961635589599609e+01,3.000000000000000000e+00
2.326000000000000156e+01,6.619853210449218750e+01,1.294529533386230469e+01,1.396088314056396484e+01,3.000000000000000000e+00
2.328000000000000114e+01,6.656720733642578125e+01,1.292012882232666016e+01,1.389208889007568359e+01,3.000000000000000000e+00
2.330000000000000071e+01,6.693640899658203125e+01,1.289401817321777344e+01,1.382324123382568359e+01,3.000000000000000000e+00
2.332000000000000028e+01,6.730612182617187500e+01,1.286697292327880859e+01,1.375435733795166016e+01,3.000000000000000000e+00
2.333999999999999986e+01,6.767636108398437500e+01,1.283900642395019531e+01,1.368546390533447266e+01,3.000000000000000000e+00
2.335999999999999943e+01,6.804712677001953125e+01,1.281013011932373047e+01,1.361658477783203125e+01,3.000000000000000000e+00
2.337999999999999901e+01,6.841840362548828125e+01,1.278035831451416016e+01,1.354773712158203125e+01,3.000000000000000000e+00
2.340000000000000213e+01,6.879019927978515625e+01,1.274970626831054688e+01,1.347894287109375000e+01,3.000000000000000000e+00
2.342000000000000171e+01,6.916250610351562500e+01,1.271818923950195312e+01,1.341023063659667969e+01,3.000000000000000000e+00
2.344000000000000128e+01,6.953533172607421875e+01,1.268582248687744141e+01,1.334163188934326172e+01,3.000000000000000000e+00
2.346000000000000085e+01,6.990866088867187500e+01,1.265262413024902344e+01,1.327317333221435547e+01,3.000000000000000000e+00
2.348000000000000043e+01,7.028250122070312500e+01,1.261861324310302734e+01,1.320487689971923828e+01,3.000000000000000000e+00
2.350000000000000000e+01,7.065685272216796875e+01,1.258381080627441406e+01,1.313676071166992188e+01,3.000000000000000000e+00
2.351999999999999957e+01,7.103170013427734375e+01,1.254823970794677734e+01,1.306885433197021484e+01,3.000000000000000000e+00
2.353999999999999915e+01,7.140705108642578125e+01,1.251191997528076172e+01,1.300118350982666016e+01,3.000000000000000000e+00
2.355999999999999872e+01,7.178290557861328125e+01,1.247487640380859375e+01,1.293377399444580078e+01,3.000000000000000000e+00
2.358000000000000185e+01,7.215925598144531250e+01,1.243713665008544922e+01,1.286664485931396484e+01,3.000000000000000000e+00
2.360000000000000142e+01,7.253610229492187500e+01,1.239872646331787109e+01,1.279980945587158203e+01,3.000000000000000000e+00
2.362000000000000099e+01,7.291344451904296875e+01,1.235967540740966797e+01,1.273329162597656250e+01,3.000000000000000000e+00
2.364000000000000057e+01,7.329127502441406250e+01,1.232001304626464844e+01,1.266711330413818359e+01,3.000000000000000000e+00
2.366000000000000014e+01,7.366959381103515625e+01,1.227976894378662109e+01,1.260129451751708984e+01,3.000000000000000000e+00
2.367999999999999972e+01,7.404840087890625000e+01,1.223897361755371094e+01,1.253585338592529297e+01,3.000000000000000000e+00
2.369999999999999929e+01,7.442769622802734375e+01,1.219766044616699219e+01,1.247080326080322266e+01,3.000000000000000000e+00
2.371999999999999886e+01,7.480747985839843750e+01,1.215586376190185547e+01,1.240616512298583984e+01,3.000000000000000000e+00
2.374000000000000199e+01,7.518773651123046875e+01,1.211361694335937500e+01,1.234195804595947266e+01,3.000000000000000000e+00
2.376000000000000156e+01,7.556847381591796875e+01,1.207095527648925781e+01,1.227820110321044922e+01,3.000000000000000000e+00
2.378000000000000114e+01,7.594968414306640625e+01,1.202791404724121094e+01,1.221491050720214844e+01,3.000000000000000000e+00
2.380000000000000071e+01,7.633137512207031250e+01,1.198453044891357422e+01,1.215210723876953125e+01,3.000000000000000000e+00
2.382000000000000028e+01,7.671353912353515625e+01,1.194084358215332031e+01,1.208980560302734375e+01,3.000000000000000000e+00
2.383999999999999986e+01,7.709618377685546875e+01,1.189689064025878906e+01,1.202802371978759766e+01,3.000000000000000000e+00
2.385999999999999943e+01,7.747928619384765625e+01,1.185270977020263672e+01,1.196677970886230469e+01,3.000000000000000000e+00
2.387999999999999901e+01,7.786286163330078125e+01,1.180834102630615234e+01,1.190609264373779297e+01,3.000000000000000000e+00
2.390000000000000213e+01,7.824689483642578125e+01,1.176382446289062500e+01,1.184597969055175781e+01,3.000000000000000000e+00
2.392000000000000171e+01,7.863139343261718750e+01,1.171920013427734375e+01,1.178645324707031250e+01,3.000000000000000000e+00
2.394000000000000128e+01,7.901634979248046875e+01,1.167450809478759766e+01,1.172752857208251953e+01,3.000000000000000000e+00
2.396000000000000085e+01,7.940176391601562500e+01,1.162979125976562500e+01,1.166922092437744141e+01,3.000000000000000000e+00
2.398000000000000043e+01,7.978762817382812500e+01,1.158509063720703125e+01,1.161154747009277344e+01,3.000000000000000000e+00
2.400000000000000000e+01,8.017394256591796875e+01,1.154044628143310547e+01,1.155452156066894531e+01,3.000000000000000000e+00
2.401999999999999957e+01,8.056069946289062500e+01,1.149590206146240234e+01,1.149815464019775391e+01,3.000000000000000000e+00
2.403999999999999915e+01,8.094789886474609375e+01,1.145149898529052734e+01,1.144245719909667969e+01,3.000000000000000000e+00
2.406000000000000227e+01,8.133553314208984375e+01,1.140727806091308594e+01,1.138744449615478516e+01,3.000000000000000000e+00
2.408000000000000185e+01,8.172359466552734375e+01,1.136328125000000000e+01,1.133312797546386719e+01,3.000000000000000000e+00
2.410000000000000142e+01,8.211208343505859375e+01,1.131955146789550781e+01,1.127951908111572266e+01,3.000000000000000000e+00
2.412000000000000099e+01,8.250099182128906250e+01,1.127612781524658203e+01,1.122662258148193359e+01,3.000000000000000000e+00
2.414000000000000057e+01,8.289031982421875000e+01,1.123305320739746094e+01,1.117444324493408203e+01,3.000000000000000000e+00
2.416000000000000014e+01,8.328005981445312500e+01,1.119036769866943359e+01,1.112298965454101562e+01,3.000000000000000000e+00
2.417999999999999972e+01,8.367018890380859375e+01,1.114811134338378906e+01,1.107227325439453125e+01,3.000000000000000000e+00
2.419999999999999929e+01,8.406073760986328125e+01,1.110632419586181641e+01,1.102230167388916016e+01,3.000000000000000000e+00
2.421999999999999886e+01,8.445166778564453125e+01,1.106504535675048828e+01,1.097307777404785156e+01,3.000000000000000000e+00
2.424000000000000199e+01,8.484297943115234375e+01,1.102431297302246094e+01,1.092460536956787109e+01,3.000000000000000000e+00
2.426000000000000156e+01,8.523467254638671875e+01,1.098416519165039062e+01,1.087689304351806641e+01,3.000000000000000000e+00
2.428000000000000114e+01,8.562672424316406250e+01,1.094464015960693359e+01,1.082994747161865234e+01,3.000000000000000000e+00
2.430000000000000071e+01,8.601914215087890625e+01,1.090577411651611328e+01,1.078377628326416016e+01,3.000000000000000000e+00
2.432000000000000028e+01,8.641190338134765625e+01,1.086760330200195312e+01,1.073837947845458984e+01,3.000000000000000000e+00
2.433999999999999986e+01,8.680501556396484375e+01,1.083016014099121094e+01,1.069375801086425781e+01,3.000000000000000000e+00
2.435999999999999943e+01,8.719845581054687500e+01,1.079348182678222656e+01,1.064991569519042969e+01,3.000000000000000000e+00
2.437999999999999901e+01,8.759223175048828125e+01,1.075759983062744141e+01,1.060685729980468750e+01,3.000000000000000000e+00
2.440000000000000213e+01,8.798632049560546875e+01,1.072254657745361328e+01,1.056458568572998047e+01,3.000000000000000000e+00
2.442000000000000171e+01,8.838072204589843750e+01,1.068835449218750000e+01,1.052309799194335938e+01,3.000000000000000000e+00
2.444000000000000128e+01,8.877542114257812500e+01,1.065505218505859375e+01,1.048238945007324219e+01,3.000000000000000000e+00
2.446000000000000085e+01,8.917040252685546875e+01,1.062266826629638672e+01,1.044246196746826172e+01,3.000000000000000000e+00
2.448000000000000043e+01,8.956567382812500000e+01,1.059123229980468750e+01,1.040331649780273438e+01,3.000000000000000000e+00
2.450000000000000000e+01,8.996121215820312500e+01,1.056077098846435547e+01,1.036495304107666016e+01,3.000000000000000000e+00
2.451999999999999957e+01,9.035700988769531250e+01,1.053131103515625000e+01,1.032736778259277344e+01,3.000000000000000000e+00
2.453999999999999915e+01,9.075305175781250000e+01,1.050287628173828125e+01,1.029055690765380859e+01,3.000000000000000000e+00
2.456000000000000227e+01,9.114933013916015625e+01,1.047549247741699219e+01,1.025452327728271484e+01,3.000000000000000000e+00
2.458000000000000185e+01,9.154583740234375000e+01,1.044918346405029297e+01,1.021926784515380859e+01,3.000000000000000000e+00
2.460000000000000142e+01,9.194256591796875000e+01,1.042397117614746094e+01,1.018479347229003906e+01,3.000000000000000000e+00
2.462000000000000099e+01,9.233948516845703125e+01,1.039987754821777344e+01,1.015109729766845703e+01,3.000000000000000000e+00
2.464000000000000057e+01,9.273659515380859375e+01,1.037692356109619141e+01,1.011817932128906250e+01,3.000000000000000000e+00
2.466000000000000014e+01,9.313389587402343750e+01,1.035512733459472656e+01,1.008604240417480469e+01,3.000000000000000000e+00
2.467999999999999972e+01,9.353136444091796875e+01,1.033450984954833984e+01,1.005468750000000000e+01,3.000000000000000000e+00
2.469999999999999929e+01,9.392899322509765625e+01,1.031508922576904297e+01,1.002411746978759766e+01,3.000000000000000000e+00
2.471999999999999886e+01,9.432676696777343750e+01,1.029688072204589844e+01,9.994332313537597656e+00,3.000000000000000000e+00
2.474000000000000199e+01,9.472466278076171875e+01,1.027990150451660156e+01,9.965331077575683594e+00,3.000000000000000000e+00
2.476000000000000156e+01,9.512268066406250000e+01,1.026416873931884766e+01,9.937120437622070312e+00,3.000000000000000000e+00
2.478000000000000114e+01,9.552081298828125000e+01,1.024969482421875000e+01,9.909700393676757812e+00,3.000000000000000000e+00
2.480000000000000071e+01,9.591902160644531250e+01,1.023649406433105469e+01,9.883072853088378906e+00,3.000000000000000000e+00
2.482000000000000028e+01,9.631729888916015625e+01,1.022457885742187500e+01,9.857237815856933594e+00,3.000000000000000000e+00
2.483999999999999986e+01,9.671563720703125000e+01,1.021395969390869141e+01,9.832189559936523438e+00,3.000000000000000000e+00
2.485999999999999943e+01,9.711401367187500000e+01,1.020464706420898438e+01,9.807932853698730469e+00,3.000000000000000000e+00
2.487999999999999901e+01,9.751242065429687500e+01,1.019664955139160156e+01,9.784465789794921875e+00,3.000000000000000000e+00
2.490000000000000213e+01,9.791082763671875000e+01,1.018997669219970703e+01,9.761792182922363281e+00,3.000000000000000000e+00
2.492000000000000171e+01,9.830922698974609375e+01,1.018463611602783203e+01,9.739915847778320312e+00,3.000000000000000000e+00
2.494000000000000128e+01,9.870759582519531250e+01,1.018063735961914062e+01,9.718844413757324219e+00,3.000000000000000000e+00
2.496000000000000085e+01,9.910591888427734375e+01,1.017798423767089844e+01,9.698585510253906250e+00,3.000000000000000000e+00
2.498000000000000043e+01,9.950418090820312500e+01,1.017668342590332031e+01,9.679146766662597656e+00,3.000000000000000000e+00
2.500000000000000000e+01,9.990236663818359375e+01,1.017673683166503906e+01,9.660534858703613281e+00,3.000000000000000000e+00
2.501999999999999957e+01,1.003004608154296875e+02,1.017814826965332031e+01,9.642757415771484375e+00,3.000000000000000000e+00
2.503999999999999915e+01,1.006984329223632812e+02,1.018091964721679688e+01,9.625821113586425781e+00,3.000000000000000000e+00
2.506000000000000227e+01,1.010962829589843750e+02,1.018505382537841797e+01,9.609735488891601562e+00,3.000000000000000000e+00
2.508000000000000185e+01,1.014939880371093750e+02,1.019054698944091797e+01,9.594502449035644531e+00,3.000000000000000000e+00
2.510000000000000142e+01,1.018915328979492188e+02,1.019739532470703125e+01,9.580124855041503906e+00,3.000000000000000000e+00
2.512000000000000099e+01,1.022889099121093750e+02,1.020559597015380859e+01,9.566606521606445312e+00,3.000000000000000000e+00
2.514000000000000057e+01,1.026860961914062500e+02,1.021514606475830078e+01,9.553951263427734375e+00,3.000000000000000000e+00
2.516000000000000014e+01,1.030830688476562500e+02,1.022603893280029297e+01,9.542160987854003906e+00,3.000000000000000000e+00
2.517999999999999972e+01,1.034798202514648438e+02,1.023826789855957031e+01,9.531233787536621094e+00,3.000000000000000000e+00
2.519999999999999929e+01,1.038763351440429688e+02,1.025182533264160156e+01,9.521167755126953125e+00,3.000000000000000000e+00
2.521999999999999886e+01,1.042725906372070312e+02,1.026670169830322266e+01,9.511960029602050781e+00,3.000000000000000000e+00
2.524000000000000199e+01,1.046685867309570312e+02,1.028288936614990234e+01,9.503615379333496094e+00,3.000000000000000000e+00
2.526000000000000156e+01,1.050643157958984375e+02,1.030037975311279297e+01,9.496129035949707031e+00,3.000000000000000000e+00
2.528000000000000114e+01,1.054597396850585938e+02,1.031916236877441406e+01,9.489498138427734375e+00,3.000000000000000000e+00
2.530000000000000071e+01,1.058548660278320312e+02,1.033922576904296875e+01,9.483716964721679688e+00,3.000000000000000000e+00
2.532000000000000028e+01,1.062496719360351562e+02,1.036055946350097656e+01,9.478784561157226562e+00,3.000000000000000000e+00
2.533999999999999986e+01,1.066441421508789062e+02,1.038315296173095703e+01,9.474698066711425781e+00,3.000000000000000000e+00
2.535999999999999943e+01,1.070382766723632812e+02,1.040699386596679688e+01,9.471453666687011719e+00,3.000000000000000000e+00
2.537999999999999901e+01,1.074320602416992188e+02,1.043206977844238281e+01,9.469045639038085938e+00,3.000000000000000000e+00
2.540000000000000213e+01,1.078254699707031250e+02,1.045836734771728516e+01,9.467471122741699219e+00,3.000000000000000000e+00
2.542000000000000171e+01,1.082184982299804688e+02,1.048587703704833984e+01,9.466727256774902344e+00,3.000000000000000000e+00
2.544000000000000128e+01,1.086111450195312500e+02,1.051458644866943359e+01,9.466815948486328125e+00,3.000000000000000000e+00
2.546000000000000085e+01,1.090033874511718750e+02,1.054448032379150391e+01,9.467733383178710938e+00,3.000000000000000000e+00
2.548000000000000043e+01,1.093952178955078125e+02,1.057554817199707031e+01,9.469476699829101562e+00,3.000000000000000000e+00
2.550000000000000000e+01,1.097866287231445312e+02,1.060777568817138672e+01,9.472043037414550781e+00,3.000000000000000000e+00
2.551999999999999957e+01,1.101776046752929688e+02,1.064114761352539062e+01,9.475430488586425781e+00,3.000000000000000000e+00
2.553999999999999915e+01,1.105681381225585938e+02,1.067564868927001953e+01,9.479637145996093750e+00,3.000000000000000000e+00
2.556000000000000227e+01,1.109582138061523438e+02,1.071126461029052734e+01,9.484660148620605469e+00,3.000000000000000000e+00
2.558000000000000185e+01,1.113478240966796875e+02,1.074797916412353516e+01,9.490499496459960938e+00,3.000000000000000000e+00
2.560000000000000142e+01,1.117369689941406250e+02,1.078577613830566406e+01,9.497151374816894531e+00,3.000000000000000000e+00
2.562000000000000099e+01,1.121256256103515625e+02,1.082463741302490234e+01,9.504613876342773438e+00,3.000000000000000000e+00
2.564000000000000057e+01,1.125137939453125000e+02,1.086454486846923828e+01,9.512887001037597656e+00,3.000000000000000000e+00
2.566000000000000014e+01,1.129014587402343750e+02,1.090548038482666016e+01,9.521970748901367188e+00,3.000000000000000000e+00
2.567999999999999972e+01,1.132886199951171875e+02,1.094742488861083984e+01,9.531860351562500000e+00,3.000000000000000000e+00
2.569999999999999929e+01,1.136752624511718750e+02,1.099035835266113281e+01,9.542556762695312500e+00,3.000000000000000000e+00
2.571999999999999886e+01,1.140613784790039062e+02,1.103425979614257812e+01,9.554058074951171875e+00,3.000000000000000000e+00
2.574000000000000199e+01,1.144469680786132812e+02,1.107910823822021484e+01,9.566366195678710938e+00,3.000000000000000000e+00
2.576000000000000156e+01,1.148320236206054688e+02,1.112487983703613281e+01,9.579480171203613281e+00,3.000000000000000000e+00
2.578000000000000114e+01,1.152165298461914062e+02,1.117155361175537109e+01,9.593397140502929688e+00,3.000000000000000000e+00
2.580000000000000071e+01,1.156004791259765625e+02,1.121910285949707031e+01,9.608116149902343750e+00,3.000000000000000000e+00
2.582000000000000028e+01,1.159838790893554688e+02,1.126750564575195312e+01,9.623636245727539062e+00,3.000000000000000000e+00
2.583999999999999986e+01,1.163667221069335938e+02,1.131673431396484375e+01,9.639953613281250000e+00,3.000000000000000000e+00
2.585999999999999943e+01,1.167489929199218750e+02,1.136676406860351562e+01,9.657065391540527344e+00,3.000000000000000000e+00
2.587999999999999901e+01,1.171306915283203125e+02,1.141756534576416016e+01,9.674968719482421875e+00,3.000000000000000000e+00
2.590000000000000213e+01,1.175118179321289062e+02,1.146911239624023438e+01,9.693660736083984375e+00,3.000000000000000000e+00
2.592000000000000171e+01,1.178923721313476562e+02,1.152137565612792969e+01,9.713139533996582031e+00,3.000000000000000000e+00
2.594000000000000128e+01,1.182723236083984375e+02,1.157432651519775391e+01,9.733405113220214844e+00,3.000000000000000000e+00
2.596000000000000085e+01,1.186516952514648438e+02,1.162793254852294922e+01,9.754457473754882812e+00,3.000000000000000000e+00
2.598000000000000043e+01,1.190304870605468750e+02,1.168216514587402344e+01,9.776289939880371094e+00,3.000000000000000000e+00
2.600000000000000000e+01,1.194086761474609375e+02,1.173699092864990234e+01,9.798898696899414062e+00,3.000000000000000000e+00
2.601999999999999957e+01,1.197862777709960938e+02,1.179237937927246094e+01,9.822285652160644531e+00,3.000000000000000000e+00
2.603999999999999915e+01,1.201632843017578125e+02,1.184829521179199219e+01,9.846451759338378906e+00,3.000000000000000000e+00
2.606000000000000227e+01,1.205396957397460938e+02,1.190470504760742188e+01,9.871394157409667969e+00,3.000000000000000000e+00
2.608000000000000185e+01,1.209155197143554688e+02,1.196157455444335938e+01,9.897106170654296875e+00,3.000000000000000000e+00
2.610000000000000142e+01,1.212907333374023438e+02,1.201886940002441406e+01,9.923580169677734375e+00,3.000000000000000000e+00
2.612000000000000099e+01,1.216653594970703125e+02,1.207655334472656250e+01,9.950812339782714844e+00,3.000000000000000000e+00
2.614000000000000057e+01,1.220393905639648438e+02,1.213458728790283203e+01,9.978800773620605469e+00,3.000000000000000000e+00
2.616000000000000014e+01,1.224128265380859375e+02,1.219293594360351562e+01,1.000754070281982422e+01,3.000000000000000000e+00
2.617999999999999972e+01,1.227856750488281250e+02,1.225156211853027344e+01,1.003702735900878906e+01,3.000000000000000000e+00
2.619999999999999929e+01,1.231579208374023438e+02,1.231042671203613281e+01,1.006725406646728516e+01,3.000000000000000000e+00
2.621999999999999886e+01,1.235295791625976562e+02,1.236948966979980469e+01,1.009821796417236328e+01,3.000000000000000000e+00
2.624000000000000199e+01,1.239006347656250000e+02,1.242871189117431641e+01,1.012991619110107422e+01,3.000000000000000000e+00
2.626000000000000156e+01,1.242710952758789062e+02,1.248805141448974609e+01,1.016234493255615234e+01,3.000000000000000000e+00
2.628000000000000114e+01,1.246409606933593750e+02,1.254746913909912109e+01,1.019549560546875000e+01,3.000000000000000000e+00
2.630000000000000071e+01,1.250102233886718750e+02,1.260692310333251953e+01,1.022936058044433594e+01,3.000000000000000000e+00
2.632000000000000028e+01,1.253788833618164062e+02,1.266637229919433594e+01,1.026393222808837891e+01,3.000000000000000000e+00
2.633999999999999986e+01,1.257469482421875000e+02,1.272577571868896484e+01,1.029920673370361328e+01,3.000000000000000000e+00
2.635999999999999943e+01,1.261144180297851562e+02,1.278508949279785156e+01,1.033517456054687500e+01,3.000000000000000000e+00
2.637999999999999901e+01,1.264812774658203125e+02,1.284427165985107422e+01,1.037183189392089844e+01,3.000000000000000000e+00
2.640000000000000213e+01,1.268475341796875000e+02,1.290327930450439453e+01,1.040916633605957031e+01,3.000000000000000000e+00
2.642000000000000171e+01,1.272131958007812500e+02,1.296207141876220703e+01,1.044717025756835938e+01,3.000000000000000000e+00
2.644000000000000128e+01,1.275782623291015625e+02,1.302060413360595703e+01,1.048583889007568359e+01,3.000000000000000000e+00
2.646000000000000085e+01,1.279427185058593750e+02,1.307883548736572266e+01,1.052516174316406250e+01,3.000000000000000000e+00
2.648000000000000043e+01,1.283065795898437500e+02,1.313672256469726562e+01,1.056512832641601562e+01,3.000000000000000000e+00
2.650000000000000000e+01,1.286698455810546875e+02,1.319422245025634766e+01,1.060572528839111328e+01,3.000000000000000000e+00
2.651999999999999957e+01,1.290325164794921875e+02,1.325129222869873047e+01,1.064694309234619141e+01,3.000000000000000000e+00
2.653999999999999915e+01,1.293945922851562500e+02,1.330788993835449219e+01,1.068877220153808594e+01,3.000000000000000000e+00
2.656000000000000227e+01,1.297560729980468750e+02,1.336397266387939453e+01,1.073120594024658203e+01,3.000000000000000000e+00
2.658000000000000185e+01,1.301169586181640625e+02,1.341949939727783203e+01,1.077422714233398438e+01,3.000000000000000000e+00
2.660000000000000142e+01,1.304772338867187500e+02,1.347442722320556641e+01,1.081782436370849609e+01,3.000000000000000000e+00
2.662000000000000099e+01,1.308369293212890625e+02,1.352871417999267578e+01,1.086198806762695312e+01,4.000000000000000000e+00
2.664000000000000057e+01,1.311957702636718750e+02,1.358214187622070312e+01,1.090775203704833984e+01,4.000000000000000000e+00
2.666000000000000014e+01,1.315535125732421875e+02,1.363448810577392578e+01,1.095611190795898438e+01,4.000000000000000000e+00
2.667999999999999972e+01,1.319101867675781250e+02,1.368568325042724609e+01,1.100716114044189453e+01,4.000000000000000000e+00
2.669999999999999929e+01,1.322658233642578125e+02,1.373571300506591797e+01,1.106065940856933594e+01,4.000000000000000000e+00
2.671999999999999886e+01,1.326204376220703125e+02,1.378457832336425781e+01,1.111631965637207031e+01,4.000000000000000000e+00
2.674000000000000199e+01,1.329740753173828125e+02,1.383228683471679688e+01,1.117385768890380859e+01,4.000000000000000000e+00
2.676000000000000156e+01,1.333267669677734375e+02,1.387884330749511719e+01,1.123301792144775391e+01,4.000000000000000000e+00
2.678000000000000114e+01,1.336784973144531250e+02,1.392425251007080078e+01,1.129357337951660156e+01,4.000000000000000000e+00
2.680000000000000071e+01,1.340293121337890625e+02,1.396851921081542969e+01,1.135533046722412109e+01,4.000000000000000000e+00
2.682000000000000028e+01,1.343792266845703125e+02,1.401164340972900391e+01,1.141812419891357422e+01,4.000000000000000000e+00
2.683999999999999986e+01,1.347282257080078125e+02,1.405362224578857422e+01,1.148181438446044922e+01,4.000000000000000000e+00
2.685999999999999943e+01,1.350763244628906250e+02,1.409444999694824219e+01,1.154628276824951172e+01,4.000000000000000000e+00
2.687999999999999901e+01,1.354235229492187500e+02,1.413412094116210938e+01,1.161143302917480469e+01,4.000000000000000000e+00
2.690000000000000213e+01,1.357698211669921875e+02,1.417262458801269531e+01,1.167718124389648438e+01,4.000000000000000000e+00
2.692000000000000171e+01,1.361152038574218750e+02,1.420995330810546875e+01,1.174345874786376953e+01,4.000000000000000000e+00
2.694000000000000128e+01,1.364596557617187500e+02,1.424609184265136719e+01,1.181020832061767578e+01,4.000000000000000000e+00
2.696000000000000085e+01,1.368031768798828125e+02,1.428103065490722656e+01,1.187738037109375000e+01,4.000000000000000000e+00
2.698000000000000043e+01,1.371457519531250000e+02,1.431475448608398438e+01,1.194493198394775391e+01,4.000000000000000000e+00
2.700000000000000000e+01,1.374873352050781250e+02,1.434724903106689453e+01,1.201282596588134766e+01,4.000000000000000000e+00
2.701999999999999957e+01,1.378279418945312500e+02,1.437849807739257812e+01,1.208102989196777344e+01,4.000000000000000000e+00
2.703999999999999915e+01,1.381675262451171875e+02,1.440848636627197266e+01,1.214951419830322266e+01,4.000000000000000000e+00
2.706000000000000227e+01,1.385060729980468750e+02,1.443720054626464844e+01,1.221825313568115234e+01,4.000000000000000000e+00
2.708000000000000185e+01,1.388435668945312500e+02,1.446462631225585938e+01,1.228722095489501953e+01,4.000000000000000000e+00
2.710000000000000142e+01,1.391799926757812500e+02,1.449075126647949219e+01,1.235639381408691406e+01,4.000000000000000000e+00
2.712000000000000099e+01,1.395153045654296875e+02,1.451556205749511719e+01,1.242575073242187500e+01,4.000000000000000000e+00
2.714000000000000057e+01,1.398495178222656250e+02,1.453904533386230469e+01,1.249526691436767578e+01,4.000000000000000000e+00
2.716000000000000014e+01,1.401826171875000000e+02,1.456119155883789062e+01,1.256491756439208984e+01,4.000000000000000000e+00
2.717999999999999972e+01,1.405145721435546875e+02,1.458199024200439453e+01,1.263468170166015625e+01,4.000000000000000000e+00
2.719999999999999929e+01,1.408453369140625000e+02,1.460143470764160156e+01,1.270453262329101562e+01,4.000000000000000000e+00
2.721999999999999886e+01,1.411749267578125000e+02,1.461951446533203125e+01,1.277444553375244141e+01,4.000000000000000000e+00
2.724000000000000199e+01,1.415033264160156250e+02,1.463622570037841797e+01,1.284439277648925781e+01,4.000000000000000000e+00
2.726000000000000156e+01,1.418305358886718750e+02,1.465156364440917969e+01,1.291434669494628906e+01,4.000000000000000000e+00
2.728000000000000114e+01,1.421565399169921875e+02,1.466552448272705078e+01,1.298427867889404297e+01,4.000000000000000000e+00
2.730000000000000071e+01,1.424813232421875000e+02,1.467810344696044922e+01,1.305415916442871094e+01,4.000000000000000000e+00
2.732000000000000028e+01,1.428048858642578125e+02,1.468930435180664062e+01,1.312395572662353516e+01,4.000000000000000000e+00
2.733999999999999986e+01,1.431272277832031250e+02,1.469912528991699219e+01,1.319363594055175781e+01,4.000000000000000000e+00
2.735999999999999943e+01,1.434483489990234375e+02,1.470756721496582031e+01,1.326316642761230469e+01,4.000000000000000000e+00
2.737999999999999901e+01,1.437682495117187500e+02,1.471463298797607422e+01,1.333251380920410156e+01,4.000000000000000000e+00
2.740000000000000213e+01,1.440869293212890625e+02,1.472032546997070312e+01,1.340164375305175781e+01,4.000000000000000000e+00
2.742000000000000171e+01,1.444043884277343750e+02,1.472464847564697266e+01,1.347052288055419922e+01,4.000000000000000000e+00
2.744000000000000128e+01,1.447206268310546875e+02,1.472760772705078125e+01,1.353911876678466797e+01,4.000000000000000000e+00
2.746000000000000085e+01,1.450356445312500000e+02,1.472920799255371094e+01,1.360739707946777344e+01,4.000000000000000000e+00
2.748000000000000043e+01,1.453494567871093750e+02,1.472945404052734375e+01,1.367532444000244141e+01,4.000000000000000000e+00
2.750000000000000000e+01,1.456620788574218750e+02,1.472835254669189453e+01,1.374286651611328125e+01,4.000000000000000000e+00
2.751999999999999957e+01,1.459735107421875000e+02,1.472591018676757812e+01,1.380999279022216797e+01,4.000000000000000000e+00
2.753999999999999915e+01,1.462837677001953125e+02,1.472213363647460938e+01,1.387667179107666016e+01,4.000000000000000000e+00
2.756000000000000227e+01,1.465928344726562500e+02,1.471703052520751953e+01,1.394287014007568359e+01,4.000000000000000000e+00
2.758000000000000185e+01,1.469007568359375000e+02,1.471060752868652344e+01,1.400855922698974609e+01,4.000000000000000000e+00
2.760000000000000142e+01,1.472075347900390625e+02,1.470287322998046875e+01,1.407370853424072266e+01,4.000000000000000000e+00
2.762000000000000099e+01,1.475131683349609375e+02,1.469383621215820312e+01,1.413828754425048828e+01,4.000000000000000000e+00
2.764000000000000057e+01,1.478176574707031250e+02,1.468350505828857422e+01,1.420226669311523438e+01,4.000000000000000000e+00
2.766000000000000014e+01,1.481210784912109375e+02,1.467189025878906250e+01,1.426561737060546875e+01,4.000000000000000000e+00
2.767999999999999972e+01,1.484233856201171875e+02,1.465899753570556641e+01,1.432831192016601562e+01,4.000000000000000000e+00
2.769999999999999929e+01,1.487246093750000000e+02,1.464483547210693359e+01,1.439032936096191406e+01,4.000000000000000000e+00
2.771999999999999886e+01,1.490247650146484375e+02,1.462941455841064453e+01,1.445164108276367188e+01,4.000000000000000000e+00
2.774000000000000199e+01,1.493238677978515625e+02,1.461274147033691406e+01,1.451222705841064453e+01,4.000000000000000000e+00
2.776000000000000156e+01,1.496219177246093750e+02,1.459482288360595703e+01,1.457206439971923828e+01,4.000000000000000000e+00
2.778000000000000114e+01,1.499189605712890625e+02,1.457566928863525391e+01,1.463113594055175781e+01,4.000000000000000000e+00
2.780000000000000071e+01,1.502149810791015625e+02,1.455528545379638672e+01,1.468942260742187500e+01,4.000000000000000000e+00
2.782000000000000028e+01,1.505099945068359375e+02,1.453367805480957031e+01,1.474690914154052734e+01,4.000000000000000000e+00
2.783999999999999986e+01,1.508040313720703125e+02,1.451085281372070312e+01,1.480357837677001953e+01,4.000000000000000000e+00
2.785999999999999943e+01,1.510970916748046875e+02,1.448681735992431641e+01,1.485942077636718750e+01,4.000000000000000000e+00
2.787999999999999901e+01,1.513892059326171875e+02,1.446157550811767578e+01,1.491442394256591797e+01,4.000000000000000000e+00
2.790000000000000213e+01,1.516803588867187500e+02,1.443513202667236328e+01,1.496857738494873047e+01,4.000000000000000000e+00
2.792000000000000171e+01,1.519705657958984375e+02,1.440749454498291016e+01,1.502187347412109375e+01,4.000000000000000000e+00
2.794000000000000128e+01,1.522598571777343750e+02,1.437866497039794922e+01,1.507430648803710938e+01,4.000000000000000000e+00
2.796000000000000085e+01,1.525482177734375000e+02,1.434864521026611328e+01,1.512586975097656250e+01,4.000000000000000000e+00
2.798000000000000043e+01,1.528356781005859375e+02,1.431744003295898438e+01,1.517655944824218750e+01,4.000000000000000000e+00
2.800000000000000000e+01,1.531222381591796875e+02,1.428505229949951172e+01,1.522637367248535156e+01,4.000000000000000000e+00
2.801999999999999957e+01,1.534079132080078125e+02,1.425148487091064453e+01,1.527531051635742188e+01,4.000000000000000000e+00
2.803999999999999915e+01,1.536927185058593750e+02,1.421674060821533203e+01,1.532336902618408203e+01,4.000000000000000000e+00
2.806000000000000227e+01,1.539766540527343750e+02,1.418082141876220703e+01,1.537055110931396484e+01,4.000000000000000000e+00
2.808000000000000185e+01,1.542597351074218750e+02,1.414372634887695312e+01,1.541685962677001953e+01,4.000000000000000000e+00
2.810000000000000142e+01,1.545419616699218750e+02,1.410545825958251953e+01,1.546229839324951172e+01,4.000000000000000000e+00
2.812000000000000099e+01,1.548233337402343750e+02,1.406601905822753906e+01,1.550687217712402344e+01,4.000000000000000000e+00
2.814000000000000057e+01,1.551038665771484375e+02,1.402540683746337891e+01,1.555058383941650391e+01,4.000000000000000000e+00
2.816000000000000014e+01,1.553835601806640625e+02,1.398362350463867188e+01,1.559344387054443359e+01,4.000000000000000000e+00
2.817999999999999972e+01,1.556624145507812500e+02,1.394067001342773438e+01,1.563545799255371094e+01,4.000000000000000000e+00
2.819999999999999929e+01,1.559404449462890625e+02,1.389654445648193359e+01,1.567663288116455078e+01,4.000000000000000000e+00
2.821999999999999886e+01,1.562176513671875000e+02,1.385124778747558594e+01,1.571698093414306641e+01,4.000000000000000000e+00
2.824000000000000199e+01,1.564940490722656250e+02,1.380478000640869141e+01,1.575651073455810547e+01,4.000000000000000000e+00
2.826000000000000156e+01,1.567696228027343750e+02,1.375713920593261719e+01,1.579523181915283203e+01,4.000000000000000000e+00
2.828000000000000114e+01,1.570443878173828125e+02,1.370832633972167969e+01,1.583315563201904297e+01,4.000000000000000000e+00
2.830000000000000071e+01,1.573183593750000000e+02,1.365834045410156250e+01,1.587029361724853516e+01,4.000000000000000000e+00
2.832000000000000028e+01,1.575914916992187500e+02,1.360718154907226562e+01,1.590665721893310547e+01,4.000000000000000000e+00
2.833999999999999986e+01,1.578638305664062500e+02,1.355484962463378906e+01,1.594225883483886719e+01,4.000000000000000000e+00
2.835999999999999943e+01,1.581353607177734375e+02,1.350134277343750000e+01,1.597711086273193359e+01,4.000000000000000000e+00
2.837999999999999901e+01,1.584060821533203125e+02,1.344666099548339844e+01,1.601122665405273438e+01,4.000000000000000000e+00
2.840000000000000213e+01,1.586760101318359375e+02,1.339080524444580078e+01,1.604461860656738281e+01,4.000000000000000000e+00
2.842000000000000171e+01,1.589451141357421875e+02,1.333377456665039062e+01,1.607730293273925781e+01,4.000000000000000000e+00
2.844000000000000128e+01,1.592134246826171875e+02,1.327556896209716797e+01,1.610929107666015625e+01,4.000000000000000000e+00
2.846000000000000085e+01,1.594809112548828125e+02,1.321618938446044922e+01,1.614059448242187500e+01,4.000000000000000000e+00
2.848000000000000043e+01,1.597475891113281250e+02,1.315563678741455078e+01,1.617122840881347656e+01,4.000000000000000000e+00
2.850000000000000000e+01,1.600134735107421875e+02,1.309391021728515625e+01,1.620120811462402344e+01,4.000000000000000000e+00
2.851999999999999957e+01,1.602785186767578125e+02,1.303101158142089844e+01,1.623054695129394531e+01,4.000000000000000000e+00
2.853999999999999915e+01,1.605427703857421875e+02,1.296694374084472656e+01,1.625925445556640625e+01,4.000000000000000000e+00
2.856000000000000227e+01,1.608062133789062500e+02,1.290170764923095703e+01,1.628734970092773438e+01,4.000000000000000000e+00
2.858000000000000185e+01,1.610688171386718750e+02,1.283530330657958984e+01,1.631484222412109375e+01,4.000000000000000000e+00
2.860000000000000142e+01,1.613306121826171875e+02,1.276773262023925781e+01,1.634174728393554688e+01,4.000000000000000000e+00
2.862000000000000099e+01,1.615915832519531250e+02,1.269899845123291016e+01,1.636807823181152344e+01,4.000000000000000000e+00
2.864000000000000057e+01,1.618517303466796875e+02,1.262910461425781250e+01,1.639384651184082031e+01,4.000000000000000000e+00
2.866000000000000014e+01,1.621110534667968750e+02,1.255805492401123047e+01,1.641906547546386719e+01,4.000000000000000000e+00
2.867999999999999972e+01,1.623695373535156250e+02,1.248585033416748047e+01,1.644374656677246094e+01,4.000000000000000000e+00
2.869999999999999929e+01,1.626271972656250000e+02,1.241249847412109375e+01,1.646790313720703125e+01,4.000000000000000000e+00
2.871999999999999886e+01,1.628840179443359375e+02,1.233800029754638672e+01,1.649154472351074219e+01,4.000000000000000000e+00
2.874000000000000199e+01,1.631399993896484375e+02,1.226236152648925781e+01,1.651468467712402344e+01,4.000000000000000000e+00
2.876000000000000156e+01,1.633951416015625000e+02,1.218558692932128906e+01,1.653733444213867188e+01,4.000000000000000000e+00
2.878000000000000114e+01,1.636494445800781250e+02,1.210768222808837891e+01,1.655950164794921875e+01,4.000000000000000000e+00
2.880000000000000071e+01,1.639029083251953125e+02,1.202865123748779297e+01,1.658120155334472656e+01,4.000000000000000000e+00
2.882000000000000028e+01,1.641555328369140625e+02,1.194850254058837891e+01,1.660244178771972656e+01,4.000000000000000000e+00
2.883999999999999986e+01,1.644073028564453125e+02,1.186724090576171875e+01,1.662323188781738281e+01,4.000000000000000000e+00
2.885999999999999943e+01,1.646582183837890625e+02,1.178487396240234375e+01,1.664358329772949219e+01,4.000000000000000000e+00
2.887999999999999901e+01,1.649082794189453125e+02,1.170140838623046875e+01,1.666350555419921875e+01,4.000000000000000000e+00
2.890000000000000213e+01,1.651575012207031250e+02,1.161685180664062500e+01,1.668300247192382812e+01,4.000000000000000000e+00
2.892000000000000171e+01,1.654058685302734375e+02,1.153121280670166016e+01,1.670208740234375000e+01,4.000000000000000000e+00
2.894000000000000128e+01,1.656533813476562500e+02,1.144449710845947266e+01,1.672076606750488281e+01,4.000000000000000000e+00
2.896000000000000085e+01,1.659000244140625000e+02,1.135671520233154297e+01,1.673904991149902344e+01,4.000000000000000000e+00
2.898000000000000043e+01,1.661458129882812500e+02,1.126787471771240234e+01,1.675694084167480469e+01,4.000000000000000000e+00
2.900000000000000000e+01,1.663907623291015625e+02,1.117798519134521484e+01,1.677445030212402344e+01,4.000000000000000000e+00
2.901999999999999957e+01,1.666348571777343750e+02,1.108705615997314453e+01,1.679158401489257812e+01,4.000000000000000000e+00
2.903999999999999915e+01,1.668780975341796875e+02,1.099509716033935547e+01,1.680834960937500000e+01,4.000000000000000000e+00
2.906000000000000227e+01,1.671204681396484375e+02,1.090211582183837891e+01,1.682475090026855469e+01,4.000000000000000000e+00
2.908000000000000185e+01,1.673619842529296875e+02,1.080812454223632812e+01,1.684079551696777344e+01,4.000000000000000000e+00
2.910000000000000142e+01,1.676026611328125000e+02,1.071313285827636719e+01,1.685648918151855469e+01,4.000000000000000000e+00
2.912000000000000099e+01,1.678424835205078125e+02,1.061715126037597656e+01,1.687183761596679688e+01,4.000000000000000000e+00
2.914000000000000057e+01,1.680814514160156250e+02,1.052019119262695312e+01,1.688684463500976562e+01,4.000000000000000000e+00
2.916000000000000014e+01,1.683195800781250000e+02,1.042226219177246094e+01,1.690151214599609375e+01,4.000000000000000000e+00
2.917999999999999972e+01,1.685568542480468750e+02,1.032337570190429688e+01,1.691585350036621094e+01,4.000000000000000000e+00
2.919999999999999929e+01,1.687932891845703125e+02,1.022354412078857422e+01,1.692986679077148438e+01,4.000000000000000000e+00
2.921999999999999886e+01,1.690288848876953125e+02,1.012277889251708984e+01,1.694355583190917969e+01,4.000000000000000000e+00
2.924000000000000199e+01,1.692636413574218750e+02,1.002109050750732422e+01,1.695692634582519531e+01,4.000000000000000000e+00
2.926000000000000156e+01,1.694975738525390625e+02,9.918489456176757812e+00,1.696998214721679688e+01,4.000000000000000000e+00
2.928000000000000114e+01,1.697306671142578125e+02,9.814990997314453125e+00,1.698272514343261719e+01,4.000000000000000000e+00
2.930000000000000071e+01,1.699629516601562500e+02,9.710606575012207031e+00,1.699516105651855469e+01,4.000000000000000000e+00
2.932000000000000028e+01,1.701944122314453125e+02,9.605345726013183594e+00,1.700729179382324219e+01,4.000000000000000000e+00
2.933999999999999986e+01,1.704250488281250000e+02,9.499220848083496094e+00,1.701911926269531250e+01,4.000000000000000000e+00
2.935999999999999943e+01,1.706548767089843750e+02,9.392246246337890625e+00,1.703064537048339844e+01,4.000000000000000000e+00
2.937999999999999901e+01,1.708839111328125000e+02,9.284433364868164062e+00,1.704187583923339844e+01,4.000000000000000000e+00
2.940000000000000213e+01,1.711121368408203125e+02,9.175792694091796875e+00,1.705281066894531250e+01,4.000000000000000000e+00
2.942000000000000171e+01,1.713395690917968750e+02,9.066339492797851562e+00,1.706345367431640625e+01,4.000000000000000000e+00
2.944000000000000128e+01,1.715662384033203125e+02,8.956082344055175781e+00,1.707380294799804688e+01,4.000000000000000000e+00
2.946000000000000085e+01,1.717921142578125000e+02,8.845036506652832031e+00,1.708386421203613281e+01,4.000000000000000000e+00
2.948000000000000043e+01,1.720171813964843750e+02,8.733213424682617188e+00,1.709363937377929688e+01,4.000000000000000000e+00
2.950000000000000000e+01,1.722414855957031250e+02,8.620625495910644531e+00,1.710312843322753906e+01,4.000000000000000000e+00
2.951999999999999957e+01,1.724650268554687500e+02,8.507285118103027344e+00,1.711233711242675781e+01,4.000000000000000000e+00
2.953999999999999915e+01,1.726878509521484375e+02,8.393203735351562500e+00,1.712126350402832031e+01,4.000000000000000000e+00
2.956000000000000227e+01,1.729099426269531250e+02,8.278394699096679688e+00,1.712990951538085938e+01,4.000000000000000000e+00
2.958000000000000185e+01,1.731312713623046875e+02,8.162869453430175781e+00,1.713827705383300781e+01,4.000000000000000000e+00
2.960000000000000142e+01,1.733518829345703125e+02,8.046640396118164062e+00,1.714636802673339844e+01,4.000000000000000000e+00
2.962000000000000099e+01,1.735717620849609375e+02,7.929718017578125000e+00,1.715418243408203125e+01,4.000000000000000000e+00
2.964000000000000057e+01,1.737909393310546875e+02,7.812115192413330078e+00,1.716172218322753906e+01,4.000000000000000000e+00
2.966000000000000014e+01,1.740094146728515625e+02,7.693843364715576172e+00,1.716898727416992188e+01,4.000000000000000000e+00
2.967999999999999972e+01,1.742271881103515625e+02,7.574913501739501953e+00,1.717598152160644531e+01,4.000000000000000000e+00
2.969999999999999929e+01,1.744442749023437500e+02,7.455337524414062500e+00,1.718270301818847656e+01,4.000000000000000000e+00
2.971999999999999886e+01,1.746606750488281250e+02,7.335124969482421875e+00,1.718915557861328125e+01,4.000000000000000000e+00
2.974000000000000199e+01,1.748764038085937500e+02,7.214287757873535156e+00,1.719533920288085938e+01,4.000000000000000000e+00
2.976000000000000156e+01,1.750914764404296875e+02,7.092837333679199219e+00,1.720125389099121094e+01,4.000000000000000000e+00
2.978000000000000114e+01,1.753058929443359375e+02,6.970783710479736328e+00,1.720690155029296875e+01,4.000000000000000000e+00
2.980000000000000071e+01,1.755196685791015625e+02,6.848136901855468750e+00,1.721228218078613281e+01,4.000000000000000000e+00
2.982000000000000028e+01,1.757328033447265625e+02,6.724907398223876953e+00,1.721739959716796875e+01,4.000000000000000000e+00
2.983999999999999986e+01,1.759453277587890625e+02,6.601105690002441406e+00,1.722225189208984375e+01,4.000000000000000000e+00
2.985999999999999943e+01,1.761572265625000000e+02,6.476741790771484375e+00,1.722684097290039062e+01,4.000000000000000000e+00
2.987999999999999901e+01,1.763685150146484375e+02,6.351824760437011719e+00,1.723116874694824219e+01,4.000000000000000000e+00
2.990000000000000213e+01,1.765792236328125000e+02,6.226364612579345703e+00,1.723523902893066406e+01,4.000000000000000000e+00
2.992000000000000171e+01,1.767893218994140625e+02,6.100369930267333984e+00,1.723904991149902344e+01,4.000000000000000000e+00
2.994000000000000128e+01,1.769988403320312500e+02,5.973850727081298828e+00,1.724260330200195312e+01,4.000000000000000000e+00
2.996000000000000085e+01,1.772077941894531250e+02,5.846816539764404297e+00,1.724589920043945312e+01,4.000000000000000000e+00
2.998000000000000043e+01,1.774161682128906250e+02,5.719274997711181641e+00,1.724894142150878906e+01,4.000000000000000000e+00
3.000000000000000000e+01,1.776240081787109375e+02,5.591235160827636719e+00,1.725172996520996094e+01,4.000000000000000000e+00
3.001999999999999957e+01,1.778312988281250000e+02,5.462705135345458984e+00,1.725426483154296875e+01,4.000000000000000000e+00
3.003999999999999915e+01,1.780380401611328125e+02,5.333694458007812500e+00,1.725654983520507812e+01,4.000000000000000000e+00
3.006000000000000227e+01,1.782442626953125000e+02,5.204210281372070312e+00,1.725858688354492188e+01,4.000000000000000000e+00
3.008000000000000185e+01,1.784499511718750000e+02,5.074260711669921875e+00,1.726037788391113281e+01,4.000000000000000000e+00
3.010000000000000142e+01,1.786551361083984375e+02,4.943852901458740234e+00,1.726192283630371094e+01,4.000000000000000000e+00
3.012000000000000099e+01,1.788598022460937500e+02,4.812995433807373047e+00,1.726322555541992188e+01,4.000000000000000000e+00
3.014000000000000057e+01,1.790639953613281250e+02,4.681694984436035156e+00,1.726428413391113281e+01,4.000000000000000000e+00
3.016000000000000014e+01,1.792676849365234375e+02,4.549959659576416016e+00,1.726510429382324219e+01,4.000000000000000000e+00
3.017999999999999972e+01,1.794709014892578125e+02,4.417795658111572266e+00,1.726568603515625000e+01,4.000000000000000000e+00
3.019999999999999929e+01,1.796736450195312500e+02,4.285211086273193359e+00,1.726603698730468750e+01,4.000000000000000000e+00
3.021999999999999886e+01,1.798759155273437500e+02,4.152211189270019531e+00,1.726615333557128906e+01,4.000000000000000000e+00
3.024000000000000199e+01,1.800777282714843750e+02,4.018804073333740234e+00,1.726603889465332031e+01,4.000000000000000000e+00
3.026000000000000156e+01,1.802790985107421875e+02,3.884995460510253906e+00,1.726569747924804688e+01,4.000000000000000000e+00
3.028000000000000114e+01,1.804800262451171875e+02,3.750791788101196289e+00,1.726513099670410156e+01,4.000000000000000000e+00
3.030000000000000071e+01,1.806805267333984375e+02,3.616199016571044922e+00,1.726434135437011719e+01,4.000000000000000000e+00
3.032000000000000028e+01,1.808805694580078125e+02,3.481223583221435547e+00,1.726333045959472656e+01,4.000000000000000000e+00
3.033999999999999986e+01,1.810802001953125000e+02,3.345871448516845703e+00,1.726210212707519531e+01,4.000000000000000000e+00
3.035999999999999943e+01,1.812794036865234375e+02,3.210148572921752930e+00,1.726066017150878906e+01,4.000000000000000000e+00
3.037999999999999901e+01,1.814782257080078125e+02,3.074060678482055664e+00,1.725900459289550781e+01,4.000000000000000000e+00
3.040000000000000213e+01,1.816766204833984375e+02,2.937612771987915039e+00,1.725713920593261719e+01,4.000000000000000000e+00
3.042000000000000171e+01,1.818746032714843750e+02,2.800810813903808594e+00,1.725506782531738281e+01,4.000000000000000000e+00
3.044000000000000128e+01,1.820722045898437500e+02,2.663660049438476562e+00,1.725279235839843750e+01,4.000000000000000000e+00
3.046000000000000085e+01,1.822694244384765625e+02,2.526165485382080078e+00,1.725031661987304688e+01,4.000000000000000000e+00
3.048000000000000043e+01,1.824662628173828125e+02,2.388332605361938477e+00,1.724764442443847656e+01,4.000000000000000000e+00
3.050000000000000000e+01,1.826627197265625000e+02,2.250165939331054688e+00,1.724477386474609375e+01,4.000000000000000000e+00
3.051999999999999957e+01,1.828587951660156250e+02,2.111670255661010742e+00,1.724171257019042969e+01,4.000000000000000000e+00
3.053999999999999915e+01,1.830545196533203125e+02,1.972851037979125977e+00,1.723846244812011719e+01,4.000000000000000000e+00
3.056000000000000227e+01,1.832499084472656250e+02,1.833712100982666016e+00,1.723502922058105469e+01,4.000000000000000000e+00
3.058000000000000185e+01,1.834449157714843750e+02,1.694258093833923340e+00,1.723141288757324219e+01,4.000000000000000000e+00
3.060000000000000142e+01,1.836395721435546875e+02,1.554493427276611328e+00,1.722761535644531250e+01,4.000000000000000000e+00
3.062000000000000099e+01,1.838338928222656250e+02,1.414422512054443359e+00,1.722364234924316406e+01,4.000000000000000000e+00
3.064000000000000057e+01,1.840278625488281250e+02,1.274049520492553711e+00,1.721949577331542969e+01,4.000000000000000000e+00
3.066000000000000014e+01,1.842214965820312500e+02,1.133378505706787109e+00,1.721517753601074219e+01,4.000000000000000000e+00
3.067999999999999972e+01,1.844148101806640625e+02,9.924134016036987305e-01,1.721069335937500000e+01,4.000000000000000000e+00
3.069999999999999929e+01,1.846077728271484375e+02,8.511580228805541992e-01,1.720604515075683594e+01,4.000000000000000000e+00
3.071999999999999886e+01,1.848004150390625000e+02,7.096160054206848145e-01,1.720123481750488281e+01,4.000000000000000000e+00
3.074000000000000199e+01,1.849927368164062500e+02,5.677910447120666504e-01,1.719626617431640625e+01,4.000000000000000000e+00
3.076000000000000156e+01,1.851847381591796875e+02,4.256866872310638428e-01,1.719114303588867188e+01,4.000000000000000000e+00
3.078000000000000114e+01,1.853764190673828125e+02,2.833062410354614258e-01,1.718586730957031250e+01,4.000000000000000000e+00
3.080000000000000071e+01,1.855677947998046875e+02,1.406529843807220459e-01,1.718044090270996094e+01,4.000000000000000000e+00
3.082000000000000028e+01,1.857588500976562500e+02,-2.269895747303962708e-03,1.717487144470214844e+01,4.000000000000000000e+00
3.083999999999999986e+01,1.859496002197265625e+02,-1.454593688249588013e-01,1.716915893554687500e+01,4.000000000000000000e+00
3.085999999999999943e+01,1.861400451660156250e+02,-2.889125347137451172e-01,1.716330337524414062e+01,4.000000000000000000e+00
3.087999999999999901e+01,1.863301849365234375e+02,-4.326265752315521240e-01,1.715730667114257812e+01,4.000000000000000000e+00
3.090000000000000213e+01,1.865200347900390625e+02,-5.765988230705261230e-01,1.715117645263671875e+01,4.000000000000000000e+00
3.092000000000000171e+01,1.867095794677734375e+02,-7.208267450332641602e-01,1.714491271972656250e+01,4.000000000000000000e+00
3.094000000000000128e+01,1.868988342285156250e+02,-8.653077483177185059e-01,1.713851737976074219e+01,4.000000000000000000e+00
3.096000000000000085e+01,1.870877838134765625e+02,-1.010039448738098145e+00,1.713199424743652344e+01,4.000000000000000000e+00
3.098000000000000043e+01,1.872764434814453125e+02,-1.155019402503967285e+00,1.712534523010253906e+01,4.000000000000000000e+00
3.100000000000000000e+01,1.874648132324218750e+02,-1.300245404243469238e+00,1.711857223510742188e+01,4.000000000000000000e+00
3.101999999999999957e+01,1.876528930664062500e+02,-1.445715427398681641e+00,1.711167907714843750e+01,4.000000000000000000e+00
3.103999999999999915e+01,1.878406829833984375e+02,-1.591427206993103027e+00,1.710466766357421875e+01,4.000000000000000000e+00
3.106000000000000227e+01,1.880281829833984375e+02,-1.737378716468811035e+00,1.709753799438476562e+01,4.000000000000000000e+00
3.108000000000000185e+01,1.882153930664062500e+02,-1.883567810058593750e+00,1.709029388427734375e+01,4.000000000000000000e+00
3.110000000000000142e+01,1.884023437500000000e+02,-2.029992818832397461e+00,1.708293533325195312e+01,4.000000000000000000e+00
3.112000000000000099e+01,1.885890045166015625e+02,-2.176651239395141602e+00,1.707546424865722656e+01,4.000000000000000000e+00
3.114000000000000057e+01,1.887753753662109375e+02,-2.323541641235351562e+00,1.706788444519042969e+01,4.000000000000000000e+00
3.116000000000000014e+01,1.889614868164062500e+02,-2.470662355422973633e+00,1.706019592285156250e+01,4.000000000000000000e+00
3.117999999999999972e+01,1.891473083496093750e+02,-2.618010997772216797e+00,1.705240058898925781e+01,4.000000000000000000e+00
3.119999999999999929e+01,1.893328552246093750e+02,-2.765586137771606445e+00,1.704450035095214844e+01,4.000000000000000000e+00
3.122000000000000242e+01,1.895181274414062500e+02,-2.913386106491088867e+00,1.703649520874023438e+01,4.000000000000000000e+00
3.124000000000000199e+01,1.897031250000000000e+02,-3.061408996582031250e+00,1.702838706970214844e+01,4.000000000000000000e+00
3.126000000000000156e+01,1.898878631591796875e+02,-3.209652900695800781e+00,1.702017593383789062e+01,4.000000000000000000e+00
3.128000000000000114e+01,1.900723266601562500e+02,-3.358116626739501953e+00,1.701186180114746094e+01,4.000000000000000000e+00
3.130000000000000071e+01,1.902565307617187500e+02,-3.506798267364501953e+00,1.700345039367675781e+01,4.000000000000000000e+00
3.132000000000000028e+01,1.904404754638671875e+02,-3.655696153640747070e+00,1.699493408203125000e+01,4.000000000000000000e+00
3.133999999999999986e+01,1.906241607666015625e+02,-3.804808855056762695e+00,1.698632240295410156e+01,4.000000000000000000e+00
3.135999999999999943e+01,1.908075714111328125e+02,-3.954134464263916016e+00,1.697760581970214844e+01,4.000000000000000000e+00
3.137999999999999901e+01,1.909907226562500000e+02,-4.103671550750732422e+00,1.696879386901855469e+01,4.000000000000000000e+00
3.140000000000000213e+01,1.911736297607421875e+02,-4.253417968750000000e+00,1.695988655090332031e+01,4.000000000000000000e+00
3.142000000000000171e+01,1.913562774658203125e+02,-4.403373241424560547e+00,1.695087623596191406e+01,4.000000000000000000e+00
3.144000000000000128e+01,1.915386962890625000e+02,-4.553534984588623047e+00,1.694176864624023438e+01,4.000000000000000000e+00
3.146000000000000085e+01,1.917208557128906250e+02,-4.703901767730712891e+00,1.693256568908691406e+01,4.000000000000000000e+00
3.148000000000000043e+01,1.919027709960937500e+02,-4.854472637176513672e+00,1.692326736450195312e+01,4.000000000000000000e+00
3.150000000000000000e+01,1.920844573974609375e+02,-5.005244731903076172e+00,1.691386985778808594e+01,4.000000000000000000e+00
3.151999999999999957e+01,1.922658996582031250e+02,-5.156217098236083984e+00,1.690437126159667969e+01,4.000000000000000000e+00
3.153999999999999915e+01,1.924470977783203125e+02,-5.307387828826904297e+00,1.689477729797363281e+01,4.000000000000000000e+00
3.156000000000000227e+01,1.926280670166015625e+02,-5.458755493164062500e+00,1.688508796691894531e+01,4.000000000000000000e+00
3.158000000000000185e+01,1.928088073730468750e+02,-5.610318183898925781e+00,1.687530326843261719e+01,4.000000000000000000e+00
3.160000000000000142e+01,1.929893341064453125e+02,-5.762073993682861328e+00,1.686541557312011719e+01,4.000000000000000000e+00
3.162000000000000099e+01,1.931696319580078125e+02,-5.914022922515869141e+00,1.685543060302734375e+01,4.000000000000000000e+00
3.164000000000000057e+01,1.933497161865234375e+02,-6.066160202026367188e+00,1.684535026550292969e+01,4.000000000000000000e+00
3.166000000000000014e+01,1.935296020507812500e+02,-6.218485832214355469e+00,1.683517265319824219e+01,4.000000000000000000e+00
3.167999999999999972e+01,1.937092590332031250e+02,-6.370997905731201172e+00,1.682489204406738281e+01,4.000000000000000000e+00
3.169999999999999929e+01,1.938887176513671875e+02,-6.523693561553955078e+00,1.681451606750488281e+01,4.000000000000000000e+00
3.172000000000000242e+01,1.940679931640625000e+02,-6.676571369171142578e+00,1.680404472351074219e+01,4.000000000000000000e+00
3.174000000000000199e+01,1.942470703125000000e+02,-6.829628944396972656e+00,1.679346847534179688e+01,4.000000000000000000e+00
3.176000000000000156e+01,1.944259643554687500e+02,-6.982864379882812500e+00,1.678279685974121094e+01,4.000000000000000000e+00
3.178000000000000114e+01,1.946046600341796875e+02,-7.136275291442871094e+00,1.677202606201171875e+01,4.000000000000000000e+00
3.180000000000000071e+01,1.947831726074218750e+02,-7.289859771728515625e+00,1.676115417480468750e+01,4.000000000000000000e+00
3.182000000000000028e+01,1.949615020751953125e+02,-7.443614959716796875e+00,1.675018692016601562e+01,4.000000000000000000e+00
3.183999999999999986e+01,1.951396636962890625e+02,-7.597537994384765625e+00,1.673911666870117188e+01,4.000000000000000000e+00
3.185999999999999943e+01,1.953176574707031250e+02,-7.751626968383789062e+00,1.672794914245605469e+01,4.000000000000000000e+00
3.187999999999999901e+01,1.954954986572265625e+02,-7.905879020690917969e+00,1.671668243408203125e+01,4.000000000000000000e+00
3.190000000000000213e+01,1.956731872558593750e+02,-8.060291290283203125e+00,1.670531463623046875e+01,4.000000000000000000e+00
3.192000000000000171e+01,1.958507232666015625e+02,-8.214860916137695312e+00,1.669385147094726562e+01,4.000000000000000000e+00
3.194000000000000128e+01,1.960281066894531250e+02,-8.369585037231445312e+00,1.668228530883789062e+01,4.000000000000000000e+00
3.196000000000000085e+01,1.962053680419921875e+02,-8.524459838867187500e+00,1.667062187194824219e+01,4.000000000000000000e+00
3.198000000000000043e+01,1.963824920654296875e+02,-8.679482460021972656e+00,1.665886306762695312e+01,4.000000000000000000e+00
3.200000000000000000e+01,1.965594940185546875e+02,-8.834650039672851562e+00,1.664700317382812500e+01,4.000000000000000000e+00
3.202000000000000313e+01,1.967363739013671875e+02,-8.989956855773925781e+00,1.663504409790039062e+01,4.000000000000000000e+00
3.203999999999999915e+01,1.969131469726562500e+02,-9.145401000976562500e+00,1.662298965454101562e+01,4.000000000000000000e+00
3.206000000000000227e+01,1.970898132324218750e+02,-9.300977706909179688e+00,1.661083984375000000e+01,4.000000000000000000e+00
3.207999999999999829e+01,1.972663879394531250e+02,-9.456682205200195312e+00,1.659859466552734375e+01,4.000000000000000000e+00
3.210000000000000142e+01,1.974428710937500000e+02,-9.612511634826660156e+00,1.658625411987304688e+01,4.000000000000000000e+00
3.211999999999999744e+01,1.976192779541015625e+02,-9.768461227416992188e+00,1.657381820678710938e+01,4.000000000000000000e+00
3.214000000000000057e+01,1.977956085205078125e+02,-9.924524307250976562e+00,1.656128692626953125e+01,4.000000000000000000e+00
3.216000000000000369e+01,1.979718627929687500e+02,-1.008069896697998047e+01,1.654866027832031250e+01,4.000000000000000000e+00
3.217999999999999972e+01,1.981480560302734375e+02,-1.023697948455810547e+01,1.653594398498535156e+01,4.000000000000000000e+00
3.220000000000000284e+01,1.983242187500000000e+02,-1.039335823059082031e+01,1.652313613891601562e+01,4.000000000000000000e+00
3.221999999999999886e+01,1.985003051757812500e+02,-1.054983234405517578e+01,1.651023864746093750e+01,4.000000000000000000e+00
3.224000000000000199e+01,1.986763916015625000e+02,-1.070639514923095703e+01,1.649724960327148438e+01,4.000000000000000000e+00
3.225999999999999801e+01,1.988524017333984375e+02,-1.086304092407226562e+01,1.648417472839355469e+01,4.000000000000000000e+00
3.228000000000000114e+01,1.990284118652343750e+02,-1.101976299285888672e+01,1.647101211547851562e+01,4.000000000000000000e+00
3.229999999999999716e+01,1.992044219970703125e+02,-1.117655563354492188e+01,1.645776367187500000e+01,4.000000000000000000e+00
3.232000000000000028e+01,1.993804321289062500e+02,-1.133341217041015625e+01,1.644443321228027344e+01,4.000000000000000000e+00
3.234000000000000341e+01,1.995564422607421875e+02,-1.149032592773437500e+01,1.643101882934570312e+01,4.000000000000000000e+00
3.235999999999999943e+01,1.997324523925781250e+02,-1.164729022979736328e+01,1.641752243041992188e+01,4.000000000000000000e+00
3.238000000000000256e+01,1.999084777832031250e+02,-1.180429649353027344e+01,1.640394783020019531e+01,4.000000000000000000e+00
3.239999999999999858e+01,2.000845642089843750e+02,-1.196133708953857422e+01,1.639029502868652344e+01,4.000000000000000000e+00
3.242000000000000171e+01,2.002606658935546875e+02,-1.211840629577636719e+01,1.637656402587890625e+01,4.000000000000000000e+00
3.243999999999999773e+01,2.004368286132812500e+02,-1.227549362182617188e+01,1.636275863647460938e+01,4.000000000000000000e+00
3.246000000000000085e+01,2.006130523681640625e+02,-1.243259048461914062e+01,1.634888076782226562e+01,4.000000000000000000e+00
3.248000000000000398e+01,2.007893371582031250e+02,-1.258968925476074219e+01,1.633493041992187500e+01,4.000000000000000000e+00
3.250000000000000000e+01,2.009656982421875000e+02,-1.274678134918212891e+01,1.632090950012207031e+01,4.000000000000000000e+00
3.252000000000000313e+01,2.011421508789062500e+02,-1.290385627746582031e+01,1.630682182312011719e+01,4.000000000000000000e+00
3.253999999999999915e+01,2.013187103271484375e+02,-1.306090641021728516e+01,1.629266548156738281e+01,4.000000000000000000e+00
3.256000000000000227e+01,2.014953765869140625e+02,-1.321792125701904297e+01,1.627844619750976562e+01,4.000000000000000000e+00
3.257999999999999829e+01,2.016721496582031250e+02,-1.337489032745361328e+01,1.626416397094726562e+01,4.000000000000000000e+00
3.260000000000000142e+01,2.018490447998046875e+02,-1.353180408477783203e+01,1.624981880187988281e+01,4.000000000000000000e+00
3.261999999999999744e+01,2.020260925292968750e+02,-1.368865013122558594e+01,1.623541450500488281e+01,4.000000000000000000e+00
3.264000000000000057e+01,2.022032775878906250e+02,-1.384541893005371094e+01,1.622095298767089844e+01,4.000000000000000000e+00
3.266000000000000369e+01,2.023806304931640625e+02,-1.400209808349609375e+01,1.620643615722656250e+01,4.000000000000000000e+00
3.267999999999999972e+01,2.025581512451171875e+02,-1.415867805480957031e+01,1.619186401367187500e+01,4.000000000000000000e+00
3.270000000000000284e+01,2.027358551025390625e+02,-1.431514739990234375e+01,1.617723846435546875e+01,4.000000000000000000e+00
3.271999999999999886e+01,2.029137573242187500e+02,-1.447149181365966797e+01,1.616256141662597656e+01,4.000000000000000000e+00
3.274000000000000199e+01,2.030918426513671875e+02,-1.462769889831542969e+01,1.614783668518066406e+01,4.000000000000000000e+00
3.275999999999999801e+01,2.032701263427734375e+02,-1.478375720977783203e+01,1.613306427001953125e+01,4.000000000000000000e+00
3.278000000000000114e+01,2.034486389160156250e+02,-1.493965435028076172e+01,1.611824417114257812e+01,4.000000000000000000e+00
3.279999999999999716e+01,2.036273803710937500e+02,-1.509537601470947266e+01,1.610337638854980469e+01,4.000000000000000000e+00
3.282000000000000028e+01,2.038063659667968750e+02,-1.525090885162353516e+01,1.608846664428710938e+01,4.000000000000000000e+00
3.284000000000000341e+01,2.039856109619140625e+02,-1.540623760223388672e+01,1.607351303100585938e+01,4.000000000000000000e+00
3.285999999999999943e+01,2.041651153564453125e+02,-1.556135082244873047e+01,1.605851745605468750e+01,4.000000000000000000e+00
3.288000000000000256e+01,2.043449096679687500e+02,-1.571623229980468750e+01,1.604347991943359375e+01,4.000000000000000000e+00
3.289999999999999858e+01,2.045249938964843750e+02,-1.587086868286132812e+01,1.602840232849121094e+01,4.000000000000000000e+00
3.292000000000000171e+01,2.047053680419921875e+02,-1.602524375915527344e+01,1.601328659057617188e+01,4.000000000000000000e+00
3.293999999999999773e+01,2.048860473632812500e+02,-1.617933845520019531e+01,1.599813365936279297e+01,4.000000000000000000e+00
3.296000000000000085e+01,2.050670623779296875e+02,-1.633314323425292969e+01,1.598294258117675781e+01,4.000000000000000000e+00
3.298000000000000398e+01,2.052484130859375000e+02,-1.648664283752441406e+01,1.596771335601806641e+01,4.000000000000000000e+00
3.300000000000000000e+01,2.054300994873046875e+02,-1.663981628417968750e+01,1.595244789123535156e+01,4.000000000000000000e+00
3.302000000000000313e+01,2.056121368408203125e+02,-1.679264831542968750e+01,1.593714523315429688e+01,4.000000000000000000e+00
3.303999999999999915e+01,2.057945556640625000e+02,-1.694512557983398438e+01,1.592180633544921875e+01,4.000000000000000000e+00
3.306000000000000227e+01,2.059773559570312500e+02,-1.709722709655761719e+01,1.590642929077148438e+01,4.000000000000000000e+00
3.307999999999999829e+01,2.061605377197265625e+02,-1.724893760681152344e+01,1.589101600646972656e+01,4.000000000000000000e+00
3.310000000000000142e+01,2.063441467285156250e+02,-1.740023803710937500e+01,1.587556552886962891e+01,4.000000000000000000e+00
3.311999999999999744e+01,2.065281677246093750e+02,-1.755110931396484375e+01,1.586007690429687500e+01,4.000000000000000000e+00
3.314000000000000057e+01,2.067126312255859375e+02,-1.770153808593750000e+01,1.584454917907714844e+01,4.000000000000000000e+00
3.316000000000000369e+01,2.068975372314453125e+02,-1.785150337219238281e+01,1.582898235321044922e+01,4.000000000000000000e+00
3.317999999999999972e+01,2.070828857421875000e+02,-1.800098609924316406e+01,1.581337451934814453e+01,4.000000000000000000e+00
3.320000000000000284e+01,2.072687072753906250e+02,-1.814996719360351562e+01,1.579772472381591797e+01,4.000000000000000000e+00
3.321999999999999886e+01,2.074550018310546875e+02,-1.829842567443847656e+01,1.578203201293945312e+01,4.000000000000000000e+00
3.324000000000000199e+01,2.076417999267578125e+02,-1.844634437561035156e+01,1.576629352569580078e+01,4.000000000000000000e+00
3.325999999999999801e+01,2.078291015625000000e+02,-1.859370613098144531e+01,1.575051021575927734e+01,4.000000000000000000e+00
3.328000000000000114e+01,2.080169219970703125e+02,-1.874048614501953125e+01,1.573467636108398438e+01,4.000000000000000000e+00
3.329999999999999716e+01,2.082052764892578125e+02,-1.888666534423828125e+01,1.571879196166992188e+01,4.000000000000000000e+00
3.332000000000000028e+01,2.083941650390625000e+02,-1.903222274780273438e+01,1.570285415649414062e+01,4.000000000000000000e+00
3.334000000000000341e+01,2.085836181640625000e+02,-1.917713928222656250e+01,1.568686103820800781e+01,4.000000000000000000e+00
3.335999999999999943e+01,2.087736511230468750e+02,-1.932139205932617188e+01,1.567080974578857422e+01,4.000000000000000000e+00
3.338000000000000256e+01,2.089642486572265625e+02,-1.946496391296386719e+01,1.565469741821289062e+01,4.000000000000000000e+00
3.339999999999999858e+01,2.091554260253906250e+02,-1.960783386230468750e+01,1.563852119445800781e+01,4.000000000000000000e+00
3.342000000000000171e+01,2.093472137451171875e+02,-1.974997520446777344e+01,1.562227916717529297e+01,4.000000000000000000e+00
3.343999999999999773e+01,2.095396270751953125e+02,-1.989136695861816406e+01,1.560596656799316406e+01,4.000000000000000000e+00
3.346000000000000085e+01,2.097326507568359375e+02,-2.003199005126953125e+01,1.558957958221435547e+01,4.000000000000000000e+00
3.348000000000000398e+01,2.099263305664062500e+02,-2.017182159423828125e+01,1.557311534881591797e+01,4.000000000000000000e+00
3.350000000000000000e+01,2.101206665039062500e+02,-2.031083679199218750e+01,1.555657005310058594e+01,4.000000000000000000e+00
3.352000000000000313e+01,2.103156585693359375e+02,-2.044901466369628906e+01,1.553994083404541016e+01,4.000000000000000000e+00
3.353999999999999915e+01,2.105113220214843750e+02,-2.058633232116699219e+01,1.552322196960449219e+01,4.000000000000000000e+00
3.356000000000000227e+01,2.107076721191406250e+02,-2.072277069091796875e+01,1.550640869140625000e+01,4.000000000000000000e+00
3.357999999999999829e+01,2.109047393798828125e+02,-2.085830307006835938e+01,1.548949909210205078e+01,4.000000000000000000e+00
3.360000000000000142e+01,2.111024932861328125e+02,-2.099290275573730469e+01,1.547248840332031250e+01,4.000000000000000000e+00
3.361999999999999744e+01,2.113009948730468750e+02,-2.112655067443847656e+01,1.545537090301513672e+01,4.000000000000000000e+00
3.364000000000000057e+01,2.115001983642578125e+02,-2.125922393798828125e+01,1.543814277648925781e+01,4.000000000000000000e+00
3.366000000000000369e+01,2.117001647949218750e+02,-2.139089584350585938e+01,1.542080020904541016e+01,4.000000000000000000e+00
3.367999999999999972e+01,2.119008941650390625e+02,-2.152154541015625000e+01,1.540333652496337891e+01,4.000000000000000000e+00
3.370000000000000284e+01,2.121023864746093750e+02,-2.165114593505859375e+01,1.538574695587158203e+01,4.000000000000000000e+00
3.371999999999999886e+01,2.123046417236328125e+02,-2.177967071533203125e+01,1.536802577972412109e+01,4.000000000000000000e+00
3.374000000000000199e+01,2.125076751708984375e+02,-2.190709877014160156e+01,1.535016822814941406e+01,4.000000000000000000e+00
3.375999999999999801e+01,2.127115325927734375e+02,-2.203340339660644531e+01,1.533217144012451172e+01,4.000000000000000000e+00
3.378000000000000114e+01,2.129161834716796875e+02,-2.215856170654296875e+01,1.531402683258056641e+01,4.000000000000000000e+00
3.379999999999999716e+01,2.131216430664062500e+02,-2.228254699707031250e+01,1.529573154449462891e+01,4.000000000000000000e+00
3.382000000000000028e+01,2.133279418945312500e+02,-2.240533447265625000e+01,1.527727699279785156e+01,4.000000000000000000e+00
3.384000000000000341e+01,2.135350646972656250e+02,-2.252689933776855469e+01,1.525866127014160156e+01,4.000000000000000000e+00
3.385999999999999943e+01,2.137430267333984375e+02,-2.264721298217773438e+01,1.523987674713134766e+01,4.000000000000000000e+00
3.388000000000000256e+01,2.139518585205078125e+02,-2.276625061035156250e+01,1.522091865539550781e+01,4.000000000000000000e+00
3.389999999999999858e+01,2.141615447998046875e+02,-2.288398361206054688e+01,1.520178031921386719e+01,4.000000000000000000e+00
3.392000000000000171e+01,2.143721008300781250e+02,-2.300038719177246094e+01,1.518245601654052734e+01,4.000000000000000000e+00
3.393999999999999773e+01,2.145835418701171875e+02,-2.311543464660644531e+01,1.516294097900390625e+01,4.000000000000000000e+00
3.396000000000000085e+01,2.147958679199218750e+02,-2.322909927368164062e+01,1.514322948455810547e+01,4.000000000000000000e+00
3.398000000000000398e+01,2.150090789794921875e+02,-2.334135437011718750e+01,1.512331485748291016e+01,4.000000000000000000e+00
3.400000000000000000e+01,2.152231903076171875e+02,-2.345217132568359375e+01,1.510319232940673828e+01,4.000000000000000000e+00
3.402000000000000313e+01,2.154382171630859375e+02,-2.356151962280273438e+01,1.508285427093505859e+01,4.000000000000000000e+00
3.403999999999999915e+01,2.156541595458984375e+02,-2.366937637329101562e+01,1.506229591369628906e+01,4.000000000000000000e+00
3.406000000000000227e+01,2.158710174560546875e+02,-2.377571105957031250e+01,1.504151344299316406e+01,4.000000000000000000e+00
3.407999999999999829e+01,2.160888061523437500e+02,-2.388049697875976562e+01,1.502049827575683594e+01,4.000000000000000000e+00
3.410000000000000142e+01,2.163075256347656250e+02,-2.398370170593261719e+01,1.499924564361572266e+01,4.000000000000000000e+00
3.411999999999999744e+01,2.165271759033203125e+02,-2.408529663085937500e+01,1.497775077819824219e+01,4.000000000000000000e+00
3.414000000000000057e+01,2.167477569580078125e+02,-2.418525695800781250e+01,1.495600795745849609e+01,4.000000000000000000e+00
3.416000000000000369e+01,2.169692993164062500e+02,-2.428354835510253906e+01,1.493401050567626953e+01,4.000000000000000000e+00
3.417999999999999972e+01,2.171917877197265625e+02,-2.438014411926269531e+01,1.491175174713134766e+01,4.000000000000000000e+00
3.420000000000000284e+01,2.174152374267578125e+02,-2.447500801086425781e+01,1.488922977447509766e+01,4.000000000000000000e+00
3.421999999999999886e+01,2.176396331787109375e+02,-2.456811523437500000e+01,1.486643791198730469e+01,4.000000000000000000e+00
3.424000000000000199e+01,2.178649902343750000e+02,-2.465943336486816406e+01,1.484337043762207031e+01,4.000000000000000000e+00
3.425999999999999801e+01,2.180912933349609375e+02,-2.474892997741699219e+01,1.482002162933349609e+01,4.000000000000000000e+00
3.428000000000000114e+01,2.183185729980468750e+02,-2.483657264709472656e+01,1.479638767242431641e+01,4.000000000000000000e+00
3.430000000000000426e+01,2.185468292236328125e+02,-2.492233467102050781e+01,1.477246284484863281e+01,4.000000000000000000e+00
3.432000000000000028e+01,2.187760314941406250e+02,-2.500617980957031250e+01,1.474824142456054688e+01,4.000000000000000000e+00
3.434000000000000341e+01,2.190061950683593750e+02,-2.508807563781738281e+01,1.472371959686279297e+01,4.000000000000000000e+00
3.435999999999999943e+01,2.192373046875000000e+02,-2.516798973083496094e+01,1.469889068603515625e+01,4.000000000000000000e+00
3.438000000000000256e+01,2.194693756103515625e+02,-2.524588775634765625e+01,1.467375183105468750e+01,4.000000000000000000e+00
3.439999999999999858e+01,2.197023925781250000e+02,-2.532173728942871094e+01,1.464829921722412109e+01,4.000000000000000000e+00
3.442000000000000171e+01,2.199363708496093750e+02,-2.539550399780273438e+01,1.462252807617187500e+01,4.000000000000000000e+00
3.443999999999999773e+01,2.201712951660156250e+02,-2.546715164184570312e+01,1.459643363952636719e+01,4.000000000000000000e+00
3.446000000000000085e+01,2.204071807861328125e+02,-2.553664779663085938e+01,1.457001209259033203e+01,4.000000000000000000e+00
3.448000000000000398e+01,2.206439971923828125e+02,-2.560395812988281250e+01,1.454326152801513672e+01,4.000000000000000000e+00
3.450000000000000000e+01,2.208817443847656250e+02,-2.566904640197753906e+01,1.451617622375488281e+01,4.000000000000000000e+00
3.452000000000000313e+01,2.211204071044921875e+02,-2.573188209533691406e+01,1.448875522613525391e+01,4.000000000000000000e+00
3.453999999999999915e+01,2.213600006103515625e+02,-2.579242706298828125e+01,1.446099472045898438e+01,4.000000000000000000e+00
3.456000000000000227e+01,2.216004943847656250e+02,-2.585064697265625000e+01,1.443289089202880859e+01,4.000000000000000000e+00
3.457999999999999829e+01,2.218418884277343750e+02,-2.590650367736816406e+01,1.440444374084472656e+01,4.000000000000000000e+00
3.460000000000000142e+01,2.220841674804687500e+02,-2.595996665954589844e+01,1.437565040588378906e+01,4.000000000000000000e+00
3.461999999999999744e+01,2.223273162841796875e+02,-2.601099777221679688e+01,1.434650897979736328e+01,4.000000000000000000e+00
3.464000000000000057e+01,2.225713348388671875e+02,-2.605956459045410156e+01,1.431701946258544922e+01,4.000000000000000000e+00
3.466000000000000369e+01,2.228161926269531250e+02,-2.610562705993652344e+01,1.428717803955078125e+01,4.000000000000000000e+00
3.467999999999999972e+01,2.230618896484375000e+02,-2.614915466308593750e+01,1.425698757171630859e+01,4.000000000000000000e+00
3.470000000000000284e+01,2.233083953857421875e+02,-2.619010925292968750e+01,1.422644519805908203e+01,4.000000000000000000e+00
3.471999999999999886e+01,2.235557403564453125e+02,-2.622845649719238281e+01,1.419555377960205078e+01,4.000000000000000000e+00
3.474000000000000199e+01,2.238038482666015625e+02,-2.626416015625000000e+01,1.416431427001953125e+01,4.000000000000000000e+00
3.475999999999999801e+01,2.240527191162109375e+02,-2.629718780517578125e+01,1.413272666931152344e+01,4.000000000000000000e+00
3.478000000000000114e+01,2.243023529052734375e+02,-2.632750320434570312e+01,1.410079097747802734e+01,4.000000000000000000e+00
3.480000000000000426e+01,2.245526885986328125e+02,-2.635507202148437500e+01,1.406851100921630859e+01,4.000000000000000000e+00
3.482000000000000028e+01,2.248037414550781250e+02,-2.637985992431640625e+01,1.403588867187500000e+01,4.000000000000000000e+00
3.484000000000000341e+01,2.250554656982421875e+02,-2.640183258056640625e+01,1.400292778015136719e+01,4.000000000000000000e+00
3.485999999999999943e+01,2.253078460693359375e+02,-2.642095756530761719e+01,1.396963024139404297e+01,4.000000000000000000e+00
3.488000000000000256e+01,2.255608673095703125e+02,-2.643720436096191406e+01,1.393600273132324219e+01,4.000000000000000000e+00
3.489999999999999858e+01,2.258144836425781250e+02,-2.645053672790527344e+01,1.390204620361328125e+01,4.000000000000000000e+00
3.492000000000000171e+01,2.260686798095703125e+02,-2.646092224121093750e+01,1.386776733398437500e+01,4.000000000000000000e+00
3.493999999999999773e+01,2.263234252929687500e+02,-2.646833610534667969e+01,1.383317089080810547e+01,4.000000000000000000e+00
3.496000000000000085e+01,2.265786743164062500e+02,-2.647274208068847656e+01,1.379826164245605469e+01,4.000000000000000000e+00
3.498000000000000398e+01,2.268344268798828125e+02,-2.647411537170410156e+01,1.376304912567138672e+01,4.000000000000000000e+00
3.500000000000000000e+01,2.270906219482421875e+02,-2.647241973876953125e+01,1.372753715515136719e+01,4.000000000000000000e+00
3.502000000000000313e+01,2.273472747802734375e+02,-2.646763229370117188e+01,1.369173336029052734e+01,4.000000000000000000e+00
3.503999999999999915e+01,2.276043090820312500e+02,-2.645972442626953125e+01,1.365564537048339844e+01,4.000000000000000000e+00
3.506000000000000227e+01,2.278616943359375000e+02,-2.644866943359375000e+01,1.361928176879882812e+01,4.000000000000000000e+00
3.507999999999999829e+01,2.281194000244140625e+02,-2.643444252014160156e+01,1.358265113830566406e+01,4.000000000000000000e+00
3.510000000000000142e+01,2.283773803710937500e+02,-2.641701698303222656e+01,1.354576206207275391e+01,4.000000000000000000e+00
3.511999999999999744e+01,2.286356048583984375e+02,-2.639637184143066406e+01,1.350862407684326172e+01,4.000000000000000000e+00
3.514000000000000057e+01,2.288940277099609375e+02,-2.637248229980468750e+01,1.347124862670898438e+01,4.000000000000000000e+00
3.516000000000000369e+01,2.291526336669921875e+02,-2.634533119201660156e+01,1.343364524841308594e+01,4.000000000000000000e+00
3.517999999999999972e+01,2.294113769531250000e+02,-2.631489753723144531e+01,1.339582538604736328e+01,4.000000000000000000e+00
3.520000000000000284e+01,2.296701965332031250e+02,-2.628116035461425781e+01,1.335779953002929688e+01,4.000000000000000000e+00
3.521999999999999886e+01,2.299290618896484375e+02,-2.624410438537597656e+01,1.331958103179931641e+01,4.000000000000000000e+00
3.524000000000000199e+01,2.301879272460937500e+02,-2.620371627807617188e+01,1.328118133544921875e+01,4.000000000000000000e+00
3.525999999999999801e+01,2.304467620849609375e+02,-2.615997695922851562e+01,1.324261283874511719e+01,4.000000000000000000e+00
3.528000000000000114e+01,2.307055206298828125e+02,-2.611287879943847656e+01,1.320388984680175781e+01,4.000000000000000000e+00
3.530000000000000426e+01,2.309641571044921875e+02,-2.606240844726562500e+01,1.316502475738525391e+01,4.000000000000000000e+00
3.532000000000000028e+01,2.312226257324218750e+02,-2.600856018066406250e+01,1.312603378295898438e+01,4.000000000000000000e+00
3.534000000000000341e+01,2.314808807373046875e+02,-2.595132255554199219e+01,1.308692836761474609e+01,4.000000000000000000e+00
3.535999999999999943e+01,2.317388763427734375e+02,-2.589069557189941406e+01,1.304772472381591797e+01,4.000000000000000000e+00
3.538000000000000256e+01,2.319965667724609375e+02,-2.582667160034179688e+01,1.300843811035156250e+01,4.000000000000000000e+00
3.539999999999999858e+01,2.322539062500000000e+02,-2.575925064086914062e+01,1.296908378601074219e+01,4.000000000000000000e+00
3.542000000000000171e+01,2.325108642578125000e+02,-2.568843269348144531e+01,1.292967796325683594e+01,4.000000000000000000e+00
3.543999999999999773e+01,2.327673645019531250e+02,-2.561422157287597656e+01,1.289023494720458984e+01,4.000000000000000000e+00
3.546000000000000085e+01,2.330233764648437500e+02,-2.553662109375000000e+01,1.285077095031738281e+01,4.000000000000000000e+00
3.548000000000000398e+01,2.332788696289062500e+02,-2.545563507080078125e+01,1.281130409240722656e+01,4.000000000000000000e+00
3.550000000000000000e+01,2.335337829589843750e+02,-2.537127685546875000e+01,1.277185058593750000e+01,4.000000000000000000e+00
3.552000000000000313e+01,2.337880706787109375e+02,-2.528355407714843750e+01,1.273242568969726562e+01,4.000000000000000000e+00
3.553999999999999915e+01,2.340417022705078125e+02,-2.519248008728027344e+01,1.269304847717285156e+01,4.000000000000000000e+00
3.556000000000000227e+01,2.342946166992187500e+02,-2.509807014465332031e+01,1.265373420715332031e+01,4.000000000000000000e+00
3.557999999999999829e+01,2.345467681884765625e+02,-2.500034141540527344e+01,1.261450195312500000e+01,4.000000000000000000e+00
3.560000000000000142e+01,2.347981414794921875e+02,-2.489931106567382812e+01,1.257536983489990234e+01,4.000000000000000000e+00
3.561999999999999744e+01,2.350486755371093750e+02,-2.479500579833984375e+01,1.253635597229003906e+01,4.000000000000000000e+00
3.564000000000000057e+01,2.352983398437500000e+02,-2.468744659423828125e+01,1.249747562408447266e+01,4.000000000000000000e+00
3.566000000000000369e+01,2.355470733642578125e+02,-2.457665824890136719e+01,1.245874881744384766e+01,4.000000000000000000e+00
3.567999999999999972e+01,2.357948608398437500e+02,-2.446266937255859375e+01,1.242019367218017578e+01,4.000000000000000000e+00
3.570000000000000284e+01,2.360416412353515625e+02,-2.434551239013671875e+01,1.238182830810546875e+01,4.000000000000000000e+00
3.571999999999999886e+01,2.362874145507812500e+02,-2.422521781921386719e+01,1.234366798400878906e+01,4.000000000000000000e+00
3.574000000000000199e+01,2.365321197509765625e+02,-2.410181808471679688e+01,1.230573177337646484e+01,4.000000000000000000e+00
3.575999999999999801e+01,2.367757263183593750e+02,-2.397535324096679688e+01,1.226803684234619141e+01,4.000000000000000000e+00
3.578000000000000114e+01,2.370181884765625000e+02,-2.384586334228515625e+01,1.223060131072998047e+01,4.000000000000000000e+00
3.580000000000000426e+01,2.372595062255859375e+02,-2.371338272094726562e+01,1.219344139099121094e+01,4.000000000000000000e+00
3.582000000000000028e+01,2.374996185302734375e+02,-2.357795906066894531e+01,1.215657329559326172e+01,4.000000000000000000e+00
3.584000000000000341e+01,2.377385253906250000e+02,-2.343963623046875000e+01,1.212001228332519531e+01,4.000000000000000000e+00
3.585999999999999943e+01,2.379761810302734375e+02,-2.329845809936523438e+01,1.208377361297607422e+01,4.000000000000000000e+00
3.588000000000000256e+01,2.382125701904296875e+02,-2.315447044372558594e+01,1.204787158966064453e+01,4.000000000000000000e+00
3.589999999999999858e+01,2.384476623535156250e+02,-2.300772285461425781e+01,1.201232147216796875e+01,4.000000000000000000e+00
3.592000000000000171e+01,2.386814422607421875e+02,-2.285826683044433594e+01,1.197713565826416016e+01,4.000000000000000000e+00
3.593999999999999773e+01,2.389138946533203125e+02,-2.270615005493164062e+01,1.194232654571533203e+01,4.000000000000000000e+00
3.596000000000000085e+01,2.391450042724609375e+02,-2.255142784118652344e+01,1.190790557861328125e+01,4.000000000000000000e+00
3.598000000000000398e+01,2.393747558593750000e+02,-2.239415168762207031e+01,1.187388324737548828e+01,4.000000000000000000e+00
3.600000000000000000e+01,2.396031341552734375e+02,-2.223437500000000000e+01,1.184026908874511719e+01,4.000000000000000000e+00
3.602000000000000313e+01,2.398301391601562500e+02,-2.207215118408203125e+01,1.180707263946533203e+01,4.000000000000000000e+00
3.603999999999999915e+01,2.400557403564453125e+02,-2.190753746032714844e+01,1.177430057525634766e+01,4.000000000000000000e+00
3.606000000000000227e+01,2.402799530029296875e+02,-2.174058723449707031e+01,1.174196243286132812e+01,4.000000000000000000e+00
3.607999999999999829e+01,2.405027618408203125e+02,-2.157135963439941406e+01,1.171006298065185547e+01,4.000000000000000000e+00
3.610000000000000142e+01,2.407241668701171875e+02,-2.139990806579589844e+01,1.167860698699951172e+01,4.000000000000000000e+00
3.611999999999999744e+01,2.409441680908203125e+02,-2.122628402709960938e+01,1.164759826660156250e+01,4.000000000000000000e+00
3.614000000000000057e+01,2.411627807617187500e+02,-2.105055236816406250e+01,1.161704254150390625e+01,4.000000000000000000e+00
3.616000000000000369e+01,2.413799896240234375e+02,-2.087276458740234375e+01,1.158694076538085938e+01,4.000000000000000000e+00
3.617999999999999972e+01,2.415957946777343750e+02,-2.069297599792480469e+01,1.155729579925537109e+01,4.000000000000000000e+00
3.620000000000000284e+01,2.418102111816406250e+02,-2.051124572753906250e+01,1.152810573577880859e+01,4.000000000000000000e+00
3.621999999999999886e+01,2.420232391357421875e+02,-2.032762527465820312e+01,1.149937248229980469e+01,4.000000000000000000e+00
3.624000000000000199e+01,2.422348937988281250e+02,-2.014216995239257812e+01,1.147109317779541016e+01,4.000000000000000000e+00
3.625999999999999801e+01,2.424451751708984375e+02,-1.995493698120117188e+01,1.144326686859130859e+01,4.000000000000000000e+00
3.628000000000000114e+01,2.426541290283203125e+02,-1.976597976684570312e+01,1.141589164733886719e+01,4.000000000000000000e+00
3.630000000000000426e+01,2.428617401123046875e+02,-1.957535171508789062e+01,1.138896179199218750e+01,4.000000000000000000e+00
3.632000000000000028e+01,2.430680236816406250e+02,-1.938310432434082031e+01,1.136247348785400391e+01,4.000000000000000000e+00
3.634000000000000341e+01,2.432729949951171875e+02,-1.918929100036621094e+01,1.133642101287841797e+01,4.000000000000000000e+00
3.635999999999999943e+01,2.434766693115234375e+02,-1.899396324157714844e+01,1.131080055236816406e+01,4.000000000000000000e+00
3.638000000000000256e+01,2.436790771484375000e+02,-1.879717254638671875e+01,1.128560447692871094e+01,4.000000000000000000e+00
3.639999999999999858e+01,2.438802337646484375e+02,-1.859896469116210938e+01,1.126082515716552734e+01,4.000000000000000000e+00
3.642000000000000171e+01,2.440801544189453125e+02,-1.839939308166503906e+01,1.123645401000976562e+01,4.000000000000000000e+00
3.643999999999999773e+01,2.442788696289062500e+02,-1.819850349426269531e+01,1.121248245239257812e+01,4.000000000000000000e+00
3.646000000000000085e+01,2.444763946533203125e+02,-1.799634552001953125e+01,1.118890094757080078e+01,4.000000000000000000e+00
3.648000000000000398e+01,2.446727752685546875e+02,-1.779296493530273438e+01,1.116570281982421875e+01,4.000000000000000000e+00
3.650000000000000000e+01,2.448680114746093750e+02,-1.758840560913085938e+01,1.114287376403808594e+01,4.000000000000000000e+00
3.652000000000000313e+01,2.450621032714843750e+02,-1.738271141052246094e+01,1.112040519714355469e+01,4.000000000000000000e+00
3.653999999999999915e+01,2.452551116943359375e+02,-1.717592430114746094e+01,1.109828662872314453e+01,4.000000000000000000e+00
3.656000000000000227e+01,2.454470520019531250e+02,-1.696809005737304688e+01,1.107650470733642578e+01,4.000000000000000000e+00
3.657999999999999829e+01,2.456379699707031250e+02,-1.675924873352050781e+01,1.105505084991455078e+01,4.000000000000000000e+00
3.660000000000000142e+01,2.458278656005859375e+02,-1.654944038391113281e+01,1.103391265869140625e+01,4.000000000000000000e+00
3.661999999999999744e+01,2.460167846679687500e+02,-1.633870124816894531e+01,1.101307582855224609e+01,4.000000000000000000e+00
3.664000000000000057e+01,2.462047576904296875e+02,-1.612707328796386719e+01,1.099252891540527344e+01,4.000000000000000000e+00
3.666000000000000369e+01,2.463917846679687500e+02,-1.591459083557128906e+01,1.097225856781005859e+01,4.000000000000000000e+00
3.667999999999999972e+01,2.465779113769531250e+02,-1.570129013061523438e+01,1.095225238800048828e+01,4.000000000000000000e+00
3.670000000000000284e+01,2.467631683349609375e+02,-1.548720550537109375e+01,1.093249893188476562e+01,4.000000000000000000e+00
3.671999999999999886e+01,2.469475860595703125e+02,-1.527237224578857422e+01,1.091298389434814453e+01,4.000000000000000000e+00
3.674000000000000199e+01,2.471311950683593750e+02,-1.505682086944580078e+01,1.089369392395019531e+01,4.000000000000000000e+00
3.675999999999999801e+01,2.473139953613281250e+02,-1.484058475494384766e+01,1.087461757659912109e+01,4.000000000000000000e+00
3.678000000000000114e+01,2.474960327148437500e+02,-1.462369346618652344e+01,1.085574245452880859e+01,4.000000000000000000e+00
3.680000000000000426e+01,2.476773834228515625e+02,-1.440617752075195312e+01,1.083705520629882812e+01,4.000000000000000000e+00
3.682000000000000028e+01,2.478580169677734375e+02,-1.418806552886962891e+01,1.081854343414306641e+01,4.000000000000000000e+00
3.684000000000000341e+01,2.480379791259765625e+02,-1.396938514709472656e+01,1.080019474029541016e+01,4.000000000000000000e+00
3.685999999999999943e+01,2.482173004150390625e+02,-1.375016403198242188e+01,1.078199672698974609e+01,4.000000000000000000e+00
3.688000000000000256e+01,2.483960113525390625e+02,-1.353042793273925781e+01,1.076393890380859375e+01,4.000000000000000000e+00
3.689999999999999858e+01,2.485741424560546875e+02,-1.331020164489746094e+01,1.074600887298583984e+01,4.000000000000000000e+00
3.692000000000000171e+01,2.487517089843750000e+02,-1.308951187133789062e+01,1.072819519042968750e+01,4.000000000000000000e+00
3.693999999999999773e+01,2.489287414550781250e+02,-1.286837863922119141e+01,1.071048736572265625e+01,4.000000000000000000e+00
3.696000000000000085e+01,2.491052703857421875e+02,-1.264682674407958984e+01,1.069287490844726562e+01,4.000000000000000000e+00
3.698000000000000398e+01,2.492813262939453125e+02,-1.242487907409667969e+01,1.067534828186035156e+01,4.000000000000000000e+00
3.700000000000000000e+01,2.494569396972656250e+02,-1.220255947113037109e+01,1.065789604187011719e+01,4.000000000000000000e+00
3.702000000000000313e+01,2.496321105957031250e+02,-1.197988510131835938e+01,1.064051246643066406e+01,4.000000000000000000e+00
3.703999999999999915e+01,2.498069000244140625e+02,-1.175687789916992188e+01,1.062318706512451172e+01,4.000000000000000000e+00
3.706000000000000227e+01,2.499813079833984375e+02,-1.153355789184570312e+01,1.060591125488281250e+01,4.000000000000000000e+00
3.707999999999999829e+01,2.501553649902343750e+02,-1.130994510650634766e+01,1.058867835998535156e+01,4.000000000000000000e+00
3.710000000000000142e+01,2.503291015625000000e+02,-1.108605670928955078e+01,1.057148075103759766e+01,4.000000000000000000e+00
3.711999999999999744e+01,2.505025482177734375e+02,-1.086191368103027344e+01,1.055430984497070312e+01,4.000000000000000000e+00
3.714000000000000057e+01,2.506757049560546875e+02,-1.063753223419189453e+01,1.053716182708740234e+01,4.000000000000000000e+00
3.716000000000000369e+01,2.508486175537109375e+02,-1.041293048858642578e+01,1.052003002166748047e+01,4.000000000000000000e+00
3.717999999999999972e+01,2.510213012695312500e+02,-1.018812656402587891e+01,1.050290966033935547e+01,4.000000000000000000e+00
3.720000000000000284e+01,2.511937866210937500e+02,-9.963135719299316406e+00,1.048579597473144531e+01,4.000000000000000000e+00
3.721999999999999886e+01,2.513660888671875000e+02,-9.737975120544433594e+00,1.046868228912353516e+01,4.000000000000000000e+00
3.724000000000000199e+01,2.515382385253906250e+02,-9.512660980224609375e+00,1.045156860351562500e+01,4.000000000000000000e+00
3.725999999999999801e+01,2.517102508544921875e+02,-9.287211418151855469e+00,1.043444919586181641e+01,4.000000000000000000e+00
3.728000000000000114e+01,2.518821411132812500e+02,-9.061639785766601562e+00,1.041732311248779297e+01,4.000000000000000000e+00
3.730000000000000426e+01,2.520539398193359375e+02,-8.835962295532226562e+00,1.040018653869628906e+01,4.000000000000000000e+00
3.732000000000000028e+01,2.522256774902343750e+02,-8.610195159912109375e+00,1.038303852081298828e+01,4.000000000000000000e+00
3.734000000000000341e+01,2.523973388671875000e+02,-8.384352684020996094e+00,1.036587619781494141e+01,4.000000000000000000e+00
3.735999999999999943e+01,2.525690002441406250e+02,-8.158452033996582031e+00,1.034869861602783203e+01,4.000000000000000000e+00
3.738000000000000256e+01,2.527406616210937500e+02,-7.932506084442138672e+00,1.033150672912597656e+01,4.000000000000000000e+00
3.739999999999999858e+01,2.529123229980468750e+02,-7.706530570983886719e+00,1.031429958343505859e+01,4.000000000000000000e+00
3.742000000000000171e+01,2.530839843750000000e+02,-7.480539798736572266e+00,1.029707717895507812e+01,4.000000000000000000e+00
3.743999999999999773e+01,2.532557067871093750e+02,-7.254549026489257812e+00,1.027984046936035156e+01,4.000000000000000000e+00
3.746000000000000085e+01,2.534274902343750000e+02,-7.028572559356689453e+00,1.026258945465087891e+01,4.000000000000000000e+00
3.748000000000000398e+01,2.535993499755859375e+02,-6.802625656127929688e+00,1.024532699584960938e+01,4.000000000000000000e+00
3.750000000000000000e+01,2.537713165283203125e+02,-6.576722145080566406e+00,1.022805500030517578e+01,4.000000000000000000e+00
3.752000000000000313e+01,2.539434051513671875e+02,-6.350876808166503906e+00,1.021077537536621094e+01,4.000000000000000000e+00
3.753999999999999915e+01,2.541156311035156250e+02,-6.125103473663330078e+00,1.019349002838134766e+01,4.000000000000000000e+00
3.756000000000000227e+01,2.542880096435546875e+02,-5.899416923522949219e+00,1.017620468139648438e+01,4.000000000000000000e+00
3.757999999999999829e+01,2.544605712890625000e+02,-5.673832416534423828e+00,1.015891933441162109e+01,4.000000000000000000e+00
3.760000000000000142e+01,2.546333160400390625e+02,-5.448363304138183594e+00,1.014163875579833984e+01,4.000000000000000000e+00
3.761999999999999744e+01,2.548062591552734375e+02,-5.223023891448974609e+00,1.012436866760253906e+01,4.000000000000000000e+00
3.764000000000000057e+01,2.549794158935546875e+02,-4.997829437255859375e+00,1.010711383819580078e+01,4.000000000000000000e+00
3.766000000000000369e+01,2.551528015136718750e+02,-4.772795200347900391e+00,1.008988189697265625e+01,4.000000000000000000e+00
3.767999999999999972e+01,2.553264465332031250e+02,-4.547935962677001953e+00,1.007268428802490234e+01,4.000000000000000000e+00
3.770000000000000284e+01,2.555003662109375000e+02,-4.323266029357910156e+00,1.005553817749023438e+01,4.000000000000000000e+00
3.771999999999999886e+01,2.556745758056640625e+02,-4.098800659179687500e+00,1.003845787048339844e+01,4.000000000000000000e+00
3.774000000000000199e+01,2.558490905761718750e+02,-3.874555587768554688e+00,1.002144908905029297e+01,4.000000000000000000e+00
3.775999999999999801e+01,2.560239257812500000e+02,-3.650545120239257812e+00,1.000451469421386719e+01,4.000000000000000000e+00
3.778000000000000114e+01,2.561990661621093750e+02,-3.426783800125122070e+00,9.987660408020019531e+00,4.000000000000000000e+00
3.780000000000000426e+01,2.563745727539062500e+02,-3.203286409378051758e+00,9.970889091491699219e+00,4.000000000000000000e+00
3.782000000000000028e+01,2.565504760742187500e+02,-2.980067968368530273e+00,9.954205513000488281e+00,4.000000000000000000e+00
3.784000000000000341e+01,2.567266845703125000e+02,-2.757143259048461914e+00,9.937611579895019531e+00,4.000000000000000000e+00
3.785999999999999943e+01,2.569033203125000000e+02,-2.534526586532592773e+00,9.921113014221191406e+00,4.000000000000000000e+00
3.788000000000000256e+01,2.570803527832031250e+02,-2.312232971191406250e+00,9.904709815979003906e+00,4.000000000000000000e+00
3.789999999999999858e+01,2.572577819824218750e+02,-2.090276718139648438e+00,9.888407707214355469e+00,4.000000000000000000e+00
3.792000000000000171e+01,2.574356384277343750e+02,-1.868672490119934082e+00,9.872208595275878906e+00,4.000000000000000000e+00
3.793999999999999773e+01,2.576139221191406250e+02,-1.647434592247009277e+00,9.856116294860839844e+00,4.000000000000000000e+00
3.796000000000000085e+01,2.577926330566406250e+02,-1.426577448844909668e+00,9.840134620666503906e+00,4.000000000000000000e+00
3.798000000000000398e+01,2.579718017578125000e+02,-1.206115365028381348e+00,9.824264526367187500e+00,4.000000000000000000e+00
3.800000000000000000e+01,2.581514282226562500e+02,-9.860625267028808594e-01,9.808509826660156250e+00,4.000000000000000000e+00
3.802000000000000313e+01,2.583315429687500000e+02,-7.664330005645751953e-01,9.792874336242675781e+00,4.000000000000000000e+00
3.803999999999999915e+01,2.585121154785156250e+02,-5.472407341003417969e-01,9.777358055114746094e+00,4.000000000000000000e+00
3.806000000000000227e+01,2.586931762695312500e+02,-3.284996151924133301e-01,9.761965751647949219e+00,4.000000000000000000e+00
3.807999999999999829e+01,2.588747558593750000e+02,-1.102233752608299255e-01,9.746699333190917969e+00,4.000000000000000000e+00
3.810000000000000142e+01,2.590567932128906250e+02,1.075744330883026123e-01,9.731560707092285156e+00,4.000000000000000000e+00
3.811999999999999744e+01,2.592393493652343750e+02,3.248803913593292236e-01,9.716553688049316406e+00,4.000000000000000000e+00
3.814000000000000057e+01,2.594224243164062500e+02,5.416812896728515625e-01,9.701679229736328125e+00,4.000000000000000000e+00
3.816000000000000369e+01,2.596060485839843750e+02,7.579640746116638184e-01,9.686940193176269531e+00,4.000000000000000000e+00
3.817999999999999972e+01,2.597901611328125000e+02,9.737158417701721191e-01,9.672338485717773438e+00,4.000000000000000000e+00
3.820000000000000284e+01,2.599748229980468750e+02,1.188923835754394531e+00,9.657876014709472656e+00,4.000000000000000000e+00
3.821999999999999886e+01,2.601600036621093750e+02,1.403575778007507324e+00,9.643552780151367188e+00,4.000000000000000000e+00
3.824000000000000199e+01,2.603457336425781250e+02,1.617659330368041992e+00,9.629371643066406250e+00,4.000000000000000000e+00
3.825999999999999801e+01,2.605319824218750000e+02,1.831162691116333008e+00,9.615333557128906250e+00,4.000000000000000000e+00
3.828000000000000114e+01,2.607188110351562500e+02,2.044073820114135742e+00,9.601438522338867188e+00,4.000000000000000000e+00
3.830000000000000426e+01,2.609061584472656250e+02,2.256381511688232422e+00,9.587687492370605469e+00,4.000000000000000000e+00
3.832000000000000028e+01,2.610940856933593750e+02,2.468074083328247070e+00,9.574083328247070312e+00,4.000000000000000000e+00
3.834000000000000341e+01,2.612825622558593750e+02,2.679140806198120117e+00,9.560622215270996094e+00,4.000000000000000000e+00
3.835999999999999943e+01,2.614715881347656250e+02,2.889570474624633789e+00,9.547304153442382812e+00,4.000000000000000000e+00
3.838000000000000256e+01,2.616611938476562500e+02,3.099352836608886719e+00,9.534129142761230469e+00,4.000000000000000000e+00
3.839999999999999858e+01,2.618513793945312500e+02,3.308477401733398438e+00,9.521097183227539062e+00,4.000000000000000000e+00
3.842000000000000171e+01,2.620420837402343750e+02,3.516934394836425781e+00,9.508204460144042969e+00,4.000000000000000000e+00
3.843999999999999773e+01,2.622333679199218750e+02,3.724714040756225586e+00,9.495451927185058594e+00,4.000000000000000000e+00
3.846000000000000085e+01,2.624252319335937500e+02,3.931806325912475586e+00,9.482836723327636719e+00,4.000000000000000000e+00
3.848000000000000398e+01,2.626176757812500000e+02,4.138202190399169922e+00,9.470355987548828125e+00,4.000000000000000000e+00
3.850000000000000000e+01,2.628106689453125000e+02,4.343892097473144531e+00,9.458009719848632812e+00,4.000000000000000000e+00
3.852000000000000313e+01,2.630042724609375000e+02,4.548868179321289062e+00,9.445793151855468750e+00,4.000000000000000000e+00
3.853999999999999915e+01,2.631984558105468750e+02,4.753121376037597656e+00,9.433703422546386719e+00,4.000000000000000000e+00
3.856000000000000227e+01,2.633932189941406250e+02,4.956642627716064453e+00,9.421737670898437500e+00,4.000000000000000000e+00
3.857999999999999829e+01,2.635885620117187500e+02,5.159424781799316406e+00,9.409893035888671875e+00,4.000000000000000000e+00
3.860000000000000142e+01,2.637844848632812500e+02,5.361458301544189453e+00,9.398165702819824219e+00,4.000000000000000000e+00
3.861999999999999744e+01,2.639809875488281250e+02,5.562736988067626953e+00,9.386551856994628906e+00,4.000000000000000000e+00
3.864000000000000057e+01,2.641780700683593750e+02,5.763252258300781250e+00,9.375048637390136719e+00,4.000000000000000000e+00
3.866000000000000369e+01,2.643757629394531250e+02,5.962996959686279297e+00,9.363650321960449219e+00,4.000000000000000000e+00
3.867999999999999972e+01,2.645740356445312500e+02,6.161963462829589844e+00,9.352354049682617188e+00,4.000000000000000000e+00
3.870000000000000284e+01,2.647729187011718750e+02,6.360144138336181641e+00,9.341156005859375000e+00,4.000000000000000000e+00
3.871999999999999886e+01,2.649723815917968750e+02,6.557532310485839844e+00,9.330050468444824219e+00,4.000000000000000000e+00
3.874000000000000199e+01,2.651724548339843750e+02,6.754120826721191406e+00,9.319033622741699219e+00,4.000000000000000000e+00
3.875999999999999801e+01,2.653731079101562500e+02,6.949902057647705078e+00,9.308101654052734375e+00,4.000000000000000000e+00
3.878000000000000114e+01,2.655743713378906250e+02,7.144869327545166016e+00,9.297250747680664062e+00,4.000000000000000000e+00
3.880000000000000426e+01,2.657762451171875000e+02,7.339015483856201172e+00,9.286474227905273438e+00,4.000000000000000000e+00
3.882000000000000028e+01,2.659787292480468750e+02,7.532333850860595703e+00,9.275769233703613281e+00,4.000000000000000000e+00
3.884000000000000341e+01,2.661818237304687500e+02,7.724816322326660156e+00,9.265132904052734375e+00,4.000000000000000000e+00
3.885999999999999943e+01,2.663855285644531250e+02,7.916454792022705078e+00,9.254558563232421875e+00,4.000000000000000000e+00
3.888000000000000256e+01,2.665898437500000000e+02,8.107242584228515625e+00,9.244042396545410156e+00,4.000000000000000000e+00
3.889999999999999858e+01,2.667947692871093750e+02,8.297170639038085938e+00,9.233580589294433594e+00,4.000000000000000000e+00
3.892000000000000171e+01,2.670003356933593750e+02,8.486231803894042969e+00,9.223166465759277344e+00,4.000000000000000000e+00
3.893999999999999773e+01,2.672065429687500000e+02,8.674415588378906250e+00,9.212798118591308594e+00,4.000000000000000000e+00
3.896000000000000085e+01,2.674133911132812500e+02,8.861715316772460938e+00,9.202470779418945312e+00,4.000000000000000000e+00
3.898000000000000398e+01,2.676208801269531250e+02,9.048121452331542969e+00,9.192179679870605469e+00,4.000000000000000000e+00
3.900000000000000000e+01,2.678290100097656250e+02,9.233625411987304688e+00,9.181921005249023438e+00,4.000000000000000000e+00
3.902000000000000313e+01,2.680377502441406250e+02,9.418215751647949219e+00,9.171691894531250000e+00,4.000000000000000000e+00
3.903999999999999915e+01,2.682471923828125000e+02,9.601883888244628906e+00,9.161487579345703125e+00,4.000000000000000000e+00
3.906000000000000227e+01,2.684573059082031250e+02,9.784620285034179688e+00,9.151304244995117188e+00,4.000000000000000000e+00
3.907999999999999829e+01,2.686680297851562500e+02,9.966413497924804688e+00,9.141139984130859375e+00,4.000000000000000000e+00
3.910000000000000142e+01,2.688794555664062500e+02,1.014725399017333984e+01,9.130989074707031250e+00,4.000000000000000000e+00
3.911999999999999744e+01,2.690915527343750000e+02,1.032712936401367188e+01,9.120851516723632812e+00,4.000000000000000000e+00
3.914000000000000057e+01,2.693043518066406250e+02,1.050602912902832031e+01,9.110722541809082031e+00,4.000000000000000000e+00
3.916000000000000369e+01,2.695178222656250000e+02,1.068394088745117188e+01,9.100600242614746094e+00,4.000000000000000000e+00
3.917999999999999972e+01,2.697319946289062500e+02,1.086085128784179688e+01,9.090481758117675781e+00,4.000000000000000000e+00
3.920000000000000284e+01,2.699468383789062500e+02,1.103674983978271484e+01,9.080367088317871094e+00,4.000000000000000000e+00
3.921999999999999886e+01,2.701624450683593750e+02,1.121162128448486328e+01,9.070252418518066406e+00,4.000000000000000000e+00
3.924000000000000199e+01,2.703787231445312500e+02,1.138545227050781250e+01,9.060133934020996094e+00,4.000000000000000000e+00
3.925999999999999801e+01,2.705957031250000000e+02,1.155822753906250000e+01,9.050012588500976562e+00,4.000000000000000000e+00
3.928000000000000114e+01,2.708134460449218750e+02,1.172993373870849609e+01,9.039886474609375000e+00,4.000000000000000000e+00
3.930000000000000426e+01,2.710319519042968750e+02,1.190055465698242188e+01,9.029753684997558594e+00,4.000000000000000000e+00
3.932000000000000028e+01,2.712511901855468750e+02,1.207007312774658203e+01,9.019613265991210938e+00,4.000000000000000000e+00
3.934000000000000341e+01,2.714710693359375000e+02,1.223847198486328125e+01,9.009464263916015625e+00,4.000000000000000000e+00
3.935999999999999943e+01,2.716917114257812500e+02,1.240573692321777344e+01,8.999306678771972656e+00,4.000000000000000000e+00
3.938000000000000256e+01,2.719131164550781250e+02,1.257184886932373047e+01,8.989139556884765625e+00,4.000000000000000000e+00
3.939999999999999858e+01,2.721352844238281250e+02,1.273678874969482422e+01,8.978962898254394531e+00,4.000000000000000000e+00
3.942000000000000171e+01,2.723582153320312500e+02,1.290053844451904297e+01,8.968775749206542969e+00,4.000000000000000000e+00
3.943999999999999773e+01,2.725819091796875000e+02,1.306307792663574219e+01,8.958577156066894531e+00,4.000000000000000000e+00
3.946000000000000085e+01,2.728063659667968750e+02,1.322438716888427734e+01,8.948369026184082031e+00,4.000000000000000000e+00
3.948000000000000398e+01,2.730316772460937500e+02,1.338444709777832031e+01,8.938149452209472656e+00,4.000000000000000000e+00
3.950000000000000000e+01,2.732578125000000000e+02,1.354323673248291016e+01,8.927920341491699219e+00,4.000000000000000000e+00
3.952000000000000313e+01,2.734847106933593750e+02,1.370073223114013672e+01,8.917679786682128906e+00,4.000000000000000000e+00
3.953999999999999915e+01,2.737123718261718750e+02,1.385691165924072266e+01,8.907428741455078125e+00,4.000000000000000000e+00
3.956000000000000227e+01,2.739407958984375000e+02,1.401175308227539062e+01,8.897168159484863281e+00,4.000000000000000000e+00
3.957999999999999829e+01,2.741701049804687500e+02,1.416523170471191406e+01,8.886898040771484375e+00,4.000000000000000000e+00
3.960000000000000142e+01,2.744002075195312500e+02,1.431732463836669922e+01,8.876618385314941406e+00,4.000000000000000000e+00
3.961999999999999744e+01,2.746310729980468750e+02,1.446800613403320312e+01,8.866329193115234375e+00,4.000000000000000000e+00
3.964000000000000057e+01,2.748628234863281250e+02,1.461725044250488281e+01,8.856030464172363281e+00,4.000000000000000000e+00
3.966000000000000369e+01,2.750953674316406250e+02,1.476503562927246094e+01,8.845722198486328125e+00,4.000000000000000000e+00
3.967999999999999972e+01,2.753286743164062500e+02,1.491133308410644531e+01,8.835404396057128906e+00,4.000000000000000000e+00
3.970000000000000284e+01,2.755628967285156250e+02,1.505611515045166016e+01,8.825077056884765625e+00,4.000000000000000000e+00
3.971999999999999886e+01,2.757978820800781250e+02,1.519935607910156250e+01,8.814739227294921875e+00,4.000000000000000000e+00
3.974000000000000199e+01,2.760337524414062500e+02,1.534102916717529297e+01,8.804390907287597656e+00,4.000000000000000000e+00
3.975999999999999801e+01,2.762704162597656250e+02,1.548110580444335938e+01,8.794030189514160156e+00,4.000000000000000000e+00
3.978000000000000114e+01,2.765079040527343750e+02,1.561955833435058594e+01,8.783658027648925781e+00,4.000000000000000000e+00
3.980000000000000426e+01,2.767462463378906250e+02,1.575635623931884766e+01,8.773272514343261719e+00,4.000000000000000000e+00
3.982000000000000028e+01,2.769853820800781250e+02,1.589147186279296875e+01,8.762872695922851562e+00,4.000000000000000000e+00
3.984000000000000341e+01,2.772254028320312500e+02,1.602487373352050781e+01,8.752456665039062500e+00,4.000000000000000000e+00
3.985999999999999943e+01,2.774661865234375000e+02,1.615653419494628906e+01,8.742022514343261719e+00,4.000000000000000000e+00
3.988000000000000256e+01,2.777078857421875000e+02,1.628642272949218750e+01,8.731569290161132812e+00,4.000000000000000000e+00
3.989999999999999858e+01,2.779503479003906250e+02,1.641450881958007812e+01,8.721093177795410156e+00,4.000000000000000000e+00
3.992000000000000171e+01,2.781936950683593750e+02,1.654076004028320312e+01,8.710593223571777344e+00,4.000000000000000000e+00
3.993999999999999773e+01,2.784378356933593750e+02,1.666514396667480469e+01,8.700065612792968750e+00,4.000000000000000000e+00
3.996000000000000085e+01,2.786828002929687500e+02,1.678763198852539062e+01,8.689506530761718750e+00,4.000000000000000000e+00
3.998000000000000398e+01,2.789286193847656250e+02,1.690819168090820312e+01,8.678915023803710938e+00,4.000000000000000000e+00
4.000000000000000000e+01,2.791752014160156250e+02,1.702678871154785156e+01,8.668285369873046875e+00,4.000000000000000000e+00
4.002000000000000313e+01,2.794226074218750000e+02,1.714339256286621094e+01,8.657613754272460938e+00,4.000000000000000000e+00
4.003999999999999915e+01,2.796708679199218750e+02,1.725796699523925781e+01,8.646896362304687500e+00,4.000000000000000000e+00
4.006000000000000227e+01,2.799198913574218750e+02,1.737048339843750000e+01,8.636128425598144531e+00,4.000000000000000000e+00
4.007999999999999829e+01,2.801696777343750000e+02,1.748090744018554688e+01,8.625305175781250000e+00,4.000000000000000000e+00
4.010000000000000142e+01,2.804202880859375000e+02,1.758920669555664062e+01,8.614421844482421875e+00,4.000000000000000000e+00
4.011999999999999744e+01,2.806717529296875000e+02,1.769534683227539062e+01,8.603472709655761719e+00,4.000000000000000000e+00
4.014000000000000057e+01,2.809239807128906250e+02,1.779929351806640625e+01,8.592452049255371094e+00,4.000000000000000000e+00
4.016000000000000369e+01,2.811769714355468750e+02,1.790101242065429688e+01,8.581352233886718750e+00,4.000000000000000000e+00
4.017999999999999972e+01,2.814307250976562500e+02,1.800047683715820312e+01,8.570169448852539062e+00,4.000000000000000000e+00
4.020000000000000284e+01,2.816852416992187500e+02,1.809764862060546875e+01,8.558897018432617188e+00,4.000000000000000000e+00
4.021999999999999886e+01,2.819405212402343750e+02,1.819249153137207031e+01,8.547528266906738281e+00,4.000000000000000000e+00
4.024000000000000199e+01,2.821964416503906250e+02,1.828497695922851562e+01,8.536057472229003906e+00,4.000000000000000000e+00
4.025999999999999801e+01,2.824530944824218750e+02,1.837507438659667969e+01,8.524478912353515625e+00,4.000000000000000000e+00
4.028000000000000114e+01,2.827105102539062500e+02,1.846275138854980469e+01,8.512786865234375000e+00,4.000000000000000000e+00
4.030000000000000426e+01,2.829685974121093750e+02,1.854797172546386719e+01,8.500972747802734375e+00,4.000000000000000000e+00
4.032000000000000028e+01,2.832273864746093750e+02,1.863070869445800781e+01,8.489029884338378906e+00,4.000000000000000000e+00
4.034000000000000341e+01,2.834868469238281250e+02,1.871093177795410156e+01,8.476953506469726562e+00,4.000000000000000000e+00
4.035999999999999943e+01,2.837469787597656250e+02,1.878860664367675781e+01,8.464736938476562500e+00,4.000000000000000000e+00
4.038000000000000256e+01,2.840077514648437500e+02,1.886370468139648438e+01,8.452372550964355469e+00,4.000000000000000000e+00
4.039999999999999858e+01,2.842691650390625000e+02,1.893620109558105469e+01,8.439856529235839844e+00,4.000000000000000000e+00
4.042000000000000171e+01,2.845311889648437500e+02,1.900606536865234375e+01,8.427181243896484375e+00,4.000000000000000000e+00
4.043999999999999773e+01,2.847938232421875000e+02,1.907327079772949219e+01,8.414340019226074219e+00,4.000000000000000000e+00
4.046000000000000085e+01,2.850570678710937500e+02,1.913778686523437500e+01,8.401329994201660156e+00,4.000000000000000000e+00
4.048000000000000398e+01,2.853208618164062500e+02,1.919959068298339844e+01,8.388144493103027344e+00,4.000000000000000000e+00
4.050000000000000000e+01,2.855852355957031250e+02,1.925865554809570312e+01,8.374777793884277344e+00,4.000000000000000000e+00
4.052000000000000313e+01,2.858501281738281250e+02,1.931495666503906250e+01,8.361226081848144531e+00,4.000000000000000000e+00
4.053999999999999915e+01,2.861155395507812500e+02,1.936847305297851562e+01,8.347484588623046875e+00,4.000000000000000000e+00
4.056000000000000227e+01,2.863814392089843750e+02,1.941917991638183594e+01,8.333549499511718750e+00,4.000000000000000000e+00
4.057999999999999829e+01,2.866478576660156250e+02,1.946705436706542969e+01,8.319416999816894531e+00,4.000000000000000000e+00
4.060000000000000142e+01,2.869147338867187500e+02,1.951207733154296875e+01,8.305084228515625000e+00,4.000000000000000000e+00
4.061999999999999744e+01,2.871820373535156250e+02,1.955422782897949219e+01,8.290546417236328125e+00,4.000000000000000000e+00
4.064000000000000057e+01,2.874497985839843750e+02,1.959348678588867188e+01,8.275801658630371094e+00,4.000000000000000000e+00
4.066000000000000369e+01,2.877179260253906250e+02,1.962983512878417969e+01,8.260848045349121094e+00,4.000000000000000000e+00
4.067999999999999972e+01,2.879864501953125000e+02,1.966325759887695312e+01,8.245684623718261719e+00,4.000000000000000000e+00
4.070000000000000284e+01,2.882553405761718750e+02,1.969373703002929688e+01,8.230311393737792969e+00,4.000000000000000000e+00
4.071999999999999886e+01,2.885245666503906250e+02,1.972125816345214844e+01,8.214727401733398438e+00,4.000000000000000000e+00
4.074000000000000199e+01,2.887941284179687500e+02,1.974580574035644531e+01,8.198929786682128906e+00,4.000000000000000000e+00
4.075999999999999801e+01,2.890639648437500000e+02,1.976736640930175781e+01,8.182922363281250000e+00,4.000000000000000000e+00
4.078000000000000114e+01,2.893341064453125000e+02,1.978592491149902344e+01,8.166707038879394531e+00,4.000000000000000000e+00
4.080000000000000426e+01,2.896044921875000000e+02,1.980147743225097656e+01,8.150283813476562500e+00,4.000000000000000000e+00
4.082000000000000028e+01,2.898750915527343750e+02,1.981401062011718750e+01,8.133657455444335938e+00,4.000000000000000000e+00
4.084000000000000341e+01,2.901459045410156250e+02,1.982351684570312500e+01,8.116829872131347656e+00,4.000000000000000000e+00
4.085999999999999943e+01,2.904169006347656250e+02,1.982998466491699219e+01,8.099805831909179688e+00,4.000000000000000000e+00
4.088000000000000256e+01,2.906880493164062500e+02,1.983340835571289062e+01,8.082588195800781250e+00,4.000000000000000000e+00
4.089999999999999858e+01,2.909593505859375000e+02,1.983378219604492188e+01,8.065185546875000000e+00,4.000000000000000000e+00
4.092000000000000171e+01,2.912307434082031250e+02,1.983110237121582031e+01,8.047601699829101562e+00,4.000000000000000000e+00
4.093999999999999773e+01,2.915021972656250000e+02,1.982537078857421875e+01,8.029844284057617188e+00,4.000000000000000000e+00
4.096000000000000085e+01,2.917736816406250000e+02,1.981657791137695312e+01,8.011922836303710938e+00,4.000000000000000000e+00
4.098000000000000398e+01,2.920452880859375000e+02,1.980472946166992188e+01,7.993845462799072266e+00,4.000000000000000000e+00
4.100000000000000000e+01,2.923168945312500000e+02,1.978982353210449219e+01,7.975620746612548828e+00,4.000000000000000000e+00
4.102000000000000313e+01,2.925883483886718750e+02,1.977186584472656250e+01,7.957259654998779297e+00,4.000000000000000000e+00
4.103999999999999915e+01,2.928598022460937500e+02,1.975085639953613281e+01,7.938772678375244141e+00,4.000000000000000000e+00
4.106000000000000227e+01,2.931311645507812500e+02,1.972679901123046875e+01,7.920171737670898438e+00,4.000000000000000000e+00
4.107999999999999829e+01,2.934024353027343750e+02,1.969970130920410156e+01,7.901470184326171875e+00,4.000000000000000000e+00
4.110000000000000142e+01,2.936735534667968750e+02,1.966957283020019531e+01,7.882680416107177734e+00,4.000000000000000000e+00
4.111999999999999744e+01,2.939444885253906250e+02,1.963641929626464844e+01,7.863816738128662109e+00,4.000000000000000000e+00
4.114000000000000057e+01,2.942152404785156250e+02,1.960025596618652344e+01,7.844893455505371094e+00,4.000000000000000000e+00
4.116000000000000369e+01,2.944857482910156250e+02,1.956109046936035156e+01,7.825925827026367188e+00,4.000000000000000000e+00
4.117999999999999972e+01,2.947560119628906250e+02,1.951893615722656250e+01,7.806931018829345703e+00,4.000000000000000000e+00
4.120000000000000284e+01,2.950260009765625000e+02,1.947381019592285156e+01,7.787924766540527344e+00,4.000000000000000000e+00
4.121999999999999886e+01,2.952956542968750000e+02,1.942572784423828125e+01,7.768925189971923828e+00,4.000000000000000000e+00
4.124000000000000199e+01,2.955650024414062500e+02,1.937470436096191406e+01,7.749948978424072266e+00,4.000000000000000000e+00
4.125999999999999801e+01,2.958339843750000000e+02,1.932076454162597656e+01,7.731014728546142578e+00,4.000000000000000000e+00
4.128000000000000114e+01,2.961025695800781250e+02,1.926392364501953125e+01,7.712141990661621094e+00,4.000000000000000000e+00
4.130000000000000426e+01,2.963707275390625000e+02,1.920420646667480469e+01,7.693348884582519531e+00,4.000000000000000000e+00
4.132000000000000028e+01,2.966384582519531250e+02,1.914164161682128906e+01,7.674655914306640625e+00,4.000000000000000000e+00
4.134000000000000341e+01,2.969057006835937500e+02,1.907624816894531250e+01,7.656082153320312500e+00,4.000000000000000000e+00
4.135999999999999943e+01,2.971724243164062500e+02,1.900805854797363281e+01,7.637649059295654297e+00,4.000000000000000000e+00
4.138000000000000256e+01,2.974386291503906250e+02,1.893709945678710938e+01,7.619375705718994141e+00,4.000000000000000000e+00
4.139999999999999858e+01,2.977043151855468750e+02,1.886340141296386719e+01,7.601283550262451172e+00,4.000000000000000000e+00
4.142000000000000171e+01,2.979694213867187500e+02,1.878699684143066406e+01,7.583393573760986328e+00,4.000000000000000000e+00
4.143999999999999773e+01,2.982339477539062500e+02,1.870792007446289062e+01,7.565726280212402344e+00,4.000000000000000000e+00
4.146000000000000085e+01,2.984978332519531250e+02,1.862619972229003906e+01,7.548303127288818359e+00,4.000000000000000000e+00
4.148000000000000398e+01,2.987610778808593750e+02,1.854187774658203125e+01,7.531144142150878906e+00,4.000000000000000000e+00
4.150000000000000000e+01,2.990236816406250000e+02,1.845498847961425781e+01,7.514269351959228516e+00,4.000000000000000000e+00
4.152000000000000313e+01,2.992855834960937500e+02,1.836557197570800781e+01,7.497699260711669922e+00,4.000000000000000000e+00
4.153999999999999915e+01,2.995468139648437500e+02,1.827366828918457031e+01,7.481452465057373047e+00,4.000000000000000000e+00
4.156000000000000227e+01,2.998072814941406250e+02,1.817932128906250000e+01,7.465548992156982422e+00,4.000000000000000000e+00
4.157999999999999829e+01,3.000669860839843750e+02,1.808257102966308594e+01,7.450006484985351562e+00,4.000000000000000000e+00
4.160000000000000142e+01,3.003259277343750000e+02,1.798345947265625000e+01,7.434842586517333984e+00,4.000000000000000000e+00
4.161999999999999744e+01,3.005841064453125000e+02,1.788203620910644531e+01,7.420075416564941406e+00,4.000000000000000000e+00
4.164000000000000057e+01,3.008415222167968750e+02,1.777834510803222656e+01,7.405720233917236328e+00,4.000000000000000000e+00
4.166000000000000369e+01,3.010981445312500000e+02,1.767243576049804688e+01,7.391793727874755859e+00,4.000000000000000000e+00
4.167999999999999972e+01,3.013538818359375000e+02,1.756435585021972656e+01,7.378309726715087891e+00,4.000000000000000000e+00
4.170000000000000284e+01,3.016087951660156250e+02,1.745415115356445312e+01,7.365282535552978516e+00,4.000000000000000000e+00
4.171999999999999886e+01,3.018628540039062500e+02,1.734187507629394531e+01,7.352725028991699219e+00,4.000000000000000000e+00
4.174000000000000199e+01,3.021160278320312500e+02,1.722757720947265625e+01,7.340649127960205078e+00,4.000000000000000000e+00
4.175999999999999801e+01,3.023683471679687500e+02,1.711130714416503906e+01,7.329065322875976562e+00,4.000000000000000000e+00
4.178000000000000114e+01,3.026197509765625000e+02,1.699312019348144531e+01,7.317984104156494141e+00,4.000000000000000000e+00
4.180000000000000426e+01,3.028702697753906250e+02,1.687306594848632812e+01,7.307414531707763672e+00,4.000000000000000000e+00
4.182000000000000028e+01,3.031198730468750000e+02,1.675119781494140625e+01,7.297365188598632812e+00,4.000000000000000000e+00
4.184000000000000341e+01,3.033685302734375000e+02,1.662756919860839844e+01,7.287842273712158203e+00,4.000000000000000000e+00
4.185999999999999943e+01,3.036162719726562500e+02,1.650223350524902344e+01,7.278852462768554688e+00,4.000000000000000000e+00
4.188000000000000256e+01,3.038630676269531250e+02,1.637524795532226562e+01,7.270399570465087891e+00,4.000000000000000000e+00
4.189999999999999858e+01,3.041089477539062500e+02,1.624666404724121094e+01,7.262488842010498047e+00,4.000000000000000000e+00
4.192000000000000171e+01,3.043538818359375000e+02,1.611653518676757812e+01,7.255122661590576172e+00,4.000000000000000000e+00
4.193999999999999773e+01,3.045978393554687500e+02,1.598491382598876953e+01,7.248302459716796875e+00,4.000000000000000000e+00
4.196000000000000085e+01,3.048408508300781250e+02,1.585185623168945312e+01,7.242028236389160156e+00,4.000000000000000000e+00
4.198000000000000398e+01,3.050829162597656250e+02,1.571741390228271484e+01,7.236299991607666016e+00,4.000000000000000000e+00
4.200000000000000000e+01,3.053240356445312500e+02,1.558164024353027344e+01,7.231117248535156250e+00,4.000000000000000000e+00
4.202000000000000313e+01,3.055641784667968750e+02,1.544458770751953125e+01,7.226477146148681641e+00,4.000000000000000000e+00
4.203999999999999915e+01,3.058033752441406250e+02,1.530630779266357422e+01,7.222376346588134766e+00,4.000000000000000000e+00
4.206000000000000227e+01,3.060416259765625000e+02,1.516685295104980469e+01,7.218810558319091797e+00,4.000000000000000000e+00
4.207999999999999829e+01,3.062789306640625000e+02,1.502627277374267578e+01,7.215775012969970703e+00,4.000000000000000000e+00
4.210000000000000142e+01,3.065153198242187500e+02,1.488461589813232422e+01,7.213264465332031250e+00,4.000000000000000000e+00
4.211999999999999744e+01,3.067507324218750000e+02,1.474193382263183594e+01,7.211271286010742188e+00,4.000000000000000000e+00
4.214000000000000057e+01,3.069852294921875000e+02,1.459827423095703125e+01,7.209788322448730469e+00,4.000000000000000000e+00
4.216000000000000369e+01,3.072188110351562500e+02,1.445368671417236328e+01,7.208806991577148438e+00,4.000000000000000000e+00
4.217999999999999972e+01,3.074514770507812500e+02,1.430821704864501953e+01,7.208318710327148438e+00,4.000000000000000000e+00
4.220000000000000284e+01,3.076832275390625000e+02,1.416191101074218750e+01,7.208312511444091797e+00,4.000000000000000000e+00
4.221999999999999886e+01,3.079140930175781250e+02,1.401481342315673828e+01,7.208778858184814453e+00,4.000000000000000000e+00
4.224000000000000199e+01,3.081440429687500000e+02,1.386697101593017578e+01,7.209706783294677734e+00,4.000000000000000000e+00
4.225999999999999801e+01,3.083731079101562500e+02,1.371842575073242188e+01,7.211084365844726562e+00,4.000000000000000000e+00
4.228000000000000114e+01,3.086013183593750000e+02,1.356921958923339844e+01,7.212899684906005859e+00,4.000000000000000000e+00
4.230000000000000426e+01,3.088286743164062500e+02,1.341939544677734375e+01,7.215139389038085938e+00,4.000000000000000000e+00
4.232000000000000028e+01,3.090551757812500000e+02,1.326899433135986328e+01,7.217791080474853516e+00,4.000000000000000000e+00
4.234000000000000341e+01,3.092808532714843750e+02,1.311805343627929688e+01,7.220840930938720703e+00,4.000000000000000000e+00
4.235999999999999943e+01,3.095057373046875000e+02,1.296661281585693359e+01,7.224275112152099609e+00,4.000000000000000000e+00
4.238000000000000256e+01,3.097297363281250000e+02,1.281471061706542969e+01,7.228079795837402344e+00,4.000000000000000000e+00
4.239999999999999858e+01,3.099529724121093750e+02,1.266238307952880859e+01,7.232239723205566406e+00,4.000000000000000000e+00
4.242000000000000171e+01,3.101754455566406250e+02,1.250966453552246094e+01,7.236741065979003906e+00,4.000000000000000000e+00
4.243999999999999773e+01,3.103971557617187500e+02,1.235659122467041016e+01,7.241568565368652344e+00,4.000000000000000000e+00
4.246000000000000085e+01,3.106181030273437500e+02,1.220319557189941406e+01,7.246706485748291016e+00,4.000000000000000000e+00
4.248000000000000398e+01,3.108382873535156250e+02,1.204951000213623047e+01,7.252140522003173828e+00,4.000000000000000000e+00
4.250000000000000000e+01,3.110578002929687500e+02,1.189556884765625000e+01,7.257855415344238281e+00,4.000000000000000000e+00
4.252000000000000313e+01,3.112766113281250000e+02,1.174139881134033203e+01,7.263835430145263672e+00,4.000000000000000000e+00
4.253999999999999915e+01,3.114947204589843750e+02,1.158703327178955078e+01,7.270064830780029297e+00,4.000000000000000000e+00
4.256000000000000227e+01,3.117121582031250000e+02,1.143249893188476562e+01,7.276529312133789062e+00,4.000000000000000000e+00
4.257999999999999829e+01,3.119289550781250000e+02,1.127782440185546875e+01,7.283212661743164062e+00,4.000000000000000000e+00
4.260000000000000142e+01,3.121451110839843750e+02,1.112303543090820312e+01,7.290101528167724609e+00,4.000000000000000000e+00
4.261999999999999744e+01,3.123606262207031250e+02,1.096815967559814453e+01,7.297179698944091797e+00,4.000000000000000000e+00
4.264000000000000057e+01,3.125755615234375000e+02,1.081322193145751953e+01,7.304432392120361328e+00,4.000000000000000000e+00
4.266000000000000369e+01,3.127898864746093750e+02,1.065824604034423828e+01,7.311844825744628906e+00,4.000000000000000000e+00
4.267999999999999972e+01,3.130036315917968750e+02,1.050325775146484375e+01,7.319403648376464844e+00,4.000000000000000000e+00
4.270000000000000284e+01,3.132168579101562500e+02,1.034827804565429688e+01,7.327094554901123047e+00,4.000000000000000000e+00
4.271999999999999886e+01,3.134295043945312500e+02,1.019333076477050781e+01,7.334903240203857422e+00,4.000000000000000000e+00
4.274000000000000199e+01,3.136416625976562500e+02,1.003843593597412109e+01,7.342816352844238281e+00,4.000000000000000000e+00
4.275999999999999801e+01,3.138533020019531250e+02,9.883615493774414062e+00,7.350821018218994141e+00,4.000000000000000000e+00
4.278000000000000114e+01,3.140644836425781250e+02,9.728888511657714844e+00,7.358903408050537109e+00,4.000000000000000000e+00
4.280000000000000426e+01,3.142751770019531250e+02,9.574275016784667969e+00,7.367052555084228516e+00,4.000000000000000000e+00
4.282000000000000028e+01,3.144854125976562500e+02,9.419794082641601562e+00,7.375255584716796875e+00,4.000000000000000000e+00
4.284000000000000341e+01,3.146952209472656250e+02,9.265462875366210938e+00,7.383500099182128906e+00,4.000000000000000000e+00
4.285999999999999943e+01,3.149046020507812500e+02,9.111300468444824219e+00,7.391775608062744141e+00,4.000000000000000000e+00
4.288000000000000256e+01,3.151136169433593750e+02,8.957324981689453125e+00,7.400071144104003906e+00,4.000000000000000000e+00
4.289999999999999858e+01,3.153222351074218750e+02,8.803550720214843750e+00,7.408375740051269531e+00,4.000000000000000000e+00
4.292000000000000171e+01,3.155304870605468750e+02,8.649995803833007812e+00,7.416679382324218750e+00,4.000000000000000000e+00
4.293999999999999773e+01,3.157383422851562500e+02,8.496674537658691406e+00,7.424972534179687500e+00,4.000000000000000000e+00
4.296000000000000085e+01,3.159458923339843750e+02,8.343602180480957031e+00,7.433245658874511719e+00,4.000000000000000000e+00
4.298000000000000398e+01,3.161531066894531250e+02,8.190794944763183594e+00,7.441489696502685547e+00,4.000000000000000000e+00
4.300000000000000000e+01,3.163600158691406250e+02,8.038268089294433594e+00,7.449696540832519531e+00,4.000000000000000000e+00
4.302000000000000313e+01,3.165666198730468750e+02,7.886033535003662109e+00,7.457859039306640625e+00,4.000000000000000000e+00
4.303999999999999915e+01,3.167729797363281250e+02,7.734105587005615234e+00,7.465968608856201172e+00,4.000000000000000000e+00
4.306000000000000227e+01,3.169790649414062500e+02,7.582498550415039062e+00,7.474018573760986328e+00,4.000000000000000000e+00
4.307999999999999829e+01,3.171849060058593750e+02,7.431224822998046875e+00,7.482002258300781250e+00,4.000000000000000000e+00
4.310000000000000142e+01,3.173905029296875000e+02,7.280297756195068359e+00,7.489913463592529297e+00,4.000000000000000000e+00
4.311999999999999744e+01,3.175958862304687500e+02,7.129729747772216797e+00,7.497746944427490234e+00,4.000000000000000000e+00
4.314000000000000057e+01,3.178010559082031250e+02,6.979533672332763672e+00,7.505496978759765625e+00,4.000000000000000000e+00
4.316000000000000369e+01,3.180060424804687500e+02,6.829721450805664062e+00,7.513158798217773438e+00,4.000000000000000000e+00
4.317999999999999972e+01,3.182108764648437500e+02,6.680304050445556641e+00,7.520728111267089844e+00,4.000000000000000000e+00
4.320000000000000284e+01,3.184155273437500000e+02,6.531294345855712891e+00,7.528201103210449219e+00,4.000000000000000000e+00
4.321999999999999886e+01,3.186200256347656250e+02,6.382703304290771484e+00,7.535573482513427734e+00,4.000000000000000000e+00
4.324000000000000199e+01,3.188244018554687500e+02,6.234542369842529297e+00,7.542842388153076172e+00,4.000000000000000000e+00
4.325999999999999801e+01,3.190286560058593750e+02,6.086822509765625000e+00,7.550004482269287109e+00,4.000000000000000000e+00
4.328000000000000114e+01,3.192328186035156250e+02,5.939555644989013672e+00,7.557056427001953125e+00,4.000000000000000000e+00
4.330000000000000426e+01,3.194368591308593750e+02,5.792752265930175781e+00,7.563997268676757812e+00,4.000000000000000000e+00
4.332000000000000028e+01,3.196408691406250000e+02,5.646423339843750000e+00,7.570824623107910156e+00,4.000000000000000000e+00
4.334000000000000341e+01,3.198447265625000000e+02,5.500578403472900391e+00,7.577535629272460938e+00,4.000000000000000000e+00
4.335999999999999943e+01,3.200485839843750000e+02,5.355228900909423828e+00,7.584130287170410156e+00,4.000000000000000000e+00
4.338000000000000256e+01,3.202523803710937500e+02,5.210385322570800781e+00,7.590605735778808594e+00,4.000000000000000000e+00
4.339999999999999858e+01,3.204560852050781250e+02,5.066058158874511719e+00,7.596962928771972656e+00,4.000000000000000000e+00
4.342000000000000171e+01,3.206597900390625000e+02,4.922257423400878906e+00,7.603199958801269531e+00,4.000000000000000000e+00
4.343999999999999773e+01,3.208634948730468750e+02,4.778993606567382812e+00,7.609317779541015625e+00,4.000000000000000000e+00
4.346000000000000085e+01,3.210671997070312500e+02,4.636276721954345703e+00,7.615315437316894531e+00,4.000000000000000000e+00
4.348000000000000398e+01,3.212709045410156250e+02,4.494115352630615234e+00,7.621192455291748047e+00,4.000000000000000000e+00
4.350000000000000000e+01,3.214746093750000000e+02,4.352520942687988281e+00,7.626950263977050781e+00,4.000000000000000000e+00
4.352000000000000313e+01,3.216783142089843750e+02,4.211502552032470703e+00,7.632588863372802734e+00,4.000000000000000000e+00
4.353999999999999915e+01,3.218821105957031250e+02,4.071070671081542969e+00,7.638108253479003906e+00,4.000000000000000000e+00
4.356000000000000227e+01,3.220859680175781250e+02,3.931234836578369141e+00,7.643510341644287109e+00,4.000000000000000000e+00
4.357999999999999829e+01,3.222898254394531250e+02,3.792004585266113281e+00,7.648795604705810547e+00,4.000000000000000000e+00
4.360000000000000142e+01,3.224937744140625000e+02,3.653389215469360352e+00,7.653965473175048828e+00,4.000000000000000000e+00
4.361999999999999744e+01,3.226977844238281250e+02,3.515398740768432617e+00,7.659020900726318359e+00,4.000000000000000000e+00
4.364000000000000057e+01,3.229018859863281250e+02,3.378042459487915039e+00,7.663963794708251953e+00,4.000000000000000000e+00
4.366000000000000369e+01,3.231060485839843750e+02,3.241329193115234375e+00,7.668795108795166016e+00,4.000000000000000000e+00
4.367999999999999972e+01,3.233103332519531250e+02,3.105268716812133789e+00,7.673516750335693359e+00,4.000000000000000000e+00
4.370000000000000284e+01,3.235146789550781250e+02,2.969870328903198242e+00,7.678130149841308594e+00,4.000000000000000000e+00
4.371999999999999886e+01,3.237191467285156250e+02,2.835143089294433594e+00,7.682638168334960938e+00,4.000000000000000000e+00
4.374000000000000199e+01,3.239237365722656250e+02,2.701096057891845703e+00,7.687041759490966797e+00,4.000000000000000000e+00
4.375999999999999801e+01,3.241284484863281250e+02,2.567738533020019531e+00,7.691343307495117188e+00,4.000000000000000000e+00
4.378000000000000114e+01,3.243332519531250000e+02,2.435079097747802734e+00,7.695545196533203125e+00,4.000000000000000000e+00
4.380000000000000426e+01,3.245382080078125000e+02,2.303126811981201172e+00,7.699648857116699219e+00,4.000000000000000000e+00
4.382000000000000028e+01,3.247432861328125000e+02,2.171890735626220703e+00,7.703656673431396484e+00,4.000000000000000000e+00
4.384000000000000341e+01,3.249485168457031250e+02,2.041378498077392578e+00,7.707571029663085938e+00,4.000000000000000000e+00
4.385999999999999943e+01,3.251539001464843750e+02,1.911599397659301758e+00,7.711393833160400391e+00,4.000000000000000000e+00
4.388000000000000256e+01,3.253594360351562500e+02,1.782562017440795898e+00,7.715127468109130859e+00,4.000000000000000000e+00
4.389999999999999858e+01,3.255651245117187500e+02,1.654274582862854004e+00,7.718774318695068359e+00,4.000000000000000000e+00
4.392000000000000171e+01,3.257709655761718750e+02,1.526744961738586426e+00,7.722336292266845703e+00,4.000000000000000000e+00
4.393999999999999773e+01,3.259769592285156250e+02,1.399981737136840820e+00,7.725815296173095703e+00,4.000000000000000000e+00
4.396000000000000085e+01,3.261831359863281250e+02,1.273992657661437988e+00,7.729214191436767578e+00,4.000000000000000000e+00
4.398000000000000398e+01,3.263894653320312500e+02,1.148785710334777832e+00,7.732534885406494141e+00,4.000000000000000000e+00
4.400000000000000000e+01,3.265959777832031250e+02,1.024368643760681152e+00,7.735779762268066406e+00,4.000000000000000000e+00
4.402000000000000313e+01,3.268026733398437500e+02,9.007489085197448730e-01,7.738950729370117188e+00,4.000000000000000000e+00
4.403999999999999915e+01,3.270095214843750000e+02,7.779341340065002441e-01,7.742050170898437500e+00,4.000000000000000000e+00
4.406000000000000227e+01,3.272165527343750000e+02,6.559317708015441895e-01,7.745079994201660156e+00,4.000000000000000000e+00
4.407999999999999829e+01,3.274237976074218750e+02,5.347488522529602051e-01,7.748042583465576172e+00,4.000000000000000000e+00
4.410000000000000142e+01,3.276312255859375000e+02,4.143924117088317871e-01,7.750939846038818359e+00,4.000000000000000000e+00
4.411999999999999744e+01,3.278388366699218750e+02,2.948693037033081055e-01,7.753773689270019531e+00,4.000000000000000000e+00
4.414000000000000057e+01,3.280466308593750000e+02,1.761863380670547485e-01,7.756546020507812500e+00,4.000000000000000000e+00
4.416000000000000369e+01,3.282545776367187500e+02,5.834997817873954773e-02,7.759259223937988281e+00,4.000000000000000000e+00
4.417999999999999972e+01,3.284627380371093750e+02,-5.863331258296966553e-02,7.761913776397705078e+00,4.000000000000000000e+00
4.420000000000000284e+01,3.286710815429687500e+02,-1.747573316097259521e-01,7.764512538909912109e+00,4.000000000000000000e+00
4.421999999999999886e+01,3.288796081542968750e+02,-2.900160253047943115e-01,7.767056941986083984e+00,4.000000000000000000e+00
4.424000000000000199e+01,3.290883789062500000e+02,-4.044035077095031738e-01,7.769549369812011719e+00,4.000000000000000000e+00
4.425999999999999801e+01,3.292973327636718750e+02,-5.179141163825988770e-01,7.771990776062011719e+00,4.000000000000000000e+00
4.428000000000000114e+01,3.295064697265625000e+02,-6.305423378944396973e-01,7.774382591247558594e+00,4.000000000000000000e+00
4.430000000000000426e+01,3.297157897949218750e+02,-7.422826290130615234e-01,7.776726245880126953e+00,4.000000000000000000e+00
4.432000000000000028e+01,3.299253234863281250e+02,-8.531296253204345703e-01,7.779024600982666016e+00,4.000000000000000000e+00
4.434000000000000341e+01,3.301350402832031250e+02,-9.630783796310424805e-01,7.781278133392333984e+00,4.000000000000000000e+00
