time_s,north_m,east_m,altitude_m,phase
0.000000000000000000e+00,0.000000000000000000e+00,0.000000000000000000e+00,9.377412497997283936e-02,0.000000000000000000e+00
2.000000000000000042e-02,0.000000000000000000e+00,0.000000000000000000e+00,9.474229812622070312e-02,0.000000000000000000e+00
4.000000000000000083e-02,0.000000000000000000e+00,0.000000000000000000e+00,9.584950655698776245e-02,0.000000000000000000e+00
5.999999999999999778e-02,0.000000000000000000e+00,0.000000000000000000e+00,9.725560247898101807e-02,0.000000000000000000e+00
8.000000000000000167e-02,0.000000000000000000e+00,0.000000000000000000e+00,9.913198649883270264e-02,0.000000000000000000e+00
1.000000000000000056e-01,0.000000000000000000e+00,0.000000000000000000e+00,1.015153154730796814e-01,0.000000000000000000e+00
1.199999999999999956e-01,0.000000000000000000e+00,0.000000000000000000e+00,1.044117733836174011e-01,0.000000000000000000e+00
1.400000000000000133e-01,0.000000000000000000e+00,0.000000000000000000e+00,1.078208759427070618e-01,0.000000000000000000e+00
1.600000000000000033e-01,0.000000000000000000e+00,0.000000000000000000e+00,1.117397695779800415e-01,0.000000000000000000e+00
1.799999999999999933e-01,0.000000000000000000e+00,0.000000000000000000e+00,1.161646842956542969e-01,0.000000000000000000e+00
2.000000000000000111e-01,0.000000000000000000e+00,0.000000000000000000e+00,1.210909336805343628e-01,0.000000000000000000e+00
2.200000000000000011e-01,0.000000000000000000e+00,0.000000000000000000e+00,1.265139877796173096e-01,0.000000000000000000e+00
2.399999999999999911e-01,0.000000000000000000e+00,0.000000000000000000e+00,1.324300318956375122e-01,0.000000000000000000e+00
2.600000000000000089e-01,0.000000000000000000e+00,0.000000000000000000e+00,1.388354003429412842e-01,0.000000000000000000e+00
2.800000000000000266e-01,0.000000000000000000e+00,0.000000000000000000e+00,1.457266807556152344e-01,0.000000000000000000e+00
2.999999999999999889e-01,0.000000000000000000e+00,0.000000000000000000e+00,1.530993729829788208e-01,0.000000000000000000e+00
3.200000000000000067e-01,0.000000000000000000e+00,0.000000000000000000e+00,1.609489619731903076e-01,0.000000000000000000e+00
3.400000000000000244e-01,0.000000000000000000e+00,0.000000000000000000e+00,1.692716330289840698e-01,0.000000000000000000e+00
3.599999999999999867e-01,0.000000000000000000e+00,0.000000000000000000e+00,1.780640780925750732e-01,0.000000000000000000e+00
3.800000000000000044e-01,0.000000000000000000e+00,0.000000000000000000e+00,1.873229146003723145e-01,0.000000000000000000e+00
4.000000000000000222e-01,0.000000000000000000e+00,0.000000000000000000e+00,1.970434337854385376e-01,0.000000000000000000e+00
4.199999999999999845e-01,0.000000000000000000e+00,0.000000000000000000e+00,2.072205096483230591e-01,0.000000000000000000e+00
4.400000000000000022e-01,0.000000000000000000e+00,0.000000000000000000e+00,2.178553044795989990e-01,0.000000000000000000e+00
4.600000000000000200e-01,0.000000000000000000e+00,0.000000000000000000e+00,2.289496660232543945e-01,0.000000000000000000e+00
4.799999999999999822e-01,0.000000000000000000e+00,0.000000000000000000e+00,2.405014634132385254e-01,0.000000000000000000e+00
5.000000000000000000e-01,0.000000000000000000e+00,0.000000000000000000e+00,2.525067925453186035e-01,0.000000000000000000e+00
5.200000000000000178e-01,0.000000000000000000e+00,0.000000000000000000e+00,2.649606764316558838e-01,0.000000000000000000e+00
5.400000000000000355e-01,0.000000000000000000e+00,0.000000000000000000e+00,2.778580188751220703e-01,0.000000000000000000e+00
5.600000000000000533e-01,0.000000000000000000e+00,0.000000000000000000e+00,2.911944091320037842e-01,0.000000000000000000e+00
5.799999999999999600e-01,0.000000000000000000e+00,0.000000000000000000e+00,3.049660325050354004e-01,0.000000000000000000e+00
5.999999999999999778e-01,0.000000000000000000e+00,0.000000000000000000e+00,3.191690146923065186e-01,0.000000000000000000e+00
6.199999999999999956e-01,0.000000000000000000e+00,0.000000000000000000e+00,3.337992429733276367e-01,0.000000000000000000e+00
6.400000000000000133e-01,0.000000000000000000e+00,0.000000000000000000e+00,3.488526940345764160e-01,0.000000000000000000e+00
6.600000000000000311e-01,0.000000000000000000e+00,0.000000000000000000e+00,3.643256425857543945e-01,0.000000000000000000e+00
6.800000000000000488e-01,0.000000000000000000e+00,0.000000000000000000e+00,3.802145719528198242e-01,0.000000000000000000e+00
7.000000000000000666e-01,0.000000000000000000e+00,0.000000000000000000e+00,3.965156972408294678e-01,0.000000000000000000e+00
7.199999999999999734e-01,0.000000000000000000e+00,0.000000000000000000e+00,4.132250249385833740e-01,0.000000000000000000e+00
7.399999999999999911e-01,0.000000000000000000e+00,0.000000000000000000e+00,4.303390085697174072e-01,0.000000000000000000e+00
7.600000000000000089e-01,0.000000000000000000e+00,0.000000000000000000e+00,4.478543102741241455e-01,0.000000000000000000e+00
7.800000000000000266e-01,0.000000000000000000e+00,0.000000000000000000e+00,4.657676219940185547e-01,0.000000000000000000e+00
8.000000000000000444e-01,0.000000000000000000e+00,0.000000000000000000e+00,4.840752184391021729e-01,0.000000000000000000e+00
8.200000000000000622e-01,0.000000000000000000e+00,0.000000000000000000e+00,5.027729868888854980e-01,0.000000000000000000e+00
8.399999999999999689e-01,0.000000000000000000e+00,0.000000000000000000e+00,5.218571424484252930e-01,0.000000000000000000e+00
8.599999999999999867e-01,0.000000000000000000e+00,0.000000000000000000e+00,5.413242578506469727e-01,0.000000000000000000e+00
8.800000000000000044e-01,0.000000000000000000e+00,0.000000000000000000e+00,5.611711740493774414e-01,0.000000000000000000e+00
9.000000000000000222e-01,0.000000000000000000e+00,0.000000000000000000e+00,5.813945531845092773e-01,0.000000000000000000e+00
9.200000000000000400e-01,0.000000000000000000e+00,0.000000000000000000e+00,6.019909977912902832e-01,0.000000000000000000e+00
9.400000000000000577e-01,0.000000000000000000e+00,0.000000000000000000e+00,6.229573488235473633e-01,0.000000000000000000e+00
9.599999999999999645e-01,0.000000000000000000e+00,0.000000000000000000e+00,6.442906856536865234e-01,0.000000000000000000e+00
9.799999999999999822e-01,0.000000000000000000e+00,0.000000000000000000e+00,6.659880876541137695e-01,0.000000000000000000e+00
1.000000000000000000e+00,0.000000000000000000e+00,0.000000000000000000e+00,6.880461573600769043e-01,0.000000000000000000e+00
1.020000000000000018e+00,0.000000000000000000e+00,0.000000000000000000e+00,7.104610800743103027e-01,0.000000000000000000e+00
1.040000000000000036e+00,0.000000000000000000e+00,0.000000000000000000e+00,7.332293987274169922e-01,0.000000000000000000e+00
1.060000000000000053e+00,0.000000000000000000e+00,0.000000000000000000e+00,7.563481926918029785e-01,0.000000000000000000e+00
1.080000000000000071e+00,0.000000000000000000e+00,0.000000000000000000e+00,7.798146605491638184e-01,0.000000000000000000e+00
1.100000000000000089e+00,0.000000000000000000e+00,0.000000000000000000e+00,8.036257028579711914e-01,0.000000000000000000e+00
1.120000000000000107e+00,0.000000000000000000e+00,0.000000000000000000e+00,8.277776241302490234e-01,0.000000000000000000e+00
1.140000000000000124e+00,0.000000000000000000e+00,0.000000000000000000e+00,8.522671461105346680e-01,0.000000000000000000e+00
1.159999999999999920e+00,0.000000000000000000e+00,0.000000000000000000e+00,8.770915269851684570e-01,0.000000000000000000e+00
1.179999999999999938e+00,0.000000000000000000e+00,0.000000000000000000e+00,9.022481441497802734e-01,0.000000000000000000e+00
1.199999999999999956e+00,0.000000000000000000e+00,0.000000000000000000e+00,9.277340173721313477e-01,0.000000000000000000e+00
1.219999999999999973e+00,0.000000000000000000e+00,0.000000000000000000e+00,9.535458683967590332e-01,0.000000000000000000e+00
1.239999999999999991e+00,0.000000000000000000e+00,0.000000000000000000e+00,9.796805381774902344e-01,0.000000000000000000e+00
1.260000000000000009e+00,0.000000000000000000e+00,0.000000000000000000e+00,1.006135225296020508e+00,1.000000000000000000e+00
1.280000000000000027e+00,0.000000000000000000e+00,0.000000000000000000e+00,1.032874822616577148e+00,1.000000000000000000e+00
1.300000000000000044e+00,0.000000000000000000e+00,0.000000000000000000e+00,1.059838771820068359e+00,1.000000000000000000e+00
1.320000000000000062e+00,0.000000000000000000e+00,0.000000000000000000e+00,1.086979985237121582e+00,1.000000000000000000e+00
1.340000000000000080e+00,0.000000000000000000e+00,0.000000000000000000e+00,1.114269614219665527e+00,1.000000000000000000e+00
1.360000000000000098e+00,0.000000000000000000e+00,0.000000000000000000e+00,1.141689896583557129e+00,1.000000000000000000e+00
1.380000000000000115e+00,0.000000000000000000e+00,0.000000000000000000e+00,1.169228315353393555e+00,1.000000000000000000e+00
1.400000000000000133e+00,0.000000000000000000e+00,0.000000000000000000e+00,1.196873664855957031e+00,1.000000000000000000e+00
1.419999999999999929e+00,0.000000000000000000e+00,0.000000000000000000e+00,1.224620819091796875e+00,1.000000000000000000e+00
1.439999999999999947e+00,0.000000000000000000e+00,0.000000000000000000e+00,1.252468585968017578e+00,1.000000000000000000e+00
1.459999999999999964e+00,0.000000000000000000e+00,0.000000000000000000e+00,1.280415415763854980e+00,1.000000000000000000e+00
1.479999999999999982e+00,0.000000000000000000e+00,0.000000000000000000e+00,1.308458209037780762e+00,1.000000000000000000e+00
1.500000000000000000e+00,0.000000000000000000e+00,0.000000000000000000e+00,1.336592078208923340e+00,1.000000000000000000e+00
1.520000000000000018e+00,0.000000000000000000e+00,0.000000000000000000e+00,1.364812612533569336e+00,1.000000000000000000e+00
1.540000000000000036e+00,0.000000000000000000e+00,0.000000000000000000e+00,1.393116831779479980e+00,1.000000000000000000e+00
1.560000000000000053e+00,0.000000000000000000e+00,0.000000000000000000e+00,1.421501517295837402e+00,1.000000000000000000e+00
1.580000000000000071e+00,0.000000000000000000e+00,0.000000000000000000e+00,1.449962735176086426e+00,1.000000000000000000e+00
1.600000000000000089e+00,0.000000000000000000e+00,0.000000000000000000e+00,1.478495359420776367e+00,1.000000000000000000e+00
1.620000000000000107e+00,0.000000000000000000e+00,0.000000000000000000e+00,1.507102489471435547e+00,1.000000000000000000e+00
1.640000000000000124e+00,0.000000000000000000e+00,0.000000000000000000e+00,1.535791397094726562e+00,1.000000000000000000e+00
1.660000000000000142e+00,0.000000000000000000e+00,0.000000000000000000e+00,1.564564585685729980e+00,1.000000000000000000e+00
1.679999999999999938e+00,0.000000000000000000e+00,0.000000000000000000e+00,1.593420743942260742e+00,1.000000000000000000e+00
1.699999999999999956e+00,0.000000000000000000e+00,0.000000000000000000e+00,1.622356772422790527e+00,1.000000000000000000e+00
1.719999999999999973e+00,0.000000000000000000e+00,0.000000000000000000e+00,1.651372313499450684e+00,1.000000000000000000e+00
1.739999999999999991e+00,0.000000000000000000e+00,0.000000000000000000e+00,1.680468916893005371e+00,1.000000000000000000e+00
1.760000000000000009e+00,0.000000000000000000e+00,0.000000000000000000e+00,1.709645748138427734e+00,1.000000000000000000e+00
1.780000000000000027e+00,0.000000000000000000e+00,0.000000000000000000e+00,1.738900899887084961e+00,1.000000000000000000e+00
1.800000000000000044e+00,0.000000000000000000e+00,0.000000000000000000e+00,1.768230319023132324e+00,1.000000000000000000e+00
1.820000000000000062e+00,0.000000000000000000e+00,0.000000000000000000e+00,1.797630786895751953e+00,1.000000000000000000e+00
1.840000000000000080e+00,0.000000000000000000e+00,0.000000000000000000e+00,1.827099442481994629e+00,1.000000000000000000e+00
1.860000000000000098e+00,0.000000000000000000e+00,0.000000000000000000e+00,1.856633663177490234e+00,1.000000000000000000e+00
1.880000000000000115e+00,0.000000000000000000e+00,0.000000000000000000e+00,1.886229515075683594e+00,1.000000000000000000e+00
1.900000000000000133e+00,0.000000000000000000e+00,0.000000000000000000e+00,1.915882349014282227e+00,1.000000000000000000e+00
1.919999999999999929e+00,0.000000000000000000e+00,0.000000000000000000e+00,1.945590734481811523e+00,1.000000000000000000e+00
1.939999999999999947e+00,0.000000000000000000e+00,0.000000000000000000e+00,1.975354909896850586e+00,1.000000000000000000e+00
1.959999999999999964e+00,0.000000000000000000e+00,0.000000000000000000e+00,2.005174398422241211e+00,1.000000000000000000e+00
1.979999999999999982e+00,0.000000000000000000e+00,0.000000000000000000e+00,2.035046577453613281e+00,1.000000000000000000e+00
2.000000000000000000e+00,0.000000000000000000e+00,0.000000000000000000e+00,2.064968109130859375e+00,1.000000000000000000e+00
2.020000000000000018e+00,0.000000000000000000e+00,0.000000000000000000e+00,2.094943284988403320e+00,1.000000000000000000e+00
2.040000000000000036e+00,0.000000000000000000e+00,0.000000000000000000e+00,2.124979734420776367e+00,1.000000000000000000e+00
2.060000000000000053e+00,0.000000000000000000e+00,0.000000000000000000e+00,2.155081272125244141e+00,1.000000000000000000e+00
2.080000000000000071e+00,0.000000000000000000e+00,0.000000000000000000e+00,2.185247182846069336e+00,1.000000000000000000e+00
2.100000000000000089e+00,0.000000000000000000e+00,0.000000000000000000e+00,2.215474605560302734e+00,1.000000000000000000e+00
2.120000000000000107e+00,0.000000000000000000e+00,0.000000000000000000e+00,2.245763301849365234e+00,1.000000000000000000e+00
2.140000000000000124e+00,0.000000000000000000e+00,0.000000000000000000e+00,2.276115179061889648e+00,1.000000000000000000e+00
2.160000000000000142e+00,0.000000000000000000e+00,0.000000000000000000e+00,2.306529998779296875e+00,1.000000000000000000e+00
2.180000000000000160e+00,0.000000000000000000e+00,0.000000000000000000e+00,2.337005853652954102e+00,1.000000000000000000e+00
2.200000000000000178e+00,0.000000000000000000e+00,0.000000000000000000e+00,2.367538928985595703e+00,1.000000000000000000e+00
2.220000000000000195e+00,0.000000000000000000e+00,0.000000000000000000e+00,2.398125171661376953e+00,1.000000000000000000e+00
2.240000000000000213e+00,0.000000000000000000e+00,0.000000000000000000e+00,2.428761720657348633e+00,1.000000000000000000e+00
2.260000000000000231e+00,0.000000000000000000e+00,0.000000000000000000e+00,2.459445476531982422e+00,1.000000000000000000e+00
2.280000000000000249e+00,0.000000000000000000e+00,0.000000000000000000e+00,2.490172863006591797e+00,1.000000000000000000e+00
2.300000000000000266e+00,0.000000000000000000e+00,0.000000000000000000e+00,2.520938873291015625e+00,1.000000000000000000e+00
2.319999999999999840e+00,0.000000000000000000e+00,0.000000000000000000e+00,2.551746129989624023e+00,1.000000000000000000e+00
2.339999999999999858e+00,0.000000000000000000e+00,0.000000000000000000e+00,2.582599878311157227e+00,1.000000000000000000e+00
2.359999999999999876e+00,0.000000000000000000e+00,0.000000000000000000e+00,2.613502025604248047e+00,1.000000000000000000e+00
2.379999999999999893e+00,0.000000000000000000e+00,0.000000000000000000e+00,2.644451141357421875e+00,1.000000000000000000e+00
2.399999999999999911e+00,0.000000000000000000e+00,0.000000000000000000e+00,2.675444364547729492e+00,1.000000000000000000e+00
2.419999999999999929e+00,0.000000000000000000e+00,0.000000000000000000e+00,2.706481695175170898e+00,1.000000000000000000e+00
2.439999999999999947e+00,0.000000000000000000e+00,0.000000000000000000e+00,2.737565517425537109e+00,1.000000000000000000e+00
2.459999999999999964e+00,0.000000000000000000e+00,0.000000000000000000e+00,2.768695831298828125e+00,1.000000000000000000e+00
2.479999999999999982e+00,0.000000000000000000e+00,0.000000000000000000e+00,2.799870729446411133e+00,1.000000000000000000e+00
2.500000000000000000e+00,0.000000000000000000e+00,0.000000000000000000e+00,2.831086635589599609e+00,1.000000000000000000e+00
2.520000000000000018e+00,0.000000000000000000e+00,0.000000000000000000e+00,2.862342596054077148e+00,1.000000000000000000e+00
2.540000000000000036e+00,0.000000000000000000e+00,0.000000000000000000e+00,2.893638849258422852e+00,1.000000000000000000e+00
2.560000000000000053e+00,0.000000000000000000e+00,0.000000000000000000e+00,2.924974918365478516e+00,1.000000000000000000e+00
2.580000000000000071e+00,0.000000000000000000e+00,0.000000000000000000e+00,2.956348657608032227e+00,1.000000000000000000e+00
2.600000000000000089e+00,0.000000000000000000e+00,0.000000000000000000e+00,2.987756967544555664e+00,1.000000000000000000e+00
2.620000000000000107e+00,0.000000000000000000e+00,0.000000000000000000e+00,3.019200563430786133e+00,1.000000000000000000e+00
2.640000000000000124e+00,0.000000000000000000e+00,0.000000000000000000e+00,3.050683021545410156e+00,1.000000000000000000e+00
2.660000000000000142e+00,0.000000000000000000e+00,0.000000000000000000e+00,3.082205057144165039e+00,1.000000000000000000e+00
2.680000000000000160e+00,0.000000000000000000e+00,0.000000000000000000e+00,3.113765239715576172e+00,1.000000000000000000e+00
2.700000000000000178e+00,0.000000000000000000e+00,0.000000000000000000e+00,3.145360231399536133e+00,1.000000000000000000e+00
2.720000000000000195e+00,0.000000000000000000e+00,0.000000000000000000e+00,3.176987409591674805e+00,1.000000000000000000e+00
2.740000000000000213e+00,0.000000000000000000e+00,0.000000000000000000e+00,3.208645820617675781e+00,1.000000000000000000e+00
2.760000000000000231e+00,0.000000000000000000e+00,0.000000000000000000e+00,3.240332841873168945e+00,1.000000000000000000e+00
2.780000000000000249e+00,0.000000000000000000e+00,0.000000000000000000e+00,3.272045850753784180e+00,1.000000000000000000e+00
2.800000000000000266e+00,0.000000000000000000e+00,0.000000000000000000e+00,3.303780794143676758e+00,1.000000000000000000e+00
2.819999999999999840e+00,0.000000000000000000e+00,0.000000000000000000e+00,3.335540056228637695e+00,1.000000000000000000e+00
2.839999999999999858e+00,0.000000000000000000e+00,0.000000000000000000e+00,3.367327690124511719e+00,1.000000000000000000e+00
2.859999999999999876e+00,0.000000000000000000e+00,0.000000000000000000e+00,3.399145841598510742e+00,1.000000000000000000e+00
2.879999999999999893e+00,0.000000000000000000e+00,0.000000000000000000e+00,3.430992126464843750e+00,1.000000000000000000e+00
2.899999999999999911e+00,0.000000000000000000e+00,0.000000000000000000e+00,3.462863922119140625e+00,1.000000000000000000e+00
2.919999999999999929e+00,0.000000000000000000e+00,0.000000000000000000e+00,3.494762659072875977e+00,1.000000000000000000e+00
2.939999999999999947e+00,0.000000000000000000e+00,0.000000000000000000e+00,3.526690483093261719e+00,1.000000000000000000e+00
2.959999999999999964e+00,0.000000000000000000e+00,0.000000000000000000e+00,3.558648824691772461e+00,1.000000000000000000e+00
2.979999999999999982e+00,0.000000000000000000e+00,0.000000000000000000e+00,3.590635776519775391e+00,1.000000000000000000e+00
3.000000000000000000e+00,0.000000000000000000e+00,0.000000000000000000e+00,3.622648239135742188e+00,1.000000000000000000e+00
3.020000000000000018e+00,0.000000000000000000e+00,0.000000000000000000e+00,3.654685258865356445e+00,1.000000000000000000e+00
3.040000000000000036e+00,0.000000000000000000e+00,0.000000000000000000e+00,3.686746835708618164e+00,1.000000000000000000e+00
3.060000000000000053e+00,0.000000000000000000e+00,0.000000000000000000e+00,3.718832015991210938e+00,1.000000000000000000e+00
3.080000000000000071e+00,0.000000000000000000e+00,0.000000000000000000e+00,3.750939130783081055e+00,1.000000000000000000e+00
3.100000000000000089e+00,0.000000000000000000e+00,0.000000000000000000e+00,3.783064603805541992e+00,1.000000000000000000e+00
3.120000000000000107e+00,0.000000000000000000e+00,0.000000000000000000e+00,3.815209865570068359e+00,1.000000000000000000e+00
3.140000000000000124e+00,0.000000000000000000e+00,0.000000000000000000e+00,3.847379684448242188e+00,1.000000000000000000e+00
3.160000000000000142e+00,0.000000000000000000e+00,0.000000000000000000e+00,3.879575729370117188e+00,1.000000000000000000e+00
3.180000000000000160e+00,0.000000000000000000e+00,0.000000000000000000e+00,3.911796808242797852e+00,1.000000000000000000e+00
3.200000000000000178e+00,0.000000000000000000e+00,0.000000000000000000e+00,3.944040536880493164e+00,1.000000000000000000e+00
3.220000000000000195e+00,0.000000000000000000e+00,0.000000000000000000e+00,3.976306200027465820e+00,1.000000000000000000e+00
3.240000000000000213e+00,0.000000000000000000e+00,0.000000000000000000e+00,4.008594036102294922e+00,1.000000000000000000e+00
3.260000000000000231e+00,0.000000000000000000e+00,0.000000000000000000e+00,4.040903568267822266e+00,1.000000000000000000e+00
3.280000000000000249e+00,0.000000000000000000e+00,0.000000000000000000e+00,4.073232650756835938e+00,1.000000000000000000e+00
3.300000000000000266e+00,0.000000000000000000e+00,0.000000000000000000e+00,4.105578422546386719e+00,1.000000000000000000e+00
3.320000000000000284e+00,0.000000000000000000e+00,0.000000000000000000e+00,4.137943267822265625e+00,1.000000000000000000e+00
3.339999999999999858e+00,0.000000000000000000e+00,0.000000000000000000e+00,4.170332431793212891e+00,1.000000000000000000e+00
3.359999999999999876e+00,0.000000000000000000e+00,0.000000000000000000e+00,4.202746391296386719e+00,1.000000000000000000e+00
3.379999999999999893e+00,0.000000000000000000e+00,0.000000000000000000e+00,4.235185623168945312e+00,1.000000000000000000e+00
3.399999999999999911e+00,0.000000000000000000e+00,0.000000000000000000e+00,4.267645359039306641e+00,1.000000000000000000e+00
3.419999999999999929e+00,0.000000000000000000e+00,0.000000000000000000e+00,4.300124645233154297e+00,1.000000000000000000e+00
3.439999999999999947e+00,0.000000000000000000e+00,0.000000000000000000e+00,4.332619667053222656e+00,1.000000000000000000e+00
3.459999999999999964e+00,0.000000000000000000e+00,0.000000000000000000e+00,4.365128040313720703e+00,1.000000000000000000e+00
3.479999999999999982e+00,0.000000000000000000e+00,0.000000000000000000e+00,4.397647857666015625e+00,1.000000000000000000e+00
3.500000000000000000e+00,0.000000000000000000e+00,0.000000000000000000e+00,4.430174827575683594e+00,1.000000000000000000e+00
3.520000000000000018e+00,0.000000000000000000e+00,0.000000000000000000e+00,4.462708473205566406e+00,1.000000000000000000e+00
3.540000000000000036e+00,0.000000000000000000e+00,0.000000000000000000e+00,4.495251178741455078e+00,1.000000000000000000e+00
3.560000000000000053e+00,0.000000000000000000e+00,0.000000000000000000e+00,4.527803421020507812e+00,1.000000000000000000e+00
3.580000000000000071e+00,0.000000000000000000e+00,0.000000000000000000e+00,4.560364246368408203e+00,1.000000000000000000e+00
3.600000000000000089e+00,0.000000000000000000e+00,0.000000000000000000e+00,4.592930793762207031e+00,1.000000000000000000e+00
3.620000000000000107e+00,0.000000000000000000e+00,0.000000000000000000e+00,4.625505924224853516e+00,1.000000000000000000e+00
3.640000000000000124e+00,0.000000000000000000e+00,0.000000000000000000e+00,4.658095359802246094e+00,1.000000000000000000e+00
3.660000000000000142e+00,0.000000000000000000e+00,0.000000000000000000e+00,4.690701484680175781e+00,1.000000000000000000e+00
3.680000000000000160e+00,0.000000000000000000e+00,0.000000000000000000e+00,4.723323345184326172e+00,1.000000000000000000e+00
3.700000000000000178e+00,0.000000000000000000e+00,0.000000000000000000e+00,4.755958080291748047e+00,1.000000000000000000e+00
3.720000000000000195e+00,0.000000000000000000e+00,0.000000000000000000e+00,4.788604736328125000e+00,1.000000000000000000e+00
3.740000000000000213e+00,0.000000000000000000e+00,0.000000000000000000e+00,4.821260452270507812e+00,1.000000000000000000e+00
3.760000000000000231e+00,0.000000000000000000e+00,0.000000000000000000e+00,4.853923320770263672e+00,1.000000000000000000e+00
3.780000000000000249e+00,0.000000000000000000e+00,0.000000000000000000e+00,4.886590003967285156e+00,1.000000000000000000e+00
3.800000000000000266e+00,0.000000000000000000e+00,0.000000000000000000e+00,4.919258117675781250e+00,1.000000000000000000e+00
3.820000000000000284e+00,0.000000000000000000e+00,0.000000000000000000e+00,4.951923847198486328e+00,1.000000000000000000e+00
3.839999999999999858e+00,0.000000000000000000e+00,0.000000000000000000e+00,4.984589576721191406e+00,1.000000000000000000e+00
3.859999999999999876e+00,0.000000000000000000e+00,0.000000000000000000e+00,5.017252922058105469e+00,1.000000000000000000e+00
3.879999999999999893e+00,0.000000000000000000e+00,0.000000000000000000e+00,5.049912929534912109e+00,1.000000000000000000e+00
3.899999999999999911e+00,0.000000000000000000e+00,0.000000000000000000e+00,5.082566738128662109e+00,1.000000000000000000e+00
3.919999999999999929e+00,0.000000000000000000e+00,0.000000000000000000e+00,5.115216255187988281e+00,1.000000000000000000e+00
3.939999999999999947e+00,0.000000000000000000e+00,0.000000000000000000e+00,5.147865295410156250e+00,1.000000000000000000e+00
3.959999999999999964e+00,0.000000000000000000e+00,0.000000000000000000e+00,5.180516719818115234e+00,1.000000000000000000e+00
3.979999999999999982e+00,0.000000000000000000e+00,0.000000000000000000e+00,5.213168144226074219e+00,1.000000000000000000e+00
4.000000000000000000e+00,0.000000000000000000e+00,0.000000000000000000e+00,5.245818138122558594e+00,1.000000000000000000e+00
4.020000000000000462e+00,0.000000000000000000e+00,0.000000000000000000e+00,5.278467178344726562e+00,1.000000000000000000e+00
4.040000000000000036e+00,0.000000000000000000e+00,0.000000000000000000e+00,5.311113834381103516e+00,1.000000000000000000e+00
4.060000000000000497e+00,0.000000000000000000e+00,0.000000000000000000e+00,5.343760013580322266e+00,1.000000000000000000e+00
4.080000000000000071e+00,0.000000000000000000e+00,0.000000000000000000e+00,5.376403331756591797e+00,1.000000000000000000e+00
4.099999999999999645e+00,0.000000000000000000e+00,0.000000000000000000e+00,5.409040927886962891e+00,1.000000000000000000e+00
4.120000000000000107e+00,0.000000000000000000e+00,0.000000000000000000e+00,5.441672801971435547e+00,1.000000000000000000e+00
4.139999999999999680e+00,0.000000000000000000e+00,0.000000000000000000e+00,5.474297046661376953e+00,1.000000000000000000e+00
4.160000000000000142e+00,0.000000000000000000e+00,0.000000000000000000e+00,5.506912231445312500e+00,1.000000000000000000e+00
4.179999999999999716e+00,0.000000000000000000e+00,0.000000000000000000e+00,5.539516448974609375e+00,1.000000000000000000e+00
4.200000000000000178e+00,0.000000000000000000e+00,0.000000000000000000e+00,5.572108268737792969e+00,1.000000000000000000e+00
4.219999999999999751e+00,0.000000000000000000e+00,0.000000000000000000e+00,5.604690551757812500e+00,1.000000000000000000e+00
4.240000000000000213e+00,0.000000000000000000e+00,0.000000000000000000e+00,5.637266159057617188e+00,1.000000000000000000e+00
4.259999999999999787e+00,0.000000000000000000e+00,0.000000000000000000e+00,5.669836044311523438e+00,1.000000000000000000e+00
4.280000000000000249e+00,0.000000000000000000e+00,0.000000000000000000e+00,5.702400207519531250e+00,1.000000000000000000e+00
4.299999999999999822e+00,0.000000000000000000e+00,0.000000000000000000e+00,5.734957218170166016e+00,1.000000000000000000e+00
4.320000000000000284e+00,0.000000000000000000e+00,0.000000000000000000e+00,5.767503738403320312e+00,1.000000000000000000e+00
4.339999999999999858e+00,0.000000000000000000e+00,0.000000000000000000e+00,5.800035953521728516e+00,1.000000000000000000e+00
4.360000000000000320e+00,0.000000000000000000e+00,0.000000000000000000e+00,5.832551002502441406e+00,1.000000000000000000e+00
4.379999999999999893e+00,0.000000000000000000e+00,0.000000000000000000e+00,5.865046024322509766e+00,1.000000000000000000e+00
4.400000000000000355e+00,0.000000000000000000e+00,0.000000000000000000e+00,5.897520542144775391e+00,1.000000000000000000e+00
4.419999999999999929e+00,0.000000000000000000e+00,0.000000000000000000e+00,5.929975032806396484e+00,1.000000000000000000e+00
4.440000000000000391e+00,0.000000000000000000e+00,0.000000000000000000e+00,5.962411403656005859e+00,1.000000000000000000e+00
4.459999999999999964e+00,0.000000000000000000e+00,0.000000000000000000e+00,5.994829654693603516e+00,1.000000000000000000e+00
4.480000000000000426e+00,0.000000000000000000e+00,0.000000000000000000e+00,6.027230262756347656e+00,1.000000000000000000e+00
4.500000000000000000e+00,0.000000000000000000e+00,0.000000000000000000e+00,6.059611797332763672e+00,1.000000000000000000e+00
4.520000000000000462e+00,0.000000000000000000e+00,0.000000000000000000e+00,6.091976642608642578e+00,1.000000000000000000e+00
4.540000000000000036e+00,0.000000000000000000e+00,0.000000000000000000e+00,6.124327659606933594e+00,1.000000000000000000e+00
4.560000000000000497e+00,0.000000000000000000e+00,0.000000000000000000e+00,6.156666755676269531e+00,1.000000000000000000e+00
4.580000000000000071e+00,0.000000000000000000e+00,0.000000000000000000e+00,6.188993930816650391e+00,1.000000000000000000e+00
4.600000000000000533e+00,0.000000000000000000e+00,0.000000000000000000e+00,6.221306324005126953e+00,1.000000000000000000e+00
4.620000000000000107e+00,0.000000000000000000e+00,0.000000000000000000e+00,6.253607273101806641e+00,1.000000000000000000e+00
4.639999999999999680e+00,0.000000000000000000e+00,0.000000000000000000e+00,6.285899639129638672e+00,1.000000000000000000e+00
4.660000000000000142e+00,0.000000000000000000e+00,0.000000000000000000e+00,6.318184852600097656e+00,1.000000000000000000e+00
4.679999999999999716e+00,0.000000000000000000e+00,0.000000000000000000e+00,6.350462913513183594e+00,1.000000000000000000e+00
4.700000000000000178e+00,0.000000000000000000e+00,0.000000000000000000e+00,6.382731914520263672e+00,1.000000000000000000e+00
4.719999999999999751e+00,0.000000000000000000e+00,0.000000000000000000e+00,6.414989948272705078e+00,1.000000000000000000e+00
4.740000000000000213e+00,0.000000000000000000e+00,0.000000000000000000e+00,6.447236061096191406e+00,1.000000000000000000e+00
4.759999999999999787e+00,0.000000000000000000e+00,0.000000000000000000e+00,6.479467391967773438e+00,1.000000000000000000e+00
4.780000000000000249e+00,0.000000000000000000e+00,0.000000000000000000e+00,6.511682987213134766e+00,1.000000000000000000e+00
4.799999999999999822e+00,0.000000000000000000e+00,0.000000000000000000e+00,6.543881893157958984e+00,1.000000000000000000e+00
4.820000000000000284e+00,0.000000000000000000e+00,0.000000000000000000e+00,6.576064586639404297e+00,1.000000000000000000e+00
4.839999999999999858e+00,0.000000000000000000e+00,0.000000000000000000e+00,6.608232975006103516e+00,1.000000000000000000e+00
4.860000000000000320e+00,0.000000000000000000e+00,0.000000000000000000e+00,6.640388011932373047e+00,1.000000000000000000e+00
4.879999999999999893e+00,0.000000000000000000e+00,0.000000000000000000e+00,6.672529220581054688e+00,1.000000000000000000e+00
4.900000000000000355e+00,0.000000000000000000e+00,0.000000000000000000e+00,6.704655647277832031e+00,1.000000000000000000e+00
4.919999999999999929e+00,0.000000000000000000e+00,0.000000000000000000e+00,6.736767292022705078e+00,1.000000000000000000e+00
4.940000000000000391e+00,0.000000000000000000e+00,0.000000000000000000e+00,6.768864154815673828e+00,1.000000000000000000e+00
4.959999999999999964e+00,0.000000000000000000e+00,0.000000000000000000e+00,6.800945281982421875e+00,1.000000000000000000e+00
4.980000000000000426e+00,0.000000000000000000e+00,0.000000000000000000e+00,6.833010196685791016e+00,1.000000000000000000e+00
5.000000000000000000e+00,0.000000000000000000e+00,0.000000000000000000e+00,6.865058422088623047e+00,1.000000000000000000e+00
5.020000000000000462e+00,0.000000000000000000e+00,0.000000000000000000e+00,6.897090911865234375e+00,1.000000000000000000e+00
5.040000000000000036e+00,0.000000000000000000e+00,0.000000000000000000e+00,6.929108142852783203e+00,1.000000000000000000e+00
5.060000000000000497e+00,0.000000000000000000e+00,0.000000000000000000e+00,6.961110115051269531e+00,1.000000000000000000e+00
5.080000000000000071e+00,0.000000000000000000e+00,0.000000000000000000e+00,6.993096351623535156e+00,1.000000000000000000e+00
5.100000000000000533e+00,0.000000000000000000e+00,0.000000000000000000e+00,7.025066852569580078e+00,1.000000000000000000e+00
5.120000000000000107e+00,0.000000000000000000e+00,0.000000000000000000e+00,7.057019710540771484e+00,1.000000000000000000e+00
5.139999999999999680e+00,0.000000000000000000e+00,0.000000000000000000e+00,7.088953018188476562e+00,1.000000000000000000e+00
5.160000000000000142e+00,0.000000000000000000e+00,0.000000000000000000e+00,7.120865345001220703e+00,1.000000000000000000e+00
5.179999999999999716e+00,0.000000000000000000e+00,0.000000000000000000e+00,7.152755737304687500e+00,1.000000000000000000e+00
5.200000000000000178e+00,0.000000000000000000e+00,0.000000000000000000e+00,7.184622764587402344e+00,1.000000000000000000e+00
5.219999999999999751e+00,0.000000000000000000e+00,0.000000000000000000e+00,7.216468811035156250e+00,1.000000000000000000e+00
5.240000000000000213e+00,0.000000000000000000e+00,0.000000000000000000e+00,7.248294353485107422e+00,1.000000000000000000e+00
5.259999999999999787e+00,0.000000000000000000e+00,0.000000000000000000e+00,7.280100345611572266e+00,1.000000000000000000e+00
5.280000000000000249e+00,0.000000000000000000e+00,0.000000000000000000e+00,7.311885356903076172e+00,1.000000000000000000e+00
5.299999999999999822e+00,0.000000000000000000e+00,0.000000000000000000e+00,7.343650817871093750e+00,1.000000000000000000e+00
5.320000000000000284e+00,0.000000000000000000e+00,0.000000000000000000e+00,7.375397682189941406e+00,1.000000000000000000e+00
5.339999999999999858e+00,0.000000000000000000e+00,0.000000000000000000e+00,7.407128810882568359e+00,1.000000000000000000e+00
5.360000000000000320e+00,0.000000000000000000e+00,0.000000000000000000e+00,7.438844680786132812e+00,1.000000000000000000e+00
5.379999999999999893e+00,0.000000000000000000e+00,0.000000000000000000e+00,7.470546245574951172e+00,1.000000000000000000e+00
5.400000000000000355e+00,0.000000000000000000e+00,0.000000000000000000e+00,7.502233028411865234e+00,1.000000000000000000e+00
5.419999999999999929e+00,0.000000000000000000e+00,0.000000000000000000e+00,7.533902168273925781e+00,1.000000000000000000e+00
5.440000000000000391e+00,0.000000000000000000e+00,0.000000000000000000e+00,7.565547466278076172e+00,1.000000000000000000e+00
5.459999999999999964e+00,0.000000000000000000e+00,0.000000000000000000e+00,7.597165584564208984e+00,1.000000000000000000e+00
5.480000000000000426e+00,0.000000000000000000e+00,0.000000000000000000e+00,7.628754615783691406e+00,1.000000000000000000e+00
5.500000000000000000e+00,0.000000000000000000e+00,0.000000000000000000e+00,7.660314559936523438e+00,1.000000000000000000e+00
5.520000000000000462e+00,0.000000000000000000e+00,0.000000000000000000e+00,7.691844940185546875e+00,1.000000000000000000e+00
5.540000000000000036e+00,0.000000000000000000e+00,0.000000000000000000e+00,7.723346710205078125e+00,1.000000000000000000e+00
5.560000000000000497e+00,0.000000000000000000e+00,0.000000000000000000e+00,7.754821300506591797e+00,1.000000000000000000e+00
5.580000000000000071e+00,0.000000000000000000e+00,0.000000000000000000e+00,7.786269187927246094e+00,1.000000000000000000e+00
5.600000000000000533e+00,0.000000000000000000e+00,0.000000000000000000e+00,7.817691326141357422e+00,1.000000000000000000e+00
5.620000000000000107e+00,0.000000000000000000e+00,0.000000000000000000e+00,7.849088668823242188e+00,1.000000000000000000e+00
5.639999999999999680e+00,0.000000000000000000e+00,0.000000000000000000e+00,7.880460262298583984e+00,1.000000000000000000e+00
5.660000000000000142e+00,0.000000000000000000e+00,0.000000000000000000e+00,7.911807537078857422e+00,1.000000000000000000e+00
5.679999999999999716e+00,0.000000000000000000e+00,0.000000000000000000e+00,7.943128585815429688e+00,1.000000000000000000e+00
5.700000000000000178e+00,0.000000000000000000e+00,0.000000000000000000e+00,7.974425792694091797e+00,1.000000000000000000e+00
5.719999999999999751e+00,0.000000000000000000e+00,0.000000000000000000e+00,8.005699157714843750e+00,1.000000000000000000e+00
5.740000000000000213e+00,0.000000000000000000e+00,0.000000000000000000e+00,8.036946296691894531e+00,1.000000000000000000e+00
5.759999999999999787e+00,0.000000000000000000e+00,0.000000000000000000e+00,8.068168640136718750e+00,1.000000000000000000e+00
5.780000000000000249e+00,0.000000000000000000e+00,0.000000000000000000e+00,8.099363327026367188e+00,1.000000000000000000e+00
5.799999999999999822e+00,0.000000000000000000e+00,0.000000000000000000e+00,8.130534172058105469e+00,1.000000000000000000e+00
5.820000000000000284e+00,0.000000000000000000e+00,0.000000000000000000e+00,8.161681175231933594e+00,1.000000000000000000e+00
5.839999999999999858e+00,0.000000000000000000e+00,0.000000000000000000e+00,8.192800521850585938e+00,1.000000000000000000e+00
5.860000000000000320e+00,0.000000000000000000e+00,0.000000000000000000e+00,8.223893165588378906e+00,1.000000000000000000e+00
5.879999999999999893e+00,0.000000000000000000e+00,0.000000000000000000e+00,8.254959106445312500e+00,1.000000000000000000e+00
5.900000000000000355e+00,0.000000000000000000e+00,0.000000000000000000e+00,8.285999298095703125e+00,1.000000000000000000e+00
5.919999999999999929e+00,0.000000000000000000e+00,0.000000000000000000e+00,8.317012786865234375e+00,1.000000000000000000e+00
5.940000000000000391e+00,0.000000000000000000e+00,0.000000000000000000e+00,8.348002433776855469e+00,1.000000000000000000e+00
5.959999999999999964e+00,0.000000000000000000e+00,0.000000000000000000e+00,8.378968238830566406e+00,1.000000000000000000e+00
5.980000000000000426e+00,0.000000000000000000e+00,0.000000000000000000e+00,8.409910202026367188e+00,1.000000000000000000e+00
6.000000000000000000e+00,0.000000000000000000e+00,0.000000000000000000e+00,8.440832138061523438e+00,1.000000000000000000e+00
6.020000000000000462e+00,0.000000000000000000e+00,0.000000000000000000e+00,8.471731185913085938e+00,1.000000000000000000e+00
6.040000000000000036e+00,0.000000000000000000e+00,0.000000000000000000e+00,8.502606391906738281e+00,1.000000000000000000e+00
6.060000000000000497e+00,0.000000000000000000e+00,0.000000000000000000e+00,8.533452987670898438e+00,1.000000000000000000e+00
6.080000000000000071e+00,0.000000000000000000e+00,0.000000000000000000e+00,8.564275741577148438e+00,1.000000000000000000e+00
6.100000000000000533e+00,0.000000000000000000e+00,0.000000000000000000e+00,8.595074653625488281e+00,1.000000000000000000e+00
6.120000000000000107e+00,0.000000000000000000e+00,0.000000000000000000e+00,8.625845909118652344e+00,1.000000000000000000e+00
6.140000000000000568e+00,0.000000000000000000e+00,0.000000000000000000e+00,8.656589508056640625e+00,1.000000000000000000e+00
6.160000000000000142e+00,0.000000000000000000e+00,0.000000000000000000e+00,8.687303543090820312e+00,1.000000000000000000e+00
6.179999999999999716e+00,0.000000000000000000e+00,0.000000000000000000e+00,8.717988014221191406e+00,1.000000000000000000e+00
6.200000000000000178e+00,0.000000000000000000e+00,0.000000000000000000e+00,8.748643875122070312e+00,1.000000000000000000e+00
6.219999999999999751e+00,0.000000000000000000e+00,0.000000000000000000e+00,8.779272079467773438e+00,1.000000000000000000e+00
6.240000000000000213e+00,0.000000000000000000e+00,0.000000000000000000e+00,8.809868812561035156e+00,1.000000000000000000e+00
6.259999999999999787e+00,0.000000000000000000e+00,0.000000000000000000e+00,8.840434074401855469e+00,1.000000000000000000e+00
6.280000000000000249e+00,0.000000000000000000e+00,0.000000000000000000e+00,8.870968818664550781e+00,1.000000000000000000e+00
6.299999999999999822e+00,0.000000000000000000e+00,0.000000000000000000e+00,8.901473045349121094e+00,1.000000000000000000e+00
6.320000000000000284e+00,0.000000000000000000e+00,0.000000000000000000e+00,8.931946754455566406e+00,1.000000000000000000e+00
6.339999999999999858e+00,0.000000000000000000e+00,0.000000000000000000e+00,8.962390899658203125e+00,1.000000000000000000e+00
6.360000000000000320e+00,0.000000000000000000e+00,0.000000000000000000e+00,8.992805480957031250e+00,1.000000000000000000e+00
6.379999999999999893e+00,0.000000000000000000e+00,0.000000000000000000e+00,9.023190498352050781e+00,1.000000000000000000e+00
6.400000000000000355e+00,0.000000000000000000e+00,0.000000000000000000e+00,9.053548812866210938e+00,1.000000000000000000e+00
6.419999999999999929e+00,0.000000000000000000e+00,0.000000000000000000e+00,9.083880424499511719e+00,1.000000000000000000e+00
6.440000000000000391e+00,0.000000000000000000e+00,0.000000000000000000e+00,9.114184379577636719e+00,1.000000000000000000e+00
6.459999999999999964e+00,0.000000000000000000e+00,0.000000000000000000e+00,9.144461631774902344e+00,1.000000000000000000e+00
6.480000000000000426e+00,0.000000000000000000e+00,0.000000000000000000e+00,9.174712181091308594e+00,1.000000000000000000e+00
6.500000000000000000e+00,0.000000000000000000e+00,0.000000000000000000e+00,9.204938888549804688e+00,1.000000000000000000e+00
6.520000000000000462e+00,0.000000000000000000e+00,0.000000000000000000e+00,9.235141754150390625e+00,1.000000000000000000e+00
6.540000000000000036e+00,0.000000000000000000e+00,0.000000000000000000e+00,9.265320777893066406e+00,1.000000000000000000e+00
6.560000000000000497e+00,0.000000000000000000e+00,0.000000000000000000e+00,9.295477867126464844e+00,1.000000000000000000e+00
6.580000000000000071e+00,0.000000000000000000e+00,0.000000000000000000e+00,9.325613975524902344e+00,1.000000000000000000e+00
6.600000000000000533e+00,0.000000000000000000e+00,0.000000000000000000e+00,9.355730056762695312e+00,1.000000000000000000e+00
6.620000000000000107e+00,0.000000000000000000e+00,0.000000000000000000e+00,9.385824203491210938e+00,1.000000000000000000e+00
6.640000000000000568e+00,0.000000000000000000e+00,0.000000000000000000e+00,9.415893554687500000e+00,1.000000000000000000e+00
6.660000000000000142e+00,0.000000000000000000e+00,0.000000000000000000e+00,9.445939064025878906e+00,1.000000000000000000e+00
6.679999999999999716e+00,0.000000000000000000e+00,0.000000000000000000e+00,9.475960731506347656e+00,1.000000000000000000e+00
6.700000000000000178e+00,0.000000000000000000e+00,0.000000000000000000e+00,9.505958557128906250e+00,1.000000000000000000e+00
6.719999999999999751e+00,0.000000000000000000e+00,0.000000000000000000e+00,9.535927772521972656e+00,1.000000000000000000e+00
6.740000000000000213e+00,0.000000000000000000e+00,0.000000000000000000e+00,9.565873146057128906e+00,1.000000000000000000e+00
6.759999999999999787e+00,0.000000000000000000e+00,0.000000000000000000e+00,9.595789909362792969e+00,1.000000000000000000e+00
6.780000000000000249e+00,0.000000000000000000e+00,0.000000000000000000e+00,9.625679969787597656e+00,1.000000000000000000e+00
6.799999999999999822e+00,0.000000000000000000e+00,0.000000000000000000e+00,9.655544281005859375e+00,1.000000000000000000e+00
6.820000000000000284e+00,0.000000000000000000e+00,0.000000000000000000e+00,9.685383796691894531e+00,1.000000000000000000e+00
6.839999999999999858e+00,0.000000000000000000e+00,0.000000000000000000e+00,9.715194702148437500e+00,1.000000000000000000e+00
6.860000000000000320e+00,0.000000000000000000e+00,0.000000000000000000e+00,9.744976043701171875e+00,1.000000000000000000e+00
6.879999999999999893e+00,0.000000000000000000e+00,0.000000000000000000e+00,9.774727821350097656e+00,1.000000000000000000e+00
6.900000000000000355e+00,0.000000000000000000e+00,0.000000000000000000e+00,9.804450035095214844e+00,1.000000000000000000e+00
6.919999999999999929e+00,0.000000000000000000e+00,0.000000000000000000e+00,9.834144592285156250e+00,1.000000000000000000e+00
6.940000000000000391e+00,0.000000000000000000e+00,0.000000000000000000e+00,9.863812446594238281e+00,1.000000000000000000e+00
6.959999999999999964e+00,0.000000000000000000e+00,0.000000000000000000e+00,9.893452644348144531e+00,1.000000000000000000e+00
6.980000000000000426e+00,0.000000000000000000e+00,0.000000000000000000e+00,9.923069000244140625e+00,1.000000000000000000e+00
7.000000000000000000e+00,0.000000000000000000e+00,0.000000000000000000e+00,9.952661514282226562e+00,1.000000000000000000e+00
7.020000000000000462e+00,0.000000000000000000e+00,0.000000000000000000e+00,9.982230186462402344e+00,1.000000000000000000e+00
7.040000000000000036e+00,0.000000000000000000e+00,0.000000000000000000e+00,1.001177215576171875e+01,1.000000000000000000e+00
7.060000000000000497e+00,0.000000000000000000e+00,0.000000000000000000e+00,1.004128837585449219e+01,1.000000000000000000e+00
7.080000000000000071e+00,0.000000000000000000e+00,0.000000000000000000e+00,1.007077693939208984e+01,1.000000000000000000e+00
7.100000000000000533e+00,0.000000000000000000e+00,0.000000000000000000e+00,1.010024070739746094e+01,1.000000000000000000e+00
7.120000000000000107e+00,0.000000000000000000e+00,0.000000000000000000e+00,1.012968063354492188e+01,1.000000000000000000e+00
7.140000000000000568e+00,0.000000000000000000e+00,0.000000000000000000e+00,1.015909671783447266e+01,1.000000000000000000e+00
7.160000000000000142e+00,0.000000000000000000e+00,0.000000000000000000e+00,1.018848896026611328e+01,1.000000000000000000e+00
7.179999999999999716e+00,0.000000000000000000e+00,0.000000000000000000e+00,1.021785736083984375e+01,1.000000000000000000e+00
7.200000000000000178e+00,0.000000000000000000e+00,0.000000000000000000e+00,1.024720191955566406e+01,1.000000000000000000e+00
7.219999999999999751e+00,0.000000000000000000e+00,0.000000000000000000e+00,1.027652263641357422e+01,1.000000000000000000e+00
7.240000000000000213e+00,0.000000000000000000e+00,0.000000000000000000e+00,1.030581951141357422e+01,1.000000000000000000e+00
7.259999999999999787e+00,0.000000000000000000e+00,0.000000000000000000e+00,1.033509254455566406e+01,1.000000000000000000e+00
7.280000000000000249e+00,0.000000000000000000e+00,0.000000000000000000e+00,1.036434173583984375e+01,1.000000000000000000e+00
7.299999999999999822e+00,0.000000000000000000e+00,0.000000000000000000e+00,1.039356708526611328e+01,1.000000000000000000e+00
7.320000000000000284e+00,0.000000000000000000e+00,0.000000000000000000e+00,1.042276859283447266e+01,1.000000000000000000e+00
7.339999999999999858e+00,0.000000000000000000e+00,0.000000000000000000e+00,1.045194625854492188e+01,1.000000000000000000e+00
7.360000000000000320e+00,0.000000000000000000e+00,0.000000000000000000e+00,1.048109531402587891e+01,1.000000000000000000e+00
7.379999999999999893e+00,0.000000000000000000e+00,0.000000000000000000e+00,1.051021575927734375e+01,1.000000000000000000e+00
7.400000000000000355e+00,0.000000000000000000e+00,0.000000000000000000e+00,1.053930759429931641e+01,1.000000000000000000e+00
7.419999999999999929e+00,0.000000000000000000e+00,0.000000000000000000e+00,1.056837272644042969e+01,1.000000000000000000e+00
7.440000000000000391e+00,0.000000000000000000e+00,0.000000000000000000e+00,1.059741020202636719e+01,1.000000000000000000e+00
7.459999999999999964e+00,0.000000000000000000e+00,0.000000000000000000e+00,1.062641906738281250e+01,1.000000000000000000e+00
7.480000000000000426e+00,0.000000000000000000e+00,0.000000000000000000e+00,1.065540122985839844e+01,1.000000000000000000e+00
7.500000000000000000e+00,0.000000000000000000e+00,0.000000000000000000e+00,1.068435764312744141e+01,1.000000000000000000e+00
7.520000000000000462e+00,0.000000000000000000e+00,0.000000000000000000e+00,1.071328735351562500e+01,1.000000000000000000e+00
7.540000000000000036e+00,0.000000000000000000e+00,0.000000000000000000e+00,1.074218940734863281e+01,1.000000000000000000e+00
7.560000000000000497e+00,0.000000000000000000e+00,0.000000000000000000e+00,1.077106094360351562e+01,1.000000000000000000e+00
7.580000000000000071e+00,0.000000000000000000e+00,0.000000000000000000e+00,1.079990291595458984e+01,1.000000000000000000e+00
7.600000000000000533e+00,0.000000000000000000e+00,0.000000000000000000e+00,1.082871532440185547e+01,1.000000000000000000e+00
7.620000000000000107e+00,0.000000000000000000e+00,0.000000000000000000e+00,1.085749912261962891e+01,1.000000000000000000e+00
7.640000000000000568e+00,0.000000000000000000e+00,0.000000000000000000e+00,1.088625431060791016e+01,1.000000000000000000e+00
7.660000000000000142e+00,0.000000000000000000e+00,0.000000000000000000e+00,1.091498088836669922e+01,1.000000000000000000e+00
7.679999999999999716e+00,0.000000000000000000e+00,0.000000000000000000e+00,1.094367885589599609e+01,1.000000000000000000e+00
7.700000000000000178e+00,0.000000000000000000e+00,0.000000000000000000e+00,1.097235107421875000e+01,1.000000000000000000e+00
7.719999999999999751e+00,0.000000000000000000e+00,0.000000000000000000e+00,1.100099754333496094e+01,1.000000000000000000e+00
7.740000000000000213e+00,0.000000000000000000e+00,0.000000000000000000e+00,1.102961730957031250e+01,1.000000000000000000e+00
7.759999999999999787e+00,0.000000000000000000e+00,0.000000000000000000e+00,1.105820846557617188e+01,1.000000000000000000e+00
7.780000000000000249e+00,0.000000000000000000e+00,0.000000000000000000e+00,1.108677101135253906e+01,1.000000000000000000e+00
7.799999999999999822e+00,0.000000000000000000e+00,0.000000000000000000e+00,1.111530780792236328e+01,1.000000000000000000e+00
7.820000000000000284e+00,0.000000000000000000e+00,0.000000000000000000e+00,1.114381790161132812e+01,1.000000000000000000e+00
7.839999999999999858e+00,0.000000000000000000e+00,0.000000000000000000e+00,1.117230415344238281e+01,1.000000000000000000e+00
7.860000000000000320e+00,0.000000000000000000e+00,0.000000000000000000e+00,1.120076274871826172e+01,1.000000000000000000e+00
7.879999999999999893e+00,0.000000000000000000e+00,0.000000000000000000e+00,1.122919654846191406e+01,1.000000000000000000e+00
7.900000000000000355e+00,0.000000000000000000e+00,0.000000000000000000e+00,1.125760841369628906e+01,1.000000000000000000e+00
7.919999999999999929e+00,0.000000000000000000e+00,0.000000000000000000e+00,1.128599929809570312e+01,1.000000000000000000e+00
7.940000000000000391e+00,0.000000000000000000e+00,0.000000000000000000e+00,1.131436252593994141e+01,1.000000000000000000e+00
7.959999999999999964e+00,0.000000000000000000e+00,0.000000000000000000e+00,1.134270095825195312e+01,1.000000000000000000e+00
7.980000000000000426e+00,0.000000000000000000e+00,0.000000000000000000e+00,1.137101078033447266e+01,1.000000000000000000e+00
8.000000000000000000e+00,0.000000000000000000e+00,0.000000000000000000e+00,1.139929676055908203e+01,1.000000000000000000e+00
8.019999999999999574e+00,0.000000000000000000e+00,0.000000000000000000e+00,1.142755508422851562e+01,1.000000000000000000e+00
8.040000000000000924e+00,0.000000000000000000e+00,0.000000000000000000e+00,1.145578861236572266e+01,1.000000000000000000e+00
8.060000000000000497e+00,0.000000000000000000e+00,0.000000000000000000e+00,1.148399353027343750e+01,1.000000000000000000e+00
8.080000000000000071e+00,0.000000000000000000e+00,0.000000000000000000e+00,1.151217460632324219e+01,1.000000000000000000e+00
8.099999999999999645e+00,0.000000000000000000e+00,0.000000000000000000e+00,1.154033184051513672e+01,1.000000000000000000e+00
8.120000000000000995e+00,0.000000000000000000e+00,0.000000000000000000e+00,1.156846523284912109e+01,1.000000000000000000e+00
8.140000000000000568e+00,0.000000000000000000e+00,0.000000000000000000e+00,1.159657478332519531e+01,1.000000000000000000e+00
8.160000000000000142e+00,0.000000000000000000e+00,0.000000000000000000e+00,1.162465763092041016e+01,1.000000000000000000e+00
8.179999999999999716e+00,0.000000000000000000e+00,0.000000000000000000e+00,1.165271472930908203e+01,1.000000000000000000e+00
8.199999999999999289e+00,0.000000000000000000e+00,0.000000000000000000e+00,1.168075275421142578e+01,1.000000000000000000e+00
8.220000000000000639e+00,0.000000000000000000e+00,0.000000000000000000e+00,1.170876693725585938e+01,1.000000000000000000e+00
8.240000000000000213e+00,0.000000000000000000e+00,0.000000000000000000e+00,1.173675727844238281e+01,1.000000000000000000e+00
8.259999999999999787e+00,0.000000000000000000e+00,0.000000000000000000e+00,1.176472187042236328e+01,1.000000000000000000e+00
8.279999999999999361e+00,0.000000000000000000e+00,0.000000000000000000e+00,1.179265975952148438e+01,1.000000000000000000e+00
8.300000000000000711e+00,0.000000000000000000e+00,0.000000000000000000e+00,1.182057380676269531e+01,1.000000000000000000e+00
8.320000000000000284e+00,0.000000000000000000e+00,0.000000000000000000e+00,1.184846401214599609e+01,1.000000000000000000e+00
8.339999999999999858e+00,0.000000000000000000e+00,0.000000000000000000e+00,1.187632942199707031e+01,1.000000000000000000e+00
8.359999999999999432e+00,0.000000000000000000e+00,0.000000000000000000e+00,1.190416717529296875e+01,1.000000000000000000e+00
8.380000000000000782e+00,0.000000000000000000e+00,0.000000000000000000e+00,1.193198108673095703e+01,1.000000000000000000e+00
8.400000000000000355e+00,0.000000000000000000e+00,0.000000000000000000e+00,1.195977115631103516e+01,1.000000000000000000e+00
8.419999999999999929e+00,0.000000000000000000e+00,0.000000000000000000e+00,1.198753738403320312e+01,1.000000000000000000e+00
8.439999999999999503e+00,0.000000000000000000e+00,0.000000000000000000e+00,1.201527976989746094e+01,1.000000000000000000e+00
8.460000000000000853e+00,0.000000000000000000e+00,0.000000000000000000e+00,1.204299831390380859e+01,1.000000000000000000e+00
8.480000000000000426e+00,0.000000000000000000e+00,0.000000000000000000e+00,1.207069301605224609e+01,1.000000000000000000e+00
8.500000000000000000e+00,0.000000000000000000e+00,0.000000000000000000e+00,1.209836673736572266e+01,1.000000000000000000e+00
8.519999999999999574e+00,0.000000000000000000e+00,0.000000000000000000e+00,1.212601852416992188e+01,1.000000000000000000e+00
8.540000000000000924e+00,0.000000000000000000e+00,0.000000000000000000e+00,1.215365028381347656e+01,1.000000000000000000e+00
8.560000000000000497e+00,0.000000000000000000e+00,0.000000000000000000e+00,1.218125915527343750e+01,1.000000000000000000e+00
8.580000000000000071e+00,0.000000000000000000e+00,0.000000000000000000e+00,1.220884799957275391e+01,1.000000000000000000e+00
8.599999999999999645e+00,0.000000000000000000e+00,0.000000000000000000e+00,1.223641681671142578e+01,1.000000000000000000e+00
8.620000000000000995e+00,0.000000000000000000e+00,0.000000000000000000e+00,1.226396751403808594e+01,1.000000000000000000e+00
8.640000000000000568e+00,0.000000000000000000e+00,0.000000000000000000e+00,1.229149818420410156e+01,1.000000000000000000e+00
8.660000000000000142e+00,0.000000000000000000e+00,0.000000000000000000e+00,1.231900691986083984e+01,1.000000000000000000e+00
8.679999999999999716e+00,0.000000000000000000e+00,0.000000000000000000e+00,1.234649467468261719e+01,1.000000000000000000e+00
8.700000000000001066e+00,0.000000000000000000e+00,0.000000000000000000e+00,1.237396240234375000e+01,1.000000000000000000e+00
8.720000000000000639e+00,0.000000000000000000e+00,0.000000000000000000e+00,1.240140914916992188e+01,1.000000000000000000e+00
8.740000000000000213e+00,0.000000000000000000e+00,0.000000000000000000e+00,1.242883682250976562e+01,1.000000000000000000e+00
8.759999999999999787e+00,0.000000000000000000e+00,0.000000000000000000e+00,1.245624065399169922e+01,1.000000000000000000e+00
8.779999999999999361e+00,0.000000000000000000e+00,0.000000000000000000e+00,1.248362064361572266e+01,1.000000000000000000e+00
8.800000000000000711e+00,0.000000000000000000e+00,0.000000000000000000e+00,1.251097965240478516e+01,1.000000000000000000e+00
8.820000000000000284e+00,0.000000000000000000e+00,0.000000000000000000e+00,1.253831672668457031e+01,1.000000000000000000e+00
8.839999999999999858e+00,0.000000000000000000e+00,0.000000000000000000e+00,1.256562995910644531e+01,1.000000000000000000e+00
8.859999999999999432e+00,0.000000000000000000e+00,0.000000000000000000e+00,1.259291934967041016e+01,1.000000000000000000e+00
8.880000000000000782e+00,0.000000000000000000e+00,0.000000000000000000e+00,1.262018489837646484e+01,1.000000000000000000e+00
8.900000000000000355e+00,0.000000000000000000e+00,0.000000000000000000e+00,1.264742660522460938e+01,1.000000000000000000e+00
8.919999999999999929e+00,0.000000000000000000e+00,0.000000000000000000e+00,1.267464447021484375e+01,1.000000000000000000e+00
8.939999999999999503e+00,0.000000000000000000e+00,0.000000000000000000e+00,1.270183849334716797e+01,1.000000000000000000e+00
8.960000000000000853e+00,0.000000000000000000e+00,0.000000000000000000e+00,1.272900867462158203e+01,1.000000000000000000e+00
8.980000000000000426e+00,0.000000000000000000e+00,0.000000000000000000e+00,1.275615501403808594e+01,1.000000000000000000e+00
9.000000000000000000e+00,0.000000000000000000e+00,0.000000000000000000e+00,1.278328227996826172e+01,1.000000000000000000e+00
9.019999999999999574e+00,0.000000000000000000e+00,0.000000000000000000e+00,1.281038665771484375e+01,1.000000000000000000e+00
9.040000000000000924e+00,0.000000000000000000e+00,0.000000000000000000e+00,1.283747100830078125e+01,1.000000000000000000e+00
9.060000000000000497e+00,0.000000000000000000e+00,0.000000000000000000e+00,1.286453151702880859e+01,1.000000000000000000e+00
9.080000000000000071e+00,0.000000000000000000e+00,0.000000000000000000e+00,1.289156913757324219e+01,1.000000000000000000e+00
9.099999999999999645e+00,0.000000000000000000e+00,0.000000000000000000e+00,1.291858673095703125e+01,1.000000000000000000e+00
9.120000000000000995e+00,0.000000000000000000e+00,0.000000000000000000e+00,1.294558525085449219e+01,1.000000000000000000e+00
9.140000000000000568e+00,0.000000000000000000e+00,0.000000000000000000e+00,1.297256088256835938e+01,1.000000000000000000e+00
9.160000000000000142e+00,0.000000000000000000e+00,0.000000000000000000e+00,1.299951648712158203e+01,1.000000000000000000e+00
9.179999999999999716e+00,0.000000000000000000e+00,0.000000000000000000e+00,1.302644824981689453e+01,1.000000000000000000e+00
9.200000000000001066e+00,0.000000000000000000e+00,0.000000000000000000e+00,1.305335998535156250e+01,1.000000000000000000e+00
9.220000000000000639e+00,0.000000000000000000e+00,0.000000000000000000e+00,1.308025169372558594e+01,1.000000000000000000e+00
9.240000000000000213e+00,0.000000000000000000e+00,0.000000000000000000e+00,1.310712242126464844e+01,1.000000000000000000e+00
9.259999999999999787e+00,0.000000000000000000e+00,0.000000000000000000e+00,1.313397312164306641e+01,1.000000000000000000e+00
9.279999999999999361e+00,0.000000000000000000e+00,0.000000000000000000e+00,1.316080474853515625e+01,1.000000000000000000e+00
9.300000000000000711e+00,0.000000000000000000e+00,0.000000000000000000e+00,1.318761825561523438e+01,1.000000000000000000e+00
9.320000000000000284e+00,0.000000000000000000e+00,0.000000000000000000e+00,1.321441364288330078e+01,1.000000000000000000e+00
9.339999999999999858e+00,0.000000000000000000e+00,0.000000000000000000e+00,1.324118900299072266e+01,1.000000000000000000e+00
9.359999999999999432e+00,0.000000000000000000e+00,0.000000000000000000e+00,1.326794433593750000e+01,1.000000000000000000e+00
9.380000000000000782e+00,0.000000000000000000e+00,0.000000000000000000e+00,1.329467773437500000e+01,1.000000000000000000e+00
9.400000000000000355e+00,0.000000000000000000e+00,0.000000000000000000e+00,1.332139110565185547e+01,1.000000000000000000e+00
9.419999999999999929e+00,0.000000000000000000e+00,0.000000000000000000e+00,1.334808444976806641e+01,1.000000000000000000e+00
9.439999999999999503e+00,0.000000000000000000e+00,0.000000000000000000e+00,1.337475585937500000e+01,1.000000000000000000e+00
9.460000000000000853e+00,0.000000000000000000e+00,0.000000000000000000e+00,1.340140628814697266e+01,1.000000000000000000e+00
9.480000000000000426e+00,0.000000000000000000e+00,0.000000000000000000e+00,1.342803287506103516e+01,1.000000000000000000e+00
9.500000000000000000e+00,0.000000000000000000e+00,0.000000000000000000e+00,1.345464038848876953e+01,1.000000000000000000e+00
9.519999999999999574e+00,0.000000000000000000e+00,0.000000000000000000e+00,1.348122882843017578e+01,1.000000000000000000e+00
9.540000000000000924e+00,0.000000000000000000e+00,0.000000000000000000e+00,1.350779438018798828e+01,1.000000000000000000e+00
9.560000000000000497e+00,0.000000000000000000e+00,0.000000000000000000e+00,1.353433990478515625e+01,1.000000000000000000e+00
9.580000000000000071e+00,0.000000000000000000e+00,0.000000000000000000e+00,1.356086158752441406e+01,1.000000000000000000e+00
9.599999999999999645e+00,0.000000000000000000e+00,0.000000000000000000e+00,1.358736515045166016e+01,1.000000000000000000e+00
9.620000000000000995e+00,0.000000000000000000e+00,0.000000000000000000e+00,1.361384963989257812e+01,1.000000000000000000e+00
9.640000000000000568e+00,0.000000000000000000e+00,0.000000000000000000e+00,1.364031410217285156e+01,1.000000000000000000e+00
9.660000000000000142e+00,0.000000000000000000e+00,0.000000000000000000e+00,1.366675758361816406e+01,1.000000000000000000e+00
9.679999999999999716e+00,0.000000000000000000e+00,0.000000000000000000e+00,1.369317913055419922e+01,1.000000000000000000e+00
9.700000000000001066e+00,0.000000000000000000e+00,0.000000000000000000e+00,1.371958351135253906e+01,1.000000000000000000e+00
9.720000000000000639e+00,0.000000000000000000e+00,0.000000000000000000e+00,1.374596881866455078e+01,1.000000000000000000e+00
9.740000000000000213e+00,0.000000000000000000e+00,0.000000000000000000e+00,1.377233600616455078e+01,1.000000000000000000e+00
9.759999999999999787e+00,0.000000000000000000e+00,0.000000000000000000e+00,1.379868412017822266e+01,1.000000000000000000e+00
9.779999999999999361e+00,0.000000000000000000e+00,0.000000000000000000e+00,1.382501411437988281e+01,1.000000000000000000e+00
9.800000000000000711e+00,0.000000000000000000e+00,0.000000000000000000e+00,1.385132789611816406e+01,1.000000000000000000e+00
9.820000000000000284e+00,0.000000000000000000e+00,0.000000000000000000e+00,1.387762546539306641e+01,1.000000000000000000e+00
9.839999999999999858e+00,0.000000000000000000e+00,0.000000000000000000e+00,1.390390682220458984e+01,1.000000000000000000e+00
9.859999999999999432e+00,0.000000000000000000e+00,0.000000000000000000e+00,1.393017196655273438e+01,1.000000000000000000e+00
9.880000000000000782e+00,0.000000000000000000e+00,0.000000000000000000e+00,1.395641994476318359e+01,1.000000000000000000e+00
9.900000000000000355e+00,0.000000000000000000e+00,0.000000000000000000e+00,1.398265266418457031e+01,1.000000000000000000e+00
9.919999999999999929e+00,0.000000000000000000e+00,0.000000000000000000e+00,1.400886917114257812e+01,1.000000000000000000e+00
9.939999999999999503e+00,0.000000000000000000e+00,0.000000000000000000e+00,1.403506946563720703e+01,1.000000000000000000e+00
9.960000000000000853e+00,0.000000000000000000e+00,0.000000000000000000e+00,1.406125354766845703e+01,1.000000000000000000e+00
9.980000000000000426e+00,0.000000000000000000e+00,0.000000000000000000e+00,1.408741950988769531e+01,1.000000000000000000e+00
1.000000000000000000e+01,0.000000000000000000e+00,0.000000000000000000e+00,1.411356925964355469e+01,1.000000000000000000e+00
1.001999999999999957e+01,0.000000000000000000e+00,0.000000000000000000e+00,1.413970279693603516e+01,1.000000000000000000e+00
1.004000000000000092e+01,0.000000000000000000e+00,0.000000000000000000e+00,1.416581916809082031e+01,1.000000000000000000e+00
1.006000000000000050e+01,0.000000000000000000e+00,0.000000000000000000e+00,1.419191646575927734e+01,1.000000000000000000e+00
1.008000000000000007e+01,0.000000000000000000e+00,0.000000000000000000e+00,1.421799564361572266e+01,1.000000000000000000e+00
1.009999999999999964e+01,0.000000000000000000e+00,0.000000000000000000e+00,1.424405765533447266e+01,1.000000000000000000e+00
1.012000000000000099e+01,0.000000000000000000e+00,0.000000000000000000e+00,1.427010440826416016e+01,1.000000000000000000e+00
1.014000000000000057e+01,0.000000000000000000e+00,0.000000000000000000e+00,1.429613208770751953e+01,1.000000000000000000e+00
1.016000000000000014e+01,0.000000000000000000e+00,0.000000000000000000e+00,1.432214164733886719e+01,1.000000000000000000e+00
1.017999999999999972e+01,0.000000000000000000e+00,0.000000000000000000e+00,1.434813308715820312e+01,1.000000000000000000e+00
1.020000000000000107e+01,0.000000000000000000e+00,0.000000000000000000e+00,1.437410831451416016e+01,1.000000000000000000e+00
1.022000000000000064e+01,0.000000000000000000e+00,0.000000000000000000e+00,1.440006923675537109e+01,1.000000000000000000e+00
1.024000000000000021e+01,0.000000000000000000e+00,0.000000000000000000e+00,1.442601203918457031e+01,1.000000000000000000e+00
1.025999999999999979e+01,0.000000000000000000e+00,0.000000000000000000e+00,1.445193862915039062e+01,1.000000000000000000e+00
1.027999999999999936e+01,0.000000000000000000e+00,0.000000000000000000e+00,1.447784709930419922e+01,1.000000000000000000e+00
1.030000000000000071e+01,0.000000000000000000e+00,0.000000000000000000e+00,1.450374031066894531e+01,1.000000000000000000e+00
1.032000000000000028e+01,0.000000000000000000e+00,0.000000000000000000e+00,1.452962017059326172e+01,1.000000000000000000e+00
1.033999999999999986e+01,0.000000000000000000e+00,0.000000000000000000e+00,1.455548381805419922e+01,1.000000000000000000e+00
1.035999999999999943e+01,0.000000000000000000e+00,0.000000000000000000e+00,1.458133125305175781e+01,1.000000000000000000e+00
1.038000000000000078e+01,0.000000000000000000e+00,0.000000000000000000e+00,1.460716247558593750e+01,1.000000000000000000e+00
1.040000000000000036e+01,0.000000000000000000e+00,0.000000000000000000e+00,1.463297939300537109e+01,1.000000000000000000e+00
1.041999999999999993e+01,0.000000000000000000e+00,0.000000000000000000e+00,1.465878295898437500e+01,1.000000000000000000e+00
1.043999999999999950e+01,0.000000000000000000e+00,0.000000000000000000e+00,1.468457221984863281e+01,1.000000000000000000e+00
1.046000000000000085e+01,0.000000000000000000e+00,0.000000000000000000e+00,1.471034336090087891e+01,1.000000000000000000e+00
1.048000000000000043e+01,0.000000000000000000e+00,0.000000000000000000e+00,1.473609924316406250e+01,1.000000000000000000e+00
1.050000000000000000e+01,0.000000000000000000e+00,0.000000000000000000e+00,1.476184272766113281e+01,1.000000000000000000e+00
1.051999999999999957e+01,0.000000000000000000e+00,0.000000000000000000e+00,1.478757190704345703e+01,1.000000000000000000e+00
1.054000000000000092e+01,0.000000000000000000e+00,0.000000000000000000e+00,1.481328582763671875e+01,1.000000000000000000e+00
1.056000000000000050e+01,0.000000000000000000e+00,0.000000000000000000e+00,1.483898448944091797e+01,1.000000000000000000e+00
1.058000000000000007e+01,0.000000000000000000e+00,0.000000000000000000e+00,1.486466693878173828e+01,1.000000000000000000e+00
1.059999999999999964e+01,0.000000000000000000e+00,0.000000000000000000e+00,1.489033603668212891e+01,1.000000000000000000e+00
1.062000000000000099e+01,0.000000000000000000e+00,0.000000000000000000e+00,1.491599273681640625e+01,1.000000000000000000e+00
1.064000000000000057e+01,0.000000000000000000e+00,0.000000000000000000e+00,1.494163417816162109e+01,1.000000000000000000e+00
1.066000000000000014e+01,0.000000000000000000e+00,0.000000000000000000e+00,1.496725940704345703e+01,1.000000000000000000e+00
1.067999999999999972e+01,0.000000000000000000e+00,0.000000000000000000e+00,1.499287033081054688e+01,1.000000000000000000e+00
1.070000000000000107e+01,0.000000000000000000e+00,0.000000000000000000e+00,1.501846790313720703e+01,1.000000000000000000e+00
1.072000000000000064e+01,0.000000000000000000e+00,0.000000000000000000e+00,1.504405403137207031e+01,1.000000000000000000e+00
1.074000000000000021e+01,0.000000000000000000e+00,0.000000000000000000e+00,1.506962490081787109e+01,1.000000000000000000e+00
1.075999999999999979e+01,0.000000000000000000e+00,0.000000000000000000e+00,1.509518051147460938e+01,1.000000000000000000e+00
1.077999999999999936e+01,0.000000000000000000e+00,0.000000000000000000e+00,1.512071990966796875e+01,1.000000000000000000e+00
1.080000000000000071e+01,0.000000000000000000e+00,0.000000000000000000e+00,1.514624595642089844e+01,1.000000000000000000e+00
1.082000000000000028e+01,0.000000000000000000e+00,0.000000000000000000e+00,1.517175865173339844e+01,1.000000000000000000e+00
1.083999999999999986e+01,0.000000000000000000e+00,0.000000000000000000e+00,1.519725704193115234e+01,1.000000000000000000e+00
1.085999999999999943e+01,0.000000000000000000e+00,0.000000000000000000e+00,1.522273921966552734e+01,1.000000000000000000e+00
1.088000000000000078e+01,0.000000000000000000e+00,0.000000000000000000e+00,1.524820613861083984e+01,1.000000000000000000e+00
1.090000000000000036e+01,0.000000000000000000e+00,0.000000000000000000e+00,1.527366065979003906e+01,1.000000000000000000e+00
1.091999999999999993e+01,0.000000000000000000e+00,0.000000000000000000e+00,1.529910373687744141e+01,1.000000000000000000e+00
1.093999999999999950e+01,0.000000000000000000e+00,0.000000000000000000e+00,1.532453155517578125e+01,1.000000000000000000e+00
1.096000000000000085e+01,0.000000000000000000e+00,0.000000000000000000e+00,1.534994506835937500e+01,1.000000000000000000e+00
1.098000000000000043e+01,0.000000000000000000e+00,0.000000000000000000e+00,1.537534427642822266e+01,1.000000000000000000e+00
1.100000000000000000e+01,0.000000000000000000e+00,0.000000000000000000e+00,1.540073204040527344e+01,1.000000000000000000e+00
1.101999999999999957e+01,0.000000000000000000e+00,0.000000000000000000e+00,1.542610740661621094e+01,1.000000000000000000e+00
1.104000000000000092e+01,0.000000000000000000e+00,0.000000000000000000e+00,1.545146846771240234e+01,1.000000000000000000e+00
1.106000000000000050e+01,0.000000000000000000e+00,0.000000000000000000e+00,1.547681427001953125e+01,1.000000000000000000e+00
1.108000000000000007e+01,0.000000000000000000e+00,0.000000000000000000e+00,1.550214576721191406e+01,1.000000000000000000e+00
1.109999999999999964e+01,0.000000000000000000e+00,0.000000000000000000e+00,1.552746582031250000e+01,1.000000000000000000e+00
1.112000000000000099e+01,0.000000000000000000e+00,0.000000000000000000e+00,1.555277442932128906e+01,1.000000000000000000e+00
1.114000000000000057e+01,0.000000000000000000e+00,0.000000000000000000e+00,1.557806777954101562e+01,1.000000000000000000e+00
1.116000000000000014e+01,0.000000000000000000e+00,0.000000000000000000e+00,1.560334491729736328e+01,1.000000000000000000e+00
1.117999999999999972e+01,0.000000000000000000e+00,0.000000000000000000e+00,1.562860774993896484e+01,1.000000000000000000e+00
1.120000000000000107e+01,0.000000000000000000e+00,0.000000000000000000e+00,1.565385818481445312e+01,1.000000000000000000e+00
1.122000000000000064e+01,0.000000000000000000e+00,0.000000000000000000e+00,1.567909717559814453e+01,1.000000000000000000e+00
1.124000000000000021e+01,0.000000000000000000e+00,0.000000000000000000e+00,1.570432186126708984e+01,1.000000000000000000e+00
1.125999999999999979e+01,0.000000000000000000e+00,0.000000000000000000e+00,1.572953224182128906e+01,1.000000000000000000e+00
1.127999999999999936e+01,0.000000000000000000e+00,0.000000000000000000e+00,1.575472831726074219e+01,1.000000000000000000e+00
1.130000000000000071e+01,0.000000000000000000e+00,0.000000000000000000e+00,1.577991294860839844e+01,1.000000000000000000e+00
1.132000000000000028e+01,0.000000000000000000e+00,0.000000000000000000e+00,1.580508613586425781e+01,1.000000000000000000e+00
1.133999999999999986e+01,0.000000000000000000e+00,0.000000000000000000e+00,1.583024597167968750e+01,1.000000000000000000e+00
1.135999999999999943e+01,0.000000000000000000e+00,0.000000000000000000e+00,1.585539150238037109e+01,1.000000000000000000e+00
1.138000000000000078e+01,0.000000000000000000e+00,0.000000000000000000e+00,1.588052272796630859e+01,1.000000000000000000e+00
1.140000000000000036e+01,0.000000000000000000e+00,0.000000000000000000e+00,1.590564346313476562e+01,1.000000000000000000e+00
1.141999999999999993e+01,0.000000000000000000e+00,0.000000000000000000e+00,1.593075275421142578e+01,1.000000000000000000e+00
1.143999999999999950e+01,0.000000000000000000e+00,0.000000000000000000e+00,1.595584869384765625e+01,1.000000000000000000e+00
1.146000000000000085e+01,0.000000000000000000e+00,0.000000000000000000e+00,1.598093032836914062e+01,1.000000000000000000e+00
1.148000000000000043e+01,0.000000000000000000e+00,0.000000000000000000e+00,1.600599861145019531e+01,1.000000000000000000e+00
1.150000000000000000e+01,0.000000000000000000e+00,0.000000000000000000e+00,1.603105735778808594e+01,1.000000000000000000e+00
1.151999999999999957e+01,0.000000000000000000e+00,0.000000000000000000e+00,1.605610466003417969e+01,1.000000000000000000e+00
1.154000000000000092e+01,0.000000000000000000e+00,0.000000000000000000e+00,1.608114051818847656e+01,1.000000000000000000e+00
1.156000000000000050e+01,0.000000000000000000e+00,0.000000000000000000e+00,1.610616111755371094e+01,1.000000000000000000e+00
1.158000000000000007e+01,0.000000000000000000e+00,0.000000000000000000e+00,1.613117027282714844e+01,1.000000000000000000e+00
1.159999999999999964e+01,0.000000000000000000e+00,0.000000000000000000e+00,1.615616989135742188e+01,1.000000000000000000e+00
1.162000000000000099e+01,0.000000000000000000e+00,0.000000000000000000e+00,1.618115997314453125e+01,1.000000000000000000e+00
1.164000000000000057e+01,0.000000000000000000e+00,0.000000000000000000e+00,1.620613670349121094e+01,1.000000000000000000e+00
1.166000000000000014e+01,0.000000000000000000e+00,0.000000000000000000e+00,1.623110008239746094e+01,1.000000000000000000e+00
1.167999999999999972e+01,0.000000000000000000e+00,0.000000000000000000e+00,1.625605010986328125e+01,1.000000000000000000e+00
1.170000000000000107e+01,0.000000000000000000e+00,0.000000000000000000e+00,1.628099060058593750e+01,1.000000000000000000e+00
1.172000000000000064e+01,0.000000000000000000e+00,0.000000000000000000e+00,1.630592155456542969e+01,1.000000000000000000e+00
1.174000000000000021e+01,0.000000000000000000e+00,0.000000000000000000e+00,1.633084297180175781e+01,1.000000000000000000e+00
1.175999999999999979e+01,0.000000000000000000e+00,0.000000000000000000e+00,1.635575103759765625e+01,1.000000000000000000e+00
1.177999999999999936e+01,0.000000000000000000e+00,0.000000000000000000e+00,1.638064765930175781e+01,1.000000000000000000e+00
1.180000000000000071e+01,0.000000000000000000e+00,0.000000000000000000e+00,1.640553665161132812e+01,1.000000000000000000e+00
1.182000000000000028e+01,0.000000000000000000e+00,0.000000000000000000e+00,1.643041610717773438e+01,1.000000000000000000e+00
1.183999999999999986e+01,0.000000000000000000e+00,0.000000000000000000e+00,1.645528411865234375e+01,1.000000000000000000e+00
1.185999999999999943e+01,0.000000000000000000e+00,0.000000000000000000e+00,1.648014068603515625e+01,1.000000000000000000e+00
1.188000000000000078e+01,0.000000000000000000e+00,0.000000000000000000e+00,1.650498390197753906e+01,1.000000000000000000e+00
1.190000000000000036e+01,0.000000000000000000e+00,0.000000000000000000e+00,1.652981758117675781e+01,1.000000000000000000e+00
1.191999999999999993e+01,0.000000000000000000e+00,0.000000000000000000e+00,1.655464363098144531e+01,1.000000000000000000e+00
1.193999999999999950e+01,0.000000000000000000e+00,0.000000000000000000e+00,1.657946014404296875e+01,1.000000000000000000e+00
1.196000000000000085e+01,0.000000000000000000e+00,0.000000000000000000e+00,1.660426330566406250e+01,1.000000000000000000e+00
1.198000000000000043e+01,0.000000000000000000e+00,0.000000000000000000e+00,1.662905502319335938e+01,1.000000000000000000e+00
1.200000000000000000e+01,0.000000000000000000e+00,0.000000000000000000e+00,1.665384101867675781e+01,1.000000000000000000e+00
1.201999999999999957e+01,0.000000000000000000e+00,0.000000000000000000e+00,1.667861747741699219e+01,1.000000000000000000e+00
1.204000000000000092e+01,0.000000000000000000e+00,0.000000000000000000e+00,1.670338249206542969e+01,1.000000000000000000e+00
1.206000000000000050e+01,0.000000000000000000e+00,0.000000000000000000e+00,1.672813606262207031e+01,1.000000000000000000e+00
1.208000000000000007e+01,0.000000000000000000e+00,0.000000000000000000e+00,1.675288009643554688e+01,1.000000000000000000e+00
1.209999999999999964e+01,0.000000000000000000e+00,0.000000000000000000e+00,1.677761840820312500e+01,1.000000000000000000e+00
1.212000000000000099e+01,0.000000000000000000e+00,0.000000000000000000e+00,1.680234718322753906e+01,1.000000000000000000e+00
1.214000000000000057e+01,0.000000000000000000e+00,0.000000000000000000e+00,1.682706451416015625e+01,1.000000000000000000e+00
1.216000000000000014e+01,0.000000000000000000e+00,0.000000000000000000e+00,1.685177040100097656e+01,1.000000000000000000e+00
1.217999999999999972e+01,0.000000000000000000e+00,0.000000000000000000e+00,1.687646484375000000e+01,1.000000000000000000e+00
1.220000000000000107e+01,0.000000000000000000e+00,0.000000000000000000e+00,1.690115356445312500e+01,1.000000000000000000e+00
1.222000000000000064e+01,0.000000000000000000e+00,0.000000000000000000e+00,1.692583274841308594e+01,1.000000000000000000e+00
1.224000000000000021e+01,0.000000000000000000e+00,0.000000000000000000e+00,1.695050239562988281e+01,1.000000000000000000e+00
1.225999999999999979e+01,0.000000000000000000e+00,0.000000000000000000e+00,1.697516059875488281e+01,1.000000000000000000e+00
1.228000000000000114e+01,0.000000000000000000e+00,0.000000000000000000e+00,1.699980926513671875e+01,1.000000000000000000e+00
1.230000000000000071e+01,0.000000000000000000e+00,0.000000000000000000e+00,1.702445220947265625e+01,1.000000000000000000e+00
1.232000000000000028e+01,0.000000000000000000e+00,0.000000000000000000e+00,1.704908752441406250e+01,1.000000000000000000e+00
1.233999999999999986e+01,0.000000000000000000e+00,0.000000000000000000e+00,1.707371330261230469e+01,1.000000000000000000e+00
1.235999999999999943e+01,0.000000000000000000e+00,0.000000000000000000e+00,1.709832572937011719e+01,1.000000000000000000e+00
1.238000000000000078e+01,0.000000000000000000e+00,0.000000000000000000e+00,1.712292861938476562e+01,1.000000000000000000e+00
1.240000000000000036e+01,0.000000000000000000e+00,0.000000000000000000e+00,1.714752388000488281e+01,1.000000000000000000e+00
1.241999999999999993e+01,0.000000000000000000e+00,0.000000000000000000e+00,1.717211341857910156e+01,1.000000000000000000e+00
1.243999999999999950e+01,0.000000000000000000e+00,0.000000000000000000e+00,1.719669342041015625e+01,1.000000000000000000e+00
1.246000000000000085e+01,0.000000000000000000e+00,0.000000000000000000e+00,1.722126197814941406e+01,1.000000000000000000e+00
1.248000000000000043e+01,0.000000000000000000e+00,0.000000000000000000e+00,1.724581909179687500e+01,1.000000000000000000e+00
1.250000000000000000e+01,0.000000000000000000e+00,0.000000000000000000e+00,1.727037048339843750e+01,1.000000000000000000e+00
1.251999999999999957e+01,0.000000000000000000e+00,0.000000000000000000e+00,1.729491615295410156e+01,1.000000000000000000e+00
1.254000000000000092e+01,0.000000000000000000e+00,0.000000000000000000e+00,1.731945228576660156e+01,1.000000000000000000e+00
1.256000000000000050e+01,0.000000000000000000e+00,0.000000000000000000e+00,1.734397697448730469e+01,1.000000000000000000e+00
1.258000000000000007e+01,0.000000000000000000e+00,0.000000000000000000e+00,1.736849212646484375e+01,1.000000000000000000e+00
1.259999999999999964e+01,0.000000000000000000e+00,0.000000000000000000e+00,1.739300155639648438e+01,1.000000000000000000e+00
1.262000000000000099e+01,0.000000000000000000e+00,0.000000000000000000e+00,1.741750335693359375e+01,1.000000000000000000e+00
1.264000000000000057e+01,0.000000000000000000e+00,0.000000000000000000e+00,1.744199752807617188e+01,1.000000000000000000e+00
1.266000000000000014e+01,0.000000000000000000e+00,0.000000000000000000e+00,1.746648216247558594e+01,1.000000000000000000e+00
1.267999999999999972e+01,0.000000000000000000e+00,0.000000000000000000e+00,1.749095726013183594e+01,1.000000000000000000e+00
1.270000000000000107e+01,0.000000000000000000e+00,0.000000000000000000e+00,1.751542854309082031e+01,1.000000000000000000e+00
1.272000000000000064e+01,0.000000000000000000e+00,0.000000000000000000e+00,1.753989028930664062e+01,1.000000000000000000e+00
1.274000000000000021e+01,0.000000000000000000e+00,0.000000000000000000e+00,1.756434440612792969e+01,1.000000000000000000e+00
1.275999999999999979e+01,0.000000000000000000e+00,0.000000000000000000e+00,1.758878898620605469e+01,1.000000000000000000e+00
1.278000000000000114e+01,0.000000000000000000e+00,0.000000000000000000e+00,1.761322402954101562e+01,1.000000000000000000e+00
1.280000000000000071e+01,0.000000000000000000e+00,0.000000000000000000e+00,1.763765716552734375e+01,1.000000000000000000e+00
1.282000000000000028e+01,0.000000000000000000e+00,0.000000000000000000e+00,1.766208076477050781e+01,1.000000000000000000e+00
1.283999999999999986e+01,0.000000000000000000e+00,0.000000000000000000e+00,1.768649673461914062e+01,1.000000000000000000e+00
1.285999999999999943e+01,0.000000000000000000e+00,0.000000000000000000e+00,1.771090316772460938e+01,1.000000000000000000e+00
1.288000000000000078e+01,0.000000000000000000e+00,0.000000000000000000e+00,1.773530197143554688e+01,1.000000000000000000e+00
1.290000000000000036e+01,0.000000000000000000e+00,0.000000000000000000e+00,1.775969696044921875e+01,1.000000000000000000e+00
1.291999999999999993e+01,0.000000000000000000e+00,0.000000000000000000e+00,1.778408432006835938e+01,1.000000000000000000e+00
1.293999999999999950e+01,0.000000000000000000e+00,0.000000000000000000e+00,1.780846405029296875e+01,1.000000000000000000e+00
1.296000000000000085e+01,0.000000000000000000e+00,0.000000000000000000e+00,1.783283424377441406e+01,1.000000000000000000e+00
1.298000000000000043e+01,0.000000000000000000e+00,0.000000000000000000e+00,1.785719490051269531e+01,1.000000000000000000e+00
1.300000000000000000e+01,0.000000000000000000e+00,0.000000000000000000e+00,1.788155174255371094e+01,1.000000000000000000e+00
1.301999999999999957e+01,0.000000000000000000e+00,0.000000000000000000e+00,1.790590095520019531e+01,1.000000000000000000e+00
1.304000000000000092e+01,0.000000000000000000e+00,0.000000000000000000e+00,1.793024253845214844e+01,1.000000000000000000e+00
1.306000000000000050e+01,0.000000000000000000e+00,0.000000000000000000e+00,1.795457458496093750e+01,1.000000000000000000e+00
1.308000000000000007e+01,0.000000000000000000e+00,0.000000000000000000e+00,1.797889900207519531e+01,1.000000000000000000e+00
1.309999999999999964e+01,0.000000000000000000e+00,0.000000000000000000e+00,1.800321769714355469e+01,1.000000000000000000e+00
1.312000000000000099e+01,0.000000000000000000e+00,0.000000000000000000e+00,1.802753257751464844e+01,1.000000000000000000e+00
1.314000000000000057e+01,0.000000000000000000e+00,0.000000000000000000e+00,1.805183982849121094e+01,1.000000000000000000e+00
1.316000000000000014e+01,0.000000000000000000e+00,0.000000000000000000e+00,1.807613754272460938e+01,1.000000000000000000e+00
1.317999999999999972e+01,0.000000000000000000e+00,0.000000000000000000e+00,1.810042762756347656e+01,1.000000000000000000e+00
1.320000000000000107e+01,0.000000000000000000e+00,0.000000000000000000e+00,1.812471008300781250e+01,1.000000000000000000e+00
1.322000000000000064e+01,0.000000000000000000e+00,0.000000000000000000e+00,1.814899063110351562e+01,1.000000000000000000e+00
1.324000000000000021e+01,0.000000000000000000e+00,0.000000000000000000e+00,1.817326164245605469e+01,1.000000000000000000e+00
1.325999999999999979e+01,0.000000000000000000e+00,0.000000000000000000e+00,1.819752311706542969e+01,1.000000000000000000e+00
1.328000000000000114e+01,0.000000000000000000e+00,0.000000000000000000e+00,1.822177696228027344e+01,1.000000000000000000e+00
1.330000000000000071e+01,0.000000000000000000e+00,0.000000000000000000e+00,1.824602890014648438e+01,1.000000000000000000e+00
1.332000000000000028e+01,0.000000000000000000e+00,0.000000000000000000e+00,1.827027130126953125e+01,1.000000000000000000e+00
1.333999999999999986e+01,0.000000000000000000e+00,0.000000000000000000e+00,1.829450798034667969e+01,1.000000000000000000e+00
1.335999999999999943e+01,0.000000000000000000e+00,0.000000000000000000e+00,1.831873512268066406e+01,1.000000000000000000e+00
1.338000000000000078e+01,0.000000000000000000e+00,0.000000000000000000e+00,1.834295463562011719e+01,1.000000000000000000e+00
1.340000000000000036e+01,0.000000000000000000e+00,0.000000000000000000e+00,1.836716842651367188e+01,1.000000000000000000e+00
1.341999999999999993e+01,0.000000000000000000e+00,0.000000000000000000e+00,1.839138031005859375e+01,1.000000000000000000e+00
1.343999999999999950e+01,0.000000000000000000e+00,0.000000000000000000e+00,1.841558456420898438e+01,1.000000000000000000e+00
1.346000000000000085e+01,0.000000000000000000e+00,0.000000000000000000e+00,1.843978118896484375e+01,1.000000000000000000e+00
1.348000000000000043e+01,0.000000000000000000e+00,0.000000000000000000e+00,1.846397209167480469e+01,1.000000000000000000e+00
1.350000000000000000e+01,0.000000000000000000e+00,0.000000000000000000e+00,1.848815727233886719e+01,1.000000000000000000e+00
1.351999999999999957e+01,0.000000000000000000e+00,0.000000000000000000e+00,1.851234054565429688e+01,1.000000000000000000e+00
1.354000000000000092e+01,0.000000000000000000e+00,0.000000000000000000e+00,1.853651618957519531e+01,1.000000000000000000e+00
1.356000000000000050e+01,0.000000000000000000e+00,0.000000000000000000e+00,1.856068229675292969e+01,1.000000000000000000e+00
1.358000000000000007e+01,0.000000000000000000e+00,0.000000000000000000e+00,1.858484268188476562e+01,1.000000000000000000e+00
1.359999999999999964e+01,0.000000000000000000e+00,0.000000000000000000e+00,1.860899925231933594e+01,1.000000000000000000e+00
1.362000000000000099e+01,0.000000000000000000e+00,0.000000000000000000e+00,1.863315200805664062e+01,1.000000000000000000e+00
1.364000000000000057e+01,0.000000000000000000e+00,0.000000000000000000e+00,1.865729713439941406e+01,1.000000000000000000e+00
1.366000000000000014e+01,0.000000000000000000e+00,0.000000000000000000e+00,1.868143463134765625e+01,1.000000000000000000e+00
1.367999999999999972e+01,0.000000000000000000e+00,0.000000000000000000e+00,1.870556259155273438e+01,1.000000000000000000e+00
1.370000000000000107e+01,0.000000000000000000e+00,0.000000000000000000e+00,1.872969055175781250e+01,1.000000000000000000e+00
1.372000000000000064e+01,0.000000000000000000e+00,0.000000000000000000e+00,1.875381088256835938e+01,1.000000000000000000e+00
1.374000000000000021e+01,0.000000000000000000e+00,0.000000000000000000e+00,1.877792549133300781e+01,1.000000000000000000e+00
1.375999999999999979e+01,0.000000000000000000e+00,0.000000000000000000e+00,1.880203247070312500e+01,1.000000000000000000e+00
1.378000000000000114e+01,0.000000000000000000e+00,0.000000000000000000e+00,1.882613182067871094e+01,1.000000000000000000e+00
1.380000000000000071e+01,0.000000000000000000e+00,0.000000000000000000e+00,1.885022544860839844e+01,1.000000000000000000e+00
1.382000000000000028e+01,0.000000000000000000e+00,0.000000000000000000e+00,1.887431526184082031e+01,1.000000000000000000e+00
1.383999999999999986e+01,0.000000000000000000e+00,0.000000000000000000e+00,1.889839744567871094e+01,1.000000000000000000e+00
1.385999999999999943e+01,0.000000000000000000e+00,0.000000000000000000e+00,1.892247200012207031e+01,1.000000000000000000e+00
1.388000000000000078e+01,0.000000000000000000e+00,0.000000000000000000e+00,1.894654273986816406e+01,1.000000000000000000e+00
1.390000000000000036e+01,0.000000000000000000e+00,0.000000000000000000e+00,1.897060585021972656e+01,1.000000000000000000e+00
1.391999999999999993e+01,0.000000000000000000e+00,0.000000000000000000e+00,1.899466705322265625e+01,1.000000000000000000e+00
1.393999999999999950e+01,0.000000000000000000e+00,0.000000000000000000e+00,1.901872253417968750e+01,1.000000000000000000e+00
1.396000000000000085e+01,0.000000000000000000e+00,0.000000000000000000e+00,1.904277038574218750e+01,1.000000000000000000e+00
1.398000000000000043e+01,0.000000000000000000e+00,0.000000000000000000e+00,1.906681251525878906e+01,1.000000000000000000e+00
1.400000000000000000e+01,0.000000000000000000e+00,0.000000000000000000e+00,1.909085083007812500e+01,1.000000000000000000e+00
1.401999999999999957e+01,0.000000000000000000e+00,0.000000000000000000e+00,1.911488342285156250e+01,1.000000000000000000e+00
1.404000000000000092e+01,0.000000000000000000e+00,0.000000000000000000e+00,1.913891220092773438e+01,1.000000000000000000e+00
1.406000000000000050e+01,0.000000000000000000e+00,0.000000000000000000e+00,1.916293525695800781e+01,1.000000000000000000e+00
1.408000000000000007e+01,0.000000000000000000e+00,0.000000000000000000e+00,1.918694877624511719e+01,1.000000000000000000e+00
1.409999999999999964e+01,0.000000000000000000e+00,0.000000000000000000e+00,1.921096229553222656e+01,1.000000000000000000e+00
1.412000000000000099e+01,0.000000000000000000e+00,0.000000000000000000e+00,1.923497581481933594e+01,1.000000000000000000e+00
1.414000000000000057e+01,0.000000000000000000e+00,0.000000000000000000e+00,1.925897979736328125e+01,1.000000000000000000e+00
1.416000000000000014e+01,0.000000000000000000e+00,0.000000000000000000e+00,1.928297805786132812e+01,1.000000000000000000e+00
1.417999999999999972e+01,0.000000000000000000e+00,0.000000000000000000e+00,1.930697250366210938e+01,1.000000000000000000e+00
1.420000000000000107e+01,0.000000000000000000e+00,0.000000000000000000e+00,1.933095741271972656e+01,1.000000000000000000e+00
1.422000000000000064e+01,0.000000000000000000e+00,0.000000000000000000e+00,1.935494232177734375e+01,1.000000000000000000e+00
1.424000000000000021e+01,0.000000000000000000e+00,0.000000000000000000e+00,1.937892341613769531e+01,1.000000000000000000e+00
1.425999999999999979e+01,0.000000000000000000e+00,0.000000000000000000e+00,1.940289878845214844e+01,1.000000000000000000e+00
1.428000000000000114e+01,0.000000000000000000e+00,0.000000000000000000e+00,1.942686843872070312e+01,1.000000000000000000e+00
1.430000000000000071e+01,0.000000000000000000e+00,0.000000000000000000e+00,1.945083427429199219e+01,1.000000000000000000e+00
1.432000000000000028e+01,0.000000000000000000e+00,0.000000000000000000e+00,1.947480010986328125e+01,1.000000000000000000e+00
1.433999999999999986e+01,0.000000000000000000e+00,0.000000000000000000e+00,1.949876022338867188e+01,1.000000000000000000e+00
1.435999999999999943e+01,0.000000000000000000e+00,0.000000000000000000e+00,1.952271270751953125e+01,1.000000000000000000e+00
1.438000000000000078e+01,0.000000000000000000e+00,0.000000000000000000e+00,1.954665946960449219e+01,1.000000000000000000e+00
1.440000000000000036e+01,0.000000000000000000e+00,0.000000000000000000e+00,1.957060623168945312e+01,1.000000000000000000e+00
1.441999999999999993e+01,0.000000000000000000e+00,0.000000000000000000e+00,1.959454917907714844e+01,1.000000000000000000e+00
1.443999999999999950e+01,0.000000000000000000e+00,0.000000000000000000e+00,1.961848640441894531e+01,1.000000000000000000e+00
1.446000000000000085e+01,0.000000000000000000e+00,0.000000000000000000e+00,1.964241981506347656e+01,1.000000000000000000e+00
1.448000000000000043e+01,0.000000000000000000e+00,0.000000000000000000e+00,1.966634750366210938e+01,1.000000000000000000e+00
1.450000000000000000e+01,0.000000000000000000e+00,0.000000000000000000e+00,1.969027519226074219e+01,1.000000000000000000e+00
1.451999999999999957e+01,0.000000000000000000e+00,0.000000000000000000e+00,1.971420288085937500e+01,1.000000000000000000e+00
1.454000000000000092e+01,0.000000000000000000e+00,0.000000000000000000e+00,1.973812103271484375e+01,1.000000000000000000e+00
1.456000000000000050e+01,0.000000000000000000e+00,0.000000000000000000e+00,1.976203346252441406e+01,1.000000000000000000e+00
1.458000000000000007e+01,0.000000000000000000e+00,0.000000000000000000e+00,1.978594207763671875e+01,1.000000000000000000e+00
1.459999999999999964e+01,0.000000000000000000e+00,0.000000000000000000e+00,1.980984878540039062e+01,1.000000000000000000e+00
1.462000000000000099e+01,0.000000000000000000e+00,0.000000000000000000e+00,1.983374786376953125e+01,1.000000000000000000e+00
1.464000000000000057e+01,0.000000000000000000e+00,0.000000000000000000e+00,1.985764312744140625e+01,1.000000000000000000e+00
1.466000000000000014e+01,0.000000000000000000e+00,0.000000000000000000e+00,1.988153266906738281e+01,1.000000000000000000e+00
1.467999999999999972e+01,0.000000000000000000e+00,0.000000000000000000e+00,1.990541267395019531e+01,1.000000000000000000e+00
1.470000000000000107e+01,0.000000000000000000e+00,0.000000000000000000e+00,1.992929267883300781e+01,1.000000000000000000e+00
1.472000000000000064e+01,0.000000000000000000e+00,0.000000000000000000e+00,1.995317268371582031e+01,1.000000000000000000e+00
1.474000000000000021e+01,0.000000000000000000e+00,0.000000000000000000e+00,1.997704505920410156e+01,1.000000000000000000e+00
1.475999999999999979e+01,0.000000000000000000e+00,0.000000000000000000e+00,2.000091361999511719e+01,1.000000000000000000e+00
1.478000000000000114e+01,0.000000000000000000e+00,0.000000000000000000e+00,2.002477455139160156e+01,1.000000000000000000e+00
1.480000000000000071e+01,0.000000000000000000e+00,0.000000000000000000e+00,2.004863548278808594e+01,1.000000000000000000e+00
1.482000000000000028e+01,0.000000000000000000e+00,0.000000000000000000e+00,2.007249641418457031e+01,1.000000000000000000e+00
1.483999999999999986e+01,0.000000000000000000e+00,0.000000000000000000e+00,2.009635162353515625e+01,1.000000000000000000e+00
1.485999999999999943e+01,0.000000000000000000e+00,0.000000000000000000e+00,2.012020301818847656e+01,1.000000000000000000e+00
1.488000000000000078e+01,0.000000000000000000e+00,0.000000000000000000e+00,2.014404678344726562e+01,1.000000000000000000e+00
1.490000000000000036e+01,0.000000000000000000e+00,0.000000000000000000e+00,2.016788864135742188e+01,1.000000000000000000e+00
1.491999999999999993e+01,0.000000000000000000e+00,0.000000000000000000e+00,2.019173049926757812e+01,1.000000000000000000e+00
1.493999999999999950e+01,0.000000000000000000e+00,0.000000000000000000e+00,2.021556854248046875e+01,1.000000000000000000e+00
1.496000000000000085e+01,0.000000000000000000e+00,0.000000000000000000e+00,2.023940086364746094e+01,1.000000000000000000e+00
1.498000000000000043e+01,0.000000000000000000e+00,0.000000000000000000e+00,2.026322937011718750e+01,1.000000000000000000e+00
1.500000000000000000e+01,0.000000000000000000e+00,0.000000000000000000e+00,2.028705406188964844e+01,1.000000000000000000e+00
1.501999999999999957e+01,0.000000000000000000e+00,0.000000000000000000e+00,2.031087684631347656e+01,1.000000000000000000e+00
1.504000000000000092e+01,0.000000000000000000e+00,0.000000000000000000e+00,2.033469963073730469e+01,1.000000000000000000e+00
1.506000000000000050e+01,0.000000000000000000e+00,0.000000000000000000e+00,2.035851669311523438e+01,1.000000000000000000e+00
1.508000000000000007e+01,0.000000000000000000e+00,0.000000000000000000e+00,2.038232994079589844e+01,1.000000000000000000e+00
1.509999999999999964e+01,0.000000000000000000e+00,0.000000000000000000e+00,2.040614318847656250e+01,1.000000000000000000e+00
1.512000000000000099e+01,0.000000000000000000e+00,0.000000000000000000e+00,2.042995643615722656e+01,1.000000000000000000e+00
1.514000000000000057e+01,0.000000000000000000e+00,0.000000000000000000e+00,2.045376586914062500e+01,1.000000000000000000e+00
1.516000000000000014e+01,0.000000000000000000e+00,0.000000000000000000e+00,2.047756767272949219e+01,1.000000000000000000e+00
1.517999999999999972e+01,0.000000000000000000e+00,0.000000000000000000e+00,2.050136184692382812e+01,1.000000000000000000e+00
1.520000000000000107e+01,0.000000000000000000e+00,0.000000000000000000e+00,2.052515602111816406e+01,1.000000000000000000e+00
1.522000000000000064e+01,0.000000000000000000e+00,0.000000000000000000e+00,2.054895019531250000e+01,1.000000000000000000e+00
1.524000000000000021e+01,0.000000000000000000e+00,0.000000000000000000e+00,2.057273674011230469e+01,1.000000000000000000e+00
1.525999999999999979e+01,0.000000000000000000e+00,0.000000000000000000e+00,2.059652137756347656e+01,1.000000000000000000e+00
1.528000000000000114e+01,0.000000000000000000e+00,0.000000000000000000e+00,2.062029647827148438e+01,1.000000000000000000e+00
1.530000000000000071e+01,0.000000000000000000e+00,0.000000000000000000e+00,2.064407157897949219e+01,1.000000000000000000e+00
1.532000000000000028e+01,0.000000000000000000e+00,0.000000000000000000e+00,2.066784667968750000e+01,1.000000000000000000e+00
1.533999999999999986e+01,0.000000000000000000e+00,0.000000000000000000e+00,2.069162178039550781e+01,1.000000000000000000e+00
1.535999999999999943e+01,0.000000000000000000e+00,0.000000000000000000e+00,2.071538925170898438e+01,1.000000000000000000e+00
1.538000000000000078e+01,0.000000000000000000e+00,0.000000000000000000e+00,2.073915481567382812e+01,1.000000000000000000e+00
1.540000000000000036e+01,0.000000000000000000e+00,0.000000000000000000e+00,2.076292037963867188e+01,1.000000000000000000e+00
1.541999999999999993e+01,0.000000000000000000e+00,0.000000000000000000e+00,2.078668594360351562e+01,1.000000000000000000e+00
1.543999999999999950e+01,0.000000000000000000e+00,0.000000000000000000e+00,2.081044578552246094e+01,1.000000000000000000e+00
1.546000000000000085e+01,0.000000000000000000e+00,0.000000000000000000e+00,2.083420181274414062e+01,1.000000000000000000e+00
1.548000000000000043e+01,0.000000000000000000e+00,0.000000000000000000e+00,2.085794830322265625e+01,1.000000000000000000e+00
1.550000000000000000e+01,0.000000000000000000e+00,0.000000000000000000e+00,2.088169479370117188e+01,1.000000000000000000e+00
1.551999999999999957e+01,0.000000000000000000e+00,0.000000000000000000e+00,2.090544128417968750e+01,1.000000000000000000e+00
1.554000000000000092e+01,0.000000000000000000e+00,0.000000000000000000e+00,2.092918777465820312e+01,1.000000000000000000e+00
1.556000000000000050e+01,0.000000000000000000e+00,0.000000000000000000e+00,2.095292472839355469e+01,1.000000000000000000e+00
1.558000000000000007e+01,0.000000000000000000e+00,0.000000000000000000e+00,2.097666168212890625e+01,1.000000000000000000e+00
1.559999999999999964e+01,0.000000000000000000e+00,0.000000000000000000e+00,2.100039863586425781e+01,1.000000000000000000e+00
1.562000000000000099e+01,0.000000000000000000e+00,0.000000000000000000e+00,2.102413558959960938e+01,1.000000000000000000e+00
1.564000000000000057e+01,0.000000000000000000e+00,0.000000000000000000e+00,2.104786682128906250e+01,1.000000000000000000e+00
1.566000000000000014e+01,0.000000000000000000e+00,0.000000000000000000e+00,2.107159423828125000e+01,1.000000000000000000e+00
1.567999999999999972e+01,0.000000000000000000e+00,0.000000000000000000e+00,2.109531974792480469e+01,1.000000000000000000e+00
1.570000000000000107e+01,0.000000000000000000e+00,0.000000000000000000e+00,2.111904716491699219e+01,1.000000000000000000e+00
1.572000000000000064e+01,0.000000000000000000e+00,0.000000000000000000e+00,2.114277076721191406e+01,1.000000000000000000e+00
1.574000000000000021e+01,0.000000000000000000e+00,0.000000000000000000e+00,2.116648864746093750e+01,1.000000000000000000e+00
1.575999999999999979e+01,0.000000000000000000e+00,0.000000000000000000e+00,2.119020271301269531e+01,1.000000000000000000e+00
1.578000000000000114e+01,0.000000000000000000e+00,0.000000000000000000e+00,2.121391105651855469e+01,1.000000000000000000e+00
1.580000000000000071e+01,0.000000000000000000e+00,0.000000000000000000e+00,2.123761940002441406e+01,1.000000000000000000e+00
1.582000000000000028e+01,0.000000000000000000e+00,0.000000000000000000e+00,2.126132774353027344e+01,1.000000000000000000e+00
1.583999999999999986e+01,0.000000000000000000e+00,0.000000000000000000e+00,2.128503608703613281e+01,1.000000000000000000e+00
1.586000000000000121e+01,0.000000000000000000e+00,0.000000000000000000e+00,2.130873870849609375e+01,1.000000000000000000e+00
1.588000000000000078e+01,0.000000000000000000e+00,0.000000000000000000e+00,2.133243751525878906e+01,1.000000000000000000e+00
1.590000000000000036e+01,0.000000000000000000e+00,0.000000000000000000e+00,2.135613632202148438e+01,1.000000000000000000e+00
1.591999999999999993e+01,0.000000000000000000e+00,0.000000000000000000e+00,2.137983512878417969e+01,1.000000000000000000e+00
1.593999999999999950e+01,0.000000000000000000e+00,0.000000000000000000e+00,2.140353393554687500e+01,1.000000000000000000e+00
1.596000000000000085e+01,0.000000000000000000e+00,0.000000000000000000e+00,2.142722702026367188e+01,1.000000000000000000e+00
1.598000000000000043e+01,0.000000000000000000e+00,0.000000000000000000e+00,2.145091629028320312e+01,1.000000000000000000e+00
1.600000000000000000e+01,0.000000000000000000e+00,0.000000000000000000e+00,2.147460556030273438e+01,1.000000000000000000e+00
1.601999999999999957e+01,0.000000000000000000e+00,0.000000000000000000e+00,2.149829483032226562e+01,1.000000000000000000e+00
1.603999999999999915e+01,0.000000000000000000e+00,0.000000000000000000e+00,2.152198410034179688e+01,1.000000000000000000e+00
1.605999999999999872e+01,0.000000000000000000e+00,0.000000000000000000e+00,2.154566764831542969e+01,1.000000000000000000e+00
1.608000000000000185e+01,0.000000000000000000e+00,0.000000000000000000e+00,2.156934738159179688e+01,1.000000000000000000e+00
1.610000000000000142e+01,0.000000000000000000e+00,0.000000000000000000e+00,2.159302711486816406e+01,1.000000000000000000e+00
1.612000000000000099e+01,0.000000000000000000e+00,0.000000000000000000e+00,2.161670684814453125e+01,1.000000000000000000e+00
1.614000000000000057e+01,0.000000000000000000e+00,0.000000000000000000e+00,2.164038658142089844e+01,1.000000000000000000e+00
1.616000000000000014e+01,0.000000000000000000e+00,0.000000000000000000e+00,2.166406250000000000e+01,1.000000000000000000e+00
1.617999999999999972e+01,0.000000000000000000e+00,0.000000000000000000e+00,2.168773269653320312e+01,1.000000000000000000e+00
1.619999999999999929e+01,0.000000000000000000e+00,0.000000000000000000e+00,2.171140289306640625e+01,1.000000000000000000e+00
1.621999999999999886e+01,0.000000000000000000e+00,0.000000000000000000e+00,2.173507308959960938e+01,1.000000000000000000e+00
1.624000000000000199e+01,0.000000000000000000e+00,0.000000000000000000e+00,2.175874328613281250e+01,1.000000000000000000e+00
1.626000000000000156e+01,0.000000000000000000e+00,0.000000000000000000e+00,2.178241348266601562e+01,1.000000000000000000e+00
1.628000000000000114e+01,0.000000000000000000e+00,0.000000000000000000e+00,2.180607604980468750e+01,1.000000000000000000e+00
1.630000000000000071e+01,0.000000000000000000e+00,0.000000000000000000e+00,2.182974433898925781e+01,1.000000000000000000e+00
1.632000000000000028e+01,0.000000000000000000e+00,0.000000000000000000e+00,2.185341453552246094e+01,1.000000000000000000e+00
1.633999999999999986e+01,0.000000000000000000e+00,0.000000000000000000e+00,2.187707901000976562e+01,1.000000000000000000e+00
1.635999999999999943e+01,0.000000000000000000e+00,0.000000000000000000e+00,2.190073966979980469e+01,1.000000000000000000e+00
1.637999999999999901e+01,0.000000000000000000e+00,0.000000000000000000e+00,2.192440032958984375e+01,1.000000000000000000e+00
1.639999999999999858e+01,0.000000000000000000e+00,0.000000000000000000e+00,2.194806098937988281e+01,1.000000000000000000e+00
1.642000000000000171e+01,0.000000000000000000e+00,0.000000000000000000e+00,2.197172164916992188e+01,1.000000000000000000e+00
1.644000000000000128e+01,0.000000000000000000e+00,0.000000000000000000e+00,2.199537658691406250e+01,1.000000000000000000e+00
1.646000000000000085e+01,0.000000000000000000e+00,0.000000000000000000e+00,2.201902770996093750e+01,1.000000000000000000e+00
1.648000000000000043e+01,0.000000000000000000e+00,0.000000000000000000e+00,2.204267883300781250e+01,1.000000000000000000e+00
1.650000000000000000e+01,0.000000000000000000e+00,0.000000000000000000e+00,2.206632995605468750e+01,1.000000000000000000e+00
1.651999999999999957e+01,0.000000000000000000e+00,0.000000000000000000e+00,2.208998107910156250e+01,1.000000000000000000e+00
1.653999999999999915e+01,0.000000000000000000e+00,0.000000000000000000e+00,2.211363220214843750e+01,1.000000000000000000e+00
1.655999999999999872e+01,0.000000000000000000e+00,0.000000000000000000e+00,2.213727378845214844e+01,1.000000000000000000e+00
1.658000000000000185e+01,0.000000000000000000e+00,0.000000000000000000e+00,2.216091537475585938e+01,1.000000000000000000e+00
1.660000000000000142e+01,0.000000000000000000e+00,0.000000000000000000e+00,2.218455696105957031e+01,1.000000000000000000e+00
1.662000000000000099e+01,0.000000000000000000e+00,0.000000000000000000e+00,2.220819854736328125e+01,1.000000000000000000e+00
1.664000000000000057e+01,0.000000000000000000e+00,0.000000000000000000e+00,2.223184013366699219e+01,1.000000000000000000e+00
1.666000000000000014e+01,0.000000000000000000e+00,0.000000000000000000e+00,2.225547599792480469e+01,1.000000000000000000e+00
1.667999999999999972e+01,0.000000000000000000e+00,0.000000000000000000e+00,2.227910804748535156e+01,1.000000000000000000e+00
1.669999999999999929e+01,0.000000000000000000e+00,0.000000000000000000e+00,2.230274391174316406e+01,1.000000000000000000e+00
1.671999999999999886e+01,0.000000000000000000e+00,0.000000000000000000e+00,2.232638359069824219e+01,1.000000000000000000e+00
1.674000000000000199e+01,0.000000000000000000e+00,0.000000000000000000e+00,2.235001564025878906e+01,1.000000000000000000e+00
1.676000000000000156e+01,0.000000000000000000e+00,0.000000000000000000e+00,2.237364768981933594e+01,1.000000000000000000e+00
1.678000000000000114e+01,0.000000000000000000e+00,0.000000000000000000e+00,2.239727973937988281e+01,1.000000000000000000e+00
1.680000000000000071e+01,0.000000000000000000e+00,0.000000000000000000e+00,2.242091178894042969e+01,1.000000000000000000e+00
1.682000000000000028e+01,0.000000000000000000e+00,0.000000000000000000e+00,2.244454383850097656e+01,1.000000000000000000e+00
1.683999999999999986e+01,0.000000000000000000e+00,0.000000000000000000e+00,2.246817588806152344e+01,1.000000000000000000e+00
1.685999999999999943e+01,0.000000000000000000e+00,0.000000000000000000e+00,2.249180030822753906e+01,1.000000000000000000e+00
1.687999999999999901e+01,0.000000000000000000e+00,0.000000000000000000e+00,2.251542282104492188e+01,1.000000000000000000e+00
1.689999999999999858e+01,0.000000000000000000e+00,0.000000000000000000e+00,2.253904914855957031e+01,1.000000000000000000e+00
1.692000000000000171e+01,0.000000000000000000e+00,0.000000000000000000e+00,2.256268119812011719e+01,1.000000000000000000e+00
1.694000000000000128e+01,0.000000000000000000e+00,0.000000000000000000e+00,2.258630371093750000e+01,1.000000000000000000e+00
1.696000000000000085e+01,0.000000000000000000e+00,0.000000000000000000e+00,2.260992622375488281e+01,1.000000000000000000e+00
1.698000000000000043e+01,0.000000000000000000e+00,0.000000000000000000e+00,2.263354873657226562e+01,1.000000000000000000e+00
1.700000000000000000e+01,0.000000000000000000e+00,0.000000000000000000e+00,2.265717124938964844e+01,1.000000000000000000e+00
1.701999999999999957e+01,0.000000000000000000e+00,0.000000000000000000e+00,2.268079376220703125e+01,1.000000000000000000e+00
1.703999999999999915e+01,0.000000000000000000e+00,0.000000000000000000e+00,2.270441627502441406e+01,1.000000000000000000e+00
1.705999999999999872e+01,0.000000000000000000e+00,0.000000000000000000e+00,2.272803497314453125e+01,1.000000000000000000e+00
1.708000000000000185e+01,0.000000000000000000e+00,0.000000000000000000e+00,2.275164794921875000e+01,1.000000000000000000e+00
1.710000000000000142e+01,0.000000000000000000e+00,0.000000000000000000e+00,2.277526664733886719e+01,1.000000000000000000e+00
1.712000000000000099e+01,0.000000000000000000e+00,0.000000000000000000e+00,2.279888916015625000e+01,1.000000000000000000e+00
1.714000000000000057e+01,0.000000000000000000e+00,0.000000000000000000e+00,2.282250976562500000e+01,1.000000000000000000e+00
1.716000000000000014e+01,0.000000000000000000e+00,0.000000000000000000e+00,2.284612274169921875e+01,1.000000000000000000e+00
1.717999999999999972e+01,0.000000000000000000e+00,0.000000000000000000e+00,2.286973571777343750e+01,1.000000000000000000e+00
1.719999999999999929e+01,0.000000000000000000e+00,0.000000000000000000e+00,2.289335250854492188e+01,1.000000000000000000e+00
1.721999999999999886e+01,0.000000000000000000e+00,0.000000000000000000e+00,2.291697502136230469e+01,1.000000000000000000e+00
1.724000000000000199e+01,0.000000000000000000e+00,0.000000000000000000e+00,2.294059753417968750e+01,1.000000000000000000e+00
1.726000000000000156e+01,0.000000000000000000e+00,0.000000000000000000e+00,2.296421432495117188e+01,1.000000000000000000e+00
1.728000000000000114e+01,0.000000000000000000e+00,0.000000000000000000e+00,2.298783302307128906e+01,1.000000000000000000e+00
1.730000000000000071e+01,0.000000000000000000e+00,0.000000000000000000e+00,2.301145553588867188e+01,1.000000000000000000e+00
1.732000000000000028e+01,0.000000000000000000e+00,0.000000000000000000e+00,2.303508758544921875e+01,1.000000000000000000e+00
1.733999999999999986e+01,0.000000000000000000e+00,0.000000000000000000e+00,2.305871963500976562e+01,1.000000000000000000e+00
1.735999999999999943e+01,0.000000000000000000e+00,0.000000000000000000e+00,2.308235168457031250e+01,1.000000000000000000e+00
1.737999999999999901e+01,0.000000000000000000e+00,0.000000000000000000e+00,2.310598373413085938e+01,1.000000000000000000e+00
1.740000000000000213e+01,0.000000000000000000e+00,0.000000000000000000e+00,2.312962150573730469e+01,1.000000000000000000e+00
1.742000000000000171e+01,0.000000000000000000e+00,0.000000000000000000e+00,2.315326309204101562e+01,1.000000000000000000e+00
1.744000000000000128e+01,0.000000000000000000e+00,0.000000000000000000e+00,2.317690467834472656e+01,1.000000000000000000e+00
1.746000000000000085e+01,0.000000000000000000e+00,0.000000000000000000e+00,2.320054054260253906e+01,1.000000000000000000e+00
1.748000000000000043e+01,0.000000000000000000e+00,0.000000000000000000e+00,2.322417259216308594e+01,1.000000000000000000e+00
1.750000000000000000e+01,0.000000000000000000e+00,0.000000000000000000e+00,2.324780654907226562e+01,1.000000000000000000e+00
1.751999999999999957e+01,0.000000000000000000e+00,0.000000000000000000e+00,2.327144050598144531e+01,1.000000000000000000e+00
1.753999999999999915e+01,0.000000000000000000e+00,0.000000000000000000e+00,2.329507255554199219e+01,1.000000000000000000e+00
1.755999999999999872e+01,0.000000000000000000e+00,0.000000000000000000e+00,2.331870460510253906e+01,1.000000000000000000e+00
1.758000000000000185e+01,0.000000000000000000e+00,0.000000000000000000e+00,2.334233665466308594e+01,1.000000000000000000e+00
1.760000000000000142e+01,0.000000000000000000e+00,0.000000000000000000e+00,2.336597061157226562e+01,1.000000000000000000e+00
1.762000000000000099e+01,0.000000000000000000e+00,0.000000000000000000e+00,2.338961219787597656e+01,1.000000000000000000e+00
1.764000000000000057e+01,0.000000000000000000e+00,0.000000000000000000e+00,2.341324424743652344e+01,1.000000000000000000e+00
1.766000000000000014e+01,0.000000000000000000e+00,0.000000000000000000e+00,2.343687629699707031e+01,1.000000000000000000e+00
1.767999999999999972e+01,0.000000000000000000e+00,0.000000000000000000e+00,2.346050834655761719e+01,1.000000000000000000e+00
1.769999999999999929e+01,0.000000000000000000e+00,0.000000000000000000e+00,2.348414230346679688e+01,1.000000000000000000e+00
1.771999999999999886e+01,0.000000000000000000e+00,0.000000000000000000e+00,2.350778388977050781e+01,2.000000000000000000e+00
1.774000000000000199e+01,1.110300072468817234e-03,8.488912328630249249e-08,2.353144454956054688e+01,2.000000000000000000e+00
1.776000000000000156e+01,4.555665422230958939e-03,1.273282578040380031e-06,2.355516815185546875e+01,2.000000000000000000e+00
1.778000000000000114e+01,1.075818482786417007e-02,6.369807124428916723e-06,2.357899856567382812e+01,2.000000000000000000e+00
1.780000000000000071e+01,1.979461126029491425e-02,1.996701757889240980e-05,2.360296440124511719e+01,2.000000000000000000e+00
1.782000000000000028e+01,3.166503459215164185e-02,4.813882696907967329e-05,2.362707328796386719e+01,2.000000000000000000e+00
1.783999999999999986e+01,4.635431617498397827e-02,9.827430767472833395e-05,2.365133285522460938e+01,2.000000000000000000e+00
1.785999999999999943e+01,6.384492665529251099e-02,1.790169626474380493e-04,2.367575073242187500e+01,2.000000000000000000e+00
1.787999999999999901e+01,8.411972969770431519e-02,3.001514996867626905e-04,2.370032310485839844e+01,2.000000000000000000e+00
1.790000000000000213e+01,1.071627736091613770e-01,4.724467871710658073e-04,2.372504997253417969e+01,2.000000000000000000e+00
1.792000000000000171e+01,1.329615265130996704e-01,7.075698231346905231e-04,2.374992752075195312e+01,2.000000000000000000e+00
1.794000000000000128e+01,1.615078896284103394e-01,1.018003560602664948e-03,2.377495002746582031e+01,2.000000000000000000e+00
1.796000000000000085e+01,1.927958577871322632e-01,1.416988205164670944e-03,2.380010223388671875e+01,2.000000000000000000e+00
1.798000000000000043e+01,2.268212884664535522e-01,1.918419497087597847e-03,2.382537078857421875e+01,2.000000000000000000e+00
1.800000000000000000e+01,2.635810375213623047e-01,2.536656800657510757e-03,2.385073661804199219e+01,2.000000000000000000e+00
1.801999999999999957e+01,3.030723035335540771e-01,3.286542836576700211e-03,2.387618255615234375e+01,2.000000000000000000e+00
1.803999999999999915e+01,3.452931046485900879e-01,4.183182492852210999e-03,2.390169334411621094e+01,2.000000000000000000e+00
1.805999999999999872e+01,3.902431130409240723e-01,5.241715349256992340e-03,2.392724037170410156e+01,2.000000000000000000e+00
1.808000000000000185e+01,4.379231929779052734e-01,6.477319635450839996e-03,2.395279502868652344e+01,2.000000000000000000e+00
1.810000000000000142e+01,4.883354306221008301e-01,7.905106060206890106e-03,2.397832489013671875e+01,2.000000000000000000e+00
1.812000000000000099e+01,5.414828658103942871e-01,9.540279395878314972e-03,2.400380325317382812e+01,2.000000000000000000e+00
1.814000000000000057e+01,5.973694920539855957e-01,1.139779761433601379e-02,2.402920150756835938e+01,2.000000000000000000e+00
1.816000000000000014e+01,6.559998393058776855e-01,1.349218934774398804e-02,2.405448913574218750e+01,2.000000000000000000e+00
1.817999999999999972e+01,7.173790931701660156e-01,1.583756506443023682e-02,2.407962417602539062e+01,2.000000000000000000e+00
1.819999999999999929e+01,7.815124392509460449e-01,1.844749785959720612e-02,2.410456848144531250e+01,2.000000000000000000e+00
1.821999999999999886e+01,8.484054207801818848e-01,2.133531868457794189e-02,2.412928771972656250e+01,2.000000000000000000e+00
1.824000000000000199e+01,9.180625677108764648e-01,2.451396547257900238e-02,2.415374755859375000e+01,2.000000000000000000e+00
1.826000000000000156e+01,9.904880523681640625e-01,2.799581922590732574e-02,2.417790985107421875e+01,2.000000000000000000e+00
1.828000000000000114e+01,1.065685391426086426e+00,3.179287165403366089e-02,2.420174026489257812e+01,2.000000000000000000e+00
1.830000000000000071e+01,1.143656969070434570e+00,3.591663762927055359e-02,2.422521018981933594e+01,2.000000000000000000e+00
1.832000000000000028e+01,1.224405169486999512e+00,4.037829115986824036e-02,2.424829101562500000e+01,2.000000000000000000e+00
1.833999999999999986e+01,1.307932019233703613e+00,4.518825560808181763e-02,2.427095603942871094e+01,2.000000000000000000e+00
1.835999999999999943e+01,1.394238471984863281e+00,5.035607516765594482e-02,2.429317283630371094e+01,2.000000000000000000e+00
1.837999999999999901e+01,1.483325362205505371e+00,5.589066818356513977e-02,2.431491279602050781e+01,2.000000000000000000e+00
1.840000000000000213e+01,1.575192809104919434e+00,6.180028244853019714e-02,2.433614158630371094e+01,2.000000000000000000e+00
1.842000000000000171e+01,1.669840812683105469e+00,6.809308379888534546e-02,2.435683441162109375e+01,2.000000000000000000e+00
1.844000000000000128e+01,1.767268657684326172e+00,7.477673888206481934e-02,2.437696647644042969e+01,2.000000000000000000e+00
1.846000000000000085e+01,1.867474198341369629e+00,8.185800164937973022e-02,2.439651107788085938e+01,2.000000000000000000e+00
1.848000000000000043e+01,1.970454692840576172e+00,8.934310823678970337e-02,2.441543579101562500e+01,2.000000000000000000e+00
1.850000000000000000e+01,2.076206445693969727e+00,9.723782539367675781e-02,2.443370819091796875e+01,2.000000000000000000e+00
1.851999999999999957e+01,2.184724807739257812e+00,1.055477038025856018e-01,2.445130729675292969e+01,2.000000000000000000e+00
1.853999999999999915e+01,2.296005010604858398e+00,1.142779961228370667e-01,2.446820640563964844e+01,2.000000000000000000e+00
1.855999999999999872e+01,2.410040140151977539e+00,1.234336122870445251e-01,2.448437690734863281e+01,2.000000000000000000e+00
1.858000000000000185e+01,2.526823043823242188e+00,1.330193728208541870e-01,2.449979782104492188e+01,2.000000000000000000e+00
1.860000000000000142e+01,2.646345615386962891e+00,1.430400609970092773e-01,2.451444244384765625e+01,2.000000000000000000e+00
1.862000000000000099e+01,2.768598794937133789e+00,1.535010188817977905e-01,2.452829551696777344e+01,2.000000000000000000e+00
1.864000000000000057e+01,2.893573760986328125e+00,1.644076853990554810e-01,2.454135131835937500e+01,2.000000000000000000e+00
1.866000000000000014e+01,3.021259784698486328e+00,1.757653504610061646e-01,2.455359077453613281e+01,2.000000000000000000e+00
1.867999999999999972e+01,3.151645660400390625e+00,1.875791847705841064e-01,2.456499862670898438e+01,2.000000000000000000e+00
1.869999999999999929e+01,3.284718751907348633e+00,1.998544335365295410e-01,2.457556152343750000e+01,2.000000000000000000e+00
1.871999999999999886e+01,3.420467376708984375e+00,2.125969380140304565e-01,2.458526992797851562e+01,2.000000000000000000e+00
1.874000000000000199e+01,3.558878183364868164e+00,2.258127629756927490e-01,2.459411239624023438e+01,2.000000000000000000e+00
1.876000000000000156e+01,3.699936866760253906e+00,2.395080924034118652e-01,2.460208129882812500e+01,2.000000000000000000e+00
1.878000000000000114e+01,3.843629360198974609e+00,2.536895871162414551e-01,2.460916900634765625e+01,2.000000000000000000e+00
1.880000000000000071e+01,3.989940404891967773e+00,2.683644592761993408e-01,2.461537170410156250e+01,2.000000000000000000e+00
1.882000000000000028e+01,4.138854503631591797e+00,2.835405766963958740e-01,2.462068748474121094e+01,2.000000000000000000e+00
1.883999999999999986e+01,4.290356159210205078e+00,2.992261648178100586e-01,2.462511634826660156e+01,2.000000000000000000e+00
1.885999999999999943e+01,4.444427967071533203e+00,3.154297173023223877e-01,2.462865638732910156e+01,2.000000000000000000e+00
1.887999999999999901e+01,4.601052761077880859e+00,3.321604728698730469e-01,2.463130950927734375e+01,2.000000000000000000e+00
1.890000000000000213e+01,4.760212898254394531e+00,3.494283258914947510e-01,2.463308143615722656e+01,2.000000000000000000e+00
1.892000000000000171e+01,4.921889781951904297e+00,3.672438561916351318e-01,2.463397407531738281e+01,2.000000000000000000e+00
1.894000000000000128e+01,5.086064338684082031e+00,3.856182694435119629e-01,2.463400268554687500e+01,2.000000000000000000e+00
1.896000000000000085e+01,5.252718448638916016e+00,4.045630693435668945e-01,2.463317298889160156e+01,2.000000000000000000e+00
1.898000000000000043e+01,5.421832084655761719e+00,4.240905046463012695e-01,2.463148880004882812e+01,2.000000000000000000e+00
1.900000000000000000e+01,5.593385696411132812e+00,4.442136585712432861e-01,2.462896537780761719e+01,2.000000000000000000e+00
1.901999999999999957e+01,5.767359256744384766e+00,4.649463593959808350e-01,2.462561798095703125e+01,2.000000000000000000e+00
1.903999999999999915e+01,5.943732261657714844e+00,4.863030612468719482e-01,2.462146377563476562e+01,2.000000000000000000e+00
1.905999999999999872e+01,6.122483730316162109e+00,5.082984566688537598e-01,2.461651611328125000e+01,2.000000000000000000e+00
1.908000000000000185e+01,6.303595066070556641e+00,5.309479832649230957e-01,2.461078834533691406e+01,2.000000000000000000e+00
1.910000000000000142e+01,6.487043857574462891e+00,5.542677640914916992e-01,2.460429763793945312e+01,2.000000000000000000e+00
1.912000000000000099e+01,6.672811031341552734e+00,5.782744884490966797e-01,2.459706306457519531e+01,2.000000000000000000e+00
1.914000000000000057e+01,6.860875129699707031e+00,6.029853224754333496e-01,2.458909988403320312e+01,2.000000000000000000e+00
1.916000000000000014e+01,7.051215171813964844e+00,6.284175515174865723e-01,2.458042716979980469e+01,2.000000000000000000e+00
1.917999999999999972e+01,7.243810653686523438e+00,6.545894145965576172e-01,2.457106208801269531e+01,2.000000000000000000e+00
1.919999999999999929e+01,7.438641071319580078e+00,6.815193891525268555e-01,2.456101989746093750e+01,2.000000000000000000e+00
1.921999999999999886e+01,7.635685920715332031e+00,7.092268466949462891e-01,2.455032157897949219e+01,2.000000000000000000e+00
1.924000000000000199e+01,7.834924697875976562e+00,7.377315163612365723e-01,2.453898429870605469e+01,2.000000000000000000e+00
1.926000000000000156e+01,8.036336898803710938e+00,7.670527696609497070e-01,2.452702522277832031e+01,2.000000000000000000e+00
1.928000000000000114e+01,8.239903450012207031e+00,7.972105741500854492e-01,2.451445960998535156e+01,2.000000000000000000e+00
1.930000000000000071e+01,8.445603370666503906e+00,8.282249569892883301e-01,2.450130271911621094e+01,2.000000000000000000e+00
1.932000000000000028e+01,8.653417587280273438e+00,8.601163625717163086e-01,2.448756980895996094e+01,2.000000000000000000e+00
1.933999999999999986e+01,8.863327026367187500e+00,8.929054141044616699e-01,2.447327423095703125e+01,2.000000000000000000e+00
1.935999999999999943e+01,9.075310707092285156e+00,9.266121387481689453e-01,2.445842933654785156e+01,2.000000000000000000e+00
1.937999999999999901e+01,9.289351463317871094e+00,9.612565636634826660e-01,2.444304275512695312e+01,2.000000000000000000e+00
1.940000000000000213e+01,9.505430221557617188e+00,9.968586564064025879e-01,2.442712020874023438e+01,3.000000000000000000e+00
1.942000000000000171e+01,9.723046302795410156e+00,1.033203244209289551e+00,2.440992355346679688e+01,3.000000000000000000e+00
1.944000000000000128e+01,9.941737174987792969e+00,1.070138692855834961e+00,2.439100646972656250e+01,3.000000000000000000e+00
1.946000000000000085e+01,1.016136455535888672e+01,1.107681751251220703e+00,2.437048149108886719e+01,3.000000000000000000e+00
1.948000000000000043e+01,1.038188743591308594e+01,1.145880341529846191e+00,2.434854698181152344e+01,3.000000000000000000e+00
1.950000000000000000e+01,1.060330581665039062e+01,1.184794187545776367e+00,2.432542991638183594e+01,3.000000000000000000e+00
1.951999999999999957e+01,1.082560539245605469e+01,1.224482893943786621e+00,2.430135917663574219e+01,3.000000000000000000e+00
1.953999999999999915e+01,1.104875087738037109e+01,1.265000700950622559e+00,2.427655982971191406e+01,3.000000000000000000e+00
1.955999999999999872e+01,1.127270603179931641e+01,1.306397199630737305e+00,2.425124168395996094e+01,3.000000000000000000e+00
1.958000000000000185e+01,1.149743843078613281e+01,1.348717451095581055e+00,2.422559165954589844e+01,3.000000000000000000e+00
1.960000000000000142e+01,1.172291660308837891e+01,1.392000198364257812e+00,2.419977569580078125e+01,3.000000000000000000e+00
1.962000000000000099e+01,1.194911098480224609e+01,1.436279058456420898e+00,2.417393302917480469e+01,3.000000000000000000e+00
1.964000000000000057e+01,1.217599391937255859e+01,1.481581568717956543e+00,2.414817810058593750e+01,3.000000000000000000e+00
1.966000000000000014e+01,1.240353965759277344e+01,1.527929425239562988e+00,2.412261009216308594e+01,3.000000000000000000e+00
1.967999999999999972e+01,1.263172435760498047e+01,1.575338363647460938e+00,2.409729194641113281e+01,3.000000000000000000e+00
1.969999999999999929e+01,1.286052703857421875e+01,1.623818516731262207e+00,2.407227516174316406e+01,3.000000000000000000e+00
1.971999999999999886e+01,1.308992862701416016e+01,1.673375725746154785e+00,2.404758453369140625e+01,3.000000000000000000e+00
1.974000000000000199e+01,1.331991481781005859e+01,1.724011659622192383e+00,2.402322769165039062e+01,3.000000000000000000e+00
1.976000000000000156e+01,1.355047035217285156e+01,1.775724649429321289e+00,2.399920463562011719e+01,3.000000000000000000e+00
1.978000000000000114e+01,1.378158569335937500e+01,1.828509807586669922e+00,2.397549247741699219e+01,3.000000000000000000e+00
1.980000000000000071e+01,1.401325225830078125e+01,1.882359266281127930e+00,2.395205688476562500e+01,3.000000000000000000e+00
1.982000000000000028e+01,1.424546432495117188e+01,1.937263250350952148e+00,2.392885589599609375e+01,3.000000000000000000e+00
1.983999999999999986e+01,1.447821998596191406e+01,1.993210673332214355e+00,2.390583992004394531e+01,3.000000000000000000e+00
1.985999999999999943e+01,1.471151542663574219e+01,2.050190210342407227e+00,2.388295364379882812e+01,3.000000000000000000e+00
1.987999999999999901e+01,1.494535255432128906e+01,2.108189105987548828e+00,2.386014175415039062e+01,3.000000000000000000e+00
1.990000000000000213e+01,1.517973232269287109e+01,2.167195081710815430e+00,2.383734703063964844e+01,3.000000000000000000e+00
1.992000000000000171e+01,1.541465663909912109e+01,2.227195262908935547e+00,2.381450843811035156e+01,3.000000000000000000e+00
1.994000000000000128e+01,1.565012931823730469e+01,2.288178205490112305e+00,2.379156875610351562e+01,3.000000000000000000e+00
1.996000000000000085e+01,1.588615608215332031e+01,2.350132942199707031e+00,2.376847457885742188e+01,3.000000000000000000e+00
1.998000000000000043e+01,1.612273788452148438e+01,2.413048505783081055e+00,2.374517440795898438e+01,3.000000000000000000e+00
2.000000000000000000e+01,1.635988044738769531e+01,2.476915359497070312e+00,2.372162055969238281e+01,3.000000000000000000e+00
2.001999999999999957e+01,1.659758949279785156e+01,2.541724205017089844e+00,2.369776725769042969e+01,3.000000000000000000e+00
2.003999999999999915e+01,1.683586502075195312e+01,2.607466220855712891e+00,2.367357826232910156e+01,3.000000000000000000e+00
2.005999999999999872e+01,1.707471275329589844e+01,2.674135208129882812e+00,2.364902114868164062e+01,3.000000000000000000e+00
2.008000000000000185e+01,1.731413650512695312e+01,2.741724491119384766e+00,2.362406921386718750e+01,3.000000000000000000e+00
2.010000000000000142e+01,1.755413818359375000e+01,2.810228824615478516e+00,2.359869956970214844e+01,3.000000000000000000e+00
2.012000000000000099e+01,1.779471969604492188e+01,2.879642486572265625e+00,2.357288742065429688e+01,3.000000000000000000e+00
2.014000000000000057e+01,1.803588294982910156e+01,2.949961185455322266e+00,2.354662322998046875e+01,3.000000000000000000e+00
2.016000000000000014e+01,1.827762794494628906e+01,3.021181583404541016e+00,2.351989555358886719e+01,3.000000000000000000e+00
2.017999999999999972e+01,1.851995849609375000e+01,3.093299865722656250e+00,2.349270057678222656e+01,3.000000000000000000e+00
2.019999999999999929e+01,1.876287460327148438e+01,3.166313171386718750e+00,2.346503448486328125e+01,3.000000000000000000e+00
2.021999999999999886e+01,1.900637435913085938e+01,3.240217447280883789e+00,2.343689537048339844e+01,3.000000000000000000e+00
2.024000000000000199e+01,1.925045967102050781e+01,3.315009117126464844e+00,2.340828704833984375e+01,3.000000000000000000e+00
2.026000000000000156e+01,1.949513053894042969e+01,3.390685319900512695e+00,2.337921333312988281e+01,3.000000000000000000e+00
2.028000000000000114e+01,1.974038505554199219e+01,3.467242479324340820e+00,2.334967994689941406e+01,3.000000000000000000e+00
2.030000000000000071e+01,1.998622512817382812e+01,3.544676780700683594e+00,2.331969642639160156e+01,3.000000000000000000e+00
2.032000000000000028e+01,2.023264884948730469e+01,3.622982740402221680e+00,2.328926658630371094e+01,3.000000000000000000e+00
2.033999999999999986e+01,2.047965431213378906e+01,3.702155590057373047e+00,2.325839614868164062e+01,3.000000000000000000e+00
2.035999999999999943e+01,2.072724342346191406e+01,3.782189607620239258e+00,2.322709655761718750e+01,3.000000000000000000e+00
2.037999999999999901e+01,2.097541618347167969e+01,3.863079071044921875e+00,2.319537162780761719e+01,3.000000000000000000e+00
2.040000000000000213e+01,2.122417449951171875e+01,3.944817066192626953e+00,2.316323280334472656e+01,3.000000000000000000e+00
2.042000000000000171e+01,2.147351646423339844e+01,4.027395725250244141e+00,2.313068199157714844e+01,3.000000000000000000e+00
2.044000000000000128e+01,2.172344207763671875e+01,4.110806941986083984e+00,2.309772682189941406e+01,3.000000000000000000e+00
2.046000000000000085e+01,2.197395706176757812e+01,4.195041656494140625e+00,2.306437301635742188e+01,3.000000000000000000e+00
2.048000000000000043e+01,2.222505950927734375e+01,4.280090332031250000e+00,2.303062629699707031e+01,3.000000000000000000e+00
2.050000000000000000e+01,2.247675323486328125e+01,4.365942478179931641e+00,2.299649047851562500e+01,3.000000000000000000e+00
2.051999999999999957e+01,2.272904014587402344e+01,4.452586174011230469e+00,2.296196746826171875e+01,3.000000000000000000e+00
2.053999999999999915e+01,2.298192024230957031e+01,4.540009498596191406e+00,2.292705345153808594e+01,3.000000000000000000e+00
2.055999999999999872e+01,2.323539924621582031e+01,4.628200054168701172e+00,2.289175796508789062e+01,3.000000000000000000e+00
2.058000000000000185e+01,2.348948097229003906e+01,4.717143535614013672e+00,2.285607337951660156e+01,3.000000000000000000e+00
2.060000000000000142e+01,2.374416732788085938e+01,4.806826114654541016e+00,2.282000541687011719e+01,3.000000000000000000e+00
2.062000000000000099e+01,2.399946594238281250e+01,4.897232055664062500e+00,2.278355216979980469e+01,3.000000000000000000e+00
2.064000000000000057e+01,2.425537681579589844e+01,4.988345623016357422e+00,2.274671173095703125e+01,3.000000000000000000e+00
2.066000000000000014e+01,2.451190757751464844e+01,5.080150127410888672e+00,2.270948028564453125e+01,3.000000000000000000e+00
2.067999999999999972e+01,2.476906585693359375e+01,5.172628879547119141e+00,2.267185974121093750e+01,3.000000000000000000e+00
2.069999999999999929e+01,2.502685737609863281e+01,5.265763759613037109e+00,2.263384819030761719e+01,3.000000000000000000e+00
2.071999999999999886e+01,2.528528404235839844e+01,5.359535217285156250e+00,2.259543991088867188e+01,3.000000000000000000e+00
2.074000000000000199e+01,2.554435539245605469e+01,5.453924179077148438e+00,2.255663490295410156e+01,3.000000000000000000e+00
2.076000000000000156e+01,2.580407714843750000e+01,5.548911571502685547e+00,2.251743316650390625e+01,3.000000000000000000e+00
2.078000000000000114e+01,2.606445884704589844e+01,5.644476890563964844e+00,2.247783088684082031e+01,3.000000000000000000e+00
2.080000000000000071e+01,2.632550621032714844e+01,5.740599155426025391e+00,2.243782997131347656e+01,3.000000000000000000e+00
2.082000000000000028e+01,2.658722305297851562e+01,5.837255954742431641e+00,2.239742469787597656e+01,3.000000000000000000e+00
2.083999999999999986e+01,2.684962081909179688e+01,5.934424877166748047e+00,2.235660934448242188e+01,3.000000000000000000e+00
2.085999999999999943e+01,2.711270904541015625e+01,6.032082557678222656e+00,2.231538963317871094e+01,3.000000000000000000e+00
2.087999999999999901e+01,2.737649154663085938e+01,6.130205631256103516e+00,2.227376365661621094e+01,3.000000000000000000e+00
2.090000000000000213e+01,2.764098358154296875e+01,6.228769779205322266e+00,2.223173332214355469e+01,3.000000000000000000e+00
2.092000000000000171e+01,2.790619087219238281e+01,6.327749729156494141e+00,2.218929672241210938e+01,3.000000000000000000e+00
2.094000000000000128e+01,2.817211914062500000e+01,6.427119255065917969e+00,2.214645004272460938e+01,3.000000000000000000e+00
2.096000000000000085e+01,2.843878364562988281e+01,6.526852130889892578e+00,2.210319900512695312e+01,3.000000000000000000e+00
2.098000000000000043e+01,2.870619010925292969e+01,6.626920223236083984e+00,2.205954742431640625e+01,3.000000000000000000e+00
2.100000000000000000e+01,2.897435379028320312e+01,6.727296352386474609e+00,2.201549339294433594e+01,3.000000000000000000e+00
2.101999999999999957e+01,2.924328041076660156e+01,6.827950954437255859e+00,2.197103691101074219e+01,3.000000000000000000e+00
2.103999999999999915e+01,2.951297950744628906e+01,6.928854465484619141e+00,2.192617988586425781e+01,3.000000000000000000e+00
2.105999999999999872e+01,2.978346443176269531e+01,7.029976367950439453e+00,2.188092231750488281e+01,3.000000000000000000e+00
2.108000000000000185e+01,3.005474662780761719e+01,7.131283760070800781e+00,2.183526802062988281e+01,3.000000000000000000e+00
2.110000000000000142e+01,3.032683944702148438e+01,7.232746124267578125e+00,2.178921890258789062e+01,3.000000000000000000e+00
2.112000000000000099e+01,3.059974861145019531e+01,7.334329605102539062e+00,2.174277496337890625e+01,3.000000000000000000e+00
2.114000000000000057e+01,3.087348937988281250e+01,7.435999870300292969e+00,2.169593429565429688e+01,3.000000000000000000e+00
2.116000000000000014e+01,3.114807128906250000e+01,7.537722587585449219e+00,2.164870071411132812e+01,3.000000000000000000e+00
2.117999999999999972e+01,3.142351150512695312e+01,7.639461994171142578e+00,2.160107612609863281e+01,3.000000000000000000e+00
2.119999999999999929e+01,3.169981384277343750e+01,7.741181373596191406e+00,2.155306053161621094e+01,3.000000000000000000e+00
2.121999999999999886e+01,3.197699356079101562e+01,7.842843055725097656e+00,2.150465393066406250e+01,3.000000000000000000e+00
2.124000000000000199e+01,3.225506591796875000e+01,7.944408416748046875e+00,2.145585250854492188e+01,3.000000000000000000e+00
2.126000000000000156e+01,3.253403854370117188e+01,8.045838356018066406e+00,2.140666198730468750e+01,3.000000000000000000e+00
2.128000000000000114e+01,3.281393051147460938e+01,8.147092819213867188e+00,2.135708045959472656e+01,3.000000000000000000e+00
2.130000000000000071e+01,3.309474945068359375e+01,8.248129844665527344e+00,2.130710601806640625e+01,3.000000000000000000e+00
2.132000000000000028e+01,3.337650299072265625e+01,8.348908424377441406e+00,2.125673675537109375e+01,3.000000000000000000e+00
2.133999999999999986e+01,3.365921020507812500e+01,8.449384689331054688e+00,2.120596885681152344e+01,3.000000000000000000e+00
2.135999999999999943e+01,3.394288635253906250e+01,8.549516677856445312e+00,2.115480613708496094e+01,3.000000000000000000e+00
2.137999999999999901e+01,3.422753906250000000e+01,8.649256706237792969e+00,2.110324287414550781e+01,3.000000000000000000e+00
2.140000000000000213e+01,3.451317977905273438e+01,8.748561859130859375e+00,2.105127525329589844e+01,3.000000000000000000e+00
2.142000000000000171e+01,3.479981994628906250e+01,8.847385406494140625e+00,2.099889755249023438e+01,3.000000000000000000e+00
2.144000000000000128e+01,3.508747482299804688e+01,8.945679664611816406e+00,2.094610595703125000e+01,3.000000000000000000e+00
2.146000000000000085e+01,3.537615585327148438e+01,9.043396949768066406e+00,2.089289665222167969e+01,3.000000000000000000e+00
2.148000000000000043e+01,3.566587066650390625e+01,9.140488624572753906e+00,2.083926200866699219e+01,3.000000000000000000e+00
2.150000000000000000e+01,3.595662689208984375e+01,9.236908912658691406e+00,2.078517723083496094e+01,3.000000000000000000e+00
2.151999999999999957e+01,3.624843215942382812e+01,9.332618713378906250e+00,2.073060607910156250e+01,3.000000000000000000e+00
2.153999999999999915e+01,3.654128646850585938e+01,9.427571296691894531e+00,2.067552375793457031e+01,3.000000000000000000e+00
2.155999999999999872e+01,3.683518981933593750e+01,9.521721839904785156e+00,2.061991500854492188e+01,3.000000000000000000e+00
2.158000000000000185e+01,3.713015747070312500e+01,9.615020751953125000e+00,2.056377220153808594e+01,3.000000000000000000e+00
2.160000000000000142e+01,3.742618179321289062e+01,9.707421302795410156e+00,2.050709533691406250e+01,3.000000000000000000e+00
2.162000000000000099e+01,3.772327423095703125e+01,9.798871994018554688e+00,2.044990158081054688e+01,3.000000000000000000e+00
2.164000000000000057e+01,3.802143478393554688e+01,9.889319419860839844e+00,2.039221191406250000e+01,3.000000000000000000e+00
2.166000000000000014e+01,3.832066726684570312e+01,9.978709220886230469e+00,2.033405303955078125e+01,3.000000000000000000e+00
2.167999999999999972e+01,3.862097930908203125e+01,1.006698989868164062e+01,2.027545928955078125e+01,3.000000000000000000e+00
2.169999999999999929e+01,3.892236709594726562e+01,1.015410804748535156e+01,2.021646308898925781e+01,3.000000000000000000e+00
2.171999999999999886e+01,3.922483825683593750e+01,1.024001312255859375e+01,2.015710639953613281e+01,3.000000000000000000e+00
2.174000000000000199e+01,3.952839279174804688e+01,1.032465362548828125e+01,2.009742927551269531e+01,3.000000000000000000e+00
2.176000000000000156e+01,3.983302688598632812e+01,1.040798187255859375e+01,2.003747558593750000e+01,3.000000000000000000e+00
2.178000000000000114e+01,4.013874435424804688e+01,1.048995399475097656e+01,1.997727775573730469e+01,3.000000000000000000e+00
2.180000000000000071e+01,4.044553756713867188e+01,1.057052898406982422e+01,1.991687202453613281e+01,3.000000000000000000e+00
2.182000000000000028e+01,4.075340652465820312e+01,1.064966964721679688e+01,1.985629272460937500e+01,3.000000000000000000e+00
2.183999999999999986e+01,4.106234359741210938e+01,1.072734069824218750e+01,1.979557037353515625e+01,3.000000000000000000e+00
2.185999999999999943e+01,4.137234497070312500e+01,1.080351352691650391e+01,1.973473167419433594e+01,3.000000000000000000e+00
2.187999999999999901e+01,4.168339538574218750e+01,1.087816524505615234e+01,1.967379570007324219e+01,3.000000000000000000e+00
2.190000000000000213e+01,4.199549484252929688e+01,1.095127296447753906e+01,1.961277770996093750e+01,3.000000000000000000e+00
2.192000000000000171e+01,4.230862426757812500e+01,1.102282047271728516e+01,1.955169296264648438e+01,3.000000000000000000e+00
2.194000000000000128e+01,4.262277603149414062e+01,1.109279155731201172e+01,1.949055290222167969e+01,3.000000000000000000e+00
2.196000000000000085e+01,4.293794250488281250e+01,1.116117763519287109e+01,1.942936515808105469e+01,3.000000000000000000e+00
2.198000000000000043e+01,4.325410842895507812e+01,1.122797203063964844e+01,1.936812973022460938e+01,3.000000000000000000e+00
2.200000000000000000e+01,4.357125854492187500e+01,1.129316997528076172e+01,1.930684661865234375e+01,3.000000000000000000e+00
2.201999999999999957e+01,4.388938522338867188e+01,1.135676956176757812e+01,1.924551582336425781e+01,3.000000000000000000e+00
2.203999999999999915e+01,4.420846557617187500e+01,1.141876792907714844e+01,1.918414497375488281e+01,3.000000000000000000e+00
2.205999999999999872e+01,4.452849960327148438e+01,1.147916889190673828e+01,1.912272834777832031e+01,3.000000000000000000e+00
2.208000000000000185e+01,4.484947204589843750e+01,1.153797245025634766e+01,1.906125640869140625e+01,3.000000000000000000e+00
2.210000000000000142e+01,4.517136764526367188e+01,1.159518527984619141e+01,1.899972915649414062e+01,3.000000000000000000e+00
2.212000000000000099e+01,4.549417114257812500e+01,1.165080928802490234e+01,1.893814277648925781e+01,3.000000000000000000e+00
2.214000000000000057e+01,4.581787872314453125e+01,1.170485115051269531e+01,1.887649917602539062e+01,3.000000000000000000e+00
2.216000000000000014e+01,4.614247512817382812e+01,1.175731754302978516e+01,1.881479263305664062e+01,3.000000000000000000e+00
2.217999999999999972e+01,4.646794509887695312e+01,1.180821323394775391e+01,1.875302124023437500e+01,3.000000000000000000e+00
2.219999999999999929e+01,4.679427337646484375e+01,1.185754776000976562e+01,1.869118118286132812e+01,3.000000000000000000e+00
2.221999999999999886e+01,4.712145996093750000e+01,1.190532684326171875e+01,1.862927055358886719e+01,3.000000000000000000e+00
2.224000000000000199e+01,4.744949340820312500e+01,1.195155811309814453e+01,1.856729316711425781e+01,3.000000000000000000e+00
2.226000000000000156e+01,4.777835845947265625e+01,1.199624919891357422e+01,1.850524902343750000e+01,3.000000000000000000e+00
2.228000000000000114e+01,4.810804748535156250e+01,1.203940773010253906e+01,1.844313430786132812e+01,3.000000000000000000e+00
2.230000000000000071e+01,4.843854522705078125e+01,1.208104515075683594e+01,1.838094520568847656e+01,3.000000000000000000e+00
2.232000000000000028e+01,4.876984405517578125e+01,1.212116813659667969e+01,1.831868553161621094e+01,3.000000000000000000e+00
2.233999999999999986e+01,4.910193634033203125e+01,1.215978240966796875e+01,1.825635910034179688e+01,3.000000000000000000e+00
2.235999999999999943e+01,4.943481063842773438e+01,1.219689941406250000e+01,1.819396972656250000e+01,3.000000000000000000e+00
2.237999999999999901e+01,4.976846313476562500e+01,1.223252868652343750e+01,1.813151168823242188e+01,3.000000000000000000e+00
2.240000000000000213e+01,5.010287857055664062e+01,1.226668071746826172e+01,1.806898117065429688e+01,3.000000000000000000e+00
2.242000000000000171e+01,5.043804931640625000e+01,1.229936504364013672e+01,1.800638389587402344e+01,3.000000000000000000e+00
2.244000000000000128e+01,5.077396392822265625e+01,1.233058834075927734e+01,1.794372177124023438e+01,3.000000000000000000e+00
2.246000000000000085e+01,5.111061859130859375e+01,1.236036396026611328e+01,1.788099479675292969e+01,3.000000000000000000e+00
2.248000000000000043e+01,5.144800186157226562e+01,1.238870239257812500e+01,1.781819915771484375e+01,3.000000000000000000e+00
2.250000000000000000e+01,5.178610229492187500e+01,1.241561412811279297e+01,1.775533485412597656e+01,3.000000000000000000e+00
2.251999999999999957e+01,5.212491989135742188e+01,1.244110774993896484e+01,1.769239997863769531e+01,3.000000000000000000e+00
2.253999999999999915e+01,5.246443939208984375e+01,1.246519470214843750e+01,1.762939834594726562e+01,3.000000000000000000e+00
2.255999999999999872e+01,5.280466079711914062e+01,1.248788547515869141e+01,1.756633186340332031e+01,3.000000000000000000e+00
2.258000000000000185e+01,5.314557266235351562e+01,1.250919151306152344e+01,1.750319671630859375e+01,3.000000000000000000e+00
2.260000000000000142e+01,5.348715972900390625e+01,1.252912521362304688e+01,1.743998908996582031e+01,3.000000000000000000e+00
2.262000000000000099e+01,5.382943344116210938e+01,1.254769802093505859e+01,1.737671089172363281e+01,3.000000000000000000e+00
2.264000000000000057e+01,5.417237472534179688e+01,1.256491756439208984e+01,1.731336402893066406e+01,3.000000000000000000e+00
2.266000000000000014e+01,5.451596832275390625e+01,1.258079624176025391e+01,1.724994659423828125e+01,3.000000000000000000e+00
2.267999999999999972e+01,5.486021804809570312e+01,1.259534645080566406e+01,1.718645668029785156e+01,3.000000000000000000e+00
2.269999999999999929e+01,5.520511627197265625e+01,1.260857963562011719e+01,1.712288665771484375e+01,3.000000000000000000e+00
2.271999999999999886e+01,5.555065155029296875e+01,1.262050914764404297e+01,1.705923843383789062e+01,3.000000000000000000e+00
2.274000000000000199e+01,5.589682388305664062e+01,1.263114356994628906e+01,1.699551200866699219e+01,3.000000000000000000e+00
2.276000000000000156e+01,5.624362182617187500e+01,1.264049530029296875e+01,1.693170738220214844e+01,3.000000000000000000e+00
2.278000000000000114e+01,5.659104156494140625e+01,1.264857769012451172e+01,1.686782073974609375e+01,3.000000000000000000e+00
2.280000000000000071e+01,5.693907928466796875e+01,1.265540122985839844e+01,1.680384635925292969e+01,3.000000000000000000e+00
2.282000000000000028e+01,5.728772354125976562e+01,1.266098022460937500e+01,1.673977851867675781e+01,3.000000000000000000e+00
2.283999999999999986e+01,5.763697052001953125e+01,1.266532135009765625e+01,1.667562484741210938e+01,3.000000000000000000e+00
2.285999999999999943e+01,5.798682403564453125e+01,1.266843986511230469e+01,1.661137962341308594e+01,3.000000000000000000e+00
2.287999999999999901e+01,5.833726882934570312e+01,1.267034626007080078e+01,1.654703521728515625e+01,3.000000000000000000e+00
2.290000000000000213e+01,5.868830108642578125e+01,1.267105388641357422e+01,1.648258972167968750e+01,3.000000000000000000e+00
2.292000000000000171e+01,5.903992080688476562e+01,1.267057418823242188e+01,1.641804122924804688e+01,3.000000000000000000e+00
2.294000000000000128e+01,5.939211273193359375e+01,1.266891956329345703e+01,1.635338973999023438e+01,3.000000000000000000e+00
2.296000000000000085e+01,5.974489593505859375e+01,1.266609859466552734e+01,1.628863143920898438e+01,3.000000000000000000e+00
2.298000000000000043e+01,6.009824752807617188e+01,1.266212654113769531e+01,1.622376060485839844e+01,3.000000000000000000e+00
2.300000000000000000e+01,6.045215606689453125e+01,1.265701389312744141e+01,1.615876960754394531e+01,3.000000000000000000e+00
2.301999999999999957e+01,6.080663681030273438e+01,1.265077304840087891e+01,1.609365463256835938e+01,3.000000000000000000e+00
2.303999999999999915e+01,6.116167449951171875e+01,1.264341449737548828e+01,1.602842140197753906e+01,3.000000000000000000e+00
2.305999999999999872e+01,6.151727294921875000e+01,1.263494777679443359e+01,1.596306705474853516e+01,3.000000000000000000e+00
2.308000000000000185e+01,6.187342453002929688e+01,1.262538719177246094e+01,1.589758586883544922e+01,3.000000000000000000e+00
2.310000000000000142e+01,6.223012924194335938e+01,1.261474418640136719e+01,1.583197212219238281e+01,3.000000000000000000e+00
2.312000000000000099e+01,6.258738327026367188e+01,1.260303020477294922e+01,1.576622581481933594e+01,3.000000000000000000e+00
2.314000000000000057e+01,6.294518661499023438e+01,1.259025382995605469e+01,1.570034694671630859e+01,3.000000000000000000e+00
2.316000000000000014e+01,6.330353546142578125e+01,1.257642745971679688e+01,1.563433361053466797e+01,3.000000000000000000e+00
2.317999999999999972e+01,6.366242980957031250e+01,1.256156539916992188e+01,1.556817531585693359e+01,3.000000000000000000e+00
2.319999999999999929e+01,6.402187347412109375e+01,1.254568099975585938e+01,1.550186347961425781e+01,3.000000000000000000e+00
2.321999999999999886e+01,6.438185119628906250e+01,1.252878379821777344e+01,1.543539619445800781e+01,3.000000000000000000e+00
2.324000000000000199e+01,6.474237060546875000e+01,1.251088619232177734e+01,1.536877155303955078e+01,3.000000000000000000e+00
2.326000000000000156e+01,6.510343170166015625e+01,1.249200344085693359e+01,1.530197715759277344e+01,3.000000000000000000e+00
2.328000000000000114e+01,6.546502685546875000e+01,1.247214984893798828e+01,1.523499298095703125e+01,3.000000000000000000e+00
2.330000000000000071e+01,6.582714843750000000e+01,1.245134162902832031e+01,1.516780471801757812e+01,3.000000000000000000e+00
2.332000000000000028e+01,6.618980407714843750e+01,1.242959022521972656e+01,1.510040950775146484e+01,3.000000000000000000e+00
2.333999999999999986e+01,6.655298614501953125e+01,1.240690803527832031e+01,1.503281211853027344e+01,3.000000000000000000e+00
2.335999999999999943e+01,6.691670227050781250e+01,1.238330650329589844e+01,1.496501255035400391e+01,3.000000000000000000e+00
2.337999999999999901e+01,6.728094482421875000e+01,1.235879898071289062e+01,1.489701461791992188e+01,3.000000000000000000e+00
2.340000000000000213e+01,6.764571380615234375e+01,1.233339691162109375e+01,1.482882499694824219e+01,3.000000000000000000e+00
2.342000000000000171e+01,6.801100158691406250e+01,1.230710983276367188e+01,1.476046371459960938e+01,3.000000000000000000e+00
2.344000000000000128e+01,6.837681579589843750e+01,1.227994823455810547e+01,1.469195652008056641e+01,3.000000000000000000e+00
2.346000000000000085e+01,6.874315643310546875e+01,1.225192451477050781e+01,1.462332057952880859e+01,3.000000000000000000e+00
2.348000000000000043e+01,6.911002349853515625e+01,1.222305297851562500e+01,1.455456924438476562e+01,3.000000000000000000e+00
2.350000000000000000e+01,6.947740936279296875e+01,1.219334697723388672e+01,1.448571395874023438e+01,3.000000000000000000e+00
2.351999999999999957e+01,6.984532165527343750e+01,1.216282081604003906e+01,1.441677951812744141e+01,3.000000000000000000e+00
2.353999999999999915e+01,7.021376037597656250e+01,1.213148975372314453e+01,1.434779071807861328e+01,3.000000000000000000e+00
2.355999999999999872e+01,7.058271026611328125e+01,1.209936809539794922e+01,1.427876567840576172e+01,3.000000000000000000e+00
2.358000000000000185e+01,7.095218658447265625e+01,1.206647586822509766e+01,1.420971965789794922e+01,3.000000000000000000e+00
2.360000000000000142e+01,7.132218933105468750e+01,1.203283119201660156e+01,1.414066696166992188e+01,3.000000000000000000e+00
2.362000000000000099e+01,7.169271087646484375e+01,1.199845409393310547e+01,1.407163047790527344e+01,3.000000000000000000e+00
2.364000000000000057e+01,7.206375122070312500e+01,1.196336269378662109e+01,1.400263309478759766e+01,3.000000000000000000e+00
2.366000000000000014e+01,7.243531799316406250e+01,1.192757987976074219e+01,1.393369579315185547e+01,3.000000000000000000e+00
2.367999999999999972e+01,7.280739593505859375e+01,1.189112758636474609e+01,1.386483287811279297e+01,3.000000000000000000e+00
2.369999999999999929e+01,7.318000030517578125e+01,1.185402870178222656e+01,1.379605865478515625e+01,3.000000000000000000e+00
2.371999999999999886e+01,7.355312347412109375e+01,1.181630802154541016e+01,1.372739601135253906e+01,3.000000000000000000e+00
2.374000000000000199e+01,7.392675781250000000e+01,1.177798843383789062e+01,1.365887165069580078e+01,3.000000000000000000e+00
2.376000000000000156e+01,7.430091857910156250e+01,1.173909664154052734e+01,1.359050750732421875e+01,3.000000000000000000e+00
2.378000000000000114e+01,7.467559814453125000e+01,1.169965934753417969e+01,1.352231597900390625e+01,3.000000000000000000e+00
2.380000000000000071e+01,7.505079650878906250e+01,1.165970516204833984e+01,1.345431041717529297e+01,3.000000000000000000e+00
2.382000000000000028e+01,7.542651367187500000e+01,1.161926269531250000e+01,1.338651466369628906e+01,3.000000000000000000e+00
2.383999999999999986e+01,7.580274200439453125e+01,1.157836055755615234e+01,1.331895351409912109e+01,3.000000000000000000e+00
2.385999999999999943e+01,7.617949676513671875e+01,1.153702735900878906e+01,1.325164508819580078e+01,3.000000000000000000e+00
2.387999999999999901e+01,7.655675506591796875e+01,1.149529647827148438e+01,1.318460559844970703e+01,3.000000000000000000e+00
2.390000000000000213e+01,7.693453979492187500e+01,1.145319843292236328e+01,1.311784648895263672e+01,3.000000000000000000e+00
2.392000000000000171e+01,7.731282806396484375e+01,1.141076660156250000e+01,1.305138969421386719e+01,3.000000000000000000e+00
2.394000000000000128e+01,7.769164276123046875e+01,1.136803245544433594e+01,1.298525714874267578e+01,3.000000000000000000e+00
2.396000000000000085e+01,7.807096099853515625e+01,1.132502937316894531e+01,1.291946792602539062e+01,3.000000000000000000e+00
2.398000000000000043e+01,7.845080566406250000e+01,1.128179359436035156e+01,1.285403537750244141e+01,3.000000000000000000e+00
2.400000000000000000e+01,7.883115386962890625e+01,1.123835849761962891e+01,1.278897094726562500e+01,3.000000000000000000e+00
2.401999999999999957e+01,7.921201324462890625e+01,1.119475936889648438e+01,1.272429466247558594e+01,3.000000000000000000e+00
2.403999999999999915e+01,7.959338378906250000e+01,1.115103149414062500e+01,1.266002750396728516e+01,3.000000000000000000e+00
2.406000000000000227e+01,7.997525787353515625e+01,1.110721111297607422e+01,1.259618568420410156e+01,3.000000000000000000e+00
2.408000000000000185e+01,8.035764312744140625e+01,1.106333541870117188e+01,1.253278160095214844e+01,3.000000000000000000e+00
2.410000000000000142e+01,8.074053955078125000e+01,1.101944065093994141e+01,1.246982479095458984e+01,3.000000000000000000e+00
2.412000000000000099e+01,8.112393951416015625e+01,1.097556495666503906e+01,1.240733432769775391e+01,3.000000000000000000e+00
2.414000000000000057e+01,8.150783538818359375e+01,1.093174362182617188e+01,1.234532546997070312e+01,3.000000000000000000e+00
2.416000000000000014e+01,8.189223480224609375e+01,1.088801383972167969e+01,1.228381347656250000e+01,3.000000000000000000e+00
2.417999999999999972e+01,8.227713012695312500e+01,1.084441375732421875e+01,1.222280883789062500e+01,3.000000000000000000e+00
2.419999999999999929e+01,8.266251373291015625e+01,1.080097961425781250e+01,1.216232109069824219e+01,3.000000000000000000e+00
2.421999999999999886e+01,8.304838562011718750e+01,1.075775051116943359e+01,1.210236644744873047e+01,3.000000000000000000e+00
2.424000000000000199e+01,8.343474578857421875e+01,1.071476364135742188e+01,1.204296302795410156e+01,3.000000000000000000e+00
2.426000000000000156e+01,8.382158660888671875e+01,1.067205619812011719e+01,1.198412322998046875e+01,3.000000000000000000e+00
2.428000000000000114e+01,8.420890045166015625e+01,1.062966251373291016e+01,1.192585754394531250e+01,3.000000000000000000e+00
2.430000000000000071e+01,8.459669494628906250e+01,1.058762264251708984e+01,1.186817359924316406e+01,3.000000000000000000e+00
2.432000000000000028e+01,8.498495483398437500e+01,1.054597091674804688e+01,1.181108283996582031e+01,3.000000000000000000e+00
2.433999999999999986e+01,8.537368011474609375e+01,1.050474262237548828e+01,1.175460052490234375e+01,3.000000000000000000e+00
2.435999999999999943e+01,8.576286315917968750e+01,1.046397495269775391e+01,1.169873619079589844e+01,3.000000000000000000e+00
2.437999999999999901e+01,8.615249633789062500e+01,1.042370414733886719e+01,1.164349651336669922e+01,3.000000000000000000e+00
2.440000000000000213e+01,8.654257202148437500e+01,1.038396167755126953e+01,1.158888435363769531e+01,3.000000000000000000e+00
2.442000000000000171e+01,8.693309783935546875e+01,1.034478282928466797e+01,1.153490734100341797e+01,3.000000000000000000e+00
2.444000000000000128e+01,8.732405090332031250e+01,1.030620288848876953e+01,1.148157310485839844e+01,3.000000000000000000e+00
2.446000000000000085e+01,8.771543121337890625e+01,1.026825141906738281e+01,1.142888927459716797e+01,3.000000000000000000e+00
2.448000000000000043e+01,8.810723114013671875e+01,1.023096084594726562e+01,1.137685489654541016e+01,3.000000000000000000e+00
2.450000000000000000e+01,8.849945068359375000e+01,1.019436264038085938e+01,1.132547187805175781e+01,3.000000000000000000e+00
2.451999999999999957e+01,8.889206695556640625e+01,1.015848731994628906e+01,1.127474403381347656e+01,3.000000000000000000e+00
2.453999999999999915e+01,8.928509521484375000e+01,1.012336540222167969e+01,1.122467994689941406e+01,3.000000000000000000e+00
2.456000000000000227e+01,8.967850494384765625e+01,1.008902645111083984e+01,1.117528438568115234e+01,3.000000000000000000e+00
2.458000000000000185e+01,9.007229614257812500e+01,1.005549812316894531e+01,1.112655639648437500e+01,3.000000000000000000e+00
2.460000000000000142e+01,9.046646881103515625e+01,1.002280712127685547e+01,1.107849597930908203e+01,3.000000000000000000e+00
2.462000000000000099e+01,9.086099243164062500e+01,9.990981101989746094e+00,1.103111362457275391e+01,3.000000000000000000e+00
2.464000000000000057e+01,9.125588226318359375e+01,9.960048675537109375e+00,1.098441696166992188e+01,3.000000000000000000e+00
2.466000000000000014e+01,9.165111541748046875e+01,9.930031776428222656e+00,1.093841171264648438e+01,3.000000000000000000e+00
2.467999999999999972e+01,9.204668426513671875e+01,9.900957107543945312e+00,1.089309787750244141e+01,3.000000000000000000e+00
2.469999999999999929e+01,9.244258880615234375e+01,9.872847557067871094e+00,1.084847545623779297e+01,3.000000000000000000e+00
2.471999999999999886e+01,9.283880615234375000e+01,9.845725059509277344e+00,1.080455207824707031e+01,3.000000000000000000e+00
2.474000000000000199e+01,9.323532867431640625e+01,9.819613456726074219e+00,1.076133632659912109e+01,3.000000000000000000e+00
2.476000000000000156e+01,9.363214111328125000e+01,9.794533729553222656e+00,1.071883583068847656e+01,3.000000000000000000e+00
2.478000000000000114e+01,9.402924346923828125e+01,9.770506858825683594e+00,1.067704868316650391e+01,3.000000000000000000e+00
2.480000000000000071e+01,9.442662811279296875e+01,9.747550010681152344e+00,1.063597393035888672e+01,3.000000000000000000e+00
2.482000000000000028e+01,9.482427215576171875e+01,9.725683212280273438e+00,1.059562015533447266e+01,3.000000000000000000e+00
2.483999999999999986e+01,9.522217559814453125e+01,9.704926490783691406e+00,1.055599498748779297e+01,3.000000000000000000e+00
2.485999999999999943e+01,9.562032318115234375e+01,9.685296058654785156e+00,1.051710128784179688e+01,3.000000000000000000e+00
2.487999999999999901e+01,9.601869964599609375e+01,9.666806221008300781e+00,1.047894001007080078e+01,3.000000000000000000e+00
2.490000000000000213e+01,9.641729736328125000e+01,9.649472236633300781e+00,1.044150733947753906e+01,3.000000000000000000e+00
2.492000000000000171e+01,9.681610107421875000e+01,9.633309364318847656e+00,1.040481185913085938e+01,3.000000000000000000e+00
2.494000000000000128e+01,9.721511840820312500e+01,9.618331909179687500e+00,1.036886215209960938e+01,3.000000000000000000e+00
2.496000000000000085e+01,9.761430358886718750e+01,9.604555130004882812e+00,1.033366107940673828e+01,3.000000000000000000e+00
2.498000000000000043e+01,9.801366424560546875e+01,9.591987609863281250e+00,1.029920768737792969e+01,3.000000000000000000e+00
2.500000000000000000e+01,9.841318511962890625e+01,9.580640792846679688e+00,1.026550006866455078e+01,3.000000000000000000e+00
2.501999999999999957e+01,9.881285858154296875e+01,9.570527076721191406e+00,1.023254585266113281e+01,3.000000000000000000e+00
2.503999999999999915e+01,9.921266174316406250e+01,9.561656951904296875e+00,1.020035457611083984e+01,3.000000000000000000e+00
2.506000000000000227e+01,9.961258697509765625e+01,9.554039955139160156e+00,1.016893005371093750e+01,3.000000000000000000e+00
2.508000000000000185e+01,1.000126266479492188e+02,9.547683715820312500e+00,1.013826847076416016e+01,3.000000000000000000e+00
2.510000000000000142e+01,1.004127578735351562e+02,9.542592048645019531e+00,1.010836315155029297e+01,3.000000000000000000e+00
2.512000000000000099e+01,1.008129806518554688e+02,9.538773536682128906e+00,1.007922172546386719e+01,3.000000000000000000e+00
2.514000000000000057e+01,1.012132720947265625e+02,9.536236763000488281e+00,1.005085372924804688e+01,3.000000000000000000e+00
2.516000000000000014e+01,1.016136169433593750e+02,9.534987449645996094e+00,1.002326107025146484e+01,3.000000000000000000e+00
2.517999999999999972e+01,1.020140075683593750e+02,9.535025596618652344e+00,9.996444702148437500e+00,3.000000000000000000e+00
2.519999999999999929e+01,1.024144363403320312e+02,9.536355018615722656e+00,9.970404624938964844e+00,3.000000000000000000e+00
2.521999999999999886e+01,1.028148651123046875e+02,9.538981437683105469e+00,9.945156097412109375e+00,3.000000000000000000e+00
2.524000000000000199e+01,1.032152938842773438e+02,9.542910575866699219e+00,9.920713424682617188e+00,3.000000000000000000e+00
2.526000000000000156e+01,1.036157226562500000e+02,9.548143386840820312e+00,9.897083282470703125e+00,3.000000000000000000e+00
2.528000000000000114e+01,1.040161132812500000e+02,9.554677963256835938e+00,9.874267578125000000e+00,3.000000000000000000e+00
2.530000000000000071e+01,1.044164505004882812e+02,9.562512397766113281e+00,9.852268218994140625e+00,3.000000000000000000e+00
2.532000000000000028e+01,1.048167266845703125e+02,9.571647644042968750e+00,9.831096649169921875e+00,3.000000000000000000e+00
2.533999999999999986e+01,1.052169189453125000e+02,9.582081794738769531e+00,9.810763359069824219e+00,3.000000000000000000e+00
2.535999999999999943e+01,1.056170120239257812e+02,9.593812942504882812e+00,9.791272163391113281e+00,3.000000000000000000e+00
2.537999999999999901e+01,1.060169906616210938e+02,9.606835365295410156e+00,9.772621154785156250e+00,3.000000000000000000e+00
2.540000000000000213e+01,1.064168395996093750e+02,9.621140480041503906e+00,9.754810333251953125e+00,3.000000000000000000e+00
2.542000000000000171e+01,1.068165435791015625e+02,9.636726379394531250e+00,9.737849235534667969e+00,3.000000000000000000e+00
2.544000000000000128e+01,1.072160949707031250e+02,9.653588294982910156e+00,9.721746444702148438e+00,3.000000000000000000e+00
2.546000000000000085e+01,1.076154556274414062e+02,9.671717643737792969e+00,9.706505775451660156e+00,3.000000000000000000e+00
2.548000000000000043e+01,1.080146255493164062e+02,9.691107749938964844e+00,9.692122459411621094e+00,3.000000000000000000e+00
2.550000000000000000e+01,1.084136047363281250e+02,9.711747169494628906e+00,9.678588867187500000e+00,3.000000000000000000e+00
2.551999999999999957e+01,1.088123626708984375e+02,9.733628273010253906e+00,9.665909767150878906e+00,3.000000000000000000e+00
2.553999999999999915e+01,1.092108993530273438e+02,9.756741523742675781e+00,9.654087066650390625e+00,3.000000000000000000e+00
2.556000000000000227e+01,1.096091842651367188e+02,9.781074523925781250e+00,9.643115043640136719e+00,3.000000000000000000e+00
2.558000000000000185e+01,1.100072174072265625e+02,9.806619644165039062e+00,9.632988929748535156e+00,3.000000000000000000e+00
2.560000000000000142e+01,1.104049835205078125e+02,9.833360671997070312e+00,9.623700141906738281e+00,3.000000000000000000e+00
2.562000000000000099e+01,1.108024673461914062e+02,9.861289024353027344e+00,9.615248680114746094e+00,3.000000000000000000e+00
2.564000000000000057e+01,1.111996612548828125e+02,9.890392303466796875e+00,9.607640266418457031e+00,3.000000000000000000e+00
2.566000000000000014e+01,1.115965423583984375e+02,9.920658111572265625e+00,9.600872039794921875e+00,3.000000000000000000e+00
2.567999999999999972e+01,1.119931030273437500e+02,9.952074050903320312e+00,9.594942092895507812e+00,3.000000000000000000e+00
2.569999999999999929e+01,1.123893432617187500e+02,9.984625816345214844e+00,9.589849472045898438e+00,3.000000000000000000e+00
2.571999999999999886e+01,1.127852325439453125e+02,1.001829910278320312e+01,9.585597991943359375e+00,3.000000000000000000e+00
2.574000000000000199e+01,1.131807785034179688e+02,1.005308246612548828e+01,9.582195281982421875e+00,3.000000000000000000e+00
2.576000000000000156e+01,1.135759429931640625e+02,1.008895874023437500e+01,9.579642295837402344e+00,3.000000000000000000e+00
2.578000000000000114e+01,1.139707260131835938e+02,1.012591171264648438e+01,9.577939033508300781e+00,3.000000000000000000e+00
2.580000000000000071e+01,1.143651275634765625e+02,1.016392421722412109e+01,9.577081680297851562e+00,3.000000000000000000e+00
2.582000000000000028e+01,1.147591476440429688e+02,1.020297813415527344e+01,9.577075004577636719e+00,3.000000000000000000e+00
2.583999999999999986e+01,1.151527557373046875e+02,1.024305629730224609e+01,9.577919960021972656e+00,3.000000000000000000e+00
2.585999999999999943e+01,1.155459442138671875e+02,1.028413867950439453e+01,9.579615592956542969e+00,3.000000000000000000e+00
2.587999999999999901e+01,1.159387130737304688e+02,1.032620429992675781e+01,9.582159042358398438e+00,3.000000000000000000e+00
2.590000000000000213e+01,1.163310394287109375e+02,1.036923313140869141e+01,9.585548400878906250e+00,3.000000000000000000e+00
2.592000000000000171e+01,1.167229232788085938e+02,1.041320228576660156e+01,9.589788436889648438e+00,3.000000000000000000e+00
2.594000000000000128e+01,1.171143569946289062e+02,1.045809173583984375e+01,9.594882011413574219e+00,3.000000000000000000e+00
2.596000000000000085e+01,1.175053329467773438e+02,1.050387763977050781e+01,9.600829124450683594e+00,3.000000000000000000e+00
2.598000000000000043e+01,1.178958358764648438e+02,1.055053615570068359e+01,9.607630729675292969e+00,3.000000000000000000e+00
2.600000000000000000e+01,1.182858581542968750e+02,1.059804344177246094e+01,9.615285873413085938e+00,3.000000000000000000e+00
2.601999999999999957e+01,1.186753997802734375e+02,1.064637374877929688e+01,9.623793601989746094e+00,3.000000000000000000e+00
2.603999999999999915e+01,1.190644531250000000e+02,1.069550132751464844e+01,9.633153915405273438e+00,3.000000000000000000e+00
2.606000000000000227e+01,1.194530029296875000e+02,1.074539661407470703e+01,9.643367767333984375e+00,3.000000000000000000e+00
2.608000000000000185e+01,1.198410568237304688e+02,1.079603576660156250e+01,9.654436111450195312e+00,3.000000000000000000e+00
2.610000000000000142e+01,1.202286071777343750e+02,1.084738922119140625e+01,9.666355133056640625e+00,3.000000000000000000e+00
2.612000000000000099e+01,1.206156311035156250e+02,1.089942646026611328e+01,9.679120063781738281e+00,3.000000000000000000e+00
2.614000000000000057e+01,1.210021438598632812e+02,1.095211887359619141e+01,9.692728996276855469e+00,3.000000000000000000e+00
2.616000000000000014e+01,1.213881378173828125e+02,1.100543498992919922e+01,9.707180976867675781e+00,3.000000000000000000e+00
2.617999999999999972e+01,1.217735977172851562e+02,1.105934524536132812e+01,9.722476959228515625e+00,3.000000000000000000e+00
2.619999999999999929e+01,1.221585311889648438e+02,1.111381626129150391e+01,9.738614082336425781e+00,3.000000000000000000e+00
2.621999999999999886e+01,1.225429306030273438e+02,1.116881656646728516e+01,9.755589485168457031e+00,3.000000000000000000e+00
2.624000000000000199e+01,1.229267959594726562e+02,1.122431182861328125e+01,9.773399353027343750e+00,3.000000000000000000e+00
2.626000000000000156e+01,1.233101196289062500e+02,1.128027057647705078e+01,9.792043685913085938e+00,3.000000000000000000e+00
2.628000000000000114e+01,1.236928939819335938e+02,1.133665657043457031e+01,9.811523437500000000e+00,3.000000000000000000e+00
2.630000000000000071e+01,1.240751266479492188e+02,1.139343738555908203e+01,9.831836700439453125e+00,3.000000000000000000e+00
2.632000000000000028e+01,1.244568176269531250e+02,1.145057582855224609e+01,9.852976799011230469e+00,3.000000000000000000e+00
2.633999999999999986e+01,1.248379516601562500e+02,1.150803756713867188e+01,9.874937057495117188e+00,3.000000000000000000e+00
2.635999999999999943e+01,1.252185440063476562e+02,1.156578540802001953e+01,9.897716522216796875e+00,3.000000000000000000e+00
2.637999999999999901e+01,1.255985870361328125e+02,1.162378215789794922e+01,9.921316146850585938e+00,3.000000000000000000e+00
2.640000000000000213e+01,1.259780731201171875e+02,1.168199157714843750e+01,9.945734977722167969e+00,3.000000000000000000e+00
2.642000000000000171e+01,1.263570098876953125e+02,1.174037647247314453e+01,9.970964431762695312e+00,3.000000000000000000e+00
2.644000000000000128e+01,1.267353897094726562e+02,1.179889678955078125e+01,9.997004508972167969e+00,3.000000000000000000e+00
2.646000000000000085e+01,1.271132202148437500e+02,1.185751533508300781e+01,1.002385139465332031e+01,3.000000000000000000e+00
2.648000000000000043e+01,1.274904937744140625e+02,1.191619300842285156e+01,1.005150508880615234e+01,3.000000000000000000e+00
2.650000000000000000e+01,1.278672027587890625e+02,1.197488975524902344e+01,1.007996273040771484e+01,3.000000000000000000e+00
2.651999999999999957e+01,1.282433471679687500e+02,1.203356742858886719e+01,1.010921859741210938e+01,3.000000000000000000e+00
2.653999999999999915e+01,1.286189270019531250e+02,1.209218502044677734e+01,1.013926982879638672e+01,3.000000000000000000e+00
2.656000000000000227e+01,1.289939575195312500e+02,1.215070152282714844e+01,1.017011165618896484e+01,3.000000000000000000e+00
2.658000000000000185e+01,1.293684234619140625e+02,1.220907783508300781e+01,1.020174026489257812e+01,3.000000000000000000e+00
2.660000000000000142e+01,1.297423248291015625e+02,1.226727294921875000e+01,1.023415088653564453e+01,3.000000000000000000e+00
2.662000000000000099e+01,1.301156463623046875e+02,1.232524585723876953e+01,1.026733589172363281e+01,3.000000000000000000e+00
2.664000000000000057e+01,1.304883880615234375e+02,1.238295555114746094e+01,1.030128669738769531e+01,3.000000000000000000e+00
2.666000000000000014e+01,1.308605346679687500e+02,1.244036102294921875e+01,1.033599758148193359e+01,3.000000000000000000e+00
2.667999999999999972e+01,1.312321014404296875e+02,1.249742317199707031e+01,1.037145709991455078e+01,3.000000000000000000e+00
2.669999999999999929e+01,1.316031036376953125e+02,1.255410003662109375e+01,1.040765285491943359e+01,3.000000000000000000e+00
2.671999999999999886e+01,1.319735260009765625e+02,1.261035251617431641e+01,1.044457626342773438e+01,3.000000000000000000e+00
2.674000000000000199e+01,1.323433532714843750e+02,1.266613960266113281e+01,1.048221778869628906e+01,3.000000000000000000e+00
2.676000000000000156e+01,1.327126007080078125e+02,1.272142219543457031e+01,1.052056598663330078e+01,3.000000000000000000e+00
2.678000000000000114e+01,1.330812683105468750e+02,1.277616119384765625e+01,1.055960941314697266e+01,3.000000000000000000e+00
2.680000000000000071e+01,1.334493408203125000e+02,1.283031845092773438e+01,1.059933280944824219e+01,3.000000000000000000e+00
2.682000000000000028e+01,1.338168334960937500e+02,1.288385295867919922e+01,1.063972568511962891e+01,3.000000000000000000e+00
2.683999999999999986e+01,1.341837463378906250e+02,1.293672657012939453e+01,1.068077659606933594e+01,3.000000000000000000e+00
2.685999999999999943e+01,1.345500488281250000e+02,1.298890399932861328e+01,1.072247219085693359e+01,3.000000000000000000e+00
2.687999999999999901e+01,1.349157867431640625e+02,1.304034709930419922e+01,1.076479625701904297e+01,3.000000000000000000e+00
2.690000000000000213e+01,1.352809143066406250e+02,1.309101772308349609e+01,1.080773639678955078e+01,3.000000000000000000e+00
2.692000000000000171e+01,1.356454620361328125e+02,1.314088058471679688e+01,1.085127639770507812e+01,3.000000000000000000e+00
2.694000000000000128e+01,1.360093994140625000e+02,1.318989849090576172e+01,1.089540863037109375e+01,3.000000000000000000e+00
2.696000000000000085e+01,1.363727569580078125e+02,1.323803806304931641e+01,1.094011688232421875e+01,3.000000000000000000e+00
2.698000000000000043e+01,1.367355194091796875e+02,1.328526687622070312e+01,1.098538303375244141e+01,3.000000000000000000e+00
2.700000000000000000e+01,1.370976867675781250e+02,1.333154964447021484e+01,1.103118991851806641e+01,3.000000000000000000e+00
2.701999999999999957e+01,1.374592590332031250e+02,1.337685298919677734e+01,1.107752418518066406e+01,3.000000000000000000e+00
2.703999999999999915e+01,1.378202209472656250e+02,1.342114543914794922e+01,1.112437248229980469e+01,3.000000000000000000e+00
2.706000000000000227e+01,1.381805877685546875e+02,1.346439647674560547e+01,1.117171764373779297e+01,3.000000000000000000e+00
2.708000000000000185e+01,1.385403594970703125e+02,1.350657653808593750e+01,1.121953582763671875e+01,3.000000000000000000e+00
2.710000000000000142e+01,1.388995208740234375e+02,1.354765892028808594e+01,1.126780796051025391e+01,3.000000000000000000e+00
2.712000000000000099e+01,1.392580871582031250e+02,1.358761310577392578e+01,1.131651687622070312e+01,3.000000000000000000e+00
2.714000000000000057e+01,1.396160430908203125e+02,1.362641334533691406e+01,1.136564731597900391e+01,3.000000000000000000e+00
2.716000000000000014e+01,1.399733886718750000e+02,1.366403388977050781e+01,1.141517734527587891e+01,3.000000000000000000e+00
2.717999999999999972e+01,1.403301391601562500e+02,1.370044994354248047e+01,1.146508693695068359e+01,3.000000000000000000e+00
2.719999999999999929e+01,1.406862792968750000e+02,1.373563861846923828e+01,1.151535320281982422e+01,3.000000000000000000e+00
2.721999999999999886e+01,1.410418090820312500e+02,1.376957511901855469e+01,1.156596565246582031e+01,3.000000000000000000e+00
2.724000000000000199e+01,1.413967285156250000e+02,1.380223369598388672e+01,1.161691570281982422e+01,3.000000000000000000e+00
2.726000000000000156e+01,1.417510375976562500e+02,1.383359050750732422e+01,1.166819572448730469e+01,3.000000000000000000e+00
2.728000000000000114e+01,1.421047363281250000e+02,1.386362838745117188e+01,1.171978664398193359e+01,3.000000000000000000e+00
2.730000000000000071e+01,1.424578247070312500e+02,1.389232921600341797e+01,1.177166938781738281e+01,3.000000000000000000e+00
2.732000000000000028e+01,1.428103027343750000e+02,1.391967582702636719e+01,1.182382488250732422e+01,3.000000000000000000e+00
2.733999999999999986e+01,1.431621704101562500e+02,1.394565773010253906e+01,1.187623310089111328e+01,3.000000000000000000e+00
2.735999999999999943e+01,1.435134277343750000e+02,1.397026634216308594e+01,1.192886352539062500e+01,3.000000000000000000e+00
2.737999999999999901e+01,1.438640899658203125e+02,1.399349784851074219e+01,1.198168182373046875e+01,3.000000000000000000e+00
2.740000000000000213e+01,1.442141418457031250e+02,1.401535034179687500e+01,1.203465652465820312e+01,3.000000000000000000e+00
2.742000000000000171e+01,1.445636291503906250e+02,1.403582096099853516e+01,1.208775615692138672e+01,3.000000000000000000e+00
2.744000000000000128e+01,1.449125061035156250e+02,1.405491065979003906e+01,1.214095401763916016e+01,3.000000000000000000e+00
2.746000000000000085e+01,1.452608032226562500e+02,1.407262229919433594e+01,1.219421672821044922e+01,3.000000000000000000e+00
2.748000000000000043e+01,1.456085357666015625e+02,1.408896255493164062e+01,1.224750995635986328e+01,3.000000000000000000e+00
2.750000000000000000e+01,1.459556884765625000e+02,1.410393714904785156e+01,1.230080318450927734e+01,3.000000000000000000e+00
2.751999999999999957e+01,1.463022766113281250e+02,1.411755084991455078e+01,1.235407257080078125e+01,3.000000000000000000e+00
2.753999999999999915e+01,1.466483154296875000e+02,1.412981224060058594e+01,1.240729808807373047e+01,3.000000000000000000e+00
2.756000000000000227e+01,1.469937896728515625e+02,1.414072799682617188e+01,1.246045875549316406e+01,3.000000000000000000e+00
2.758000000000000185e+01,1.473386993408203125e+02,1.415030765533447266e+01,1.251353073120117188e+01,3.000000000000000000e+00
2.760000000000000142e+01,1.476830749511718750e+02,1.415855789184570312e+01,1.256649684906005859e+01,3.000000000000000000e+00
2.762000000000000099e+01,1.480268707275390625e+02,1.416549110412597656e+01,1.261934471130371094e+01,3.000000000000000000e+00
2.764000000000000057e+01,1.483701324462890625e+02,1.417111396789550781e+01,1.267206478118896484e+01,3.000000000000000000e+00
2.766000000000000014e+01,1.487128295898437500e+02,1.417543601989746094e+01,1.272464561462402344e+01,3.000000000000000000e+00
2.767999999999999972e+01,1.490549774169921875e+02,1.417846870422363281e+01,1.277707767486572266e+01,3.000000000000000000e+00
2.769999999999999929e+01,1.493965606689453125e+02,1.418022251129150391e+01,1.282935333251953125e+01,3.000000000000000000e+00
2.771999999999999886e+01,1.497375946044921875e+02,1.418070888519287109e+01,1.288146877288818359e+01,3.000000000000000000e+00
2.774000000000000199e+01,1.500780792236328125e+02,1.417993640899658203e+01,1.293342304229736328e+01,3.000000000000000000e+00
2.776000000000000156e+01,1.504179840087890625e+02,1.417791557312011719e+01,1.298521327972412109e+01,3.000000000000000000e+00
2.778000000000000114e+01,1.507573547363281250e+02,1.417466068267822266e+01,1.303684043884277344e+01,3.000000000000000000e+00
2.780000000000000071e+01,1.510961608886718750e+02,1.417018318176269531e+01,1.308830070495605469e+01,3.000000000000000000e+00
2.782000000000000028e+01,1.514343872070312500e+02,1.416449356079101562e+01,1.313959407806396484e+01,3.000000000000000000e+00
2.783999999999999986e+01,1.517720489501953125e+02,1.415760421752929688e+01,1.319072437286376953e+01,3.000000000000000000e+00
2.785999999999999943e+01,1.521091308593750000e+02,1.414953041076660156e+01,1.324169445037841797e+01,3.000000000000000000e+00
2.787999999999999901e+01,1.524456481933593750e+02,1.414028453826904297e+01,1.329250240325927734e+01,3.000000000000000000e+00
2.790000000000000213e+01,1.527815856933593750e+02,1.412988090515136719e+01,1.334314823150634766e+01,3.000000000000000000e+00
2.792000000000000171e+01,1.531169586181640625e+02,1.411833381652832031e+01,1.339363193511962891e+01,3.000000000000000000e+00
2.794000000000000128e+01,1.534517517089843750e+02,1.410565948486328125e+01,1.344395446777343750e+01,3.000000000000000000e+00
2.796000000000000085e+01,1.537859497070312500e+02,1.409187030792236328e+01,1.349411773681640625e+01,3.000000000000000000e+00
2.798000000000000043e+01,1.541195678710937500e+02,1.407698249816894531e+01,1.354412460327148438e+01,3.000000000000000000e+00
2.800000000000000000e+01,1.544526062011718750e+02,1.406101322174072266e+01,1.359397506713867188e+01,3.000000000000000000e+00
2.801999999999999957e+01,1.547850646972656250e+02,1.404397487640380859e+01,1.364367103576660156e+01,3.000000000000000000e+00
2.803999999999999915e+01,1.551169281005859375e+02,1.402588558197021484e+01,1.369321632385253906e+01,3.000000000000000000e+00
2.806000000000000227e+01,1.554482116699218750e+02,1.400676059722900391e+01,1.374261283874511719e+01,3.000000000000000000e+00
2.808000000000000185e+01,1.557788848876953125e+02,1.398661708831787109e+01,1.379186534881591797e+01,3.000000000000000000e+00
2.810000000000000142e+01,1.561089782714843750e+02,1.396547126770019531e+01,1.384097194671630859e+01,3.000000000000000000e+00
2.812000000000000099e+01,1.564384765625000000e+02,1.394334125518798828e+01,1.388993358612060547e+01,3.000000000000000000e+00
2.814000000000000057e+01,1.567673797607421875e+02,1.392024135589599609e+01,1.393875503540039062e+01,3.000000000000000000e+00
2.816000000000000014e+01,1.570956878662109375e+02,1.389618873596191406e+01,1.398744583129882812e+01,3.000000000000000000e+00
2.817999999999999972e+01,1.574233856201171875e+02,1.387119770050048828e+01,1.403601360321044922e+01,3.000000000000000000e+00
2.819999999999999929e+01,1.577504882812500000e+02,1.384528732299804688e+01,1.408446693420410156e+01,3.000000000000000000e+00
2.821999999999999886e+01,1.580769958496093750e+02,1.381847381591796875e+01,1.413280963897705078e+01,3.000000000000000000e+00
2.824000000000000199e+01,1.584028930664062500e+02,1.379077625274658203e+01,1.418104362487792969e+01,3.000000000000000000e+00
2.826000000000000156e+01,1.587281951904296875e+02,1.376221370697021484e+01,1.422917366027832031e+01,3.000000000000000000e+00
2.828000000000000114e+01,1.590528869628906250e+02,1.373280525207519531e+01,1.427720165252685547e+01,3.000000000000000000e+00
2.830000000000000071e+01,1.593769989013671875e+02,1.370257186889648438e+01,1.432512474060058594e+01,3.000000000000000000e+00
2.832000000000000028e+01,1.597005004882812500e+02,1.367153549194335938e+01,1.437293910980224609e+01,3.000000000000000000e+00
2.833999999999999986e+01,1.600234375000000000e+02,1.363971900939941406e+01,1.442064094543457031e+01,3.000000000000000000e+00
2.835999999999999943e+01,1.603457794189453125e+02,1.360714721679687500e+01,1.446822643280029297e+01,3.000000000000000000e+00
2.837999999999999901e+01,1.606675262451171875e+02,1.357384109497070312e+01,1.451569271087646484e+01,3.000000000000000000e+00
2.840000000000000213e+01,1.609887084960937500e+02,1.353982448577880859e+01,1.456303501129150391e+01,3.000000000000000000e+00
2.842000000000000171e+01,1.613093109130859375e+02,1.350512123107910156e+01,1.461024475097656250e+01,3.000000000000000000e+00
2.844000000000000128e+01,1.616293792724609375e+02,1.346975898742675781e+01,1.465731811523437500e+01,3.000000000000000000e+00
2.846000000000000085e+01,1.619488830566406250e+02,1.343376064300537109e+01,1.470424842834472656e+01,3.000000000000000000e+00
2.848000000000000043e+01,1.622678375244140625e+02,1.339715385437011719e+01,1.475103282928466797e+01,3.000000000000000000e+00
2.850000000000000000e+01,1.625862426757812500e+02,1.335996341705322266e+01,1.479766368865966797e+01,3.000000000000000000e+00
2.851999999999999957e+01,1.629041137695312500e+02,1.332221794128417969e+01,1.484413146972656250e+01,3.000000000000000000e+00
2.853999999999999915e+01,1.632214508056640625e+02,1.328394317626953125e+01,1.489043235778808594e+01,3.000000000000000000e+00
2.856000000000000227e+01,1.635382690429687500e+02,1.324516582489013672e+01,1.493655967712402344e+01,3.000000000000000000e+00
2.858000000000000185e+01,1.638545837402343750e+02,1.320591449737548828e+01,1.498250961303710938e+01,3.000000000000000000e+00
2.860000000000000142e+01,1.641703948974609375e+02,1.316621685028076172e+01,1.502827835083007812e+01,3.000000000000000000e+00
2.862000000000000099e+01,1.644857025146484375e+02,1.312610054016113281e+01,1.507385921478271484e+01,3.000000000000000000e+00
2.864000000000000057e+01,1.648005218505859375e+02,1.308559417724609375e+01,1.511924934387207031e+01,3.000000000000000000e+00
2.866000000000000014e+01,1.651148681640625000e+02,1.304472732543945312e+01,1.516444873809814453e+01,3.000000000000000000e+00
2.867999999999999972e+01,1.654287261962890625e+02,1.300352668762207031e+01,1.520945739746093750e+01,3.000000000000000000e+00
2.869999999999999929e+01,1.657421264648437500e+02,1.296202278137207031e+01,1.525427532196044922e+01,3.000000000000000000e+00
2.871999999999999886e+01,1.660550689697265625e+02,1.292024326324462891e+01,1.529890251159667969e+01,3.000000000000000000e+00
2.874000000000000199e+01,1.663675689697265625e+02,1.287821865081787109e+01,1.534333324432373047e+01,3.000000000000000000e+00
2.876000000000000156e+01,1.666796112060546875e+02,1.283597946166992188e+01,1.538756752014160156e+01,3.000000000000000000e+00
2.878000000000000114e+01,1.669912261962890625e+02,1.279355621337890625e+01,1.543160438537597656e+01,3.000000000000000000e+00
2.880000000000000071e+01,1.673024291992187500e+02,1.275098037719726562e+01,1.547544097900390625e+01,3.000000000000000000e+00
2.882000000000000028e+01,1.676132049560546875e+02,1.270828247070312500e+01,1.551907157897949219e+01,3.000000000000000000e+00
2.883999999999999986e+01,1.679235687255859375e+02,1.266549205780029297e+01,1.556249141693115234e+01,3.000000000000000000e+00
2.885999999999999943e+01,1.682335510253906250e+02,1.262263965606689453e+01,1.560569667816162109e+01,3.000000000000000000e+00
2.887999999999999901e+01,1.685431518554687500e+02,1.257975864410400391e+01,1.564868354797363281e+01,3.000000000000000000e+00
2.890000000000000213e+01,1.688523712158203125e+02,1.253687858581542969e+01,1.569145393371582031e+01,3.000000000000000000e+00
2.892000000000000171e+01,1.691612091064453125e+02,1.249403381347656250e+01,1.573400306701660156e+01,3.000000000000000000e+00
2.894000000000000128e+01,1.694696960449218750e+02,1.245125484466552734e+01,1.577632617950439453e+01,3.000000000000000000e+00
2.896000000000000085e+01,1.697778472900390625e+02,1.240857410430908203e+01,1.581842231750488281e+01,3.000000000000000000e+00
2.898000000000000043e+01,1.700856475830078125e+02,1.236602210998535156e+01,1.586028766632080078e+01,3.000000000000000000e+00
2.900000000000000000e+01,1.703931121826171875e+02,1.232363033294677734e+01,1.590192031860351562e+01,3.000000000000000000e+00
2.901999999999999957e+01,1.707002716064453125e+02,1.228143215179443359e+01,1.594331455230712891e+01,3.000000000000000000e+00
2.903999999999999915e+01,1.710071105957031250e+02,1.223946189880371094e+01,1.598446655273437500e+01,3.000000000000000000e+00
2.906000000000000227e+01,1.713136444091796875e+02,1.219774723052978516e+01,1.602537155151367188e+01,3.000000000000000000e+00
2.908000000000000185e+01,1.716199035644531250e+02,1.215632534027099609e+01,1.606602859497070312e+01,3.000000000000000000e+00
2.910000000000000142e+01,1.719258728027343750e+02,1.211522388458251953e+01,1.610643196105957031e+01,3.000000000000000000e+00
2.912000000000000099e+01,1.722315521240234375e+02,1.207447719573974609e+01,1.614657783508300781e+01,3.000000000000000000e+00
2.914000000000000057e+01,1.725369873046875000e+02,1.203411865234375000e+01,1.618646240234375000e+01,3.000000000000000000e+00
2.916000000000000014e+01,1.728421630859375000e+02,1.199417972564697266e+01,1.622607994079589844e+01,3.000000000000000000e+00
2.917999999999999972e+01,1.731470794677734375e+02,1.195469093322753906e+01,1.626542663574218750e+01,3.000000000000000000e+00
2.919999999999999929e+01,1.734517669677734375e+02,1.191568374633789062e+01,1.630448913574218750e+01,3.000000000000000000e+00
2.921999999999999886e+01,1.737562255859375000e+02,1.187718963623046875e+01,1.634326553344726562e+01,3.000000000000000000e+00
2.924000000000000199e+01,1.740604705810546875e+02,1.183924102783203125e+01,1.638175010681152344e+01,3.000000000000000000e+00
2.926000000000000156e+01,1.743645019531250000e+02,1.180186748504638672e+01,1.641993331909179688e+01,3.000000000000000000e+00
2.928000000000000114e+01,1.746683197021484375e+02,1.176509952545166016e+01,1.645780563354492188e+01,3.000000000000000000e+00
2.930000000000000071e+01,1.749719543457031250e+02,1.172896671295166016e+01,1.649535942077636719e+01,3.000000000000000000e+00
2.932000000000000028e+01,1.752754058837890625e+02,1.169350147247314453e+01,1.653258132934570312e+01,3.000000000000000000e+00
2.933999999999999986e+01,1.755786895751953125e+02,1.165873146057128906e+01,1.656946563720703125e+01,3.000000000000000000e+00
2.935999999999999943e+01,1.758818054199218750e+02,1.162468624114990234e+01,1.660600471496582031e+01,3.000000000000000000e+00
2.937999999999999901e+01,1.761847686767578125e+02,1.159139537811279297e+01,1.664218711853027344e+01,3.000000000000000000e+00
2.940000000000000213e+01,1.764875793457031250e+02,1.155888748168945312e+01,1.667800331115722656e+01,3.000000000000000000e+00
2.942000000000000171e+01,1.767902526855468750e+02,1.152719116210937500e+01,1.671344184875488281e+01,3.000000000000000000e+00
2.944000000000000128e+01,1.770927886962890625e+02,1.149633598327636719e+01,1.674849891662597656e+01,3.000000000000000000e+00
2.946000000000000085e+01,1.773951873779296875e+02,1.146634769439697266e+01,1.678316497802734375e+01,3.000000000000000000e+00
2.948000000000000043e+01,1.776974792480468750e+02,1.143725395202636719e+01,1.681743240356445312e+01,3.000000000000000000e+00
2.950000000000000000e+01,1.779996490478515625e+02,1.140908336639404297e+01,1.685128593444824219e+01,3.000000000000000000e+00
2.951999999999999957e+01,1.783017272949218750e+02,1.138186264038085938e+01,1.688472557067871094e+01,3.000000000000000000e+00
2.953999999999999915e+01,1.786037139892578125e+02,1.135561943054199219e+01,1.691774749755859375e+01,3.000000000000000000e+00
2.956000000000000227e+01,1.789055938720703125e+02,1.133038139343261719e+01,1.695034790039062500e+01,3.000000000000000000e+00
2.958000000000000185e+01,1.792073822021484375e+02,1.130617427825927734e+01,1.698252296447753906e+01,3.000000000000000000e+00
2.960000000000000142e+01,1.795090942382812500e+02,1.128302192687988281e+01,1.701426124572753906e+01,3.000000000000000000e+00
2.962000000000000099e+01,1.798107299804687500e+02,1.126094818115234375e+01,1.704555702209472656e+01,3.000000000000000000e+00
2.964000000000000057e+01,1.801122894287109375e+02,1.123997497558593750e+01,1.707640457153320312e+01,3.000000000000000000e+00
2.966000000000000014e+01,1.804137878417968750e+02,1.122012042999267578e+01,1.710678863525390625e+01,3.000000000000000000e+00
2.967999999999999972e+01,1.807152252197265625e+02,1.120139980316162109e+01,1.713670349121093750e+01,3.000000000000000000e+00
2.969999999999999929e+01,1.810166015625000000e+02,1.118383121490478516e+01,1.716613006591796875e+01,3.000000000000000000e+00
2.971999999999999886e+01,1.813179473876953125e+02,1.116742801666259766e+01,1.719506263732910156e+01,3.000000000000000000e+00
2.974000000000000199e+01,1.816192321777343750e+02,1.115220260620117188e+01,1.722348785400390625e+01,3.000000000000000000e+00
2.976000000000000156e+01,1.819204864501953125e+02,1.113816547393798828e+01,1.725139999389648438e+01,3.000000000000000000e+00
2.978000000000000114e+01,1.822216949462890625e+02,1.112532806396484375e+01,1.727878570556640625e+01,3.000000000000000000e+00
2.980000000000000071e+01,1.825229034423828125e+02,1.111369609832763672e+01,1.730563545227050781e+01,3.000000000000000000e+00
2.982000000000000028e+01,1.828240356445312500e+02,1.110327720642089844e+01,1.733194351196289062e+01,3.000000000000000000e+00
2.983999999999999986e+01,1.831251678466796875e+02,1.109407806396484375e+01,1.735770416259765625e+01,3.000000000000000000e+00
2.985999999999999943e+01,1.834263000488281250e+02,1.108610439300537109e+01,1.738291168212890625e+01,3.000000000000000000e+00
2.987999999999999901e+01,1.837273712158203125e+02,1.107935905456542969e+01,1.740756416320800781e+01,3.000000000000000000e+00
2.990000000000000213e+01,1.840284271240234375e+02,1.107384395599365234e+01,1.743165588378906250e+01,3.000000000000000000e+00
2.992000000000000171e+01,1.843294830322265625e+02,1.106956291198730469e+01,1.745518875122070312e+01,3.000000000000000000e+00
2.994000000000000128e+01,1.846305389404296875e+02,1.106651687622070312e+01,1.747816276550292969e+01,3.000000000000000000e+00
2.996000000000000085e+01,1.849315795898437500e+02,1.106470584869384766e+01,1.750057792663574219e+01,3.000000000000000000e+00
2.998000000000000043e+01,1.852325592041015625e+02,1.106412982940673828e+01,1.752243614196777344e+01,3.000000000000000000e+00
3.000000000000000000e+01,1.855335388183593750e+02,1.106478691101074219e+01,1.754373931884765625e+01,3.000000000000000000e+00
3.001999999999999957e+01,1.858345184326171875e+02,1.106667709350585938e+01,1.756449317932128906e+01,3.000000000000000000e+00
3.003999999999999915e+01,1.861354980468750000e+02,1.106979656219482422e+01,1.758469963073730469e+01,3.000000000000000000e+00
3.006000000000000227e+01,1.864364776611328125e+02,1.107414245605468750e+01,1.760436439514160156e+01,3.000000000000000000e+00
3.008000000000000185e+01,1.867373962402343750e+02,1.107971096038818359e+01,1.762349319458007812e+01,3.000000000000000000e+00
3.010000000000000142e+01,1.870382995605468750e+02,1.108649635314941406e+01,1.764208984375000000e+01,3.000000000000000000e+00
3.012000000000000099e+01,1.873392028808593750e+02,1.109449672698974609e+01,1.766016197204589844e+01,3.000000000000000000e+00
3.014000000000000057e+01,1.876401062011718750e+02,1.110370540618896484e+01,1.767771339416503906e+01,3.000000000000000000e+00
3.016000000000000014e+01,1.879410095214843750e+02,1.111411762237548828e+01,1.769474983215332031e+01,3.000000000000000000e+00
3.017999999999999972e+01,1.882418518066406250e+02,1.112572383880615234e+01,1.771127891540527344e+01,3.000000000000000000e+00
3.019999999999999929e+01,1.885426788330078125e+02,1.113852024078369141e+01,1.772730255126953125e+01,3.000000000000000000e+00
3.021999999999999886e+01,1.888435058593750000e+02,1.115249729156494141e+01,1.774283218383789062e+01,3.000000000000000000e+00
3.024000000000000199e+01,1.891443328857421875e+02,1.116764926910400391e+01,1.775786972045898438e+01,3.000000000000000000e+00
3.026000000000000156e+01,1.894451599121093750e+02,1.118396568298339844e+01,1.777242279052734375e+01,3.000000000000000000e+00
3.028000000000000114e+01,1.897459411621093750e+02,1.120143985748291016e+01,1.778649139404296875e+01,3.000000000000000000e+00
3.030000000000000071e+01,1.900466918945312500e+02,1.122006034851074219e+01,1.780008125305175781e+01,3.000000000000000000e+00
3.032000000000000028e+01,1.903474426269531250e+02,1.123981952667236328e+01,1.781320381164550781e+01,3.000000000000000000e+00
3.033999999999999986e+01,1.906481933593750000e+02,1.126070880889892578e+01,1.782585716247558594e+01,4.000000000000000000e+00
3.035999999999999943e+01,1.909486236572265625e+02,1.128296184539794922e+01,1.783885192871093750e+01,4.000000000000000000e+00
3.037999999999999901e+01,1.912485046386718750e+02,1.130680274963378906e+01,1.785295867919921875e+01,4.000000000000000000e+00
3.040000000000000213e+01,1.915478363037109375e+02,1.133224868774414062e+01,1.786829185485839844e+01,4.000000000000000000e+00
3.042000000000000171e+01,1.918466339111328125e+02,1.135924911499023438e+01,1.788474082946777344e+01,4.000000000000000000e+00
3.044000000000000128e+01,1.921449127197265625e+02,1.138774204254150391e+01,1.790216445922851562e+01,4.000000000000000000e+00
3.046000000000000085e+01,1.924427185058593750e+02,1.141767024993896484e+01,1.792041397094726562e+01,4.000000000000000000e+00
3.048000000000000043e+01,1.927400207519531250e+02,1.144897747039794922e+01,1.793935012817382812e+01,4.000000000000000000e+00
3.050000000000000000e+01,1.930368347167968750e+02,1.148161125183105469e+01,1.795884895324707031e+01,4.000000000000000000e+00
3.051999999999999957e+01,1.933331756591796875e+02,1.151552677154541016e+01,1.797880172729492188e+01,4.000000000000000000e+00
3.053999999999999915e+01,1.936290283203125000e+02,1.155068492889404297e+01,1.799911499023437500e+01,4.000000000000000000e+00
3.056000000000000227e+01,1.939244079589843750e+02,1.158705234527587891e+01,1.801970863342285156e+01,4.000000000000000000e+00
3.058000000000000185e+01,1.942192993164062500e+02,1.162459754943847656e+01,1.804051399230957031e+01,4.000000000000000000e+00
3.060000000000000142e+01,1.945137023925781250e+02,1.166329288482666016e+01,1.806147384643554688e+01,4.000000000000000000e+00
3.062000000000000099e+01,1.948076324462890625e+02,1.170311832427978516e+01,1.808254051208496094e+01,4.000000000000000000e+00
3.064000000000000057e+01,1.951010742187500000e+02,1.174405002593994141e+01,1.810367584228515625e+01,4.000000000000000000e+00
3.066000000000000014e+01,1.953940124511718750e+02,1.178607273101806641e+01,1.812485122680664062e+01,4.000000000000000000e+00
3.067999999999999972e+01,1.956864471435546875e+02,1.182917022705078125e+01,1.814603805541992188e+01,4.000000000000000000e+00
3.069999999999999929e+01,1.959783782958984375e+02,1.187332820892333984e+01,1.816722106933593750e+01,4.000000000000000000e+00
3.071999999999999886e+01,1.962697906494140625e+02,1.191853523254394531e+01,1.818838119506835938e+01,4.000000000000000000e+00
3.074000000000000199e+01,1.965606689453125000e+02,1.196477890014648438e+01,1.820950889587402344e+01,4.000000000000000000e+00
3.076000000000000156e+01,1.968510131835937500e+02,1.201205062866210938e+01,1.823059844970703125e+01,4.000000000000000000e+00
3.078000000000000114e+01,1.971407928466796875e+02,1.206033897399902344e+01,1.825164604187011719e+01,4.000000000000000000e+00
3.080000000000000071e+01,1.974300079345703125e+02,1.210963439941406250e+01,1.827264595031738281e+01,4.000000000000000000e+00
3.082000000000000028e+01,1.977186431884765625e+02,1.215992832183837891e+01,1.829359245300292969e+01,4.000000000000000000e+00
3.083999999999999986e+01,1.980066680908203125e+02,1.221121215820312500e+01,1.831448745727539062e+01,4.000000000000000000e+00
3.085999999999999943e+01,1.982940673828125000e+02,1.226347827911376953e+01,1.833533287048339844e+01,4.000000000000000000e+00
3.087999999999999901e+01,1.985808258056640625e+02,1.231671428680419922e+01,1.835612297058105469e+01,4.000000000000000000e+00
3.090000000000000213e+01,1.988669128417968750e+02,1.237091350555419922e+01,1.837686538696289062e+01,4.000000000000000000e+00
3.092000000000000171e+01,1.991523284912109375e+02,1.242606925964355469e+01,1.839755058288574219e+01,4.000000000000000000e+00
3.094000000000000128e+01,1.994370574951171875e+02,1.248217010498046875e+01,1.841818428039550781e+01,4.000000000000000000e+00
3.096000000000000085e+01,1.997210845947265625e+02,1.253921031951904297e+01,1.843876457214355469e+01,4.000000000000000000e+00
3.098000000000000043e+01,2.000043640136718750e+02,1.259717941284179688e+01,1.845928764343261719e+01,4.000000000000000000e+00
3.100000000000000000e+01,2.002869262695312500e+02,1.265606975555419922e+01,1.847974967956542969e+01,4.000000000000000000e+00
3.101999999999999957e+01,2.005687561035156250e+02,1.271587467193603516e+01,1.850015068054199219e+01,4.000000000000000000e+00
3.103999999999999915e+01,2.008498077392578125e+02,1.277658367156982422e+01,1.852048301696777344e+01,4.000000000000000000e+00
3.106000000000000227e+01,2.011300354003906250e+02,1.283818912506103516e+01,1.854074287414550781e+01,4.000000000000000000e+00
3.108000000000000185e+01,2.014095001220703125e+02,1.290068340301513672e+01,1.856091880798339844e+01,4.000000000000000000e+00
3.110000000000000142e+01,2.016881561279296875e+02,1.296405601501464844e+01,1.858100700378417969e+01,4.000000000000000000e+00
3.112000000000000099e+01,2.019660186767578125e+02,1.302829837799072266e+01,1.860099601745605469e+01,4.000000000000000000e+00
3.114000000000000057e+01,2.022430419921875000e+02,1.309340095520019531e+01,1.862087631225585938e+01,4.000000000000000000e+00
3.116000000000000014e+01,2.025192565917968750e+02,1.315935897827148438e+01,1.864063644409179688e+01,4.000000000000000000e+00
3.117999999999999972e+01,2.027946319580078125e+02,1.322616195678710938e+01,1.866026306152343750e+01,4.000000000000000000e+00
3.119999999999999929e+01,2.030691833496093750e+02,1.329380130767822266e+01,1.867974281311035156e+01,4.000000000000000000e+00
3.122000000000000242e+01,2.033428955078125000e+02,1.336227035522460938e+01,1.869906234741210938e+01,4.000000000000000000e+00
3.124000000000000199e+01,2.036157684326171875e+02,1.343155956268310547e+01,1.871820259094238281e+01,4.000000000000000000e+00
3.126000000000000156e+01,2.038877868652343750e+02,1.350165939331054688e+01,1.873714828491210938e+01,4.000000000000000000e+00
3.128000000000000114e+01,2.041589660644531250e+02,1.357256507873535156e+01,1.875588035583496094e+01,4.000000000000000000e+00
3.130000000000000071e+01,2.044293060302734375e+02,1.364426803588867188e+01,1.877438163757324219e+01,4.000000000000000000e+00
3.132000000000000028e+01,2.046988067626953125e+02,1.371676158905029297e+01,1.879263305664062500e+01,4.000000000000000000e+00
3.133999999999999986e+01,2.049674835205078125e+02,1.379003524780273438e+01,1.881061553955078125e+01,4.000000000000000000e+00
3.135999999999999943e+01,2.052353210449218750e+02,1.386408519744873047e+01,1.882831001281738281e+01,4.000000000000000000e+00
3.137999999999999901e+01,2.055023345947265625e+02,1.393890476226806641e+01,1.884569740295410156e+01,4.000000000000000000e+00
3.140000000000000213e+01,2.057685241699218750e+02,1.401448726654052734e+01,1.886276245117187500e+01,4.000000000000000000e+00
3.142000000000000171e+01,2.060338897705078125e+02,1.409082698822021484e+01,1.887948608398437500e+01,4.000000000000000000e+00
3.144000000000000128e+01,2.062984619140625000e+02,1.416791820526123047e+01,1.889585304260253906e+01,4.000000000000000000e+00
3.146000000000000085e+01,2.065622100830078125e+02,1.424575901031494141e+01,1.891184616088867188e+01,4.000000000000000000e+00
3.148000000000000043e+01,2.068251953125000000e+02,1.432434177398681641e+01,1.892744445800781250e+01,4.000000000000000000e+00
3.150000000000000000e+01,2.070873413085937500e+02,1.440366363525390625e+01,1.894263267517089844e+01,4.000000000000000000e+00
3.151999999999999957e+01,2.073487243652343750e+02,1.448372173309326172e+01,1.895739173889160156e+01,4.000000000000000000e+00
3.153999999999999915e+01,2.076093444824218750e+02,1.456451225280761719e+01,1.897170448303222656e+01,4.000000000000000000e+00
3.156000000000000227e+01,2.078692016601562500e+02,1.464603137969970703e+01,1.898555183410644531e+01,4.000000000000000000e+00
3.158000000000000185e+01,2.081283264160156250e+02,1.472827625274658203e+01,1.899891662597656250e+01,4.000000000000000000e+00
3.160000000000000142e+01,2.083867340087890625e+02,1.481124401092529297e+01,1.901177787780761719e+01,4.000000000000000000e+00
3.162000000000000099e+01,2.086444091796875000e+02,1.489493179321289062e+01,1.902412414550781250e+01,4.000000000000000000e+00
3.164000000000000057e+01,2.089013671875000000e+02,1.497933864593505859e+01,1.903593635559082031e+01,4.000000000000000000e+00
3.166000000000000014e+01,2.091576385498046875e+02,1.506446361541748047e+01,1.904719924926757812e+01,4.000000000000000000e+00
3.167999999999999972e+01,2.094132232666015625e+02,1.515030384063720703e+01,1.905789947509765625e+01,4.000000000000000000e+00
3.169999999999999929e+01,2.096681365966796875e+02,1.523685932159423828e+01,1.906802368164062500e+01,4.000000000000000000e+00
3.172000000000000242e+01,2.099223785400390625e+02,1.532413005828857422e+01,1.907756042480468750e+01,4.000000000000000000e+00
3.174000000000000199e+01,2.101759796142578125e+02,1.541211891174316406e+01,1.908649635314941406e+01,4.000000000000000000e+00
3.176000000000000156e+01,2.104289398193359375e+02,1.550082492828369141e+01,1.909482192993164062e+01,4.000000000000000000e+00
3.178000000000000114e+01,2.106812744140625000e+02,1.559024620056152344e+01,1.910252761840820312e+01,4.000000000000000000e+00
3.180000000000000071e+01,2.109329833984375000e+02,1.568038749694824219e+01,1.910960960388183594e+01,4.000000000000000000e+00
3.182000000000000028e+01,2.111840820312500000e+02,1.577124786376953125e+01,1.911605644226074219e+01,4.000000000000000000e+00
3.183999999999999986e+01,2.114346160888671875e+02,1.586283111572265625e+01,1.912186050415039062e+01,4.000000000000000000e+00
3.185999999999999943e+01,2.116845397949218750e+02,1.595513820648193359e+01,1.912701606750488281e+01,4.000000000000000000e+00
3.187999999999999901e+01,2.119339141845703125e+02,1.604817390441894531e+01,1.913152122497558594e+01,4.000000000000000000e+00
3.190000000000000213e+01,2.121827239990234375e+02,1.614193534851074219e+01,1.913537025451660156e+01,4.000000000000000000e+00
3.192000000000000171e+01,2.124309844970703125e+02,1.623642921447753906e+01,1.913855934143066406e+01,4.000000000000000000e+00
3.194000000000000128e+01,2.126787109375000000e+02,1.633165931701660156e+01,1.914108657836914062e+01,4.000000000000000000e+00
3.196000000000000085e+01,2.129259033203125000e+02,1.642762756347656250e+01,1.914295387268066406e+01,4.000000000000000000e+00
3.198000000000000043e+01,2.131725921630859375e+02,1.652433776855468750e+01,1.914415550231933594e+01,4.000000000000000000e+00
3.200000000000000000e+01,2.134187622070312500e+02,1.662179374694824219e+01,1.914469909667968750e+01,4.000000000000000000e+00
3.202000000000000313e+01,2.136644439697265625e+02,1.671999931335449219e+01,1.914458084106445312e+01,4.000000000000000000e+00
3.203999999999999915e+01,2.139096221923828125e+02,1.681895828247070312e+01,1.914380455017089844e+01,4.000000000000000000e+00
3.206000000000000227e+01,2.141543273925781250e+02,1.691867446899414062e+01,1.914237403869628906e+01,4.000000000000000000e+00
3.207999999999999829e+01,2.143985595703125000e+02,1.701915359497070312e+01,1.914029121398925781e+01,4.000000000000000000e+00
3.210000000000000142e+01,2.146423187255859375e+02,1.712039947509765625e+01,1.913756561279296875e+01,4.000000000000000000e+00
3.211999999999999744e+01,2.148856201171875000e+02,1.722241592407226562e+01,1.913419914245605469e+01,4.000000000000000000e+00
3.214000000000000057e+01,2.151284637451171875e+02,1.732520866394042969e+01,1.913019752502441406e+01,4.000000000000000000e+00
3.216000000000000369e+01,2.153708648681640625e+02,1.742878150939941406e+01,1.912556838989257812e+01,4.000000000000000000e+00
3.217999999999999972e+01,2.156128387451171875e+02,1.753314018249511719e+01,1.912032127380371094e+01,4.000000000000000000e+00
3.220000000000000284e+01,2.158543853759765625e+02,1.763828849792480469e+01,1.911445999145507812e+01,4.000000000000000000e+00
3.221999999999999886e+01,2.160954742431640625e+02,1.774422836303710938e+01,1.910799407958984375e+01,4.000000000000000000e+00
3.224000000000000199e+01,2.163361816406250000e+02,1.785096931457519531e+01,1.910093498229980469e+01,4.000000000000000000e+00
3.225999999999999801e+01,2.165764312744140625e+02,1.795851516723632812e+01,1.909329032897949219e+01,4.000000000000000000e+00
3.228000000000000114e+01,2.168162994384765625e+02,1.806687164306640625e+01,1.908506965637207031e+01,4.000000000000000000e+00
3.229999999999999716e+01,2.170557403564453125e+02,1.817603874206542969e+01,1.907628440856933594e+01,4.000000000000000000e+00
3.232000000000000028e+01,2.172947692871093750e+02,1.828602218627929688e+01,1.906694602966308594e+01,4.000000000000000000e+00
3.234000000000000341e+01,2.175334167480468750e+02,1.839682579040527344e+01,1.905706596374511719e+01,4.000000000000000000e+00
3.235999999999999943e+01,2.177716674804687500e+02,1.850845718383789062e+01,1.904665184020996094e+01,4.000000000000000000e+00
3.238000000000000256e+01,2.180094757080078125e+02,1.862091636657714844e+01,1.903572082519531250e+01,4.000000000000000000e+00
3.239999999999999858e+01,2.182469024658203125e+02,1.873421096801757812e+01,1.902428245544433594e+01,4.000000000000000000e+00
3.242000000000000171e+01,2.184839477539062500e+02,1.884834289550781250e+01,1.901234817504882812e+01,4.000000000000000000e+00
3.243999999999999773e+01,2.187206115722656250e+02,1.896331787109375000e+01,1.899993133544921875e+01,4.000000000000000000e+00
3.246000000000000085e+01,2.189568939208984375e+02,1.907913780212402344e+01,1.898704338073730469e+01,4.000000000000000000e+00
3.248000000000000398e+01,2.191927642822265625e+02,1.919580841064453125e+01,1.897369384765625000e+01,4.000000000000000000e+00
3.250000000000000000e+01,2.194282073974609375e+02,1.931332969665527344e+01,1.895989990234375000e+01,4.000000000000000000e+00
3.252000000000000313e+01,2.196632690429687500e+02,1.943170928955078125e+01,1.894567108154296875e+01,4.000000000000000000e+00
3.253999999999999915e+01,2.198979492187500000e+02,1.955094718933105469e+01,1.893102455139160156e+01,4.000000000000000000e+00
3.256000000000000227e+01,2.201322479248046875e+02,1.967104339599609375e+01,1.891596794128417969e+01,4.000000000000000000e+00
3.257999999999999829e+01,2.203661651611328125e+02,1.979200744628906250e+01,1.890051651000976562e+01,4.000000000000000000e+00
3.260000000000000142e+01,2.205997009277343750e+02,1.991383743286132812e+01,1.888468170166015625e+01,4.000000000000000000e+00
3.261999999999999744e+01,2.208327789306640625e+02,2.003653526306152344e+01,1.886847496032714844e+01,4.000000000000000000e+00
3.264000000000000057e+01,2.210654754638671875e+02,2.016010475158691406e+01,1.885190963745117188e+01,4.000000000000000000e+00
3.266000000000000369e+01,2.212977905273437500e+02,2.028454589843750000e+01,1.883499717712402344e+01,4.000000000000000000e+00
3.267999999999999972e+01,2.215297241210937500e+02,2.040986251831054688e+01,1.881774711608886719e+01,4.000000000000000000e+00
3.270000000000000284e+01,2.217612152099609375e+02,2.053605461120605469e+01,1.880017471313476562e+01,4.000000000000000000e+00
3.271999999999999886e+01,2.219923095703125000e+02,2.066312408447265625e+01,1.878229141235351562e+01,4.000000000000000000e+00
3.274000000000000199e+01,2.222230224609375000e+02,2.079107093811035156e+01,1.876410675048828125e+01,4.000000000000000000e+00
3.275999999999999801e+01,2.224532775878906250e+02,2.091989707946777344e+01,1.874563407897949219e+01,4.000000000000000000e+00
3.278000000000000114e+01,2.226831512451171875e+02,2.104960441589355469e+01,1.872687721252441406e+01,4.000000000000000000e+00
3.279999999999999716e+01,2.229125976562500000e+02,2.118018913269042969e+01,1.870784950256347656e+01,4.000000000000000000e+00
3.282000000000000028e+01,2.231416320800781250e+02,2.131165504455566406e+01,1.868856239318847656e+01,4.000000000000000000e+00
3.284000000000000341e+01,2.233702392578125000e+02,2.144400215148925781e+01,1.866902351379394531e+01,4.000000000000000000e+00
3.285999999999999943e+01,2.235984344482421875e+02,2.157722854614257812e+01,1.864924430847167969e+01,4.000000000000000000e+00
3.288000000000000256e+01,2.238261718750000000e+02,2.171133613586425781e+01,1.862923240661621094e+01,4.000000000000000000e+00
3.289999999999999858e+01,2.240534973144531250e+02,2.184632301330566406e+01,1.860899734497070312e+01,4.000000000000000000e+00
3.292000000000000171e+01,2.242803955078125000e+02,2.198218917846679688e+01,1.858854675292968750e+01,4.000000000000000000e+00
3.293999999999999773e+01,2.245068359375000000e+02,2.211893463134765625e+01,1.856788825988769531e+01,4.000000000000000000e+00
3.296000000000000085e+01,2.247328491210937500e+02,2.225655746459960938e+01,1.854703140258789062e+01,4.000000000000000000e+00
3.298000000000000398e+01,2.249584197998046875e+02,2.239505577087402344e+01,1.852598381042480469e+01,4.000000000000000000e+00
3.300000000000000000e+01,2.251835479736328125e+02,2.253442955017089844e+01,1.850474548339843750e+01,4.000000000000000000e+00
3.302000000000000313e+01,2.254082183837890625e+02,2.267467689514160156e+01,1.848332977294921875e+01,4.000000000000000000e+00
3.303999999999999915e+01,2.256324310302734375e+02,2.281579780578613281e+01,1.846174049377441406e+01,4.000000000000000000e+00
3.306000000000000227e+01,2.258561859130859375e+02,2.295779228210449219e+01,1.843998527526855469e+01,4.000000000000000000e+00
3.307999999999999829e+01,2.260794830322265625e+02,2.310065460205078125e+01,1.841806602478027344e+01,4.000000000000000000e+00
3.310000000000000142e+01,2.263023223876953125e+02,2.324438476562500000e+01,1.839599227905273438e+01,4.000000000000000000e+00
3.311999999999999744e+01,2.265247039794921875e+02,2.338898086547851562e+01,1.837376594543457031e+01,4.000000000000000000e+00
3.314000000000000057e+01,2.267466125488281250e+02,2.353444290161132812e+01,1.835139274597167969e+01,4.000000000000000000e+00
3.316000000000000369e+01,2.269680480957031250e+02,2.368076515197753906e+01,1.832887649536132812e+01,4.000000000000000000e+00
3.317999999999999972e+01,2.271890258789062500e+02,2.382794570922851562e+01,1.830622291564941406e+01,4.000000000000000000e+00
3.320000000000000284e+01,2.274095306396484375e+02,2.397598457336425781e+01,1.828343391418457031e+01,4.000000000000000000e+00
3.321999999999999886e+01,2.276295471191406250e+02,2.412488174438476562e+01,1.826051330566406250e+01,4.000000000000000000e+00
3.324000000000000199e+01,2.278490905761718750e+02,2.427463722229003906e+01,1.823746490478515625e+01,4.000000000000000000e+00
3.325999999999999801e+01,2.280681610107421875e+02,2.442524337768554688e+01,1.821429061889648438e+01,4.000000000000000000e+00
3.328000000000000114e+01,2.282867279052734375e+02,2.457670021057128906e+01,1.819099426269531250e+01,4.000000000000000000e+00
3.329999999999999716e+01,2.285048217773437500e+02,2.472900581359863281e+01,1.816757965087890625e+01,4.000000000000000000e+00
3.332000000000000028e+01,2.287224273681640625e+02,2.488215637207031250e+01,1.814404487609863281e+01,4.000000000000000000e+00
3.334000000000000341e+01,2.289395446777343750e+02,2.503614997863769531e+01,1.812039566040039062e+01,4.000000000000000000e+00
3.335999999999999943e+01,2.291561737060546875e+02,2.519098472595214844e+01,1.809663391113281250e+01,4.000000000000000000e+00
3.338000000000000256e+01,2.293723144531250000e+02,2.534665870666503906e+01,1.807275962829589844e+01,4.000000000000000000e+00
3.339999999999999858e+01,2.295879669189453125e+02,2.550316810607910156e+01,1.804877662658691406e+01,4.000000000000000000e+00
3.342000000000000171e+01,2.298031158447265625e+02,2.566051292419433594e+01,1.802468490600585938e+01,4.000000000000000000e+00
3.343999999999999773e+01,2.300177764892578125e+02,2.581869125366210938e+01,1.800048828125000000e+01,4.000000000000000000e+00
3.346000000000000085e+01,2.302319335937500000e+02,2.597770118713378906e+01,1.797618675231933594e+01,4.000000000000000000e+00
3.348000000000000398e+01,2.304456024169921875e+02,2.613753890991210938e+01,1.795178031921386719e+01,4.000000000000000000e+00
3.350000000000000000e+01,2.306587677001953125e+02,2.629820060729980469e+01,1.792727088928222656e+01,4.000000000000000000e+00
3.352000000000000313e+01,2.308714447021484375e+02,2.645968818664550781e+01,1.790266036987304688e+01,4.000000000000000000e+00
3.353999999999999915e+01,2.310836181640625000e+02,2.662199783325195312e+01,1.787795066833496094e+01,4.000000000000000000e+00
3.356000000000000227e+01,2.312952880859375000e+02,2.678512763977050781e+01,1.785314178466796875e+01,4.000000000000000000e+00
3.357999999999999829e+01,2.315064697265625000e+02,2.694907379150390625e+01,1.782823181152343750e+01,4.000000000000000000e+00
3.360000000000000142e+01,2.317171478271484375e+02,2.711383819580078125e+01,1.780322647094726562e+01,4.000000000000000000e+00
3.361999999999999744e+01,2.319273071289062500e+02,2.727941513061523438e+01,1.777812576293945312e+01,4.000000000000000000e+00
3.364000000000000057e+01,2.321369934082031250e+02,2.744580268859863281e+01,1.775292968750000000e+01,4.000000000000000000e+00
3.366000000000000369e+01,2.323461608886718750e+02,2.761300086975097656e+01,1.772763824462890625e+01,4.000000000000000000e+00
3.367999999999999972e+01,2.325548248291015625e+02,2.778100967407226562e+01,1.770225906372070312e+01,4.000000000000000000e+00
3.370000000000000284e+01,2.327629852294921875e+02,2.794982147216796875e+01,1.767678642272949219e+01,4.000000000000000000e+00
3.371999999999999886e+01,2.329706420898437500e+02,2.811944007873535156e+01,1.765122604370117188e+01,4.000000000000000000e+00
3.374000000000000199e+01,2.331778106689453125e+02,2.828986167907714844e+01,1.762557601928710938e+01,4.000000000000000000e+00
3.375999999999999801e+01,2.333844604492187500e+02,2.846108245849609375e+01,1.759983825683593750e+01,4.000000000000000000e+00
3.378000000000000114e+01,2.335906066894531250e+02,2.863310241699218750e+01,1.757401657104492188e+01,4.000000000000000000e+00
3.379999999999999716e+01,2.337962493896484375e+02,2.880592155456542969e+01,1.754811096191406250e+01,4.000000000000000000e+00
3.382000000000000028e+01,2.340013732910156250e+02,2.897953414916992188e+01,1.752212142944335938e+01,4.000000000000000000e+00
3.384000000000000341e+01,2.342059936523437500e+02,2.915394210815429688e+01,1.749605178833007812e+01,4.000000000000000000e+00
3.385999999999999943e+01,2.344101257324218750e+02,2.932914161682128906e+01,1.746990585327148438e+01,4.000000000000000000e+00
3.388000000000000256e+01,2.346137542724609375e+02,2.950513076782226562e+01,1.744368171691894531e+01,4.000000000000000000e+00
3.389999999999999858e+01,2.348168792724609375e+02,2.968191146850585938e+01,1.741738319396972656e+01,4.000000000000000000e+00
3.392000000000000171e+01,2.350194854736328125e+02,2.985947799682617188e+01,1.739101219177246094e+01,4.000000000000000000e+00
3.393999999999999773e+01,2.352215881347656250e+02,3.003782844543457031e+01,1.736457252502441406e+01,4.000000000000000000e+00
3.396000000000000085e+01,2.354231872558593750e+02,3.021696281433105469e+01,1.733806610107421875e+01,4.000000000000000000e+00
3.398000000000000398e+01,2.356242675781250000e+02,3.039687919616699219e+01,1.731149291992187500e+01,4.000000000000000000e+00
3.400000000000000000e+01,2.358248443603515625e+02,3.057757568359375000e+01,1.728486061096191406e+01,4.000000000000000000e+00
3.402000000000000313e+01,2.360249176025390625e+02,3.075905036926269531e+01,1.725816917419433594e+01,4.000000000000000000e+00
3.403999999999999915e+01,2.362244720458984375e+02,3.094130134582519531e+01,1.723142051696777344e+01,4.000000000000000000e+00
3.406000000000000227e+01,2.364235229492187500e+02,3.112432670593261719e+01,1.720462036132812500e+01,4.000000000000000000e+00
3.407999999999999829e+01,2.366220397949218750e+02,3.130812454223632812e+01,1.717776489257812500e+01,4.000000000000000000e+00
3.410000000000000142e+01,2.368200531005859375e+02,3.149269294738769531e+01,1.715086746215820312e+01,4.000000000000000000e+00
3.411999999999999744e+01,2.370175476074218750e+02,3.167803001403808594e+01,1.712392616271972656e+01,4.000000000000000000e+00
3.414000000000000057e+01,2.372145385742187500e+02,3.186413764953613281e+01,1.709694480895996094e+01,4.000000000000000000e+00
3.416000000000000369e+01,2.374110107421875000e+02,3.205100631713867188e+01,1.706992721557617188e+01,4.000000000000000000e+00
3.417999999999999972e+01,2.376069641113281250e+02,3.223863220214843750e+01,1.704287719726562500e+01,4.000000000000000000e+00
3.420000000000000284e+01,2.378023986816406250e+02,3.242702102661132812e+01,1.701579856872558594e+01,4.000000000000000000e+00
3.421999999999999886e+01,2.379972991943359375e+02,3.261617279052734375e+01,1.698869323730468750e+01,4.000000000000000000e+00
3.424000000000000199e+01,2.381916961669921875e+02,3.280608749389648438e+01,1.696156883239746094e+01,4.000000000000000000e+00
3.425999999999999801e+01,2.383855590820312500e+02,3.299674987792968750e+01,1.693442726135253906e+01,4.000000000000000000e+00
3.428000000000000114e+01,2.385789031982421875e+02,3.318817138671875000e+01,1.690727233886718750e+01,4.000000000000000000e+00
3.430000000000000426e+01,2.387717285156250000e+02,3.338033676147460938e+01,1.688010978698730469e+01,4.000000000000000000e+00
3.432000000000000028e+01,2.389640197753906250e+02,3.357324981689453125e+01,1.685293960571289062e+01,4.000000000000000000e+00
3.434000000000000341e+01,2.391557769775390625e+02,3.376691055297851562e+01,1.682576942443847656e+01,4.000000000000000000e+00
3.435999999999999943e+01,2.393470153808593750e+02,3.396131515502929688e+01,1.679860687255859375e+01,4.000000000000000000e+00
3.438000000000000256e+01,2.395377197265625000e+02,3.415645980834960938e+01,1.677145195007324219e+01,4.000000000000000000e+00
3.439999999999999858e+01,2.397278900146484375e+02,3.435233688354492188e+01,1.674430847167968750e+01,4.000000000000000000e+00
3.442000000000000171e+01,2.399175262451171875e+02,3.454895401000976562e+01,1.671718215942382812e+01,4.000000000000000000e+00
3.443999999999999773e+01,2.401066284179687500e+02,3.474629974365234375e+01,1.669007682800292969e+01,4.000000000000000000e+00
3.446000000000000085e+01,2.402951812744140625e+02,3.494437408447265625e+01,1.666300010681152344e+01,4.000000000000000000e+00
3.448000000000000398e+01,2.404831848144531250e+02,3.514317321777343750e+01,1.663595390319824219e+01,4.000000000000000000e+00
3.450000000000000000e+01,2.406706542968750000e+02,3.534269714355468750e+01,1.660894203186035156e+01,4.000000000000000000e+00
3.452000000000000313e+01,2.408575744628906250e+02,3.554293823242187500e+01,1.658197021484375000e+01,4.000000000000000000e+00
3.453999999999999915e+01,2.410439453125000000e+02,3.574390029907226562e+01,1.655503845214843750e+01,4.000000000000000000e+00
3.456000000000000227e+01,2.412297821044921875e+02,3.594557189941406250e+01,1.652815818786621094e+01,4.000000000000000000e+00
3.457999999999999829e+01,2.414150543212890625e+02,3.614795684814453125e+01,1.650133132934570312e+01,4.000000000000000000e+00
3.460000000000000142e+01,2.415997772216796875e+02,3.635104751586914062e+01,1.647456169128417969e+01,4.000000000000000000e+00
3.461999999999999744e+01,2.417839355468750000e+02,3.655484008789062500e+01,1.644785308837890625e+01,4.000000000000000000e+00
3.464000000000000057e+01,2.419675445556640625e+02,3.675933456420898438e+01,1.642121124267578125e+01,4.000000000000000000e+00
3.466000000000000369e+01,2.421505889892578125e+02,3.696451950073242188e+01,1.639463996887207031e+01,4.000000000000000000e+00
3.467999999999999972e+01,2.423330688476562500e+02,3.717040252685546875e+01,1.636814308166503906e+01,4.000000000000000000e+00
3.470000000000000284e+01,2.425149688720703125e+02,3.737697219848632812e+01,1.634172630310058594e+01,4.000000000000000000e+00
3.471999999999999886e+01,2.426963043212890625e+02,3.758422470092773438e+01,1.631539154052734375e+01,4.000000000000000000e+00
3.474000000000000199e+01,2.428770599365234375e+02,3.779216384887695312e+01,1.628914642333984375e+01,4.000000000000000000e+00
3.475999999999999801e+01,2.430572509765625000e+02,3.800077056884765625e+01,1.626298713684082031e+01,4.000000000000000000e+00
3.478000000000000114e+01,2.432368621826171875e+02,3.821006011962890625e+01,1.623692321777343750e+01,4.000000000000000000e+00
3.480000000000000426e+01,2.434159088134765625e+02,3.842002105712890625e+01,1.621096420288085938e+01,4.000000000000000000e+00
3.482000000000000028e+01,2.435943756103515625e+02,3.863063812255859375e+01,1.618510627746582031e+01,4.000000000000000000e+00
3.484000000000000341e+01,2.437722473144531250e+02,3.884191513061523438e+01,1.615935325622558594e+01,4.000000000000000000e+00
3.485999999999999943e+01,2.439495391845703125e+02,3.905385208129882812e+01,1.613371276855468750e+01,4.000000000000000000e+00
3.488000000000000256e+01,2.441262512207031250e+02,3.926644134521484375e+01,1.610818481445312500e+01,4.000000000000000000e+00
3.489999999999999858e+01,2.443023529052734375e+02,3.947967529296875000e+01,1.608277702331542969e+01,4.000000000000000000e+00
3.492000000000000171e+01,2.444778747558593750e+02,3.969355392456054688e+01,1.605748748779296875e+01,4.000000000000000000e+00
3.493999999999999773e+01,2.446528015136718750e+02,3.990807342529296875e+01,1.603232383728027344e+01,4.000000000000000000e+00
3.496000000000000085e+01,2.448271179199218750e+02,4.012322616577148438e+01,1.600728797912597656e+01,4.000000000000000000e+00
3.498000000000000398e+01,2.450008392333984375e+02,4.033900833129882812e+01,1.598238372802734375e+01,4.000000000000000000e+00
3.500000000000000000e+01,2.451739654541015625e+02,4.055541610717773438e+01,1.595761394500732422e+01,4.000000000000000000e+00
3.502000000000000313e+01,2.453464813232421875e+02,4.077244949340820312e+01,1.593298149108886719e+01,4.000000000000000000e+00
3.503999999999999915e+01,2.455183868408203125e+02,4.099009323120117188e+01,1.590849113464355469e+01,4.000000000000000000e+00
3.506000000000000227e+01,2.456896820068359375e+02,4.120835113525390625e+01,1.588414382934570312e+01,4.000000000000000000e+00
3.507999999999999829e+01,2.458603668212890625e+02,4.142721176147460938e+01,1.585994148254394531e+01,4.000000000000000000e+00
3.510000000000000142e+01,2.460304412841796875e+02,4.164667892456054688e+01,1.583588790893554688e+01,4.000000000000000000e+00
3.511999999999999744e+01,2.461998901367187500e+02,4.186674118041992188e+01,1.581198692321777344e+01,4.000000000000000000e+00
3.514000000000000057e+01,2.463687286376953125e+02,4.208739852905273438e+01,1.578824138641357422e+01,4.000000000000000000e+00
3.516000000000000369e+01,2.465369415283203125e+02,4.230864334106445312e+01,1.576465225219726562e+01,4.000000000000000000e+00
3.517999999999999972e+01,2.467045288085937500e+02,4.253046798706054688e+01,1.574122333526611328e+01,4.000000000000000000e+00
3.520000000000000284e+01,2.468714904785156250e+02,4.275287628173828125e+01,1.571795654296875000e+01,4.000000000000000000e+00
3.521999999999999886e+01,2.470378417968750000e+02,4.297586441040039062e+01,1.569485378265380859e+01,4.000000000000000000e+00
3.524000000000000199e+01,2.472035522460937500e+02,4.319940948486328125e+01,1.567191791534423828e+01,4.000000000000000000e+00
3.525999999999999801e+01,2.473686218261718750e+02,4.342352294921875000e+01,1.564915275573730469e+01,4.000000000000000000e+00
3.528000000000000114e+01,2.475330657958984375e+02,4.364819335937500000e+01,1.562655830383300781e+01,4.000000000000000000e+00
3.530000000000000426e+01,2.476968688964843750e+02,4.387342071533203125e+01,1.560413742065429688e+01,4.000000000000000000e+00
3.532000000000000028e+01,2.478600311279296875e+02,4.409919738769531250e+01,1.558189201354980469e+01,4.000000000000000000e+00
3.534000000000000341e+01,2.480225677490234375e+02,4.432551574707031250e+01,1.555982494354248047e+01,4.000000000000000000e+00
3.535999999999999943e+01,2.481844482421875000e+02,4.455237579345703125e+01,1.553793716430664062e+01,4.000000000000000000e+00
3.538000000000000256e+01,2.483456878662109375e+02,4.477976989746093750e+01,1.551623153686523438e+01,4.000000000000000000e+00
3.539999999999999858e+01,2.485062866210937500e+02,4.500769424438476562e+01,1.549470996856689453e+01,4.000000000000000000e+00
3.542000000000000171e+01,2.486662292480468750e+02,4.523614120483398438e+01,1.547337436676025391e+01,4.000000000000000000e+00
3.543999999999999773e+01,2.488255310058593750e+02,4.546511077880859375e+01,1.545222663879394531e+01,4.000000000000000000e+00
3.546000000000000085e+01,2.489841766357421875e+02,4.569459533691406250e+01,1.543126964569091797e+01,4.000000000000000000e+00
3.548000000000000398e+01,2.491421661376953125e+02,4.592459106445312500e+01,1.541050338745117188e+01,4.000000000000000000e+00
3.550000000000000000e+01,2.492994995117187500e+02,4.615508651733398438e+01,1.538992881774902344e+01,4.000000000000000000e+00
3.552000000000000313e+01,2.494561767578125000e+02,4.638608551025390625e+01,1.536954975128173828e+01,4.000000000000000000e+00
3.553999999999999915e+01,2.496121826171875000e+02,4.661758041381835938e+01,1.534936714172363281e+01,4.000000000000000000e+00
3.556000000000000227e+01,2.497675476074218750e+02,4.684956359863281250e+01,1.532938289642333984e+01,4.000000000000000000e+00
3.557999999999999829e+01,2.499222412109375000e+02,4.708203125000000000e+01,1.530959987640380859e+01,4.000000000000000000e+00
3.560000000000000142e+01,2.500762634277343750e+02,4.731497573852539062e+01,1.529001712799072266e+01,4.000000000000000000e+00
3.561999999999999744e+01,2.502296295166015625e+02,4.754839706420898438e+01,1.527063941955566406e+01,4.000000000000000000e+00
3.564000000000000057e+01,2.503823242187500000e+02,4.778229522705078125e+01,1.525146675109863281e+01,4.000000000000000000e+00
3.566000000000000369e+01,2.505343475341796875e+02,4.801665115356445312e+01,1.523250102996826172e+01,4.000000000000000000e+00
3.567999999999999972e+01,2.506856994628906250e+02,4.825146865844726562e+01,1.521374416351318359e+01,4.000000000000000000e+00
3.570000000000000284e+01,2.508363800048828125e+02,4.848674392700195312e+01,1.519519710540771484e+01,4.000000000000000000e+00
3.571999999999999886e+01,2.509863891601562500e+02,4.872246551513671875e+01,1.517686271667480469e+01,4.000000000000000000e+00
3.574000000000000199e+01,2.511357116699218750e+02,4.895863342285156250e+01,1.515874290466308594e+01,4.000000000000000000e+00
3.575999999999999801e+01,2.512843627929687500e+02,4.919524002075195312e+01,1.514083766937255859e+01,4.000000000000000000e+00
3.578000000000000114e+01,2.514323272705078125e+02,4.943228149414062500e+01,1.512314701080322266e+01,4.000000000000000000e+00
3.580000000000000426e+01,2.515796203613281250e+02,4.966975021362304688e+01,1.510567569732666016e+01,4.000000000000000000e+00
3.582000000000000028e+01,2.517262268066406250e+02,4.990764617919921875e+01,1.508842468261718750e+01,4.000000000000000000e+00
3.584000000000000341e+01,2.518721466064453125e+02,5.014596176147460938e+01,1.507139492034912109e+01,4.000000000000000000e+00
