time_s,north_m,east_m,altitude_m,phase
0.000000000000000000e+00,0.000000000000000000e+00,0.000000000000000000e+00,9.377412497997283936e-02,0.000000000000000000e+00
2.000000000000000042e-02,0.000000000000000000e+00,0.000000000000000000e+00,9.474229812622070312e-02,0.000000000000000000e+00
4.000000000000000083e-02,0.000000000000000000e+00,0.000000000000000000e+00,9.584950655698776245e-02,0.000000000000000000e+00
5.999999999999999778e-02,0.000000000000000000e+00,0.000000000000000000e+00,9.725560247898101807e-02,0.000000000000000000e+00
8.000000000000000167e-02,0.000000000000000000e+00,0.000000000000000000e+00,9.913198649883270264e-02,0.000000000000000000e+00
1.000000000000000056e-01,0.000000000000000000e+00,0.000000000000000000e+00,1.015153154730796814e-01,0.000000000000000000e+00
1.199999999999999956e-01,0.000000000000000000e+00,0.000000000000000000e+00,1.044117733836174011e-01,0.000000000000000000e+00
1.400000000000000133e-01,0.000000000000000000e+00,0.000000000000000000e+00,1.078208759427070618e-01,0.000000000000000000e+00
1.600000000000000033e-01,0.000000000000000000e+00,0.000000000000000000e+00,1.117397695779800415e-01,0.000000000000000000e+00
1.799999999999999933e-01,0.000000000000000000e+00,0.000000000000000000e+00,1.161646842956542969e-01,0.000000000000000000e+00
2.000000000000000111e-01,0.000000000000000000e+00,0.000000000000000000e+00,1.210909336805343628e-01,0.000000000000000000e+00
2.200000000000000011e-01,0.000000000000000000e+00,0.000000000000000000e+00,1.265139877796173096e-01,0.000000000000000000e+00
2.399999999999999911e-01,0.000000000000000000e+00,0.000000000000000000e+00,1.324300318956375122e-01,0.000000000000000000e+00
2.600000000000000089e-01,0.000000000000000000e+00,0.000000000000000000e+00,1.388354003429412842e-01,0.000000000000000000e+00
2.800000000000000266e-01,0.000000000000000000e+00,0.000000000000000000e+00,1.457266807556152344e-01,0.000000000000000000e+00
2.999999999999999889e-01,0.000000000000000000e+00,0.000000000000000000e+00,1.530993729829788208e-01,0.000000000000000000e+00
3.200000000000000067e-01,0.000000000000000000e+00,0.000000000000000000e+00,1.609489619731903076e-01,0.000000000000000000e+00
3.400000000000000244e-01,0.000000000000000000e+00,0.000000000000000000e+00,1.692716330289840698e-01,0.000000000000000000e+00
3.599999999999999867e-01,0.000000000000000000e+00,0.000000000000000000e+00,1.780640780925750732e-01,0.000000000000000000e+00
3.800000000000000044e-01,0.000000000000000000e+00,0.000000000000000000e+00,1.873229146003723145e-01,0.000000000000000000e+00
4.000000000000000222e-01,0.000000000000000000e+00,0.000000000000000000e+00,1.970434337854385376e-01,0.000000000000000000e+00
4.199999999999999845e-01,0.000000000000000000e+00,0.000000000000000000e+00,2.072205096483230591e-01,0.000000000000000000e+00
4.400000000000000022e-01,0.000000000000000000e+00,0.000000000000000000e+00,2.178553044795989990e-01,0.000000000000000000e+00
4.600000000000000200e-01,0.000000000000000000e+00,0.000000000000000000e+00,2.289496660232543945e-01,0.000000000000000000e+00
4.799999999999999822e-01,0.000000000000000000e+00,0.000000000000000000e+00,2.405014634132385254e-01,0.000000000000000000e+00
5.000000000000000000e-01,0.000000000000000000e+00,0.000000000000000000e+00,2.525067925453186035e-01,0.000000000000000000e+00
5.200000000000000178e-01,0.000000000000000000e+00,0.000000000000000000e+00,2.649606764316558838e-01,0.000000000000000000e+00
5.400000000000000355e-01,0.000000000000000000e+00,0.000000000000000000e+00,2.778580188751220703e-01,0.000000000000000000e+00
5.600000000000000533e-01,0.000000000000000000e+00,0.000000000000000000e+00,2.911944091320037842e-01,0.000000000000000000e+00
5.799999999999999600e-01,0.000000000000000000e+00,0.000000000000000000e+00,3.049660325050354004e-01,0.000000000000000000e+00
5.999999999999999778e-01,0.000000000000000000e+00,0.000000000000000000e+00,3.191690146923065186e-01,0.000000000000000000e+00
6.199999999999999956e-01,0.000000000000000000e+00,0.000000000000000000e+00,3.337992429733276367e-01,0.000000000000000000e+00
6.400000000000000133e-01,0.000000000000000000e+00,0.000000000000000000e+00,3.488526940345764160e-01,0.000000000000000000e+00
6.600000000000000311e-01,0.000000000000000000e+00,0.000000000000000000e+00,3.643256425857543945e-01,0.000000000000000000e+00
6.800000000000000488e-01,0.000000000000000000e+00,0.000000000000000000e+00,3.802145719528198242e-01,0.000000000000000000e+00
7.000000000000000666e-01,0.000000000000000000e+00,0.000000000000000000e+00,3.965156972408294678e-01,0.000000000000000000e+00
7.199999999999999734e-01,0.000000000000000000e+00,0.000000000000000000e+00,4.132250249385833740e-01,0.000000000000000000e+00
7.399999999999999911e-01,0.000000000000000000e+00,0.000000000000000000e+00,4.303390085697174072e-01,0.000000000000000000e+00
7.600000000000000089e-01,0.000000000000000000e+00,0.000000000000000000e+00,4.478543102741241455e-01,0.000000000000000000e+00
7.800000000000000266e-01,0.000000000000000000e+00,0.000000000000000000e+00,4.657676219940185547e-01,0.000000000000000000e+00
8.000000000000000444e-01,0.000000000000000000e+00,0.000000000000000000e+00,4.840752184391021729e-01,0.000000000000000000e+00
8.200000000000000622e-01,0.000000000000000000e+00,0.000000000000000000e+00,5.027729868888854980e-01,0.000000000000000000e+00
8.399999999999999689e-01,0.000000000000000000e+00,0.000000000000000000e+00,5.218571424484252930e-01,0.000000000000000000e+00
8.599999999999999867e-01,0.000000000000000000e+00,0.000000000000000000e+00,5.413242578506469727e-01,0.000000000000000000e+00
8.800000000000000044e-01,0.000000000000000000e+00,0.000000000000000000e+00,5.611711740493774414e-01,0.000000000000000000e+00
9.000000000000000222e-01,0.000000000000000000e+00,0.000000000000000000e+00,5.813945531845092773e-01,0.000000000000000000e+00
9.200000000000000400e-01,0.000000000000000000e+00,0.000000000000000000e+00,6.019909977912902832e-01,0.000000000000000000e+00
9.400000000000000577e-01,0.000000000000000000e+00,0.000000000000000000e+00,6.229573488235473633e-01,0.000000000000000000e+00
9.599999999999999645e-01,0.000000000000000000e+00,0.000000000000000000e+00,6.442906856536865234e-01,0.000000000000000000e+00
9.799999999999999822e-01,0.000000000000000000e+00,0.000000000000000000e+00,6.659880876541137695e-01,0.000000000000000000e+00
1.000000000000000000e+00,0.000000000000000000e+00,0.000000000000000000e+00,6.880461573600769043e-01,0.000000000000000000e+00
1.020000000000000018e+00,0.000000000000000000e+00,0.000000000000000000e+00,7.104610800743103027e-01,0.000000000000000000e+00
1.040000000000000036e+00,0.000000000000000000e+00,0.000000000000000000e+00,7.332293987274169922e-01,0.000000000000000000e+00
1.060000000000000053e+00,0.000000000000000000e+00,0.000000000000000000e+00,7.563481926918029785e-01,0.000000000000000000e+00
1.080000000000000071e+00,0.000000000000000000e+00,0.000000000000000000e+00,7.798146605491638184e-01,0.000000000000000000e+00
1.100000000000000089e+00,0.000000000000000000e+00,0.000000000000000000e+00,8.036257028579711914e-01,0.000000000000000000e+00
1.120000000000000107e+00,0.000000000000000000e+00,0.000000000000000000e+00,8.277776241302490234e-01,0.000000000000000000e+00
1.140000000000000124e+00,0.000000000000000000e+00,0.000000000000000000e+00,8.522671461105346680e-01,0.000000000000000000e+00
1.159999999999999920e+00,0.000000000000000000e+00,0.000000000000000000e+00,8.770915269851684570e-01,0.000000000000000000e+00
1.179999999999999938e+00,0.000000000000000000e+00,0.000000000000000000e+00,9.022481441497802734e-01,0.000000000000000000e+00
1.199999999999999956e+00,0.000000000000000000e+00,0.000000000000000000e+00,9.277340173721313477e-01,0.000000000000000000e+00
1.219999999999999973e+00,0.000000000000000000e+00,0.000000000000000000e+00,9.535458683967590332e-01,0.000000000000000000e+00
1.239999999999999991e+00,0.000000000000000000e+00,0.000000000000000000e+00,9.796805381774902344e-01,0.000000000000000000e+00
1.260000000000000009e+00,0.000000000000000000e+00,0.000000000000000000e+00,1.006135225296020508e+00,1.000000000000000000e+00
1.280000000000000027e+00,0.000000000000000000e+00,0.000000000000000000e+00,1.032874822616577148e+00,1.000000000000000000e+00
1.300000000000000044e+00,0.000000000000000000e+00,0.000000000000000000e+00,1.059838771820068359e+00,1.000000000000000000e+00
1.320000000000000062e+00,0.000000000000000000e+00,0.000000000000000000e+00,1.086979985237121582e+00,1.000000000000000000e+00
1.340000000000000080e+00,0.000000000000000000e+00,0.000000000000000000e+00,1.114269614219665527e+00,1.000000000000000000e+00
1.360000000000000098e+00,0.000000000000000000e+00,0.000000000000000000e+00,1.141689896583557129e+00,1.000000000000000000e+00
1.380000000000000115e+00,0.000000000000000000e+00,0.000000000000000000e+00,1.169228315353393555e+00,1.000000000000000000e+00
1.400000000000000133e+00,0.000000000000000000e+00,0.000000000000000000e+00,1.196873664855957031e+00,1.000000000000000000e+00
1.419999999999999929e+00,0.000000000000000000e+00,0.000000000000000000e+00,1.224620819091796875e+00,1.000000000000000000e+00
1.439999999999999947e+00,0.000000000000000000e+00,0.000000000000000000e+00,1.252468585968017578e+00,1.000000000000000000e+00
1.459999999999999964e+00,0.000000000000000000e+00,0.000000000000000000e+00,1.280415415763854980e+00,1.000000000000000000e+00
1.479999999999999982e+00,0.000000000000000000e+00,0.000000000000000000e+00,1.308458209037780762e+00,1.000000000000000000e+00
1.500000000000000000e+00,0.000000000000000000e+00,0.000000000000000000e+00,1.336592078208923340e+00,1.000000000000000000e+00
1.520000000000000018e+00,0.000000000000000000e+00,0.000000000000000000e+00,1.364812612533569336e+00,1.000000000000000000e+00
1.540000000000000036e+00,0.000000000000000000e+00,0.000000000000000000e+00,1.393116831779479980e+00,1.000000000000000000e+00
1.560000000000000053e+00,0.000000000000000000e+00,0.000000000000000000e+00,1.421501517295837402e+00,1.000000000000000000e+00
1.580000000000000071e+00,0.000000000000000000e+00,0.000000000000000000e+00,1.449962735176086426e+00,1.000000000000000000e+00
1.600000000000000089e+00,0.000000000000000000e+00,0.000000000000000000e+00,1.478495359420776367e+00,1.000000000000000000e+00
1.620000000000000107e+00,0.000000000000000000e+00,0.000000000000000000e+00,1.507102489471435547e+00,1.000000000000000000e+00
1.640000000000000124e+00,0.000000000000000000e+00,0.000000000000000000e+00,1.535791397094726562e+00,1.000000000000000000e+00
1.660000000000000142e+00,0.000000000000000000e+00,0.000000000000000000e+00,1.564564585685729980e+00,1.000000000000000000e+00
1.679999999999999938e+00,0.000000000000000000e+00,0.000000000000000000e+00,1.593420743942260742e+00,1.000000000000000000e+00
1.699999999999999956e+00,0.000000000000000000e+00,0.000000000000000000e+00,1.622356772422790527e+00,1.000000000000000000e+00
1.719999999999999973e+00,0.000000000000000000e+00,0.000000000000000000e+00,1.651372313499450684e+00,1.000000000000000000e+00
1.739999999999999991e+00,0.000000000000000000e+00,0.000000000000000000e+00,1.680468916893005371e+00,1.000000000000000000e+00
1.760000000000000009e+00,0.000000000000000000e+00,0.000000000000000000e+00,1.709645748138427734e+00,1.000000000000000000e+00
1.780000000000000027e+00,0.000000000000000000e+00,0.000000000000000000e+00,1.738900899887084961e+00,1.000000000000000000e+00
1.800000000000000044e+00,0.000000000000000000e+00,0.000000000000000000e+00,1.768230319023132324e+00,1.000000000000000000e+00
1.820000000000000062e+00,0.000000000000000000e+00,0.000000000000000000e+00,1.797630786895751953e+00,1.000000000000000000e+00
1.840000000000000080e+00,0.000000000000000000e+00,0.000000000000000000e+00,1.827099442481994629e+00,1.000000000000000000e+00
1.860000000000000098e+00,0.000000000000000000e+00,0.000000000000000000e+00,1.856633663177490234e+00,1.000000000000000000e+00
1.880000000000000115e+00,0.000000000000000000e+00,0.000000000000000000e+00,1.886229515075683594e+00,1.000000000000000000e+00
1.900000000000000133e+00,0.000000000000000000e+00,0.000000000000000000e+00,1.915882349014282227e+00,1.000000000000000000e+00
1.919999999999999929e+00,0.000000000000000000e+00,0.000000000000000000e+00,1.945590734481811523e+00,1.000000000000000000e+00
1.939999999999999947e+00,0.000000000000000000e+00,0.000000000000000000e+00,1.975354909896850586e+00,1.000000000000000000e+00
1.959999999999999964e+00,0.000000000000000000e+00,0.000000000000000000e+00,2.005174398422241211e+00,1.000000000000000000e+00
1.979999999999999982e+00,0.000000000000000000e+00,0.000000000000000000e+00,2.035046577453613281e+00,1.000000000000000000e+00
2.000000000000000000e+00,0.000000000000000000e+00,0.000000000000000000e+00,2.064968109130859375e+00,1.000000000000000000e+00
2.020000000000000018e+00,0.000000000000000000e+00,0.000000000000000000e+00,2.094943284988403320e+00,1.000000000000000000e+00
2.040000000000000036e+00,0.000000000000000000e+00,0.000000000000000000e+00,2.124979734420776367e+00,1.000000000000000000e+00
2.060000000000000053e+00,0.000000000000000000e+00,0.000000000000000000e+00,2.155081272125244141e+00,1.000000000000000000e+00
2.080000000000000071e+00,0.000000000000000000e+00,0.000000000000000000e+00,2.185247182846069336e+00,1.000000000000000000e+00
2.100000000000000089e+00,0.000000000000000000e+00,0.000000000000000000e+00,2.215474605560302734e+00,1.000000000000000000e+00
2.120000000000000107e+00,0.000000000000000000e+00,0.000000000000000000e+00,2.245763301849365234e+00,1.000000000000000000e+00
2.140000000000000124e+00,0.000000000000000000e+00,0.000000000000000000e+00,2.276115179061889648e+00,1.000000000000000000e+00
2.160000000000000142e+00,0.000000000000000000e+00,0.000000000000000000e+00,2.306529998779296875e+00,1.000000000000000000e+00
2.180000000000000160e+00,0.000000000000000000e+00,0.000000000000000000e+00,2.337005853652954102e+00,1.000000000000000000e+00
2.200000000000000178e+00,0.000000000000000000e+00,0.000000000000000000e+00,2.367538928985595703e+00,1.000000000000000000e+00
2.220000000000000195e+00,0.000000000000000000e+00,0.000000000000000000e+00,2.398125171661376953e+00,1.000000000000000000e+00
2.240000000000000213e+00,0.000000000000000000e+00,0.000000000000000000e+00,2.428761720657348633e+00,1.000000000000000000e+00
2.260000000000000231e+00,0.000000000000000000e+00,0.000000000000000000e+00,2.459445476531982422e+00,1.000000000000000000e+00
2.280000000000000249e+00,0.000000000000000000e+00,0.000000000000000000e+00,2.490172863006591797e+00,1.000000000000000000e+00
2.300000000000000266e+00,0.000000000000000000e+00,0.000000000000000000e+00,2.520938873291015625e+00,1.000000000000000000e+00
2.319999999999999840e+00,0.000000000000000000e+00,0.000000000000000000e+00,2.551746129989624023e+00,1.000000000000000000e+00
2.339999999999999858e+00,0.000000000000000000e+00,0.000000000000000000e+00,2.582599878311157227e+00,1.000000000000000000e+00
2.359999999999999876e+00,0.000000000000000000e+00,0.000000000000000000e+00,2.613502025604248047e+00,1.000000000000000000e+00
2.379999999999999893e+00,0.000000000000000000e+00,0.000000000000000000e+00,2.644451141357421875e+00,1.000000000000000000e+00
2.399999999999999911e+00,0.000000000000000000e+00,0.000000000000000000e+00,2.675444364547729492e+00,1.000000000000000000e+00
2.419999999999999929e+00,0.000000000000000000e+00,0.000000000000000000e+00,2.706481695175170898e+00,1.000000000000000000e+00
2.439999999999999947e+00,0.000000000000000000e+00,0.000000000000000000e+00,2.737565517425537109e+00,1.000000000000000000e+00
2.459999999999999964e+00,0.000000000000000000e+00,0.000000000000000000e+00,2.768695831298828125e+00,1.000000000000000000e+00
2.479999999999999982e+00,0.000000000000000000e+00,0.000000000000000000e+00,2.799870729446411133e+00,1.000000000000000000e+00
2.500000000000000000e+00,0.000000000000000000e+00,0.000000000000000000e+00,2.831086635589599609e+00,1.000000000000000000e+00
2.520000000000000018e+00,0.000000000000000000e+00,0.000000000000000000e+00,2.862342596054077148e+00,1.000000000000000000e+00
2.540000000000000036e+00,0.000000000000000000e+00,0.000000000000000000e+00,2.893638849258422852e+00,1.000000000000000000e+00
2.560000000000000053e+00,0.000000000000000000e+00,0.000000000000000000e+00,2.924974918365478516e+00,1.000000000000000000e+00
2.580000000000000071e+00,0.000000000000000000e+00,0.000000000000000000e+00,2.956348657608032227e+00,1.000000000000000000e+00
2.600000000000000089e+00,0.000000000000000000e+00,0.000000000000000000e+00,2.987756967544555664e+00,1.000000000000000000e+00
2.620000000000000107e+00,0.000000000000000000e+00,0.000000000000000000e+00,3.019200563430786133e+00,1.000000000000000000e+00
2.640000000000000124e+00,0.000000000000000000e+00,0.000000000000000000e+00,3.050683021545410156e+00,1.000000000000000000e+00
2.660000000000000142e+00,0.000000000000000000e+00,0.000000000000000000e+00,3.082205057144165039e+00,1.000000000000000000e+00
2.680000000000000160e+00,0.000000000000000000e+00,0.000000000000000000e+00,3.113765239715576172e+00,1.000000000000000000e+00
2.700000000000000178e+00,0.000000000000000000e+00,0.000000000000000000e+00,3.145360231399536133e+00,1.000000000000000000e+00
2.720000000000000195e+00,0.000000000000000000e+00,0.000000000000000000e+00,3.176987409591674805e+00,1.000000000000000000e+00
2.740000000000000213e+00,0.000000000000000000e+00,0.000000000000000000e+00,3.208645820617675781e+00,1.000000000000000000e+00
2.760000000000000231e+00,0.000000000000000000e+00,0.000000000000000000e+00,3.240332841873168945e+00,1.000000000000000000e+00
2.780000000000000249e+00,0.000000000000000000e+00,0.000000000000000000e+00,3.272045850753784180e+00,1.000000000000000000e+00
2.800000000000000266e+00,0.000000000000000000e+00,0.000000000000000000e+00,3.303780794143676758e+00,1.000000000000000000e+00
2.819999999999999840e+00,0.000000000000000000e+00,0.000000000000000000e+00,3.335540056228637695e+00,1.000000000000000000e+00
2.839999999999999858e+00,0.000000000000000000e+00,0.000000000000000000e+00,3.367327690124511719e+00,1.000000000000000000e+00
2.859999999999999876e+00,0.000000000000000000e+00,0.000000000000000000e+00,3.399145841598510742e+00,1.000000000000000000e+00
2.879999999999999893e+00,0.000000000000000000e+00,0.000000000000000000e+00,3.430992126464843750e+00,1.000000000000000000e+00
2.899999999999999911e+00,0.000000000000000000e+00,0.000000000000000000e+00,3.462863922119140625e+00,1.000000000000000000e+00
2.919999999999999929e+00,0.000000000000000000e+00,0.000000000000000000e+00,3.494762659072875977e+00,1.000000000000000000e+00
2.939999999999999947e+00,0.000000000000000000e+00,0.000000000000000000e+00,3.526690483093261719e+00,1.000000000000000000e+00
2.959999999999999964e+00,0.000000000000000000e+00,0.000000000000000000e+00,3.558648824691772461e+00,1.000000000000000000e+00
2.979999999999999982e+00,0.000000000000000000e+00,0.000000000000000000e+00,3.590635776519775391e+00,1.000000000000000000e+00
3.000000000000000000e+00,0.000000000000000000e+00,0.000000000000000000e+00,3.622648239135742188e+00,1.000000000000000000e+00
3.020000000000000018e+00,0.000000000000000000e+00,0.000000000000000000e+00,3.654685258865356445e+00,1.000000000000000000e+00
3.040000000000000036e+00,0.000000000000000000e+00,0.000000000000000000e+00,3.686746835708618164e+00,1.000000000000000000e+00
3.060000000000000053e+00,0.000000000000000000e+00,0.000000000000000000e+00,3.718832015991210938e+00,1.000000000000000000e+00
3.080000000000000071e+00,0.000000000000000000e+00,0.000000000000000000e+00,3.750939130783081055e+00,1.000000000000000000e+00
3.100000000000000089e+00,0.000000000000000000e+00,0.000000000000000000e+00,3.783064603805541992e+00,1.000000000000000000e+00
3.120000000000000107e+00,0.000000000000000000e+00,0.000000000000000000e+00,3.815209865570068359e+00,1.000000000000000000e+00
3.140000000000000124e+00,0.000000000000000000e+00,0.000000000000000000e+00,3.847379684448242188e+00,1.000000000000000000e+00
3.160000000000000142e+00,0.000000000000000000e+00,0.000000000000000000e+00,3.879575729370117188e+00,1.000000000000000000e+00
3.180000000000000160e+00,0.000000000000000000e+00,0.000000000000000000e+00,3.911796808242797852e+00,1.000000000000000000e+00
3.200000000000000178e+00,0.000000000000000000e+00,0.000000000000000000e+00,3.944040536880493164e+00,1.000000000000000000e+00
3.220000000000000195e+00,0.000000000000000000e+00,0.000000000000000000e+00,3.976306200027465820e+00,1.000000000000000000e+00
3.240000000000000213e+00,0.000000000000000000e+00,0.000000000000000000e+00,4.008594036102294922e+00,1.000000000000000000e+00
3.260000000000000231e+00,0.000000000000000000e+00,0.000000000000000000e+00,4.040903568267822266e+00,1.000000000000000000e+00
3.280000000000000249e+00,0.000000000000000000e+00,0.000000000000000000e+00,4.073232650756835938e+00,1.000000000000000000e+00
3.300000000000000266e+00,0.000000000000000000e+00,0.000000000000000000e+00,4.105578422546386719e+00,1.000000000000000000e+00
3.320000000000000284e+00,0.000000000000000000e+00,0.000000000000000000e+00,4.137943267822265625e+00,1.000000000000000000e+00
3.339999999999999858e+00,0.000000000000000000e+00,0.000000000000000000e+00,4.170332431793212891e+00,1.000000000000000000e+00
3.359999999999999876e+00,0.000000000000000000e+00,0.000000000000000000e+00,4.202746391296386719e+00,1.000000000000000000e+00
3.379999999999999893e+00,0.000000000000000000e+00,0.000000000000000000e+00,4.235185623168945312e+00,1.000000000000000000e+00
3.399999999999999911e+00,0.000000000000000000e+00,0.000000000000000000e+00,4.267645359039306641e+00,1.000000000000000000e+00
3.419999999999999929e+00,0.000000000000000000e+00,0.000000000000000000e+00,4.300124645233154297e+00,1.000000000000000000e+00
3.439999999999999947e+00,0.000000000000000000e+00,0.000000000000000000e+00,4.332619667053222656e+00,1.000000000000000000e+00
3.459999999999999964e+00,0.000000000000000000e+00,0.000000000000000000e+00,4.365128040313720703e+00,1.000000000000000000e+00
3.479999999999999982e+00,0.000000000000000000e+00,0.000000000000000000e+00,4.397647857666015625e+00,1.000000000000000000e+00
3.500000000000000000e+00,0.000000000000000000e+00,0.000000000000000000e+00,4.430174827575683594e+00,1.000000000000000000e+00
3.520000000000000018e+00,0.000000000000000000e+00,0.000000000000000000e+00,4.462708473205566406e+00,1.000000000000000000e+00
3.540000000000000036e+00,0.000000000000000000e+00,0.000000000000000000e+00,4.495251178741455078e+00,1.000000000000000000e+00
3.560000000000000053e+00,0.000000000000000000e+00,0.000000000000000000e+00,4.527803421020507812e+00,1.000000000000000000e+00
3.580000000000000071e+00,0.000000000000000000e+00,0.000000000000000000e+00,4.560364246368408203e+00,1.000000000000000000e+00
3.600000000000000089e+00,0.000000000000000000e+00,0.000000000000000000e+00,4.592930793762207031e+00,1.000000000000000000e+00
3.620000000000000107e+00,0.000000000000000000e+00,0.000000000000000000e+00,4.625505924224853516e+00,1.000000000000000000e+00
3.640000000000000124e+00,0.000000000000000000e+00,0.000000000000000000e+00,4.658095359802246094e+00,1.000000000000000000e+00
3.660000000000000142e+00,0.000000000000000000e+00,0.000000000000000000e+00,4.690701484680175781e+00,1.000000000000000000e+00
3.680000000000000160e+00,0.000000000000000000e+00,0.000000000000000000e+00,4.723323345184326172e+00,1.000000000000000000e+00
3.700000000000000178e+00,0.000000000000000000e+00,0.000000000000000000e+00,4.755958080291748047e+00,1.000000000000000000e+00
3.720000000000000195e+00,0.000000000000000000e+00,0.000000000000000000e+00,4.788604736328125000e+00,1.000000000000000000e+00
3.740000000000000213e+00,0.000000000000000000e+00,0.000000000000000000e+00,4.821260452270507812e+00,1.000000000000000000e+00
3.760000000000000231e+00,0.000000000000000000e+00,0.000000000000000000e+00,4.853923320770263672e+00,1.000000000000000000e+00
3.780000000000000249e+00,0.000000000000000000e+00,0.000000000000000000e+00,4.886590003967285156e+00,1.000000000000000000e+00
3.800000000000000266e+00,0.000000000000000000e+00,0.000000000000000000e+00,4.919258117675781250e+00,1.000000000000000000e+00
3.820000000000000284e+00,0.000000000000000000e+00,0.000000000000000000e+00,4.951923847198486328e+00,1.000000000000000000e+00
3.839999999999999858e+00,0.000000000000000000e+00,0.000000000000000000e+00,4.984589576721191406e+00,1.000000000000000000e+00
3.859999999999999876e+00,0.000000000000000000e+00,0.000000000000000000e+00,5.017252922058105469e+00,1.000000000000000000e+00
3.879999999999999893e+00,0.000000000000000000e+00,0.000000000000000000e+00,5.049912929534912109e+00,1.000000000000000000e+00
3.899999999999999911e+00,0.000000000000000000e+00,0.000000000000000000e+00,5.082566738128662109e+00,1.000000000000000000e+00
3.919999999999999929e+00,0.000000000000000000e+00,0.000000000000000000e+00,5.115216255187988281e+00,1.000000000000000000e+00
3.939999999999999947e+00,0.000000000000000000e+00,0.000000000000000000e+00,5.147865295410156250e+00,1.000000000000000000e+00
3.959999999999999964e+00,0.000000000000000000e+00,0.000000000000000000e+00,5.180516719818115234e+00,1.000000000000000000e+00
3.979999999999999982e+00,0.000000000000000000e+00,0.000000000000000000e+00,5.213168144226074219e+00,1.000000000000000000e+00
4.000000000000000000e+00,0.000000000000000000e+00,0.000000000000000000e+00,5.245818138122558594e+00,1.000000000000000000e+00
4.020000000000000462e+00,0.000000000000000000e+00,0.000000000000000000e+00,5.278467178344726562e+00,1.000000000000000000e+00
4.040000000000000036e+00,0.000000000000000000e+00,0.000000000000000000e+00,5.311113834381103516e+00,1.000000000000000000e+00
4.060000000000000497e+00,0.000000000000000000e+00,0.000000000000000000e+00,5.343760013580322266e+00,1.000000000000000000e+00
4.080000000000000071e+00,0.000000000000000000e+00,0.000000000000000000e+00,5.376403331756591797e+00,1.000000000000000000e+00
4.099999999999999645e+00,0.000000000000000000e+00,0.000000000000000000e+00,5.409040927886962891e+00,1.000000000000000000e+00
4.120000000000000107e+00,0.000000000000000000e+00,0.000000000000000000e+00,5.441672801971435547e+00,1.000000000000000000e+00
4.139999999999999680e+00,0.000000000000000000e+00,0.000000000000000000e+00,5.474297046661376953e+00,1.000000000000000000e+00
4.160000000000000142e+00,0.000000000000000000e+00,0.000000000000000000e+00,5.506912231445312500e+00,1.000000000000000000e+00
4.179999999999999716e+00,0.000000000000000000e+00,0.000000000000000000e+00,5.539516448974609375e+00,1.000000000000000000e+00
4.200000000000000178e+00,0.000000000000000000e+00,0.000000000000000000e+00,5.572108268737792969e+00,1.000000000000000000e+00
4.219999999999999751e+00,0.000000000000000000e+00,0.000000000000000000e+00,5.604690551757812500e+00,1.000000000000000000e+00
4.240000000000000213e+00,0.000000000000000000e+00,0.000000000000000000e+00,5.637266159057617188e+00,1.000000000000000000e+00
4.259999999999999787e+00,0.000000000000000000e+00,0.000000000000000000e+00,5.669836044311523438e+00,1.000000000000000000e+00
4.280000000000000249e+00,0.000000000000000000e+00,0.000000000000000000e+00,5.702400207519531250e+00,1.000000000000000000e+00
4.299999999999999822e+00,0.000000000000000000e+00,0.000000000000000000e+00,5.734957218170166016e+00,1.000000000000000000e+00
4.320000000000000284e+00,0.000000000000000000e+00,0.000000000000000000e+00,5.767503738403320312e+00,1.000000000000000000e+00
4.339999999999999858e+00,0.000000000000000000e+00,0.000000000000000000e+00,5.800035953521728516e+00,1.000000000000000000e+00
4.360000000000000320e+00,0.000000000000000000e+00,0.000000000000000000e+00,5.832551002502441406e+00,1.000000000000000000e+00
4.379999999999999893e+00,0.000000000000000000e+00,0.000000000000000000e+00,5.865046024322509766e+00,1.000000000000000000e+00
4.400000000000000355e+00,0.000000000000000000e+00,0.000000000000000000e+00,5.897520542144775391e+00,1.000000000000000000e+00
4.419999999999999929e+00,0.000000000000000000e+00,0.000000000000000000e+00,5.929975032806396484e+00,1.000000000000000000e+00
4.440000000000000391e+00,0.000000000000000000e+00,0.000000000000000000e+00,5.962411403656005859e+00,1.000000000000000000e+00
4.459999999999999964e+00,0.000000000000000000e+00,0.000000000000000000e+00,5.994829654693603516e+00,1.000000000000000000e+00
4.480000000000000426e+00,0.000000000000000000e+00,0.000000000000000000e+00,6.027230262756347656e+00,1.000000000000000000e+00
4.500000000000000000e+00,0.000000000000000000e+00,0.000000000000000000e+00,6.059611797332763672e+00,1.000000000000000000e+00
4.520000000000000462e+00,0.000000000000000000e+00,0.000000000000000000e+00,6.091976642608642578e+00,1.000000000000000000e+00
4.540000000000000036e+00,0.000000000000000000e+00,0.000000000000000000e+00,6.124327659606933594e+00,1.000000000000000000e+00
4.560000000000000497e+00,0.000000000000000000e+00,0.000000000000000000e+00,6.156666755676269531e+00,1.000000000000000000e+00
4.580000000000000071e+00,0.000000000000000000e+00,0.000000000000000000e+00,6.188993930816650391e+00,1.000000000000000000e+00
4.600000000000000533e+00,0.000000000000000000e+00,0.000000000000000000e+00,6.221306324005126953e+00,1.000000000000000000e+00
4.620000000000000107e+00,0.000000000000000000e+00,0.000000000000000000e+00,6.253607273101806641e+00,1.000000000000000000e+00
4.639999999999999680e+00,0.000000000000000000e+00,0.000000000000000000e+00,6.285899639129638672e+00,1.000000000000000000e+00
4.660000000000000142e+00,0.000000000000000000e+00,0.000000000000000000e+00,6.318184852600097656e+00,1.000000000000000000e+00
4.679999999999999716e+00,0.000000000000000000e+00,0.000000000000000000e+00,6.350462913513183594e+00,1.000000000000000000e+00
4.700000000000000178e+00,0.000000000000000000e+00,0.000000000000000000e+00,6.382731914520263672e+00,1.000000000000000000e+00
4.719999999999999751e+00,0.000000000000000000e+00,0.000000000000000000e+00,6.414989948272705078e+00,1.000000000000000000e+00
4.740000000000000213e+00,0.000000000000000000e+00,0.000000000000000000e+00,6.447236061096191406e+00,1.000000000000000000e+00
4.759999999999999787e+00,0.000000000000000000e+00,0.000000000000000000e+00,6.479467391967773438e+00,1.000000000000000000e+00
4.780000000000000249e+00,0.000000000000000000e+00,0.000000000000000000e+00,6.511682987213134766e+00,1.000000000000000000e+00
4.799999999999999822e+00,0.000000000000000000e+00,0.000000000000000000e+00,6.543881893157958984e+00,1.000000000000000000e+00
4.820000000000000284e+00,0.000000000000000000e+00,0.000000000000000000e+00,6.576064586639404297e+00,1.000000000000000000e+00
4.839999999999999858e+00,0.000000000000000000e+00,0.000000000000000000e+00,6.608232975006103516e+00,1.000000000000000000e+00
4.860000000000000320e+00,0.000000000000000000e+00,0.000000000000000000e+00,6.640388011932373047e+00,1.000000000000000000e+00
4.879999999999999893e+00,0.000000000000000000e+00,0.000000000000000000e+00,6.672529220581054688e+00,1.000000000000000000e+00
4.900000000000000355e+00,0.000000000000000000e+00,0.000000000000000000e+00,6.704655647277832031e+00,1.000000000000000000e+00
4.919999999999999929e+00,0.000000000000000000e+00,0.000000000000000000e+00,6.736767292022705078e+00,1.000000000000000000e+00
4.940000000000000391e+00,0.000000000000000000e+00,0.000000000000000000e+00,6.768864154815673828e+00,1.000000000000000000e+00
4.959999999999999964e+00,0.000000000000000000e+00,0.000000000000000000e+00,6.800945281982421875e+00,1.000000000000000000e+00
4.980000000000000426e+00,0.000000000000000000e+00,0.000000000000000000e+00,6.833010196685791016e+00,1.000000000000000000e+00
5.000000000000000000e+00,0.000000000000000000e+00,0.000000000000000000e+00,6.865058422088623047e+00,1.000000000000000000e+00
5.020000000000000462e+00,0.000000000000000000e+00,0.000000000000000000e+00,6.897090911865234375e+00,1.000000000000000000e+00
5.040000000000000036e+00,0.000000000000000000e+00,0.000000000000000000e+00,6.929108142852783203e+00,1.000000000000000000e+00
5.060000000000000497e+00,0.000000000000000000e+00,0.000000000000000000e+00,6.961110115051269531e+00,1.000000000000000000e+00
5.080000000000000071e+00,0.000000000000000000e+00,0.000000000000000000e+00,6.993096351623535156e+00,1.000000000000000000e+00
5.100000000000000533e+00,0.000000000000000000e+00,0.000000000000000000e+00,7.025066852569580078e+00,1.000000000000000000e+00
5.120000000000000107e+00,0.000000000000000000e+00,0.000000000000000000e+00,7.057019710540771484e+00,1.000000000000000000e+00
5.139999999999999680e+00,0.000000000000000000e+00,0.000000000000000000e+00,7.088953018188476562e+00,1.000000000000000000e+00
5.160000000000000142e+00,0.000000000000000000e+00,0.000000000000000000e+00,7.120865345001220703e+00,1.000000000000000000e+00
5.179999999999999716e+00,0.000000000000000000e+00,0.000000000000000000e+00,7.152755737304687500e+00,1.000000000000000000e+00
5.200000000000000178e+00,0.000000000000000000e+00,0.000000000000000000e+00,7.184622764587402344e+00,1.000000000000000000e+00
5.219999999999999751e+00,0.000000000000000000e+00,0.000000000000000000e+00,7.216468811035156250e+00,1.000000000000000000e+00
5.240000000000000213e+00,0.000000000000000000e+00,0.000000000000000000e+00,7.248294353485107422e+00,1.000000000000000000e+00
5.259999999999999787e+00,0.000000000000000000e+00,0.000000000000000000e+00,7.280100345611572266e+00,1.000000000000000000e+00
5.280000000000000249e+00,0.000000000000000000e+00,0.000000000000000000e+00,7.311885356903076172e+00,1.000000000000000000e+00
5.299999999999999822e+00,0.000000000000000000e+00,0.000000000000000000e+00,7.343650817871093750e+00,1.000000000000000000e+00
5.320000000000000284e+00,0.000000000000000000e+00,0.000000000000000000e+00,7.375397682189941406e+00,1.000000000000000000e+00
5.339999999999999858e+00,0.000000000000000000e+00,0.000000000000000000e+00,7.407128810882568359e+00,1.000000000000000000e+00
5.360000000000000320e+00,0.000000000000000000e+00,0.000000000000000000e+00,7.438844680786132812e+00,1.000000000000000000e+00
5.379999999999999893e+00,0.000000000000000000e+00,0.000000000000000000e+00,7.470546245574951172e+00,1.000000000000000000e+00
5.400000000000000355e+00,0.000000000000000000e+00,0.000000000000000000e+00,7.502233028411865234e+00,1.000000000000000000e+00
5.419999999999999929e+00,0.000000000000000000e+00,0.000000000000000000e+00,7.533902168273925781e+00,1.000000000000000000e+00
5.440000000000000391e+00,0.000000000000000000e+00,0.000000000000000000e+00,7.565547466278076172e+00,1.000000000000000000e+00
5.459999999999999964e+00,0.000000000000000000e+00,0.000000000000000000e+00,7.597165584564208984e+00,1.000000000000000000e+00
5.480000000000000426e+00,0.000000000000000000e+00,0.000000000000000000e+00,7.628754615783691406e+00,1.000000000000000000e+00
5.500000000000000000e+00,0.000000000000000000e+00,0.000000000000000000e+00,7.660314559936523438e+00,1.000000000000000000e+00
5.520000000000000462e+00,0.000000000000000000e+00,0.000000000000000000e+00,7.691844940185546875e+00,1.000000000000000000e+00
5.540000000000000036e+00,0.000000000000000000e+00,0.000000000000000000e+00,7.723346710205078125e+00,1.000000000000000000e+00
5.560000000000000497e+00,0.000000000000000000e+00,0.000000000000000000e+00,7.754821300506591797e+00,1.000000000000000000e+00
5.580000000000000071e+00,0.000000000000000000e+00,0.000000000000000000e+00,7.786269187927246094e+00,1.000000000000000000e+00
5.600000000000000533e+00,0.000000000000000000e+00,0.000000000000000000e+00,7.817691326141357422e+00,1.000000000000000000e+00
5.620000000000000107e+00,0.000000000000000000e+00,0.000000000000000000e+00,7.849088668823242188e+00,1.000000000000000000e+00
5.639999999999999680e+00,0.000000000000000000e+00,0.000000000000000000e+00,7.880460262298583984e+00,1.000000000000000000e+00
5.660000000000000142e+00,0.000000000000000000e+00,0.000000000000000000e+00,7.911807537078857422e+00,1.000000000000000000e+00
5.679999999999999716e+00,0.000000000000000000e+00,0.000000000000000000e+00,7.943128585815429688e+00,1.000000000000000000e+00
5.700000000000000178e+00,0.000000000000000000e+00,0.000000000000000000e+00,7.974425792694091797e+00,1.000000000000000000e+00
5.719999999999999751e+00,0.000000000000000000e+00,0.000000000000000000e+00,8.005699157714843750e+00,1.000000000000000000e+00
5.740000000000000213e+00,0.000000000000000000e+00,0.000000000000000000e+00,8.036946296691894531e+00,1.000000000000000000e+00
5.759999999999999787e+00,0.000000000000000000e+00,0.000000000000000000e+00,8.068168640136718750e+00,1.000000000000000000e+00
5.780000000000000249e+00,0.000000000000000000e+00,0.000000000000000000e+00,8.099363327026367188e+00,1.000000000000000000e+00
5.799999999999999822e+00,0.000000000000000000e+00,0.000000000000000000e+00,8.130534172058105469e+00,1.000000000000000000e+00
5.820000000000000284e+00,0.000000000000000000e+00,0.000000000000000000e+00,8.161681175231933594e+00,1.000000000000000000e+00
5.839999999999999858e+00,0.000000000000000000e+00,0.000000000000000000e+00,8.192800521850585938e+00,1.000000000000000000e+00
5.860000000000000320e+00,0.000000000000000000e+00,0.000000000000000000e+00,8.223893165588378906e+00,1.000000000000000000e+00
5.879999999999999893e+00,0.000000000000000000e+00,0.000000000000000000e+00,8.254959106445312500e+00,1.000000000000000000e+00
5.900000000000000355e+00,0.000000000000000000e+00,0.000000000000000000e+00,8.285999298095703125e+00,1.000000000000000000e+00
5.919999999999999929e+00,0.000000000000000000e+00,0.000000000000000000e+00,8.317012786865234375e+00,1.000000000000000000e+00
5.940000000000000391e+00,0.000000000000000000e+00,0.000000000000000000e+00,8.348002433776855469e+00,1.000000000000000000e+00
5.959999999999999964e+00,0.000000000000000000e+00,0.000000000000000000e+00,8.378968238830566406e+00,1.000000000000000000e+00
5.980000000000000426e+00,0.000000000000000000e+00,0.000000000000000000e+00,8.409910202026367188e+00,1.000000000000000000e+00
6.000000000000000000e+00,0.000000000000000000e+00,0.000000000000000000e+00,8.440832138061523438e+00,1.000000000000000000e+00
6.020000000000000462e+00,0.000000000000000000e+00,0.000000000000000000e+00,8.471731185913085938e+00,1.000000000000000000e+00
6.040000000000000036e+00,0.000000000000000000e+00,0.000000000000000000e+00,8.502606391906738281e+00,1.000000000000000000e+00
6.060000000000000497e+00,0.000000000000000000e+00,0.000000000000000000e+00,8.533452987670898438e+00,1.000000000000000000e+00
6.080000000000000071e+00,0.000000000000000000e+00,0.000000000000000000e+00,8.564275741577148438e+00,1.000000000000000000e+00
6.100000000000000533e+00,0.000000000000000000e+00,0.000000000000000000e+00,8.595074653625488281e+00,1.000000000000000000e+00
6.120000000000000107e+00,0.000000000000000000e+00,0.000000000000000000e+00,8.625845909118652344e+00,1.000000000000000000e+00
6.140000000000000568e+00,0.000000000000000000e+00,0.000000000000000000e+00,8.656589508056640625e+00,1.000000000000000000e+00
6.160000000000000142e+00,0.000000000000000000e+00,0.000000000000000000e+00,8.687303543090820312e+00,1.000000000000000000e+00
6.179999999999999716e+00,0.000000000000000000e+00,0.000000000000000000e+00,8.717988014221191406e+00,1.000000000000000000e+00
6.200000000000000178e+00,0.000000000000000000e+00,0.000000000000000000e+00,8.748643875122070312e+00,1.000000000000000000e+00
6.219999999999999751e+00,0.000000000000000000e+00,0.000000000000000000e+00,8.779272079467773438e+00,1.000000000000000000e+00
6.240000000000000213e+00,0.000000000000000000e+00,0.000000000000000000e+00,8.809868812561035156e+00,1.000000000000000000e+00
6.259999999999999787e+00,0.000000000000000000e+00,0.000000000000000000e+00,8.840434074401855469e+00,1.000000000000000000e+00
6.280000000000000249e+00,0.000000000000000000e+00,0.000000000000000000e+00,8.870968818664550781e+00,1.000000000000000000e+00
6.299999999999999822e+00,0.000000000000000000e+00,0.000000000000000000e+00,8.901473045349121094e+00,1.000000000000000000e+00
6.320000000000000284e+00,0.000000000000000000e+00,0.000000000000000000e+00,8.931946754455566406e+00,1.000000000000000000e+00
6.339999999999999858e+00,0.000000000000000000e+00,0.000000000000000000e+00,8.962390899658203125e+00,1.000000000000000000e+00
6.360000000000000320e+00,0.000000000000000000e+00,0.000000000000000000e+00,8.992805480957031250e+00,1.000000000000000000e+00
6.379999999999999893e+00,0.000000000000000000e+00,0.000000000000000000e+00,9.023190498352050781e+00,1.000000000000000000e+00
6.400000000000000355e+00,0.000000000000000000e+00,0.000000000000000000e+00,9.053548812866210938e+00,1.000000000000000000e+00
6.419999999999999929e+00,0.000000000000000000e+00,0.000000000000000000e+00,9.083880424499511719e+00,1.000000000000000000e+00
6.440000000000000391e+00,0.000000000000000000e+00,0.000000000000000000e+00,9.114184379577636719e+00,1.000000000000000000e+00
6.459999999999999964e+00,0.000000000000000000e+00,0.000000000000000000e+00,9.144461631774902344e+00,1.000000000000000000e+00
6.480000000000000426e+00,0.000000000000000000e+00,0.000000000000000000e+00,9.174712181091308594e+00,1.000000000000000000e+00
6.500000000000000000e+00,0.000000000000000000e+00,0.000000000000000000e+00,9.204938888549804688e+00,1.000000000000000000e+00
6.520000000000000462e+00,0.000000000000000000e+00,0.000000000000000000e+00,9.235141754150390625e+00,1.000000000000000000e+00
6.540000000000000036e+00,0.000000000000000000e+00,0.000000000000000000e+00,9.265320777893066406e+00,1.000000000000000000e+00
6.560000000000000497e+00,0.000000000000000000e+00,0.000000000000000000e+00,9.295477867126464844e+00,1.000000000000000000e+00
6.580000000000000071e+00,0.000000000000000000e+00,0.000000000000000000e+00,9.325613975524902344e+00,1.000000000000000000e+00
6.600000000000000533e+00,0.000000000000000000e+00,0.000000000000000000e+00,9.355730056762695312e+00,1.000000000000000000e+00
6.620000000000000107e+00,0.000000000000000000e+00,0.000000000000000000e+00,9.385824203491210938e+00,1.000000000000000000e+00
6.640000000000000568e+00,0.000000000000000000e+00,0.000000000000000000e+00,9.415893554687500000e+00,1.000000000000000000e+00
6.660000000000000142e+00,0.000000000000000000e+00,0.000000000000000000e+00,9.445939064025878906e+00,1.000000000000000000e+00
6.679999999999999716e+00,0.000000000000000000e+00,0.000000000000000000e+00,9.475960731506347656e+00,1.000000000000000000e+00
6.700000000000000178e+00,0.000000000000000000e+00,0.000000000000000000e+00,9.505958557128906250e+00,1.000000000000000000e+00
6.719999999999999751e+00,0.000000000000000000e+00,0.000000000000000000e+00,9.535927772521972656e+00,1.000000000000000000e+00
6.740000000000000213e+00,0.000000000000000000e+00,0.000000000000000000e+00,9.565873146057128906e+00,1.000000000000000000e+00
6.759999999999999787e+00,0.000000000000000000e+00,0.000000000000000000e+00,9.595789909362792969e+00,1.000000000000000000e+00
6.780000000000000249e+00,0.000000000000000000e+00,0.000000000000000000e+00,9.625679969787597656e+00,1.000000000000000000e+00
6.799999999999999822e+00,0.000000000000000000e+00,0.000000000000000000e+00,9.655544281005859375e+00,1.000000000000000000e+00
6.820000000000000284e+00,0.000000000000000000e+00,0.000000000000000000e+00,9.685383796691894531e+00,1.000000000000000000e+00
6.839999999999999858e+00,0.000000000000000000e+00,0.000000000000000000e+00,9.715194702148437500e+00,1.000000000000000000e+00
6.860000000000000320e+00,0.000000000000000000e+00,0.000000000000000000e+00,9.744976043701171875e+00,1.000000000000000000e+00
6.879999999999999893e+00,0.000000000000000000e+00,0.000000000000000000e+00,9.774727821350097656e+00,1.000000000000000000e+00
6.900000000000000355e+00,0.000000000000000000e+00,0.000000000000000000e+00,9.804450035095214844e+00,1.000000000000000000e+00
6.919999999999999929e+00,0.000000000000000000e+00,0.000000000000000000e+00,9.834144592285156250e+00,1.000000000000000000e+00
6.940000000000000391e+00,0.000000000000000000e+00,0.000000000000000000e+00,9.863812446594238281e+00,1.000000000000000000e+00
6.959999999999999964e+00,0.000000000000000000e+00,0.000000000000000000e+00,9.893452644348144531e+00,1.000000000000000000e+00
6.980000000000000426e+00,0.000000000000000000e+00,0.000000000000000000e+00,9.923069000244140625e+00,1.000000000000000000e+00
7.000000000000000000e+00,0.000000000000000000e+00,0.000000000000000000e+00,9.952661514282226562e+00,1.000000000000000000e+00
7.020000000000000462e+00,0.000000000000000000e+00,0.000000000000000000e+00,9.982230186462402344e+00,1.000000000000000000e+00
7.040000000000000036e+00,0.000000000000000000e+00,0.000000000000000000e+00,1.001177215576171875e+01,1.000000000000000000e+00
7.060000000000000497e+00,0.000000000000000000e+00,0.000000000000000000e+00,1.004128837585449219e+01,1.000000000000000000e+00
7.080000000000000071e+00,0.000000000000000000e+00,0.000000000000000000e+00,1.007077693939208984e+01,1.000000000000000000e+00
7.100000000000000533e+00,0.000000000000000000e+00,0.000000000000000000e+00,1.010024070739746094e+01,1.000000000000000000e+00
7.120000000000000107e+00,0.000000000000000000e+00,0.000000000000000000e+00,1.012968063354492188e+01,1.000000000000000000e+00
7.140000000000000568e+00,0.000000000000000000e+00,0.000000000000000000e+00,1.015909671783447266e+01,1.000000000000000000e+00
7.160000000000000142e+00,0.000000000000000000e+00,0.000000000000000000e+00,1.018848896026611328e+01,1.000000000000000000e+00
7.179999999999999716e+00,0.000000000000000000e+00,0.000000000000000000e+00,1.021785736083984375e+01,1.000000000000000000e+00
7.200000000000000178e+00,0.000000000000000000e+00,0.000000000000000000e+00,1.024720191955566406e+01,1.000000000000000000e+00
7.219999999999999751e+00,0.000000000000000000e+00,0.000000000000000000e+00,1.027652263641357422e+01,1.000000000000000000e+00
7.240000000000000213e+00,0.000000000000000000e+00,0.000000000000000000e+00,1.030581951141357422e+01,1.000000000000000000e+00
7.259999999999999787e+00,0.000000000000000000e+00,0.000000000000000000e+00,1.033509254455566406e+01,1.000000000000000000e+00
7.280000000000000249e+00,0.000000000000000000e+00,0.000000000000000000e+00,1.036434173583984375e+01,1.000000000000000000e+00
7.299999999999999822e+00,0.000000000000000000e+00,0.000000000000000000e+00,1.039356708526611328e+01,1.000000000000000000e+00
7.320000000000000284e+00,0.000000000000000000e+00,0.000000000000000000e+00,1.042276859283447266e+01,1.000000000000000000e+00
7.339999999999999858e+00,0.000000000000000000e+00,0.000000000000000000e+00,1.045194625854492188e+01,1.000000000000000000e+00
7.360000000000000320e+00,0.000000000000000000e+00,0.000000000000000000e+00,1.048109531402587891e+01,1.000000000000000000e+00
7.379999999999999893e+00,0.000000000000000000e+00,0.000000000000000000e+00,1.051021575927734375e+01,1.000000000000000000e+00
7.400000000000000355e+00,0.000000000000000000e+00,0.000000000000000000e+00,1.053930759429931641e+01,1.000000000000000000e+00
7.419999999999999929e+00,0.000000000000000000e+00,0.000000000000000000e+00,1.056837272644042969e+01,1.000000000000000000e+00
7.440000000000000391e+00,0.000000000000000000e+00,0.000000000000000000e+00,1.059741020202636719e+01,1.000000000000000000e+00
7.459999999999999964e+00,0.000000000000000000e+00,0.000000000000000000e+00,1.062641906738281250e+01,1.000000000000000000e+00
7.480000000000000426e+00,0.000000000000000000e+00,0.000000000000000000e+00,1.065540122985839844e+01,1.000000000000000000e+00
7.500000000000000000e+00,0.000000000000000000e+00,0.000000000000000000e+00,1.068435764312744141e+01,1.000000000000000000e+00
7.520000000000000462e+00,0.000000000000000000e+00,0.000000000000000000e+00,1.071328735351562500e+01,1.000000000000000000e+00
7.540000000000000036e+00,0.000000000000000000e+00,0.000000000000000000e+00,1.074218940734863281e+01,1.000000000000000000e+00
7.560000000000000497e+00,0.000000000000000000e+00,0.000000000000000000e+00,1.077106094360351562e+01,1.000000000000000000e+00
7.580000000000000071e+00,0.000000000000000000e+00,0.000000000000000000e+00,1.079990291595458984e+01,1.000000000000000000e+00
7.600000000000000533e+00,0.000000000000000000e+00,0.000000000000000000e+00,1.082871532440185547e+01,1.000000000000000000e+00
7.620000000000000107e+00,0.000000000000000000e+00,0.000000000000000000e+00,1.085749912261962891e+01,1.000000000000000000e+00
7.640000000000000568e+00,0.000000000000000000e+00,0.000000000000000000e+00,1.088625431060791016e+01,1.000000000000000000e+00
7.660000000000000142e+00,0.000000000000000000e+00,0.000000000000000000e+00,1.091498088836669922e+01,1.000000000000000000e+00
7.679999999999999716e+00,0.000000000000000000e+00,0.000000000000000000e+00,1.094367885589599609e+01,1.000000000000000000e+00
7.700000000000000178e+00,0.000000000000000000e+00,0.000000000000000000e+00,1.097235107421875000e+01,1.000000000000000000e+00
7.719999999999999751e+00,0.000000000000000000e+00,0.000000000000000000e+00,1.100099754333496094e+01,1.000000000000000000e+00
7.740000000000000213e+00,0.000000000000000000e+00,0.000000000000000000e+00,1.102961730957031250e+01,1.000000000000000000e+00
7.759999999999999787e+00,0.000000000000000000e+00,0.000000000000000000e+00,1.105820846557617188e+01,1.000000000000000000e+00
7.780000000000000249e+00,0.000000000000000000e+00,0.000000000000000000e+00,1.108677101135253906e+01,1.000000000000000000e+00
7.799999999999999822e+00,0.000000000000000000e+00,0.000000000000000000e+00,1.111530780792236328e+01,1.000000000000000000e+00
7.820000000000000284e+00,0.000000000000000000e+00,0.000000000000000000e+00,1.114381790161132812e+01,1.000000000000000000e+00
7.839999999999999858e+00,0.000000000000000000e+00,0.000000000000000000e+00,1.117230415344238281e+01,1.000000000000000000e+00
7.860000000000000320e+00,0.000000000000000000e+00,0.000000000000000000e+00,1.120076274871826172e+01,1.000000000000000000e+00
7.879999999999999893e+00,0.000000000000000000e+00,0.000000000000000000e+00,1.122919654846191406e+01,1.000000000000000000e+00
7.900000000000000355e+00,0.000000000000000000e+00,0.000000000000000000e+00,1.125760841369628906e+01,1.000000000000000000e+00
7.919999999999999929e+00,0.000000000000000000e+00,0.000000000000000000e+00,1.128599929809570312e+01,1.000000000000000000e+00
7.940000000000000391e+00,0.000000000000000000e+00,0.000000000000000000e+00,1.131436252593994141e+01,1.000000000000000000e+00
7.959999999999999964e+00,0.000000000000000000e+00,0.000000000000000000e+00,1.134270095825195312e+01,1.000000000000000000e+00
7.980000000000000426e+00,0.000000000000000000e+00,0.000000000000000000e+00,1.137101078033447266e+01,1.000000000000000000e+00
8.000000000000000000e+00,0.000000000000000000e+00,0.000000000000000000e+00,1.139929676055908203e+01,1.000000000000000000e+00
8.019999999999999574e+00,0.000000000000000000e+00,0.000000000000000000e+00,1.142755508422851562e+01,1.000000000000000000e+00
8.040000000000000924e+00,0.000000000000000000e+00,0.000000000000000000e+00,1.145578861236572266e+01,1.000000000000000000e+00
8.060000000000000497e+00,0.000000000000000000e+00,0.000000000000000000e+00,1.148399353027343750e+01,1.000000000000000000e+00
8.080000000000000071e+00,0.000000000000000000e+00,0.000000000000000000e+00,1.151217460632324219e+01,1.000000000000000000e+00
8.099999999999999645e+00,0.000000000000000000e+00,0.000000000000000000e+00,1.154033184051513672e+01,1.000000000000000000e+00
8.120000000000000995e+00,0.000000000000000000e+00,0.000000000000000000e+00,1.156846523284912109e+01,1.000000000000000000e+00
8.140000000000000568e+00,0.000000000000000000e+00,0.000000000000000000e+00,1.159657478332519531e+01,1.000000000000000000e+00
8.160000000000000142e+00,0.000000000000000000e+00,0.000000000000000000e+00,1.162465763092041016e+01,1.000000000000000000e+00
8.179999999999999716e+00,0.000000000000000000e+00,0.000000000000000000e+00,1.165271472930908203e+01,1.000000000000000000e+00
8.199999999999999289e+00,0.000000000000000000e+00,0.000000000000000000e+00,1.168075275421142578e+01,1.000000000000000000e+00
8.220000000000000639e+00,0.000000000000000000e+00,0.000000000000000000e+00,1.170876693725585938e+01,1.000000000000000000e+00
8.240000000000000213e+00,0.000000000000000000e+00,0.000000000000000000e+00,1.173675727844238281e+01,1.000000000000000000e+00
8.259999999999999787e+00,0.000000000000000000e+00,0.000000000000000000e+00,1.176472187042236328e+01,1.000000000000000000e+00
8.279999999999999361e+00,0.000000000000000000e+00,0.000000000000000000e+00,1.179265975952148438e+01,1.000000000000000000e+00
8.300000000000000711e+00,0.000000000000000000e+00,0.000000000000000000e+00,1.182057380676269531e+01,1.000000000000000000e+00
8.320000000000000284e+00,0.000000000000000000e+00,0.000000000000000000e+00,1.184846401214599609e+01,1.000000000000000000e+00
8.339999999999999858e+00,0.000000000000000000e+00,0.000000000000000000e+00,1.187632942199707031e+01,1.000000000000000000e+00
8.359999999999999432e+00,0.000000000000000000e+00,0.000000000000000000e+00,1.190416717529296875e+01,1.000000000000000000e+00
8.380000000000000782e+00,0.000000000000000000e+00,0.000000000000000000e+00,1.193198108673095703e+01,1.000000000000000000e+00
8.400000000000000355e+00,0.000000000000000000e+00,0.000000000000000000e+00,1.195977115631103516e+01,1.000000000000000000e+00
8.419999999999999929e+00,0.000000000000000000e+00,0.000000000000000000e+00,1.198753738403320312e+01,1.000000000000000000e+00
8.439999999999999503e+00,0.000000000000000000e+00,0.000000000000000000e+00,1.201527976989746094e+01,1.000000000000000000e+00
8.460000000000000853e+00,0.000000000000000000e+00,0.000000000000000000e+00,1.204299831390380859e+01,1.000000000000000000e+00
8.480000000000000426e+00,0.000000000000000000e+00,0.000000000000000000e+00,1.207069301605224609e+01,1.000000000000000000e+00
8.500000000000000000e+00,0.000000000000000000e+00,0.000000000000000000e+00,1.209836673736572266e+01,1.000000000000000000e+00
8.519999999999999574e+00,0.000000000000000000e+00,0.000000000000000000e+00,1.212601852416992188e+01,1.000000000000000000e+00
8.540000000000000924e+00,0.000000000000000000e+00,0.000000000000000000e+00,1.215365028381347656e+01,1.000000000000000000e+00
8.560000000000000497e+00,0.000000000000000000e+00,0.000000000000000000e+00,1.218125915527343750e+01,1.000000000000000000e+00
8.580000000000000071e+00,0.000000000000000000e+00,0.000000000000000000e+00,1.220884799957275391e+01,1.000000000000000000e+00
8.599999999999999645e+00,0.000000000000000000e+00,0.000000000000000000e+00,1.223641681671142578e+01,1.000000000000000000e+00
8.620000000000000995e+00,0.000000000000000000e+00,0.000000000000000000e+00,1.226396751403808594e+01,1.000000000000000000e+00
8.640000000000000568e+00,0.000000000000000000e+00,0.000000000000000000e+00,1.229149818420410156e+01,1.000000000000000000e+00
8.660000000000000142e+00,0.000000000000000000e+00,0.000000000000000000e+00,1.231900691986083984e+01,1.000000000000000000e+00
8.679999999999999716e+00,0.000000000000000000e+00,0.000000000000000000e+00,1.234649467468261719e+01,1.000000000000000000e+00
8.700000000000001066e+00,0.000000000000000000e+00,0.000000000000000000e+00,1.237396240234375000e+01,1.000000000000000000e+00
8.720000000000000639e+00,0.000000000000000000e+00,0.000000000000000000e+00,1.240140914916992188e+01,1.000000000000000000e+00
8.740000000000000213e+00,0.000000000000000000e+00,0.000000000000000000e+00,1.242883682250976562e+01,1.000000000000000000e+00
8.759999999999999787e+00,0.000000000000000000e+00,0.000000000000000000e+00,1.245624065399169922e+01,1.000000000000000000e+00
8.779999999999999361e+00,0.000000000000000000e+00,0.000000000000000000e+00,1.248362064361572266e+01,1.000000000000000000e+00
8.800000000000000711e+00,0.000000000000000000e+00,0.000000000000000000e+00,1.251097965240478516e+01,1.000000000000000000e+00
8.820000000000000284e+00,0.000000000000000000e+00,0.000000000000000000e+00,1.253831672668457031e+01,1.000000000000000000e+00
8.839999999999999858e+00,0.000000000000000000e+00,0.000000000000000000e+00,1.256562995910644531e+01,1.000000000000000000e+00
8.859999999999999432e+00,0.000000000000000000e+00,0.000000000000000000e+00,1.259291934967041016e+01,1.000000000000000000e+00
8.880000000000000782e+00,0.000000000000000000e+00,0.000000000000000000e+00,1.262018489837646484e+01,1.000000000000000000e+00
8.900000000000000355e+00,0.000000000000000000e+00,0.000000000000000000e+00,1.264742660522460938e+01,1.000000000000000000e+00
8.919999999999999929e+00,0.000000000000000000e+00,0.000000000000000000e+00,1.267464447021484375e+01,1.000000000000000000e+00
8.939999999999999503e+00,0.000000000000000000e+00,0.000000000000000000e+00,1.270183849334716797e+01,1.000000000000000000e+00
8.960000000000000853e+00,0.000000000000000000e+00,0.000000000000000000e+00,1.272900867462158203e+01,1.000000000000000000e+00
8.980000000000000426e+00,0.000000000000000000e+00,0.000000000000000000e+00,1.275615501403808594e+01,1.000000000000000000e+00
9.000000000000000000e+00,0.000000000000000000e+00,0.000000000000000000e+00,1.278328227996826172e+01,1.000000000000000000e+00
9.019999999999999574e+00,0.000000000000000000e+00,0.000000000000000000e+00,1.281038665771484375e+01,1.000000000000000000e+00
9.040000000000000924e+00,0.000000000000000000e+00,0.000000000000000000e+00,1.283747100830078125e+01,1.000000000000000000e+00
9.060000000000000497e+00,0.000000000000000000e+00,0.000000000000000000e+00,1.286453151702880859e+01,1.000000000000000000e+00
9.080000000000000071e+00,0.000000000000000000e+00,0.000000000000000000e+00,1.289156913757324219e+01,1.000000000000000000e+00
9.099999999999999645e+00,0.000000000000000000e+00,0.000000000000000000e+00,1.291858673095703125e+01,1.000000000000000000e+00
9.120000000000000995e+00,0.000000000000000000e+00,0.000000000000000000e+00,1.294558525085449219e+01,1.000000000000000000e+00
9.140000000000000568e+00,0.000000000000000000e+00,0.000000000000000000e+00,1.297256088256835938e+01,1.000000000000000000e+00
9.160000000000000142e+00,0.000000000000000000e+00,0.000000000000000000e+00,1.299951648712158203e+01,1.000000000000000000e+00
9.179999999999999716e+00,0.000000000000000000e+00,0.000000000000000000e+00,1.302644824981689453e+01,1.000000000000000000e+00
9.200000000000001066e+00,0.000000000000000000e+00,0.000000000000000000e+00,1.305335998535156250e+01,1.000000000000000000e+00
9.220000000000000639e+00,0.000000000000000000e+00,0.000000000000000000e+00,1.308025169372558594e+01,1.000000000000000000e+00
9.240000000000000213e+00,0.000000000000000000e+00,0.000000000000000000e+00,1.310712242126464844e+01,1.000000000000000000e+00
9.259999999999999787e+00,0.000000000000000000e+00,0.000000000000000000e+00,1.313397312164306641e+01,1.000000000000000000e+00
9.279999999999999361e+00,0.000000000000000000e+00,0.000000000000000000e+00,1.316080474853515625e+01,1.000000000000000000e+00
9.300000000000000711e+00,0.000000000000000000e+00,0.000000000000000000e+00,1.318761825561523438e+01,1.000000000000000000e+00
9.320000000000000284e+00,0.000000000000000000e+00,0.000000000000000000e+00,1.321441364288330078e+01,1.000000000000000000e+00
9.339999999999999858e+00,0.000000000000000000e+00,0.000000000000000000e+00,1.324118900299072266e+01,1.000000000000000000e+00
9.359999999999999432e+00,0.000000000000000000e+00,0.000000000000000000e+00,1.326794433593750000e+01,1.000000000000000000e+00
9.380000000000000782e+00,0.000000000000000000e+00,0.000000000000000000e+00,1.329467773437500000e+01,1.000000000000000000e+00
9.400000000000000355e+00,0.000000000000000000e+00,0.000000000000000000e+00,1.332139110565185547e+01,1.000000000000000000e+00
9.419999999999999929e+00,0.000000000000000000e+00,0.000000000000000000e+00,1.334808444976806641e+01,1.000000000000000000e+00
9.439999999999999503e+00,0.000000000000000000e+00,0.000000000000000000e+00,1.337475585937500000e+01,1.000000000000000000e+00
9.460000000000000853e+00,0.000000000000000000e+00,0.000000000000000000e+00,1.340140628814697266e+01,1.000000000000000000e+00
9.480000000000000426e+00,0.000000000000000000e+00,0.000000000000000000e+00,1.342803287506103516e+01,1.000000000000000000e+00
9.500000000000000000e+00,0.000000000000000000e+00,0.000000000000000000e+00,1.345464038848876953e+01,1.000000000000000000e+00
9.519999999999999574e+00,0.000000000000000000e+00,0.000000000000000000e+00,1.348122882843017578e+01,1.000000000000000000e+00
9.540000000000000924e+00,0.000000000000000000e+00,0.000000000000000000e+00,1.350779438018798828e+01,1.000000000000000000e+00
9.560000000000000497e+00,0.000000000000000000e+00,0.000000000000000000e+00,1.353433990478515625e+01,1.000000000000000000e+00
9.580000000000000071e+00,0.000000000000000000e+00,0.000000000000000000e+00,1.356086158752441406e+01,1.000000000000000000e+00
9.599999999999999645e+00,0.000000000000000000e+00,0.000000000000000000e+00,1.358736515045166016e+01,1.000000000000000000e+00
9.620000000000000995e+00,0.000000000000000000e+00,0.000000000000000000e+00,1.361384963989257812e+01,1.000000000000000000e+00
9.640000000000000568e+00,0.000000000000000000e+00,0.000000000000000000e+00,1.364031410217285156e+01,1.000000000000000000e+00
9.660000000000000142e+00,0.000000000000000000e+00,0.000000000000000000e+00,1.366675758361816406e+01,1.000000000000000000e+00
9.679999999999999716e+00,0.000000000000000000e+00,0.000000000000000000e+00,1.369317913055419922e+01,1.000000000000000000e+00
9.700000000000001066e+00,0.000000000000000000e+00,0.000000000000000000e+00,1.371958351135253906e+01,1.000000000000000000e+00
9.720000000000000639e+00,0.000000000000000000e+00,0.000000000000000000e+00,1.374596881866455078e+01,1.000000000000000000e+00
9.740000000000000213e+00,0.000000000000000000e+00,0.000000000000000000e+00,1.377233600616455078e+01,1.000000000000000000e+00
9.759999999999999787e+00,0.000000000000000000e+00,0.000000000000000000e+00,1.379868412017822266e+01,1.000000000000000000e+00
9.779999999999999361e+00,0.000000000000000000e+00,0.000000000000000000e+00,1.382501411437988281e+01,1.000000000000000000e+00
9.800000000000000711e+00,0.000000000000000000e+00,0.000000000000000000e+00,1.385132789611816406e+01,1.000000000000000000e+00
9.820000000000000284e+00,0.000000000000000000e+00,0.000000000000000000e+00,1.387762546539306641e+01,1.000000000000000000e+00
9.839999999999999858e+00,0.000000000000000000e+00,0.000000000000000000e+00,1.390390682220458984e+01,1.000000000000000000e+00
9.859999999999999432e+00,0.000000000000000000e+00,0.000000000000000000e+00,1.393017196655273438e+01,1.000000000000000000e+00
9.880000000000000782e+00,0.000000000000000000e+00,0.000000000000000000e+00,1.395641994476318359e+01,1.000000000000000000e+00
9.900000000000000355e+00,0.000000000000000000e+00,0.000000000000000000e+00,1.398265266418457031e+01,1.000000000000000000e+00
9.919999999999999929e+00,0.000000000000000000e+00,0.000000000000000000e+00,1.400886917114257812e+01,1.000000000000000000e+00
9.939999999999999503e+00,0.000000000000000000e+00,0.000000000000000000e+00,1.403506946563720703e+01,1.000000000000000000e+00
9.960000000000000853e+00,0.000000000000000000e+00,0.000000000000000000e+00,1.406125354766845703e+01,1.000000000000000000e+00
9.980000000000000426e+00,0.000000000000000000e+00,0.000000000000000000e+00,1.408741950988769531e+01,1.000000000000000000e+00
1.000000000000000000e+01,0.000000000000000000e+00,0.000000000000000000e+00,1.411356925964355469e+01,1.000000000000000000e+00
1.001999999999999957e+01,0.000000000000000000e+00,0.000000000000000000e+00,1.413970279693603516e+01,1.000000000000000000e+00
1.004000000000000092e+01,0.000000000000000000e+00,0.000000000000000000e+00,1.416581916809082031e+01,1.000000000000000000e+00
1.006000000000000050e+01,0.000000000000000000e+00,0.000000000000000000e+00,1.419191646575927734e+01,1.000000000000000000e+00
1.008000000000000007e+01,0.000000000000000000e+00,0.000000000000000000e+00,1.421799564361572266e+01,1.000000000000000000e+00
1.009999999999999964e+01,0.000000000000000000e+00,0.000000000000000000e+00,1.424405765533447266e+01,1.000000000000000000e+00
1.012000000000000099e+01,0.000000000000000000e+00,0.000000000000000000e+00,1.427010440826416016e+01,1.000000000000000000e+00
1.014000000000000057e+01,0.000000000000000000e+00,0.000000000000000000e+00,1.429613208770751953e+01,1.000000000000000000e+00
1.016000000000000014e+01,0.000000000000000000e+00,0.000000000000000000e+00,1.432214164733886719e+01,1.000000000000000000e+00
1.017999999999999972e+01,0.000000000000000000e+00,0.000000000000000000e+00,1.434813308715820312e+01,1.000000000000000000e+00
1.020000000000000107e+01,0.000000000000000000e+00,0.000000000000000000e+00,1.437410831451416016e+01,1.000000000000000000e+00
1.022000000000000064e+01,0.000000000000000000e+00,0.000000000000000000e+00,1.440006923675537109e+01,1.000000000000000000e+00
1.024000000000000021e+01,0.000000000000000000e+00,0.000000000000000000e+00,1.442601203918457031e+01,1.000000000000000000e+00
1.025999999999999979e+01,0.000000000000000000e+00,0.000000000000000000e+00,1.445193862915039062e+01,1.000000000000000000e+00
1.027999999999999936e+01,0.000000000000000000e+00,0.000000000000000000e+00,1.447784709930419922e+01,1.000000000000000000e+00
1.030000000000000071e+01,0.000000000000000000e+00,0.000000000000000000e+00,1.450374031066894531e+01,1.000000000000000000e+00
1.032000000000000028e+01,0.000000000000000000e+00,0.000000000000000000e+00,1.452962017059326172e+01,1.000000000000000000e+00
1.033999999999999986e+01,0.000000000000000000e+00,0.000000000000000000e+00,1.455548381805419922e+01,1.000000000000000000e+00
1.035999999999999943e+01,0.000000000000000000e+00,0.000000000000000000e+00,1.458133125305175781e+01,1.000000000000000000e+00
1.038000000000000078e+01,0.000000000000000000e+00,0.000000000000000000e+00,1.460716247558593750e+01,1.000000000000000000e+00
1.040000000000000036e+01,0.000000000000000000e+00,0.000000000000000000e+00,1.463297939300537109e+01,1.000000000000000000e+00
1.041999999999999993e+01,0.000000000000000000e+00,0.000000000000000000e+00,1.465878295898437500e+01,1.000000000000000000e+00
1.043999999999999950e+01,0.000000000000000000e+00,0.000000000000000000e+00,1.468457221984863281e+01,1.000000000000000000e+00
1.046000000000000085e+01,0.000000000000000000e+00,0.000000000000000000e+00,1.471034336090087891e+01,1.000000000000000000e+00
1.048000000000000043e+01,0.000000000000000000e+00,0.000000000000000000e+00,1.473609924316406250e+01,1.000000000000000000e+00
1.050000000000000000e+01,0.000000000000000000e+00,0.000000000000000000e+00,1.476184272766113281e+01,1.000000000000000000e+00
1.051999999999999957e+01,0.000000000000000000e+00,0.000000000000000000e+00,1.478757190704345703e+01,1.000000000000000000e+00
1.054000000000000092e+01,0.000000000000000000e+00,0.000000000000000000e+00,1.481328582763671875e+01,1.000000000000000000e+00
1.056000000000000050e+01,0.000000000000000000e+00,0.000000000000000000e+00,1.483898448944091797e+01,1.000000000000000000e+00
1.058000000000000007e+01,0.000000000000000000e+00,0.000000000000000000e+00,1.486466693878173828e+01,1.000000000000000000e+00
1.059999999999999964e+01,0.000000000000000000e+00,0.000000000000000000e+00,1.489033603668212891e+01,1.000000000000000000e+00
1.062000000000000099e+01,0.000000000000000000e+00,0.000000000000000000e+00,1.491599273681640625e+01,1.000000000000000000e+00
1.064000000000000057e+01,0.000000000000000000e+00,0.000000000000000000e+00,1.494163417816162109e+01,1.000000000000000000e+00
1.066000000000000014e+01,0.000000000000000000e+00,0.000000000000000000e+00,1.496725940704345703e+01,1.000000000000000000e+00
1.067999999999999972e+01,0.000000000000000000e+00,0.000000000000000000e+00,1.499287033081054688e+01,1.000000000000000000e+00
1.070000000000000107e+01,0.000000000000000000e+00,0.000000000000000000e+00,1.501846790313720703e+01,1.000000000000000000e+00
1.072000000000000064e+01,0.000000000000000000e+00,0.000000000000000000e+00,1.504405403137207031e+01,1.000000000000000000e+00
1.074000000000000021e+01,0.000000000000000000e+00,0.000000000000000000e+00,1.506962490081787109e+01,1.000000000000000000e+00
1.075999999999999979e+01,0.000000000000000000e+00,0.000000000000000000e+00,1.509518051147460938e+01,1.000000000000000000e+00
1.077999999999999936e+01,0.000000000000000000e+00,0.000000000000000000e+00,1.512071990966796875e+01,1.000000000000000000e+00
1.080000000000000071e+01,0.000000000000000000e+00,0.000000000000000000e+00,1.514624595642089844e+01,1.000000000000000000e+00
1.082000000000000028e+01,0.000000000000000000e+00,0.000000000000000000e+00,1.517175865173339844e+01,1.000000000000000000e+00
1.083999999999999986e+01,0.000000000000000000e+00,0.000000000000000000e+00,1.519725704193115234e+01,1.000000000000000000e+00
1.085999999999999943e+01,0.000000000000000000e+00,0.000000000000000000e+00,1.522273921966552734e+01,1.000000000000000000e+00
1.088000000000000078e+01,0.000000000000000000e+00,0.000000000000000000e+00,1.524820613861083984e+01,1.000000000000000000e+00
1.090000000000000036e+01,0.000000000000000000e+00,0.000000000000000000e+00,1.527366065979003906e+01,1.000000000000000000e+00
1.091999999999999993e+01,0.000000000000000000e+00,0.000000000000000000e+00,1.529910373687744141e+01,1.000000000000000000e+00
1.093999999999999950e+01,0.000000000000000000e+00,0.000000000000000000e+00,1.532453155517578125e+01,1.000000000000000000e+00
1.096000000000000085e+01,0.000000000000000000e+00,0.000000000000000000e+00,1.534994506835937500e+01,1.000000000000000000e+00
1.098000000000000043e+01,0.000000000000000000e+00,0.000000000000000000e+00,1.537534427642822266e+01,1.000000000000000000e+00
1.100000000000000000e+01,0.000000000000000000e+00,0.000000000000000000e+00,1.540073204040527344e+01,1.000000000000000000e+00
1.101999999999999957e+01,0.000000000000000000e+00,0.000000000000000000e+00,1.542610740661621094e+01,1.000000000000000000e+00
1.104000000000000092e+01,0.000000000000000000e+00,0.000000000000000000e+00,1.545146846771240234e+01,1.000000000000000000e+00
1.106000000000000050e+01,0.000000000000000000e+00,0.000000000000000000e+00,1.547681427001953125e+01,1.000000000000000000e+00
1.108000000000000007e+01,0.000000000000000000e+00,0.000000000000000000e+00,1.550214576721191406e+01,1.000000000000000000e+00
1.109999999999999964e+01,0.000000000000000000e+00,0.000000000000000000e+00,1.552746582031250000e+01,1.000000000000000000e+00
1.112000000000000099e+01,0.000000000000000000e+00,0.000000000000000000e+00,1.555277442932128906e+01,1.000000000000000000e+00
1.114000000000000057e+01,0.000000000000000000e+00,0.000000000000000000e+00,1.557806777954101562e+01,1.000000000000000000e+00
1.116000000000000014e+01,0.000000000000000000e+00,0.000000000000000000e+00,1.560334491729736328e+01,1.000000000000000000e+00
1.117999999999999972e+01,0.000000000000000000e+00,0.000000000000000000e+00,1.562860774993896484e+01,1.000000000000000000e+00
1.120000000000000107e+01,0.000000000000000000e+00,0.000000000000000000e+00,1.565385818481445312e+01,1.000000000000000000e+00
1.122000000000000064e+01,0.000000000000000000e+00,0.000000000000000000e+00,1.567909717559814453e+01,1.000000000000000000e+00
1.124000000000000021e+01,0.000000000000000000e+00,0.000000000000000000e+00,1.570432186126708984e+01,1.000000000000000000e+00
1.125999999999999979e+01,0.000000000000000000e+00,0.000000000000000000e+00,1.572953224182128906e+01,1.000000000000000000e+00
1.127999999999999936e+01,0.000000000000000000e+00,0.000000000000000000e+00,1.575472831726074219e+01,1.000000000000000000e+00
1.130000000000000071e+01,0.000000000000000000e+00,0.000000000000000000e+00,1.577991294860839844e+01,1.000000000000000000e+00
1.132000000000000028e+01,0.000000000000000000e+00,0.000000000000000000e+00,1.580508613586425781e+01,1.000000000000000000e+00
1.133999999999999986e+01,0.000000000000000000e+00,0.000000000000000000e+00,1.583024597167968750e+01,1.000000000000000000e+00
1.135999999999999943e+01,0.000000000000000000e+00,0.000000000000000000e+00,1.585539150238037109e+01,1.000000000000000000e+00
1.138000000000000078e+01,0.000000000000000000e+00,0.000000000000000000e+00,1.588052272796630859e+01,1.000000000000000000e+00
1.140000000000000036e+01,0.000000000000000000e+00,0.000000000000000000e+00,1.590564346313476562e+01,1.000000000000000000e+00
1.141999999999999993e+01,0.000000000000000000e+00,0.000000000000000000e+00,1.593075275421142578e+01,1.000000000000000000e+00
1.143999999999999950e+01,0.000000000000000000e+00,0.000000000000000000e+00,1.595584869384765625e+01,1.000000000000000000e+00
1.146000000000000085e+01,0.000000000000000000e+00,0.000000000000000000e+00,1.598093032836914062e+01,1.000000000000000000e+00
1.148000000000000043e+01,0.000000000000000000e+00,0.000000000000000000e+00,1.600599861145019531e+01,1.000000000000000000e+00
1.150000000000000000e+01,0.000000000000000000e+00,0.000000000000000000e+00,1.603105735778808594e+01,1.000000000000000000e+00
1.151999999999999957e+01,0.000000000000000000e+00,0.000000000000000000e+00,1.605610466003417969e+01,1.000000000000000000e+00
1.154000000000000092e+01,0.000000000000000000e+00,0.000000000000000000e+00,1.608114051818847656e+01,1.000000000000000000e+00
1.156000000000000050e+01,0.000000000000000000e+00,0.000000000000000000e+00,1.610616111755371094e+01,1.000000000000000000e+00
1.158000000000000007e+01,0.000000000000000000e+00,0.000000000000000000e+00,1.613117027282714844e+01,1.000000000000000000e+00
1.159999999999999964e+01,0.000000000000000000e+00,0.000000000000000000e+00,1.615616989135742188e+01,1.000000000000000000e+00
1.162000000000000099e+01,0.000000000000000000e+00,0.000000000000000000e+00,1.618115997314453125e+01,1.000000000000000000e+00
1.164000000000000057e+01,0.000000000000000000e+00,0.000000000000000000e+00,1.620613670349121094e+01,1.000000000000000000e+00
1.166000000000000014e+01,0.000000000000000000e+00,0.000000000000000000e+00,1.623110008239746094e+01,1.000000000000000000e+00
1.167999999999999972e+01,0.000000000000000000e+00,0.000000000000000000e+00,1.625605010986328125e+01,1.000000000000000000e+00
1.170000000000000107e+01,0.000000000000000000e+00,0.000000000000000000e+00,1.628099060058593750e+01,1.000000000000000000e+00
1.172000000000000064e+01,0.000000000000000000e+00,0.000000000000000000e+00,1.630592155456542969e+01,1.000000000000000000e+00
1.174000000000000021e+01,0.000000000000000000e+00,0.000000000000000000e+00,1.633084297180175781e+01,1.000000000000000000e+00
1.175999999999999979e+01,0.000000000000000000e+00,0.000000000000000000e+00,1.635575103759765625e+01,1.000000000000000000e+00
1.177999999999999936e+01,0.000000000000000000e+00,0.000000000000000000e+00,1.638064765930175781e+01,1.000000000000000000e+00
1.180000000000000071e+01,0.000000000000000000e+00,0.000000000000000000e+00,1.640553665161132812e+01,1.000000000000000000e+00
1.182000000000000028e+01,0.000000000000000000e+00,0.000000000000000000e+00,1.643041610717773438e+01,1.000000000000000000e+00
1.183999999999999986e+01,0.000000000000000000e+00,0.000000000000000000e+00,1.645528411865234375e+01,1.000000000000000000e+00
1.185999999999999943e+01,0.000000000000000000e+00,0.000000000000000000e+00,1.648014068603515625e+01,1.000000000000000000e+00
1.188000000000000078e+01,0.000000000000000000e+00,0.000000000000000000e+00,1.650498390197753906e+01,1.000000000000000000e+00
1.190000000000000036e+01,0.000000000000000000e+00,0.000000000000000000e+00,1.652981758117675781e+01,1.000000000000000000e+00
1.191999999999999993e+01,0.000000000000000000e+00,0.000000000000000000e+00,1.655464363098144531e+01,1.000000000000000000e+00
1.193999999999999950e+01,0.000000000000000000e+00,0.000000000000000000e+00,1.657946014404296875e+01,1.000000000000000000e+00
1.196000000000000085e+01,0.000000000000000000e+00,0.000000000000000000e+00,1.660426330566406250e+01,1.000000000000000000e+00
1.198000000000000043e+01,0.000000000000000000e+00,0.000000000000000000e+00,1.662905502319335938e+01,1.000000000000000000e+00
1.200000000000000000e+01,0.000000000000000000e+00,0.000000000000000000e+00,1.665384101867675781e+01,1.000000000000000000e+00
1.201999999999999957e+01,0.000000000000000000e+00,0.000000000000000000e+00,1.667861747741699219e+01,1.000000000000000000e+00
1.204000000000000092e+01,0.000000000000000000e+00,0.000000000000000000e+00,1.670338249206542969e+01,1.000000000000000000e+00
1.206000000000000050e+01,0.000000000000000000e+00,0.000000000000000000e+00,1.672813606262207031e+01,1.000000000000000000e+00
1.208000000000000007e+01,0.000000000000000000e+00,0.000000000000000000e+00,1.675288009643554688e+01,1.000000000000000000e+00
1.209999999999999964e+01,0.000000000000000000e+00,0.000000000000000000e+00,1.677761840820312500e+01,1.000000000000000000e+00
1.212000000000000099e+01,0.000000000000000000e+00,0.000000000000000000e+00,1.680234718322753906e+01,1.000000000000000000e+00
1.214000000000000057e+01,0.000000000000000000e+00,0.000000000000000000e+00,1.682706451416015625e+01,1.000000000000000000e+00
1.216000000000000014e+01,0.000000000000000000e+00,0.000000000000000000e+00,1.685177040100097656e+01,1.000000000000000000e+00
1.217999999999999972e+01,0.000000000000000000e+00,0.000000000000000000e+00,1.687646484375000000e+01,1.000000000000000000e+00
1.220000000000000107e+01,0.000000000000000000e+00,0.000000000000000000e+00,1.690115356445312500e+01,1.000000000000000000e+00
1.222000000000000064e+01,0.000000000000000000e+00,0.000000000000000000e+00,1.692583274841308594e+01,1.000000000000000000e+00
1.224000000000000021e+01,0.000000000000000000e+00,0.000000000000000000e+00,1.695050239562988281e+01,1.000000000000000000e+00
1.225999999999999979e+01,0.000000000000000000e+00,0.000000000000000000e+00,1.697516059875488281e+01,1.000000000000000000e+00
1.228000000000000114e+01,0.000000000000000000e+00,0.000000000000000000e+00,1.699980926513671875e+01,1.000000000000000000e+00
1.230000000000000071e+01,0.000000000000000000e+00,0.000000000000000000e+00,1.702445220947265625e+01,1.000000000000000000e+00
1.232000000000000028e+01,0.000000000000000000e+00,0.000000000000000000e+00,1.704908752441406250e+01,1.000000000000000000e+00
1.233999999999999986e+01,0.000000000000000000e+00,0.000000000000000000e+00,1.707371330261230469e+01,1.000000000000000000e+00
1.235999999999999943e+01,0.000000000000000000e+00,0.000000000000000000e+00,1.709832572937011719e+01,1.000000000000000000e+00
1.238000000000000078e+01,0.000000000000000000e+00,0.000000000000000000e+00,1.712292861938476562e+01,1.000000000000000000e+00
1.240000000000000036e+01,0.000000000000000000e+00,0.000000000000000000e+00,1.714752388000488281e+01,1.000000000000000000e+00
1.241999999999999993e+01,0.000000000000000000e+00,0.000000000000000000e+00,1.717211341857910156e+01,1.000000000000000000e+00
1.243999999999999950e+01,0.000000000000000000e+00,0.000000000000000000e+00,1.719669342041015625e+01,1.000000000000000000e+00
1.246000000000000085e+01,0.000000000000000000e+00,0.000000000000000000e+00,1.722126197814941406e+01,1.000000000000000000e+00
1.248000000000000043e+01,0.000000000000000000e+00,0.000000000000000000e+00,1.724581909179687500e+01,1.000000000000000000e+00
1.250000000000000000e+01,0.000000000000000000e+00,0.000000000000000000e+00,1.727037048339843750e+01,1.000000000000000000e+00
1.251999999999999957e+01,0.000000000000000000e+00,0.000000000000000000e+00,1.729491615295410156e+01,1.000000000000000000e+00
1.254000000000000092e+01,0.000000000000000000e+00,0.000000000000000000e+00,1.731945228576660156e+01,1.000000000000000000e+00
1.256000000000000050e+01,0.000000000000000000e+00,0.000000000000000000e+00,1.734397697448730469e+01,1.000000000000000000e+00
1.258000000000000007e+01,0.000000000000000000e+00,0.000000000000000000e+00,1.736849212646484375e+01,1.000000000000000000e+00
1.259999999999999964e+01,0.000000000000000000e+00,0.000000000000000000e+00,1.739300155639648438e+01,1.000000000000000000e+00
1.262000000000000099e+01,0.000000000000000000e+00,0.000000000000000000e+00,1.741750335693359375e+01,1.000000000000000000e+00
1.264000000000000057e+01,0.000000000000000000e+00,0.000000000000000000e+00,1.744199752807617188e+01,1.000000000000000000e+00
1.266000000000000014e+01,0.000000000000000000e+00,0.000000000000000000e+00,1.746648216247558594e+01,1.000000000000000000e+00
1.267999999999999972e+01,0.000000000000000000e+00,0.000000000000000000e+00,1.749095726013183594e+01,1.000000000000000000e+00
1.270000000000000107e+01,0.000000000000000000e+00,0.000000000000000000e+00,1.751542854309082031e+01,1.000000000000000000e+00
1.272000000000000064e+01,0.000000000000000000e+00,0.000000000000000000e+00,1.753989028930664062e+01,1.000000000000000000e+00
1.274000000000000021e+01,0.000000000000000000e+00,0.000000000000000000e+00,1.756434440612792969e+01,1.000000000000000000e+00
1.275999999999999979e+01,0.000000000000000000e+00,0.000000000000000000e+00,1.758878898620605469e+01,1.000000000000000000e+00
1.278000000000000114e+01,0.000000000000000000e+00,0.000000000000000000e+00,1.761322402954101562e+01,1.000000000000000000e+00
1.280000000000000071e+01,0.000000000000000000e+00,0.000000000000000000e+00,1.763765716552734375e+01,1.000000000000000000e+00
1.282000000000000028e+01,0.000000000000000000e+00,0.000000000000000000e+00,1.766208076477050781e+01,1.000000000000000000e+00
1.283999999999999986e+01,0.000000000000000000e+00,0.000000000000000000e+00,1.768649673461914062e+01,1.000000000000000000e+00
1.285999999999999943e+01,0.000000000000000000e+00,0.000000000000000000e+00,1.771090316772460938e+01,1.000000000000000000e+00
1.288000000000000078e+01,0.000000000000000000e+00,0.000000000000000000e+00,1.773530197143554688e+01,1.000000000000000000e+00
1.290000000000000036e+01,0.000000000000000000e+00,0.000000000000000000e+00,1.775969696044921875e+01,1.000000000000000000e+00
1.291999999999999993e+01,0.000000000000000000e+00,0.000000000000000000e+00,1.778408432006835938e+01,1.000000000000000000e+00
1.293999999999999950e+01,0.000000000000000000e+00,0.000000000000000000e+00,1.780846405029296875e+01,1.000000000000000000e+00
1.296000000000000085e+01,0.000000000000000000e+00,0.000000000000000000e+00,1.783283424377441406e+01,1.000000000000000000e+00
1.298000000000000043e+01,0.000000000000000000e+00,0.000000000000000000e+00,1.785719490051269531e+01,1.000000000000000000e+00
1.300000000000000000e+01,0.000000000000000000e+00,0.000000000000000000e+00,1.788155174255371094e+01,1.000000000000000000e+00
1.301999999999999957e+01,0.000000000000000000e+00,0.000000000000000000e+00,1.790590095520019531e+01,1.000000000000000000e+00
1.304000000000000092e+01,0.000000000000000000e+00,0.000000000000000000e+00,1.793024253845214844e+01,1.000000000000000000e+00
1.306000000000000050e+01,0.000000000000000000e+00,0.000000000000000000e+00,1.795457458496093750e+01,1.000000000000000000e+00
1.308000000000000007e+01,0.000000000000000000e+00,0.000000000000000000e+00,1.797889900207519531e+01,1.000000000000000000e+00
1.309999999999999964e+01,0.000000000000000000e+00,0.000000000000000000e+00,1.800321769714355469e+01,1.000000000000000000e+00
1.312000000000000099e+01,0.000000000000000000e+00,0.000000000000000000e+00,1.802753257751464844e+01,1.000000000000000000e+00
1.314000000000000057e+01,0.000000000000000000e+00,0.000000000000000000e+00,1.805183982849121094e+01,1.000000000000000000e+00
1.316000000000000014e+01,0.000000000000000000e+00,0.000000000000000000e+00,1.807613754272460938e+01,1.000000000000000000e+00
1.317999999999999972e+01,0.000000000000000000e+00,0.000000000000000000e+00,1.810042762756347656e+01,1.000000000000000000e+00
1.320000000000000107e+01,0.000000000000000000e+00,0.000000000000000000e+00,1.812471008300781250e+01,1.000000000000000000e+00
1.322000000000000064e+01,0.000000000000000000e+00,0.000000000000000000e+00,1.814899063110351562e+01,1.000000000000000000e+00
1.324000000000000021e+01,0.000000000000000000e+00,0.000000000000000000e+00,1.817326164245605469e+01,1.000000000000000000e+00
1.325999999999999979e+01,0.000000000000000000e+00,0.000000000000000000e+00,1.819752311706542969e+01,1.000000000000000000e+00
1.328000000000000114e+01,0.000000000000000000e+00,0.000000000000000000e+00,1.822177696228027344e+01,1.000000000000000000e+00
1.330000000000000071e+01,0.000000000000000000e+00,0.000000000000000000e+00,1.824602890014648438e+01,1.000000000000000000e+00
1.332000000000000028e+01,0.000000000000000000e+00,0.000000000000000000e+00,1.827027130126953125e+01,1.000000000000000000e+00
1.333999999999999986e+01,0.000000000000000000e+00,0.000000000000000000e+00,1.829450798034667969e+01,1.000000000000000000e+00
1.335999999999999943e+01,0.000000000000000000e+00,0.000000000000000000e+00,1.831873512268066406e+01,1.000000000000000000e+00
1.338000000000000078e+01,0.000000000000000000e+00,0.000000000000000000e+00,1.834295463562011719e+01,1.000000000000000000e+00
1.340000000000000036e+01,0.000000000000000000e+00,0.000000000000000000e+00,1.836716842651367188e+01,1.000000000000000000e+00
1.341999999999999993e+01,0.000000000000000000e+00,0.000000000000000000e+00,1.839138031005859375e+01,1.000000000000000000e+00
1.343999999999999950e+01,0.000000000000000000e+00,0.000000000000000000e+00,1.841558456420898438e+01,1.000000000000000000e+00
1.346000000000000085e+01,0.000000000000000000e+00,0.000000000000000000e+00,1.843978118896484375e+01,1.000000000000000000e+00
1.348000000000000043e+01,0.000000000000000000e+00,0.000000000000000000e+00,1.846397209167480469e+01,1.000000000000000000e+00
1.350000000000000000e+01,0.000000000000000000e+00,0.000000000000000000e+00,1.848815727233886719e+01,1.000000000000000000e+00
1.351999999999999957e+01,0.000000000000000000e+00,0.000000000000000000e+00,1.851234054565429688e+01,1.000000000000000000e+00
1.354000000000000092e+01,0.000000000000000000e+00,0.000000000000000000e+00,1.853651618957519531e+01,1.000000000000000000e+00
1.356000000000000050e+01,0.000000000000000000e+00,0.000000000000000000e+00,1.856068229675292969e+01,1.000000000000000000e+00
1.358000000000000007e+01,0.000000000000000000e+00,0.000000000000000000e+00,1.858484268188476562e+01,1.000000000000000000e+00
1.359999999999999964e+01,0.000000000000000000e+00,0.000000000000000000e+00,1.860899925231933594e+01,1.000000000000000000e+00
1.362000000000000099e+01,0.000000000000000000e+00,0.000000000000000000e+00,1.863315200805664062e+01,1.000000000000000000e+00
1.364000000000000057e+01,0.000000000000000000e+00,0.000000000000000000e+00,1.865729713439941406e+01,1.000000000000000000e+00
1.366000000000000014e+01,0.000000000000000000e+00,0.000000000000000000e+00,1.868143463134765625e+01,1.000000000000000000e+00
1.367999999999999972e+01,0.000000000000000000e+00,0.000000000000000000e+00,1.870556259155273438e+01,1.000000000000000000e+00
1.370000000000000107e+01,0.000000000000000000e+00,0.000000000000000000e+00,1.872969055175781250e+01,1.000000000000000000e+00
1.372000000000000064e+01,0.000000000000000000e+00,0.000000000000000000e+00,1.875381088256835938e+01,1.000000000000000000e+00
1.374000000000000021e+01,0.000000000000000000e+00,0.000000000000000000e+00,1.877792549133300781e+01,1.000000000000000000e+00
1.375999999999999979e+01,0.000000000000000000e+00,0.000000000000000000e+00,1.880203247070312500e+01,1.000000000000000000e+00
1.378000000000000114e+01,0.000000000000000000e+00,0.000000000000000000e+00,1.882613182067871094e+01,1.000000000000000000e+00
1.380000000000000071e+01,0.000000000000000000e+00,0.000000000000000000e+00,1.885022544860839844e+01,1.000000000000000000e+00
1.382000000000000028e+01,0.000000000000000000e+00,0.000000000000000000e+00,1.887431526184082031e+01,1.000000000000000000e+00
1.383999999999999986e+01,0.000000000000000000e+00,0.000000000000000000e+00,1.889839744567871094e+01,1.000000000000000000e+00
1.385999999999999943e+01,0.000000000000000000e+00,0.000000000000000000e+00,1.892247200012207031e+01,1.000000000000000000e+00
1.388000000000000078e+01,0.000000000000000000e+00,0.000000000000000000e+00,1.894654273986816406e+01,1.000000000000000000e+00
1.390000000000000036e+01,0.000000000000000000e+00,0.000000000000000000e+00,1.897060585021972656e+01,1.000000000000000000e+00
1.391999999999999993e+01,0.000000000000000000e+00,0.000000000000000000e+00,1.899466705322265625e+01,1.000000000000000000e+00
1.393999999999999950e+01,0.000000000000000000e+00,0.000000000000000000e+00,1.901872253417968750e+01,1.000000000000000000e+00
1.396000000000000085e+01,0.000000000000000000e+00,0.000000000000000000e+00,1.904277038574218750e+01,1.000000000000000000e+00
1.398000000000000043e+01,0.000000000000000000e+00,0.000000000000000000e+00,1.906681251525878906e+01,1.000000000000000000e+00
1.400000000000000000e+01,0.000000000000000000e+00,0.000000000000000000e+00,1.909085083007812500e+01,1.000000000000000000e+00
1.401999999999999957e+01,0.000000000000000000e+00,0.000000000000000000e+00,1.911488342285156250e+01,1.000000000000000000e+00
1.404000000000000092e+01,0.000000000000000000e+00,0.000000000000000000e+00,1.913891220092773438e+01,1.000000000000000000e+00
1.406000000000000050e+01,0.000000000000000000e+00,0.000000000000000000e+00,1.916293525695800781e+01,1.000000000000000000e+00
1.408000000000000007e+01,0.000000000000000000e+00,0.000000000000000000e+00,1.918694877624511719e+01,1.000000000000000000e+00
1.409999999999999964e+01,0.000000000000000000e+00,0.000000000000000000e+00,1.921096229553222656e+01,1.000000000000000000e+00
1.412000000000000099e+01,0.000000000000000000e+00,0.000000000000000000e+00,1.923497581481933594e+01,1.000000000000000000e+00
1.414000000000000057e+01,0.000000000000000000e+00,0.000000000000000000e+00,1.925897979736328125e+01,1.000000000000000000e+00
1.416000000000000014e+01,0.000000000000000000e+00,0.000000000000000000e+00,1.928297805786132812e+01,1.000000000000000000e+00
1.417999999999999972e+01,0.000000000000000000e+00,0.000000000000000000e+00,1.930697250366210938e+01,1.000000000000000000e+00
1.420000000000000107e+01,0.000000000000000000e+00,0.000000000000000000e+00,1.933095741271972656e+01,1.000000000000000000e+00
1.422000000000000064e+01,0.000000000000000000e+00,0.000000000000000000e+00,1.935494232177734375e+01,1.000000000000000000e+00
1.424000000000000021e+01,0.000000000000000000e+00,0.000000000000000000e+00,1.937892341613769531e+01,1.000000000000000000e+00
1.425999999999999979e+01,0.000000000000000000e+00,0.000000000000000000e+00,1.940289878845214844e+01,1.000000000000000000e+00
1.428000000000000114e+01,0.000000000000000000e+00,0.000000000000000000e+00,1.942686843872070312e+01,1.000000000000000000e+00
1.430000000000000071e+01,0.000000000000000000e+00,0.000000000000000000e+00,1.945083427429199219e+01,1.000000000000000000e+00
1.432000000000000028e+01,0.000000000000000000e+00,0.000000000000000000e+00,1.947480010986328125e+01,1.000000000000000000e+00
1.433999999999999986e+01,0.000000000000000000e+00,0.000000000000000000e+00,1.949876022338867188e+01,1.000000000000000000e+00
1.435999999999999943e+01,0.000000000000000000e+00,0.000000000000000000e+00,1.952271270751953125e+01,1.000000000000000000e+00
1.438000000000000078e+01,0.000000000000000000e+00,0.000000000000000000e+00,1.954665946960449219e+01,1.000000000000000000e+00
1.440000000000000036e+01,0.000000000000000000e+00,0.000000000000000000e+00,1.957060623168945312e+01,1.000000000000000000e+00
1.441999999999999993e+01,0.000000000000000000e+00,0.000000000000000000e+00,1.959454917907714844e+01,1.000000000000000000e+00
1.443999999999999950e+01,0.000000000000000000e+00,0.000000000000000000e+00,1.961848640441894531e+01,1.000000000000000000e+00
1.446000000000000085e+01,0.000000000000000000e+00,0.000000000000000000e+00,1.964241981506347656e+01,1.000000000000000000e+00
1.448000000000000043e+01,0.000000000000000000e+00,0.000000000000000000e+00,1.966634750366210938e+01,1.000000000000000000e+00
1.450000000000000000e+01,0.000000000000000000e+00,0.000000000000000000e+00,1.969027519226074219e+01,1.000000000000000000e+00
1.451999999999999957e+01,0.000000000000000000e+00,0.000000000000000000e+00,1.971420288085937500e+01,1.000000000000000000e+00
1.454000000000000092e+01,0.000000000000000000e+00,0.000000000000000000e+00,1.973812103271484375e+01,1.000000000000000000e+00
1.456000000000000050e+01,0.000000000000000000e+00,0.000000000000000000e+00,1.976203346252441406e+01,1.000000000000000000e+00
1.458000000000000007e+01,0.000000000000000000e+00,0.000000000000000000e+00,1.978594207763671875e+01,1.000000000000000000e+00
1.459999999999999964e+01,0.000000000000000000e+00,0.000000000000000000e+00,1.980984878540039062e+01,1.000000000000000000e+00
1.462000000000000099e+01,0.000000000000000000e+00,0.000000000000000000e+00,1.983374786376953125e+01,1.000000000000000000e+00
1.464000000000000057e+01,0.000000000000000000e+00,0.000000000000000000e+00,1.985764312744140625e+01,1.000000000000000000e+00
1.466000000000000014e+01,0.000000000000000000e+00,0.000000000000000000e+00,1.988153266906738281e+01,1.000000000000000000e+00
1.467999999999999972e+01,0.000000000000000000e+00,0.000000000000000000e+00,1.990541267395019531e+01,1.000000000000000000e+00
1.470000000000000107e+01,0.000000000000000000e+00,0.000000000000000000e+00,1.992929267883300781e+01,1.000000000000000000e+00
1.472000000000000064e+01,0.000000000000000000e+00,0.000000000000000000e+00,1.995317268371582031e+01,1.000000000000000000e+00
1.474000000000000021e+01,0.000000000000000000e+00,0.000000000000000000e+00,1.997704505920410156e+01,1.000000000000000000e+00
1.475999999999999979e+01,0.000000000000000000e+00,0.000000000000000000e+00,2.000091361999511719e+01,1.000000000000000000e+00
1.478000000000000114e+01,0.000000000000000000e+00,0.000000000000000000e+00,2.002477455139160156e+01,1.000000000000000000e+00
1.480000000000000071e+01,0.000000000000000000e+00,0.000000000000000000e+00,2.004863548278808594e+01,1.000000000000000000e+00
1.482000000000000028e+01,0.000000000000000000e+00,0.000000000000000000e+00,2.007249641418457031e+01,1.000000000000000000e+00
1.483999999999999986e+01,0.000000000000000000e+00,0.000000000000000000e+00,2.009635162353515625e+01,1.000000000000000000e+00
1.485999999999999943e+01,0.000000000000000000e+00,0.000000000000000000e+00,2.012020301818847656e+01,1.000000000000000000e+00
1.488000000000000078e+01,0.000000000000000000e+00,0.000000000000000000e+00,2.014404678344726562e+01,1.000000000000000000e+00
1.490000000000000036e+01,0.000000000000000000e+00,0.000000000000000000e+00,2.016788864135742188e+01,1.000000000000000000e+00
1.491999999999999993e+01,0.000000000000000000e+00,0.000000000000000000e+00,2.019173049926757812e+01,1.000000000000000000e+00
1.493999999999999950e+01,0.000000000000000000e+00,0.000000000000000000e+00,2.021556854248046875e+01,1.000000000000000000e+00
1.496000000000000085e+01,0.000000000000000000e+00,0.000000000000000000e+00,2.023940086364746094e+01,1.000000000000000000e+00
1.498000000000000043e+01,0.000000000000000000e+00,0.000000000000000000e+00,2.026322937011718750e+01,1.000000000000000000e+00
1.500000000000000000e+01,0.000000000000000000e+00,0.000000000000000000e+00,2.028705406188964844e+01,1.000000000000000000e+00
1.501999999999999957e+01,0.000000000000000000e+00,0.000000000000000000e+00,2.031087684631347656e+01,1.000000000000000000e+00
1.504000000000000092e+01,0.000000000000000000e+00,0.000000000000000000e+00,2.033469963073730469e+01,1.000000000000000000e+00
1.506000000000000050e+01,0.000000000000000000e+00,0.000000000000000000e+00,2.035851669311523438e+01,1.000000000000000000e+00
1.508000000000000007e+01,0.000000000000000000e+00,0.000000000000000000e+00,2.038232994079589844e+01,1.000000000000000000e+00
1.509999999999999964e+01,0.000000000000000000e+00,0.000000000000000000e+00,2.040614318847656250e+01,1.000000000000000000e+00
1.512000000000000099e+01,0.000000000000000000e+00,0.000000000000000000e+00,2.042995643615722656e+01,1.000000000000000000e+00
1.514000000000000057e+01,0.000000000000000000e+00,0.000000000000000000e+00,2.045376586914062500e+01,1.000000000000000000e+00
1.516000000000000014e+01,0.000000000000000000e+00,0.000000000000000000e+00,2.047756767272949219e+01,1.000000000000000000e+00
1.517999999999999972e+01,0.000000000000000000e+00,0.000000000000000000e+00,2.050136184692382812e+01,1.000000000000000000e+00
1.520000000000000107e+01,0.000000000000000000e+00,0.000000000000000000e+00,2.052515602111816406e+01,1.000000000000000000e+00
1.522000000000000064e+01,0.000000000000000000e+00,0.000000000000000000e+00,2.054895019531250000e+01,1.000000000000000000e+00
1.524000000000000021e+01,0.000000000000000000e+00,0.000000000000000000e+00,2.057273674011230469e+01,1.000000000000000000e+00
1.525999999999999979e+01,0.000000000000000000e+00,0.000000000000000000e+00,2.059652137756347656e+01,1.000000000000000000e+00
1.528000000000000114e+01,0.000000000000000000e+00,0.000000000000000000e+00,2.062029647827148438e+01,1.000000000000000000e+00
1.530000000000000071e+01,0.000000000000000000e+00,0.000000000000000000e+00,2.064407157897949219e+01,1.000000000000000000e+00
1.532000000000000028e+01,0.000000000000000000e+00,0.000000000000000000e+00,2.066784667968750000e+01,1.000000000000000000e+00
1.533999999999999986e+01,0.000000000000000000e+00,0.000000000000000000e+00,2.069162178039550781e+01,1.000000000000000000e+00
1.535999999999999943e+01,0.000000000000000000e+00,0.000000000000000000e+00,2.071538925170898438e+01,1.000000000000000000e+00
1.538000000000000078e+01,0.000000000000000000e+00,0.000000000000000000e+00,2.073915481567382812e+01,1.000000000000000000e+00
1.540000000000000036e+01,0.000000000000000000e+00,0.000000000000000000e+00,2.076292037963867188e+01,1.000000000000000000e+00
1.541999999999999993e+01,0.000000000000000000e+00,0.000000000000000000e+00,2.078668594360351562e+01,1.000000000000000000e+00
1.543999999999999950e+01,0.000000000000000000e+00,0.000000000000000000e+00,2.081044578552246094e+01,1.000000000000000000e+00
1.546000000000000085e+01,0.000000000000000000e+00,0.000000000000000000e+00,2.083420181274414062e+01,1.000000000000000000e+00
1.548000000000000043e+01,0.000000000000000000e+00,0.000000000000000000e+00,2.085794830322265625e+01,1.000000000000000000e+00
1.550000000000000000e+01,0.000000000000000000e+00,0.000000000000000000e+00,2.088169479370117188e+01,1.000000000000000000e+00
1.551999999999999957e+01,0.000000000000000000e+00,0.000000000000000000e+00,2.090544128417968750e+01,1.000000000000000000e+00
1.554000000000000092e+01,0.000000000000000000e+00,0.000000000000000000e+00,2.092918777465820312e+01,1.000000000000000000e+00
1.556000000000000050e+01,0.000000000000000000e+00,0.000000000000000000e+00,2.095292472839355469e+01,1.000000000000000000e+00
1.558000000000000007e+01,0.000000000000000000e+00,0.000000000000000000e+00,2.097666168212890625e+01,1.000000000000000000e+00
1.559999999999999964e+01,0.000000000000000000e+00,0.000000000000000000e+00,2.100039863586425781e+01,1.000000000000000000e+00
1.562000000000000099e+01,0.000000000000000000e+00,0.000000000000000000e+00,2.102413558959960938e+01,1.000000000000000000e+00
1.564000000000000057e+01,0.000000000000000000e+00,0.000000000000000000e+00,2.104786682128906250e+01,1.000000000000000000e+00
1.566000000000000014e+01,0.000000000000000000e+00,0.000000000000000000e+00,2.107159423828125000e+01,1.000000000000000000e+00
1.567999999999999972e+01,0.000000000000000000e+00,0.000000000000000000e+00,2.109531974792480469e+01,1.000000000000000000e+00
1.570000000000000107e+01,0.000000000000000000e+00,0.000000000000000000e+00,2.111904716491699219e+01,1.000000000000000000e+00
1.572000000000000064e+01,0.000000000000000000e+00,0.000000000000000000e+00,2.114277076721191406e+01,1.000000000000000000e+00
1.574000000000000021e+01,0.000000000000000000e+00,0.000000000000000000e+00,2.116648864746093750e+01,1.000000000000000000e+00
1.575999999999999979e+01,0.000000000000000000e+00,0.000000000000000000e+00,2.119020271301269531e+01,1.000000000000000000e+00
1.578000000000000114e+01,0.000000000000000000e+00,0.000000000000000000e+00,2.121391105651855469e+01,1.000000000000000000e+00
1.580000000000000071e+01,0.000000000000000000e+00,0.000000000000000000e+00,2.123761940002441406e+01,1.000000000000000000e+00
1.582000000000000028e+01,0.000000000000000000e+00,0.000000000000000000e+00,2.126132774353027344e+01,1.000000000000000000e+00
1.583999999999999986e+01,0.000000000000000000e+00,0.000000000000000000e+00,2.128503608703613281e+01,1.000000000000000000e+00
1.586000000000000121e+01,0.000000000000000000e+00,0.000000000000000000e+00,2.130873870849609375e+01,1.000000000000000000e+00
1.588000000000000078e+01,0.000000000000000000e+00,0.000000000000000000e+00,2.133243751525878906e+01,1.000000000000000000e+00
1.590000000000000036e+01,0.000000000000000000e+00,0.000000000000000000e+00,2.135613632202148438e+01,1.000000000000000000e+00
1.591999999999999993e+01,0.000000000000000000e+00,0.000000000000000000e+00,2.137983512878417969e+01,1.000000000000000000e+00
1.593999999999999950e+01,0.000000000000000000e+00,0.000000000000000000e+00,2.140353393554687500e+01,1.000000000000000000e+00
1.596000000000000085e+01,0.000000000000000000e+00,0.000000000000000000e+00,2.142722702026367188e+01,1.000000000000000000e+00
1.598000000000000043e+01,0.000000000000000000e+00,0.000000000000000000e+00,2.145091629028320312e+01,1.000000000000000000e+00
1.600000000000000000e+01,0.000000000000000000e+00,0.000000000000000000e+00,2.147460556030273438e+01,1.000000000000000000e+00
1.601999999999999957e+01,0.000000000000000000e+00,0.000000000000000000e+00,2.149829483032226562e+01,1.000000000000000000e+00
1.603999999999999915e+01,0.000000000000000000e+00,0.000000000000000000e+00,2.152198410034179688e+01,1.000000000000000000e+00
1.605999999999999872e+01,0.000000000000000000e+00,0.000000000000000000e+00,2.154566764831542969e+01,1.000000000000000000e+00
1.608000000000000185e+01,0.000000000000000000e+00,0.000000000000000000e+00,2.156934738159179688e+01,1.000000000000000000e+00
1.610000000000000142e+01,0.000000000000000000e+00,0.000000000000000000e+00,2.159302711486816406e+01,1.000000000000000000e+00
1.612000000000000099e+01,0.000000000000000000e+00,0.000000000000000000e+00,2.161670684814453125e+01,1.000000000000000000e+00
1.614000000000000057e+01,0.000000000000000000e+00,0.000000000000000000e+00,2.164038658142089844e+01,1.000000000000000000e+00
1.616000000000000014e+01,0.000000000000000000e+00,0.000000000000000000e+00,2.166406250000000000e+01,1.000000000000000000e+00
1.617999999999999972e+01,0.000000000000000000e+00,0.000000000000000000e+00,2.168773269653320312e+01,1.000000000000000000e+00
1.619999999999999929e+01,0.000000000000000000e+00,0.000000000000000000e+00,2.171140289306640625e+01,1.000000000000000000e+00
1.621999999999999886e+01,0.000000000000000000e+00,0.000000000000000000e+00,2.173507308959960938e+01,1.000000000000000000e+00
1.624000000000000199e+01,0.000000000000000000e+00,0.000000000000000000e+00,2.175874328613281250e+01,1.000000000000000000e+00
1.626000000000000156e+01,0.000000000000000000e+00,0.000000000000000000e+00,2.178241348266601562e+01,1.000000000000000000e+00
1.628000000000000114e+01,0.000000000000000000e+00,0.000000000000000000e+00,2.180607604980468750e+01,1.000000000000000000e+00
1.630000000000000071e+01,0.000000000000000000e+00,0.000000000000000000e+00,2.182974433898925781e+01,1.000000000000000000e+00
1.632000000000000028e+01,0.000000000000000000e+00,0.000000000000000000e+00,2.185341453552246094e+01,1.000000000000000000e+00
1.633999999999999986e+01,0.000000000000000000e+00,0.000000000000000000e+00,2.187707901000976562e+01,1.000000000000000000e+00
1.635999999999999943e+01,0.000000000000000000e+00,0.000000000000000000e+00,2.190073966979980469e+01,1.000000000000000000e+00
1.637999999999999901e+01,0.000000000000000000e+00,0.000000000000000000e+00,2.192440032958984375e+01,1.000000000000000000e+00
1.639999999999999858e+01,0.000000000000000000e+00,0.000000000000000000e+00,2.194806098937988281e+01,1.000000000000000000e+00
1.642000000000000171e+01,0.000000000000000000e+00,0.000000000000000000e+00,2.197172164916992188e+01,1.000000000000000000e+00
1.644000000000000128e+01,0.000000000000000000e+00,0.000000000000000000e+00,2.199537658691406250e+01,1.000000000000000000e+00
1.646000000000000085e+01,0.000000000000000000e+00,0.000000000000000000e+00,2.201902770996093750e+01,1.000000000000000000e+00
1.648000000000000043e+01,0.000000000000000000e+00,0.000000000000000000e+00,2.204267883300781250e+01,1.000000000000000000e+00
1.650000000000000000e+01,0.000000000000000000e+00,0.000000000000000000e+00,2.206632995605468750e+01,1.000000000000000000e+00
1.651999999999999957e+01,0.000000000000000000e+00,0.000000000000000000e+00,2.208998107910156250e+01,1.000000000000000000e+00
1.653999999999999915e+01,0.000000000000000000e+00,0.000000000000000000e+00,2.211363220214843750e+01,1.000000000000000000e+00
1.655999999999999872e+01,0.000000000000000000e+00,0.000000000000000000e+00,2.213727378845214844e+01,1.000000000000000000e+00
1.658000000000000185e+01,0.000000000000000000e+00,0.000000000000000000e+00,2.216091537475585938e+01,1.000000000000000000e+00
1.660000000000000142e+01,0.000000000000000000e+00,0.000000000000000000e+00,2.218455696105957031e+01,1.000000000000000000e+00
1.662000000000000099e+01,0.000000000000000000e+00,0.000000000000000000e+00,2.220819854736328125e+01,1.000000000000000000e+00
1.664000000000000057e+01,0.000000000000000000e+00,0.000000000000000000e+00,2.223184013366699219e+01,1.000000000000000000e+00
1.666000000000000014e+01,0.000000000000000000e+00,0.000000000000000000e+00,2.225547599792480469e+01,1.000000000000000000e+00
1.667999999999999972e+01,0.000000000000000000e+00,0.000000000000000000e+00,2.227910804748535156e+01,1.000000000000000000e+00
1.669999999999999929e+01,0.000000000000000000e+00,0.000000000000000000e+00,2.230274391174316406e+01,1.000000000000000000e+00
1.671999999999999886e+01,0.000000000000000000e+00,0.000000000000000000e+00,2.232638359069824219e+01,1.000000000000000000e+00
1.674000000000000199e+01,0.000000000000000000e+00,0.000000000000000000e+00,2.235001564025878906e+01,1.000000000000000000e+00
1.676000000000000156e+01,0.000000000000000000e+00,0.000000000000000000e+00,2.237364768981933594e+01,1.000000000000000000e+00
1.678000000000000114e+01,0.000000000000000000e+00,0.000000000000000000e+00,2.239727973937988281e+01,1.000000000000000000e+00
1.680000000000000071e+01,0.000000000000000000e+00,0.000000000000000000e+00,2.242091178894042969e+01,1.000000000000000000e+00
1.682000000000000028e+01,0.000000000000000000e+00,0.000000000000000000e+00,2.244454383850097656e+01,1.000000000000000000e+00
1.683999999999999986e+01,0.000000000000000000e+00,0.000000000000000000e+00,2.246817588806152344e+01,1.000000000000000000e+00
1.685999999999999943e+01,0.000000000000000000e+00,0.000000000000000000e+00,2.249180030822753906e+01,1.000000000000000000e+00
1.687999999999999901e+01,0.000000000000000000e+00,0.000000000000000000e+00,2.251542282104492188e+01,1.000000000000000000e+00
1.689999999999999858e+01,0.000000000000000000e+00,0.000000000000000000e+00,2.253904914855957031e+01,1.000000000000000000e+00
1.692000000000000171e+01,0.000000000000000000e+00,0.000000000000000000e+00,2.256268119812011719e+01,1.000000000000000000e+00
1.694000000000000128e+01,0.000000000000000000e+00,0.000000000000000000e+00,2.258630371093750000e+01,1.000000000000000000e+00
1.696000000000000085e+01,0.000000000000000000e+00,0.000000000000000000e+00,2.260992622375488281e+01,1.000000000000000000e+00
1.698000000000000043e+01,0.000000000000000000e+00,0.000000000000000000e+00,2.263354873657226562e+01,1.000000000000000000e+00
1.700000000000000000e+01,0.000000000000000000e+00,0.000000000000000000e+00,2.265717124938964844e+01,1.000000000000000000e+00
1.701999999999999957e+01,0.000000000000000000e+00,0.000000000000000000e+00,2.268079376220703125e+01,1.000000000000000000e+00
1.703999999999999915e+01,0.000000000000000000e+00,0.000000000000000000e+00,2.270441627502441406e+01,1.000000000000000000e+00
1.705999999999999872e+01,0.000000000000000000e+00,0.000000000000000000e+00,2.272803497314453125e+01,1.000000000000000000e+00
1.708000000000000185e+01,0.000000000000000000e+00,0.000000000000000000e+00,2.275164794921875000e+01,1.000000000000000000e+00
1.710000000000000142e+01,0.000000000000000000e+00,0.000000000000000000e+00,2.277526664733886719e+01,1.000000000000000000e+00
1.712000000000000099e+01,0.000000000000000000e+00,0.000000000000000000e+00,2.279888916015625000e+01,1.000000000000000000e+00
1.714000000000000057e+01,0.000000000000000000e+00,0.000000000000000000e+00,2.282250976562500000e+01,1.000000000000000000e+00
1.716000000000000014e+01,0.000000000000000000e+00,0.000000000000000000e+00,2.284612274169921875e+01,1.000000000000000000e+00
1.717999999999999972e+01,0.000000000000000000e+00,0.000000000000000000e+00,2.286973571777343750e+01,1.000000000000000000e+00
1.719999999999999929e+01,0.000000000000000000e+00,0.000000000000000000e+00,2.289335250854492188e+01,1.000000000000000000e+00
1.721999999999999886e+01,0.000000000000000000e+00,0.000000000000000000e+00,2.291697502136230469e+01,1.000000000000000000e+00
1.724000000000000199e+01,0.000000000000000000e+00,0.000000000000000000e+00,2.294059753417968750e+01,1.000000000000000000e+00
1.726000000000000156e+01,0.000000000000000000e+00,0.000000000000000000e+00,2.296421432495117188e+01,1.000000000000000000e+00
1.728000000000000114e+01,0.000000000000000000e+00,0.000000000000000000e+00,2.298783302307128906e+01,1.000000000000000000e+00
1.730000000000000071e+01,0.000000000000000000e+00,0.000000000000000000e+00,2.301145553588867188e+01,1.000000000000000000e+00
1.732000000000000028e+01,0.000000000000000000e+00,0.000000000000000000e+00,2.303508758544921875e+01,1.000000000000000000e+00
1.733999999999999986e+01,0.000000000000000000e+00,0.000000000000000000e+00,2.305871963500976562e+01,1.000000000000000000e+00
1.735999999999999943e+01,0.000000000000000000e+00,0.000000000000000000e+00,2.308235168457031250e+01,1.000000000000000000e+00
1.737999999999999901e+01,0.000000000000000000e+00,0.000000000000000000e+00,2.310598373413085938e+01,1.000000000000000000e+00
1.740000000000000213e+01,0.000000000000000000e+00,0.000000000000000000e+00,2.312962150573730469e+01,1.000000000000000000e+00
1.742000000000000171e+01,0.000000000000000000e+00,0.000000000000000000e+00,2.315326309204101562e+01,1.000000000000000000e+00
1.744000000000000128e+01,0.000000000000000000e+00,0.000000000000000000e+00,2.317690467834472656e+01,1.000000000000000000e+00
1.746000000000000085e+01,0.000000000000000000e+00,0.000000000000000000e+00,2.320054054260253906e+01,1.000000000000000000e+00
1.748000000000000043e+01,0.000000000000000000e+00,0.000000000000000000e+00,2.322417259216308594e+01,1.000000000000000000e+00
1.750000000000000000e+01,0.000000000000000000e+00,0.000000000000000000e+00,2.324780654907226562e+01,1.000000000000000000e+00
1.751999999999999957e+01,0.000000000000000000e+00,0.000000000000000000e+00,2.327144050598144531e+01,1.000000000000000000e+00
1.753999999999999915e+01,0.000000000000000000e+00,0.000000000000000000e+00,2.329507255554199219e+01,1.000000000000000000e+00
1.755999999999999872e+01,0.000000000000000000e+00,0.000000000000000000e+00,2.331870460510253906e+01,1.000000000000000000e+00
1.758000000000000185e+01,0.000000000000000000e+00,0.000000000000000000e+00,2.334233665466308594e+01,1.000000000000000000e+00
1.760000000000000142e+01,0.000000000000000000e+00,0.000000000000000000e+00,2.336597061157226562e+01,1.000000000000000000e+00
1.762000000000000099e+01,0.000000000000000000e+00,0.000000000000000000e+00,2.338961219787597656e+01,1.000000000000000000e+00
1.764000000000000057e+01,0.000000000000000000e+00,0.000000000000000000e+00,2.341324424743652344e+01,1.000000000000000000e+00
1.766000000000000014e+01,0.000000000000000000e+00,0.000000000000000000e+00,2.343687629699707031e+01,1.000000000000000000e+00
1.767999999999999972e+01,0.000000000000000000e+00,0.000000000000000000e+00,2.346050834655761719e+01,1.000000000000000000e+00
1.769999999999999929e+01,0.000000000000000000e+00,0.000000000000000000e+00,2.348414230346679688e+01,1.000000000000000000e+00
1.771999999999999886e+01,0.000000000000000000e+00,0.000000000000000000e+00,2.350778388977050781e+01,2.000000000000000000e+00
1.774000000000000199e+01,1.110308687202632427e-03,8.475868895629901090e-08,2.353144454956054688e+01,2.000000000000000000e+00
1.776000000000000156e+01,4.555806517601013184e-03,1.272716417588526383e-06,2.355516624450683594e+01,2.000000000000000000e+00
1.778000000000000114e+01,1.075896341353654861e-02,6.384905191225698218e-06,2.357898902893066406e+01,2.000000000000000000e+00
1.780000000000000071e+01,1.979723013937473297e-02,2.006654358410742134e-05,2.360293960571289062e+01,2.000000000000000000e+00
1.782000000000000028e+01,3.167170658707618713e-02,4.849716424359939992e-05,2.362702941894531250e+01,2.000000000000000000e+00
1.783999999999999986e+01,4.636863246560096741e-02,9.920098818838596344e-05,2.365127372741699219e+01,2.000000000000000000e+00
1.785999999999999943e+01,6.387229263782501221e-02,1.809309324016794562e-04,2.367567443847656250e+01,2.000000000000000000e+00
1.787999999999999901e+01,8.416789025068283081e-02,3.035104018636047840e-04,2.370023536682128906e+01,2.000000000000000000e+00
1.790000000000000213e+01,1.072422787547111511e-01,4.776610294356942177e-04,2.372495079040527344e+01,2.000000000000000000e+00
1.792000000000000171e+01,1.330860555171966553e-01,7.148766890168190002e-04,2.374981307983398438e+01,2.000000000000000000e+00
1.794000000000000128e+01,1.616946607828140259e-01,1.027322607114911079e-03,2.377481651306152344e+01,2.000000000000000000e+00
1.796000000000000085e+01,1.930660009384155273e-01,1.427843701094388962e-03,2.379994201660156250e+01,2.000000000000000000e+00
1.798000000000000043e+01,2.271999269723892212e-01,1.929919002577662468e-03,2.382517433166503906e+01,2.000000000000000000e+00
1.800000000000000000e+01,2.640975713729858398e-01,2.547502284869551659e-03,2.385048675537109375e+01,2.000000000000000000e+00
1.801999999999999957e+01,3.037603795528411865e-01,3.295029047876596451e-03,2.387585830688476562e+01,2.000000000000000000e+00
1.803999999999999915e+01,3.461904823780059814e-01,4.187283571809530258e-03,2.390126609802246094e+01,2.000000000000000000e+00
1.805999999999999872e+01,3.913912177085876465e-01,5.239238031208515167e-03,2.392668151855468750e+01,2.000000000000000000e+00
1.808000000000000185e+01,4.393669962882995605e-01,6.465977057814598083e-03,2.395207595825195312e+01,2.000000000000000000e+00
1.810000000000000142e+01,4.901230335235595703e-01,7.882589474320411682e-03,2.397740745544433594e+01,2.000000000000000000e+00
1.812000000000000099e+01,5.436653494834899902e-01,9.504385292530059814e-03,2.400264739990234375e+01,2.000000000000000000e+00
1.814000000000000057e+01,6.000005006790161133e-01,1.134662143886089325e-02,2.402776336669921875e+01,2.000000000000000000e+00
1.816000000000000014e+01,6.591353416442871094e-01,1.342426799237728119e-02,2.405271720886230469e+01,2.000000000000000000e+00
1.817999999999999972e+01,7.210769057273864746e-01,1.575201936066150665e-02,2.407746696472167969e+01,2.000000000000000000e+00
1.819999999999999929e+01,7.858319282531738281e-01,1.834420859813690186e-02,2.410196876525878906e+01,2.000000000000000000e+00
1.821999999999999886e+01,8.534070849418640137e-01,2.121512033045291901e-02,2.412618446350097656e+01,2.000000000000000000e+00
1.824000000000000199e+01,9.238084554672241211e-01,2.437873370945453644e-02,2.415007209777832031e+01,2.000000000000000000e+00
1.826000000000000156e+01,9.970407485961914062e-01,2.784883975982666016e-02,2.417359542846679688e+01,2.000000000000000000e+00
1.828000000000000114e+01,1.073108196258544922e+00,3.163890913128852844e-02,2.419671249389648438e+01,2.000000000000000000e+00
1.830000000000000071e+01,1.152013421058654785e+00,3.576202690601348877e-02,2.421938705444335938e+01,2.000000000000000000e+00
1.832000000000000028e+01,1.233758330345153809e+00,4.023137688636779785e-02,2.424158668518066406e+01,2.000000000000000000e+00
1.833999999999999986e+01,1.318344235420227051e+00,4.505971074104309082e-02,2.426328659057617188e+01,2.000000000000000000e+00
1.835999999999999943e+01,1.405771493911743164e+00,5.025914311408996582e-02,2.428445243835449219e+01,2.000000000000000000e+00
1.837999999999999901e+01,1.496039748191833496e+00,5.584130436182022095e-02,2.430505180358886719e+01,2.000000000000000000e+00
1.840000000000000213e+01,1.589147329330444336e+00,6.181721016764640808e-02,2.432505035400390625e+01,2.000000000000000000e+00
1.842000000000000171e+01,1.685092687606811523e+00,6.819798797369003296e-02,2.434442520141601562e+01,2.000000000000000000e+00
1.844000000000000128e+01,1.783873200416564941e+00,7.499460130929946899e-02,2.436314964294433594e+01,2.000000000000000000e+00
1.846000000000000085e+01,1.885485529899597168e+00,8.221735060214996338e-02,2.438119506835937500e+01,2.000000000000000000e+00
1.848000000000000043e+01,1.989924669265747070e+00,8.987610787153244019e-02,2.439853286743164062e+01,2.000000000000000000e+00
1.850000000000000000e+01,2.097185373306274414e+00,9.798039495944976807e-02,2.441513442993164062e+01,2.000000000000000000e+00
1.851999999999999957e+01,2.207261085510253906e+00,1.065398529171943665e-01,2.443097305297851562e+01,2.000000000000000000e+00
1.853999999999999915e+01,2.320144414901733398e+00,1.155639216303825378e-01,2.444602775573730469e+01,2.000000000000000000e+00
1.855999999999999872e+01,2.435827016830444336e+00,1.250617951154708862e-01,2.446027374267578125e+01,2.000000000000000000e+00
1.858000000000000185e+01,2.554299354553222656e+00,1.350427269935607910e-01,2.447368812561035156e+01,2.000000000000000000e+00
1.860000000000000142e+01,2.675551176071166992e+00,1.455159783363342285e-01,2.448624801635742188e+01,2.000000000000000000e+00
1.862000000000000099e+01,2.799571037292480469e+00,1.564912348985671997e-01,2.449794197082519531e+01,2.000000000000000000e+00
1.864000000000000057e+01,2.926347732543945312e+00,1.679783612489700317e-01,2.450875663757324219e+01,2.000000000000000000e+00
1.866000000000000014e+01,3.055868387222290039e+00,1.799870729446411133e-01,2.451867866516113281e+01,2.000000000000000000e+00
1.867999999999999972e+01,3.188118934631347656e+00,1.925271004438400269e-01,2.452769470214843750e+01,2.000000000000000000e+00
1.869999999999999929e+01,3.323085784912109375e+00,2.056083381175994873e-01,2.453579521179199219e+01,2.000000000000000000e+00
1.871999999999999886e+01,3.460753917694091797e+00,2.192412912845611572e-01,2.454296875000000000e+01,2.000000000000000000e+00
1.874000000000000199e+01,3.601107835769653320e+00,2.334365397691726685e-01,2.454921340942382812e+01,2.000000000000000000e+00
1.876000000000000156e+01,3.744131803512573242e+00,2.482047528028488159e-01,2.455452156066894531e+01,2.000000000000000000e+00
1.878000000000000114e+01,3.889808893203735352e+00,2.635570764541625977e-01,2.455888748168945312e+01,2.000000000000000000e+00
1.880000000000000071e+01,4.038122653961181641e+00,2.795050442218780518e-01,2.456230926513671875e+01,2.000000000000000000e+00
1.882000000000000028e+01,4.189054965972900391e+00,2.960606813430786133e-01,2.456478691101074219e+01,2.000000000000000000e+00
1.883999999999999986e+01,4.342587471008300781e+00,3.132364153861999512e-01,2.456632041931152344e+01,2.000000000000000000e+00
1.885999999999999943e+01,4.498701095581054688e+00,3.310449123382568359e-01,2.456691551208496094e+01,2.000000000000000000e+00
1.887999999999999901e+01,4.657377719879150391e+00,3.494994938373565674e-01,2.456657218933105469e+01,2.000000000000000000e+00
1.890000000000000213e+01,4.818597316741943359e+00,3.686139285564422607e-01,2.456529617309570312e+01,2.000000000000000000e+00
1.892000000000000171e+01,4.982340335845947266e+00,3.884025812149047852e-01,2.456309700012207031e+01,2.000000000000000000e+00
1.894000000000000128e+01,5.148585796356201172e+00,4.088804423809051514e-01,2.455998802185058594e+01,2.000000000000000000e+00
1.896000000000000085e+01,5.317314147949218750e+00,4.300628006458282471e-01,2.455597496032714844e+01,2.000000000000000000e+00
1.898000000000000043e+01,5.488504886627197266e+00,4.519653320312500000e-01,2.455106735229492188e+01,2.000000000000000000e+00
1.900000000000000000e+01,5.662137031555175781e+00,4.746041297912597656e-01,2.454527854919433594e+01,2.000000000000000000e+00
1.901999999999999957e+01,5.838190555572509766e+00,4.979960024356842041e-01,2.453862190246582031e+01,2.000000000000000000e+00
1.903999999999999915e+01,6.016644954681396484e+00,5.221581459045410156e-01,2.453111267089843750e+01,2.000000000000000000e+00
1.905999999999999872e+01,6.197477817535400391e+00,5.471080541610717773e-01,2.452276611328125000e+01,2.000000000000000000e+00
1.908000000000000185e+01,6.380670547485351562e+00,5.728635787963867188e-01,2.451359558105468750e+01,2.000000000000000000e+00
1.910000000000000142e+01,6.566200256347656250e+00,5.994427204132080078e-01,2.450361442565917969e+01,2.000000000000000000e+00
1.912000000000000099e+01,6.754048347473144531e+00,6.268634200096130371e-01,2.449283599853515625e+01,2.000000000000000000e+00
1.914000000000000057e+01,6.944192409515380859e+00,6.551442146301269531e-01,2.448127365112304688e+01,2.000000000000000000e+00
1.916000000000000014e+01,7.136612415313720703e+00,6.843038201332092285e-01,2.446894264221191406e+01,2.000000000000000000e+00
1.917999999999999972e+01,7.331288814544677734e+00,7.143611907958984375e-01,2.445585823059082031e+01,2.000000000000000000e+00
1.919999999999999929e+01,7.528200626373291016e+00,7.453349828720092773e-01,2.444202995300292969e+01,2.000000000000000000e+00
1.921999999999999886e+01,7.727327823638916016e+00,7.772442698478698730e-01,2.442747116088867188e+01,2.000000000000000000e+00
1.924000000000000199e+01,7.928650379180908203e+00,8.101084828376770020e-01,2.441219902038574219e+01,2.000000000000000000e+00
1.926000000000000156e+01,8.132149696350097656e+00,8.439469933509826660e-01,2.439622497558593750e+01,2.000000000000000000e+00
1.928000000000000114e+01,8.337804794311523438e+00,8.787786960601806641e-01,2.437956047058105469e+01,2.000000000000000000e+00
1.930000000000000071e+01,8.545596122741699219e+00,9.146220684051513672e-01,2.436221313476562500e+01,2.000000000000000000e+00
1.932000000000000028e+01,8.755505561828613281e+00,9.514959454536437988e-01,2.434418869018554688e+01,2.000000000000000000e+00
1.933999999999999986e+01,8.967514991760253906e+00,9.894192814826965332e-01,2.432550430297851562e+01,2.000000000000000000e+00
1.935999999999999943e+01,9.181604385375976562e+00,1.028410434722900391e+00,2.430616378784179688e+01,2.000000000000000000e+00
1.937999999999999901e+01,9.397754669189453125e+00,1.068487405776977539e+00,2.428617286682128906e+01,3.000000000000000000e+00
1.940000000000000213e+01,9.615450859069824219e+00,1.109382629394531250e+00,2.426473808288574219e+01,3.000000000000000000e+00
1.942000000000000171e+01,9.834219932556152344e+00,1.150911569595336914e+00,2.424139022827148438e+01,3.000000000000000000e+00
1.944000000000000128e+01,1.005392742156982422e+01,1.193094849586486816e+00,2.421626472473144531e+01,3.000000000000000000e+00
1.946000000000000085e+01,1.027453708648681641e+01,1.235988974571228027e+00,2.418957328796386719e+01,3.000000000000000000e+00
1.948000000000000043e+01,1.049605083465576172e+01,1.279663801193237305e+00,2.416155624389648438e+01,3.000000000000000000e+00
1.950000000000000000e+01,1.071847534179687500e+01,1.324190020561218262e+00,2.413245773315429688e+01,3.000000000000000000e+00
1.951999999999999957e+01,1.094177818298339844e+01,1.369631171226501465e+00,2.410251808166503906e+01,3.000000000000000000e+00
1.953999999999999915e+01,1.116592502593994141e+01,1.416044950485229492e+00,2.407196044921875000e+01,3.000000000000000000e+00
1.955999999999999872e+01,1.139088344573974609e+01,1.463483452796936035e+00,2.404099273681640625e+01,3.000000000000000000e+00
1.958000000000000185e+01,1.161662197113037109e+01,1.511991858482360840e+00,2.400978851318359375e+01,3.000000000000000000e+00
1.960000000000000142e+01,1.184311008453369141e+01,1.561608076095581055e+00,2.397850227355957031e+01,3.000000000000000000e+00
1.962000000000000099e+01,1.207032203674316406e+01,1.612363100051879883e+00,2.394726181030273438e+01,3.000000000000000000e+00
1.964000000000000057e+01,1.229823017120361328e+01,1.664281606674194336e+00,2.391617012023925781e+01,3.000000000000000000e+00
1.966000000000000014e+01,1.252681064605712891e+01,1.717381477355957031e+00,2.388530540466308594e+01,3.000000000000000000e+00
1.967999999999999972e+01,1.275604057312011719e+01,1.771673917770385742e+00,2.385472297668457031e+01,3.000000000000000000e+00
1.969999999999999929e+01,1.298589992523193359e+01,1.827163696289062500e+00,2.382445526123046875e+01,3.000000000000000000e+00
1.971999999999999886e+01,1.321637248992919922e+01,1.883851766586303711e+00,2.379450988769531250e+01,3.000000000000000000e+00
1.974000000000000199e+01,1.344744491577148438e+01,1.941734790802001953e+00,2.376488685607910156e+01,3.000000000000000000e+00
1.976000000000000156e+01,1.367910480499267578e+01,2.000805616378784180e+00,2.373556900024414062e+01,3.000000000000000000e+00
1.978000000000000114e+01,1.391134262084960938e+01,2.061053752899169922e+00,2.370651817321777344e+01,3.000000000000000000e+00
1.980000000000000071e+01,1.414415168762207031e+01,2.122466564178466797e+00,2.367769432067871094e+01,3.000000000000000000e+00
1.982000000000000028e+01,1.437752819061279297e+01,2.185029745101928711e+00,2.364904403686523438e+01,3.000000000000000000e+00
1.983999999999999986e+01,1.461146926879882812e+01,2.248727798461914062e+00,2.362051010131835938e+01,3.000000000000000000e+00
1.985999999999999943e+01,1.484597492218017578e+01,2.313544750213623047e+00,2.359203529357910156e+01,3.000000000000000000e+00
1.987999999999999901e+01,1.508104705810546875e+01,2.379464864730834961e+00,2.356355667114257812e+01,3.000000000000000000e+00
1.990000000000000213e+01,1.531668663024902344e+01,2.446471929550170898e+00,2.353501129150390625e+01,3.000000000000000000e+00
1.992000000000000171e+01,1.555289745330810547e+01,2.514550447463989258e+00,2.350633621215820312e+01,3.000000000000000000e+00
1.994000000000000128e+01,1.578968334197998047e+01,2.583685636520385742e+00,2.347747230529785156e+01,3.000000000000000000e+00
1.996000000000000085e+01,1.602704811096191406e+01,2.653863906860351562e+00,2.344836997985839844e+01,3.000000000000000000e+00
1.998000000000000043e+01,1.626499557495117188e+01,2.725072145462036133e+00,2.341897773742675781e+01,3.000000000000000000e+00
2.000000000000000000e+01,1.650352859497070312e+01,2.797298192977905273e+00,2.338924598693847656e+01,3.000000000000000000e+00
2.001999999999999957e+01,1.674265289306640625e+01,2.870530366897583008e+00,2.335913467407226562e+01,3.000000000000000000e+00
2.003999999999999915e+01,1.698237037658691406e+01,2.944758892059326172e+00,2.332860755920410156e+01,3.000000000000000000e+00
2.005999999999999872e+01,1.722268676757812500e+01,3.019975185394287109e+00,2.329763984680175781e+01,3.000000000000000000e+00
2.008000000000000185e+01,1.746360397338867188e+01,3.096171140670776367e+00,2.326620674133300781e+01,3.000000000000000000e+00
2.010000000000000142e+01,1.770512580871582031e+01,3.173339128494262695e+00,2.323428344726562500e+01,3.000000000000000000e+00
2.012000000000000099e+01,1.794725036621093750e+01,3.251471996307373047e+00,2.320185852050781250e+01,3.000000000000000000e+00
2.014000000000000057e+01,1.818998336791992188e+01,3.330563068389892578e+00,2.316891860961914062e+01,3.000000000000000000e+00
2.016000000000000014e+01,1.843332481384277344e+01,3.410606384277343750e+00,2.313546371459960938e+01,3.000000000000000000e+00
2.017999999999999972e+01,1.867727279663085938e+01,3.491596460342407227e+00,2.310148620605468750e+01,3.000000000000000000e+00
2.019999999999999929e+01,1.892183113098144531e+01,3.573527336120605469e+00,2.306699180603027344e+01,3.000000000000000000e+00
2.021999999999999886e+01,1.916700172424316406e+01,3.656392812728881836e+00,2.303197860717773438e+01,3.000000000000000000e+00
2.024000000000000199e+01,1.941278266906738281e+01,3.740185976028442383e+00,2.299645423889160156e+01,3.000000000000000000e+00
2.026000000000000156e+01,1.965917396545410156e+01,3.824901342391967773e+00,2.296042633056640625e+01,3.000000000000000000e+00
2.028000000000000114e+01,1.990617942810058594e+01,3.910531759262084961e+00,2.292390441894531250e+01,3.000000000000000000e+00
2.030000000000000071e+01,2.015380096435546875e+01,3.997069835662841797e+00,2.288689422607421875e+01,3.000000000000000000e+00
2.032000000000000028e+01,2.040203285217285156e+01,4.084507465362548828e+00,2.284940528869628906e+01,3.000000000000000000e+00
2.033999999999999986e+01,2.065088462829589844e+01,4.172833919525146484e+00,2.281144523620605469e+01,3.000000000000000000e+00
2.035999999999999943e+01,2.090035057067871094e+01,4.262041091918945312e+00,2.277302360534667969e+01,3.000000000000000000e+00
2.037999999999999901e+01,2.115043449401855469e+01,4.352118492126464844e+00,2.273414993286132812e+01,3.000000000000000000e+00
2.040000000000000213e+01,2.140114593505859375e+01,4.443054676055908203e+00,2.269483184814453125e+01,3.000000000000000000e+00
2.042000000000000171e+01,2.165247726440429688e+01,4.534837245941162109e+00,2.265507316589355469e+01,3.000000000000000000e+00
2.044000000000000128e+01,2.190443801879882812e+01,4.627452850341796875e+00,2.261488151550292969e+01,3.000000000000000000e+00
2.046000000000000085e+01,2.215703010559082031e+01,4.720887660980224609e+00,2.257426071166992188e+01,3.000000000000000000e+00
2.048000000000000043e+01,2.241025733947753906e+01,4.815126895904541016e+00,2.253321647644042969e+01,3.000000000000000000e+00
2.050000000000000000e+01,2.266412353515625000e+01,4.910154819488525391e+00,2.249175262451171875e+01,3.000000000000000000e+00
2.051999999999999957e+01,2.291863441467285156e+01,5.005955219268798828e+00,2.244986915588378906e+01,3.000000000000000000e+00
2.053999999999999915e+01,2.317379379272460938e+01,5.102510452270507812e+00,2.240756607055664062e+01,3.000000000000000000e+00
2.055999999999999872e+01,2.342960929870605469e+01,5.199802398681640625e+00,2.236484336853027344e+01,3.000000000000000000e+00
2.058000000000000185e+01,2.368608474731445312e+01,5.297812461853027344e+00,2.232170295715332031e+01,3.000000000000000000e+00
2.060000000000000142e+01,2.394322586059570312e+01,5.396522045135498047e+00,2.227814483642578125e+01,3.000000000000000000e+00
2.062000000000000099e+01,2.420104408264160156e+01,5.495910167694091797e+00,2.223416519165039062e+01,3.000000000000000000e+00
2.064000000000000057e+01,2.445954132080078125e+01,5.595956325531005859e+00,2.218976211547851562e+01,3.000000000000000000e+00
2.066000000000000014e+01,2.471872901916503906e+01,5.696639060974121094e+00,2.214493942260742188e+01,3.000000000000000000e+00
2.067999999999999972e+01,2.497861099243164062e+01,5.797936916351318359e+00,2.209968948364257812e+01,3.000000000000000000e+00
2.069999999999999929e+01,2.523919868469238281e+01,5.899827003479003906e+00,2.205401802062988281e+01,3.000000000000000000e+00
2.071999999999999886e+01,2.550049591064453125e+01,6.002285003662109375e+00,2.200791740417480469e+01,3.000000000000000000e+00
2.074000000000000199e+01,2.576251983642578125e+01,6.105287551879882812e+00,2.196138763427734375e+01,3.000000000000000000e+00
2.076000000000000156e+01,2.602527427673339844e+01,6.208809852600097656e+00,2.191442871093750000e+01,3.000000000000000000e+00
2.078000000000000114e+01,2.628876876831054688e+01,6.312828063964843750e+00,2.186703109741210938e+01,3.000000000000000000e+00
2.080000000000000071e+01,2.655301284790039062e+01,6.417314529418945312e+00,2.181920433044433594e+01,3.000000000000000000e+00
2.082000000000000028e+01,2.681801986694335938e+01,6.522242069244384766e+00,2.177094268798828125e+01,3.000000000000000000e+00
2.083999999999999986e+01,2.708379364013671875e+01,6.627583503723144531e+00,2.172224617004394531e+01,3.000000000000000000e+00
2.085999999999999943e+01,2.735034751892089844e+01,6.733311653137207031e+00,2.167311286926269531e+01,3.000000000000000000e+00
2.087999999999999901e+01,2.761769485473632812e+01,6.839396476745605469e+00,2.162354469299316406e+01,3.000000000000000000e+00
2.090000000000000213e+01,2.788584136962890625e+01,6.945807933807373047e+00,2.157354354858398438e+01,3.000000000000000000e+00
2.092000000000000171e+01,2.815480613708496094e+01,7.052515506744384766e+00,2.152310943603515625e+01,3.000000000000000000e+00
2.094000000000000128e+01,2.842459487915039062e+01,7.159487247467041016e+00,2.147224044799804688e+01,3.000000000000000000e+00
2.096000000000000085e+01,2.869522285461425781e+01,7.266691207885742188e+00,2.142094230651855469e+01,3.000000000000000000e+00
2.098000000000000043e+01,2.896670150756835938e+01,7.374093055725097656e+00,2.136921501159667969e+01,3.000000000000000000e+00
2.100000000000000000e+01,2.923904418945312500e+01,7.481658458709716797e+00,2.131706047058105469e+01,3.000000000000000000e+00
2.101999999999999957e+01,2.951226043701171875e+01,7.589352607727050781e+00,2.126447677612304688e+01,3.000000000000000000e+00
2.103999999999999915e+01,2.978636741638183594e+01,7.697139739990234375e+00,2.121147155761718750e+01,3.000000000000000000e+00
2.105999999999999872e+01,3.006137657165527344e+01,7.804982662200927734e+00,2.115803909301757812e+01,3.000000000000000000e+00
2.108000000000000185e+01,3.033729743957519531e+01,7.912841796875000000e+00,2.110418701171875000e+01,3.000000000000000000e+00
2.110000000000000142e+01,3.061414909362792969e+01,8.020679473876953125e+00,2.104991340637207031e+01,3.000000000000000000e+00
2.112000000000000099e+01,3.089194297790527344e+01,8.128456115722656250e+00,2.099521446228027344e+01,3.000000000000000000e+00
2.114000000000000057e+01,3.117069244384765625e+01,8.236129760742187500e+00,2.094009208679199219e+01,3.000000000000000000e+00
2.116000000000000014e+01,3.145041084289550781e+01,8.343657493591308594e+00,2.088454627990722656e+01,3.000000000000000000e+00
2.117999999999999972e+01,3.173111152648925781e+01,8.450997352600097656e+00,2.082857894897460938e+01,3.000000000000000000e+00
2.119999999999999929e+01,3.201280975341796875e+01,8.558105468750000000e+00,2.077218818664550781e+01,3.000000000000000000e+00
2.121999999999999886e+01,3.229551696777343750e+01,8.664937973022460938e+00,2.071536827087402344e+01,3.000000000000000000e+00
2.124000000000000199e+01,3.257924652099609375e+01,8.771446228027343750e+00,2.065811347961425781e+01,3.000000000000000000e+00
2.126000000000000156e+01,3.286401367187500000e+01,8.877587318420410156e+00,2.060042572021484375e+01,3.000000000000000000e+00
2.128000000000000114e+01,3.314982986450195312e+01,8.983308792114257812e+00,2.054230117797851562e+01,3.000000000000000000e+00
2.130000000000000071e+01,3.343671798706054688e+01,9.088564872741699219e+00,2.048373413085937500e+01,3.000000000000000000e+00
2.132000000000000028e+01,3.372468185424804688e+01,9.193305969238281250e+00,2.042471885681152344e+01,3.000000000000000000e+00
2.133999999999999986e+01,3.401373672485351562e+01,9.297479629516601562e+00,2.036524772644042969e+01,3.000000000000000000e+00
2.135999999999999943e+01,3.430388641357421875e+01,9.401038169860839844e+00,2.030529785156250000e+01,3.000000000000000000e+00
2.137999999999999901e+01,3.459514236450195312e+01,9.503935813903808594e+00,2.024483489990234375e+01,3.000000000000000000e+00
2.140000000000000213e+01,3.488750839233398438e+01,9.606125831604003906e+00,2.018383026123046875e+01,3.000000000000000000e+00
2.142000000000000171e+01,3.518098068237304688e+01,9.707558631896972656e+00,2.012226104736328125e+01,3.000000000000000000e+00
2.144000000000000128e+01,3.547557449340820312e+01,9.808181762695312500e+00,2.006012153625488281e+01,3.000000000000000000e+00
2.146000000000000085e+01,3.577128982543945312e+01,9.907939910888671875e+00,1.999741554260253906e+01,3.000000000000000000e+00
2.148000000000000043e+01,3.606813049316406250e+01,1.000677680969238281e+01,1.993416023254394531e+01,3.000000000000000000e+00
2.150000000000000000e+01,3.636610412597656250e+01,1.010463428497314453e+01,1.987037849426269531e+01,3.000000000000000000e+00
2.151999999999999957e+01,3.666521453857421875e+01,1.020145225524902344e+01,1.980610084533691406e+01,3.000000000000000000e+00
2.153999999999999915e+01,3.696547698974609375e+01,1.029716968536376953e+01,1.974136924743652344e+01,3.000000000000000000e+00
2.155999999999999872e+01,3.726689529418945312e+01,1.039172458648681641e+01,1.967622756958007812e+01,3.000000000000000000e+00
2.158000000000000185e+01,3.756947326660156250e+01,1.048505783081054688e+01,1.961072349548339844e+01,3.000000000000000000e+00
2.160000000000000142e+01,3.787321090698242188e+01,1.057711315155029297e+01,1.954490470886230469e+01,3.000000000000000000e+00
2.162000000000000099e+01,3.817811203002929688e+01,1.066783237457275391e+01,1.947881889343261719e+01,3.000000000000000000e+00
2.164000000000000057e+01,3.848418045043945312e+01,1.075716209411621094e+01,1.941251945495605469e+01,3.000000000000000000e+00
2.166000000000000014e+01,3.879141616821289062e+01,1.084505367279052734e+01,1.934604644775390625e+01,3.000000000000000000e+00
2.167999999999999972e+01,3.909981536865234375e+01,1.093146324157714844e+01,1.927943992614746094e+01,3.000000000000000000e+00
2.169999999999999929e+01,3.940937042236328125e+01,1.101635074615478516e+01,1.921273422241210938e+01,3.000000000000000000e+00
2.171999999999999886e+01,3.972007751464843750e+01,1.109968090057373047e+01,1.914595985412597656e+01,3.000000000000000000e+00
2.174000000000000199e+01,4.003192901611328125e+01,1.118142127990722656e+01,1.907914733886718750e+01,3.000000000000000000e+00
2.176000000000000156e+01,4.034490966796875000e+01,1.126154804229736328e+01,1.901231575012207031e+01,3.000000000000000000e+00
2.178000000000000114e+01,4.065901184082031250e+01,1.134004020690917969e+01,1.894547653198242188e+01,3.000000000000000000e+00
2.180000000000000071e+01,4.097422409057617188e+01,1.141688346862792969e+01,1.887864303588867188e+01,3.000000000000000000e+00
2.182000000000000028e+01,4.129053115844726562e+01,1.149206161499023438e+01,1.881182098388671875e+01,3.000000000000000000e+00
2.183999999999999986e+01,4.160792160034179688e+01,1.156556701660156250e+01,1.874501800537109375e+01,3.000000000000000000e+00
2.185999999999999943e+01,4.192638015747070312e+01,1.163739395141601562e+01,1.867823410034179688e+01,3.000000000000000000e+00
2.187999999999999901e+01,4.224589920043945312e+01,1.170753860473632812e+01,1.861146736145019531e+01,3.000000000000000000e+00
2.190000000000000213e+01,4.256644821166992188e+01,1.177600193023681641e+01,1.854471397399902344e+01,3.000000000000000000e+00
2.192000000000000171e+01,4.288801956176757812e+01,1.184278392791748047e+01,1.847797203063964844e+01,3.000000000000000000e+00
2.194000000000000128e+01,4.321060562133789062e+01,1.190788650512695312e+01,1.841123771667480469e+01,3.000000000000000000e+00
2.196000000000000085e+01,4.353418731689453125e+01,1.197131443023681641e+01,1.834450912475585938e+01,3.000000000000000000e+00
2.198000000000000043e+01,4.385874938964843750e+01,1.203307151794433594e+01,1.827778053283691406e+01,3.000000000000000000e+00
2.200000000000000000e+01,4.418427658081054688e+01,1.209316539764404297e+01,1.821104049682617188e+01,3.000000000000000000e+00
2.201999999999999957e+01,4.451075744628906250e+01,1.215160083770751953e+01,1.814429092407226562e+01,3.000000000000000000e+00
2.203999999999999915e+01,4.483817672729492188e+01,1.220838356018066406e+01,1.807753181457519531e+01,3.000000000000000000e+00
2.205999999999999872e+01,4.516651916503906250e+01,1.226352119445800781e+01,1.801076126098632812e+01,3.000000000000000000e+00
2.208000000000000185e+01,4.549578094482421875e+01,1.231702136993408203e+01,1.794397544860839844e+01,3.000000000000000000e+00
2.210000000000000142e+01,4.582594299316406250e+01,1.236889266967773438e+01,1.787717056274414062e+01,3.000000000000000000e+00
2.212000000000000099e+01,4.615699386596679688e+01,1.241914176940917969e+01,1.781034660339355469e+01,3.000000000000000000e+00
2.214000000000000057e+01,4.648892211914062500e+01,1.246777629852294922e+01,1.774350929260253906e+01,3.000000000000000000e+00
2.216000000000000014e+01,4.682171630859375000e+01,1.251480484008789062e+01,1.767665672302246094e+01,3.000000000000000000e+00
2.217999999999999972e+01,4.715536499023437500e+01,1.256023693084716797e+01,1.760978698730468750e+01,3.000000000000000000e+00
2.219999999999999929e+01,4.748985290527343750e+01,1.260408210754394531e+01,1.754289817810058594e+01,3.000000000000000000e+00
2.221999999999999886e+01,4.782517242431640625e+01,1.264634895324707031e+01,1.747599411010742188e+01,3.000000000000000000e+00
2.224000000000000199e+01,4.816131210327148438e+01,1.268704414367675781e+01,1.740907859802246094e+01,3.000000000000000000e+00
2.226000000000000156e+01,4.849826431274414062e+01,1.272617912292480469e+01,1.734215354919433594e+01,3.000000000000000000e+00
2.228000000000000114e+01,4.883601760864257812e+01,1.276376438140869141e+01,1.727521324157714844e+01,3.000000000000000000e+00
2.230000000000000071e+01,4.917455673217773438e+01,1.279981040954589844e+01,1.720825767517089844e+01,3.000000000000000000e+00
2.232000000000000028e+01,4.951387405395507812e+01,1.283432865142822266e+01,1.714128875732421875e+01,3.000000000000000000e+00
2.233999999999999986e+01,4.985396575927734375e+01,1.286732673645019531e+01,1.707431030273437500e+01,3.000000000000000000e+00
2.235999999999999943e+01,5.019480895996093750e+01,1.289881706237792969e+01,1.700732231140136719e+01,3.000000000000000000e+00
2.237999999999999901e+01,5.053641128540039062e+01,1.292880916595458984e+01,1.694032287597656250e+01,3.000000000000000000e+00
2.240000000000000213e+01,5.087875366210937500e+01,1.295731639862060547e+01,1.687330627441406250e+01,3.000000000000000000e+00
2.242000000000000171e+01,5.122182846069335938e+01,1.298435115814208984e+01,1.680627250671386719e+01,3.000000000000000000e+00
2.244000000000000128e+01,5.156562423706054688e+01,1.300992393493652344e+01,1.673922348022460938e+01,3.000000000000000000e+00
2.246000000000000085e+01,5.191013336181640625e+01,1.303404617309570312e+01,1.667215728759765625e+01,3.000000000000000000e+00
2.248000000000000043e+01,5.225535202026367188e+01,1.305672931671142578e+01,1.660507202148437500e+01,3.000000000000000000e+00
2.250000000000000000e+01,5.260126495361328125e+01,1.307798767089843750e+01,1.653796195983886719e+01,3.000000000000000000e+00
2.251999999999999957e+01,5.294786453247070312e+01,1.309783363342285156e+01,1.647082519531250000e+01,3.000000000000000000e+00
2.253999999999999915e+01,5.329514694213867188e+01,1.311627483367919922e+01,1.640366935729980469e+01,3.000000000000000000e+00
2.255999999999999872e+01,5.364310455322265625e+01,1.313332366943359375e+01,1.633649063110351562e+01,3.000000000000000000e+00
2.258000000000000185e+01,5.399172210693359375e+01,1.314899444580078125e+01,1.626928710937500000e+01,3.000000000000000000e+00
2.260000000000000142e+01,5.434099578857421875e+01,1.316329956054687500e+01,1.620205497741699219e+01,3.000000000000000000e+00
2.262000000000000099e+01,5.469091415405273438e+01,1.317624759674072266e+01,1.613479423522949219e+01,3.000000000000000000e+00
2.264000000000000057e+01,5.504147720336914062e+01,1.318785095214843750e+01,1.606751060485839844e+01,3.000000000000000000e+00
2.266000000000000014e+01,5.539267730712890625e+01,1.319812107086181641e+01,1.600020027160644531e+01,3.000000000000000000e+00
2.267999999999999972e+01,5.574450302124023438e+01,1.320707130432128906e+01,1.593285751342773438e+01,3.000000000000000000e+00
2.269999999999999929e+01,5.609694671630859375e+01,1.321471405029296875e+01,1.586547851562500000e+01,3.000000000000000000e+00
2.271999999999999886e+01,5.645000839233398438e+01,1.322106170654296875e+01,1.579806423187255859e+01,3.000000000000000000e+00
2.274000000000000199e+01,5.680367660522460938e+01,1.322612476348876953e+01,1.573061656951904297e+01,3.000000000000000000e+00
2.276000000000000156e+01,5.715794754028320312e+01,1.322991561889648438e+01,1.566313457489013672e+01,3.000000000000000000e+00
2.278000000000000114e+01,5.751281738281250000e+01,1.323244476318359375e+01,1.559561347961425781e+01,3.000000000000000000e+00
2.280000000000000071e+01,5.786827850341796875e+01,1.323372745513916016e+01,1.552805042266845703e+01,3.000000000000000000e+00
2.282000000000000028e+01,5.822432327270507812e+01,1.323377132415771484e+01,1.546044635772705078e+01,3.000000000000000000e+00
2.283999999999999986e+01,5.858095550537109375e+01,1.323258876800537109e+01,1.539280509948730469e+01,3.000000000000000000e+00
2.285999999999999943e+01,5.893816375732421875e+01,1.323019123077392578e+01,1.532512378692626953e+01,3.000000000000000000e+00
2.287999999999999901e+01,5.929594421386718750e+01,1.322659111022949219e+01,1.525739765167236328e+01,3.000000000000000000e+00
2.290000000000000213e+01,5.965429306030273438e+01,1.322180271148681641e+01,1.518961906433105469e+01,3.000000000000000000e+00
2.292000000000000171e+01,6.001319885253906250e+01,1.321583557128906250e+01,1.512178897857666016e+01,3.000000000000000000e+00
2.294000000000000128e+01,6.037267303466796875e+01,1.320870208740234375e+01,1.505391025543212891e+01,3.000000000000000000e+00
2.296000000000000085e+01,6.073270416259765625e+01,1.320041275024414062e+01,1.498598003387451172e+01,3.000000000000000000e+00
2.298000000000000043e+01,6.109328460693359375e+01,1.319098091125488281e+01,1.491799354553222656e+01,3.000000000000000000e+00
2.300000000000000000e+01,6.145441818237304688e+01,1.318041992187500000e+01,1.484994697570800781e+01,3.000000000000000000e+00
2.301999999999999957e+01,6.181610107421875000e+01,1.316873836517333984e+01,1.478184509277343750e+01,3.000000000000000000e+00
2.303999999999999915e+01,6.217833328247070312e+01,1.315594577789306641e+01,1.471369838714599609e+01,3.000000000000000000e+00
2.305999999999999872e+01,6.254110717773437500e+01,1.314205169677734375e+01,1.464550781250000000e+01,3.000000000000000000e+00
2.308000000000000185e+01,6.290442657470703125e+01,1.312707042694091797e+01,1.457727241516113281e+01,3.000000000000000000e+00
2.310000000000000142e+01,6.326828384399414062e+01,1.311101245880126953e+01,1.450898742675781250e+01,3.000000000000000000e+00
2.312000000000000099e+01,6.363268280029296875e+01,1.309389114379882812e+01,1.444065666198730469e+01,3.000000000000000000e+00
2.314000000000000057e+01,6.399762725830078125e+01,1.307571506500244141e+01,1.437228584289550781e+01,3.000000000000000000e+00
2.316000000000000014e+01,6.436311340332031250e+01,1.305649662017822266e+01,1.430387306213378906e+01,3.000000000000000000e+00
2.317999999999999972e+01,6.472913360595703125e+01,1.303625106811523438e+01,1.423541069030761719e+01,3.000000000000000000e+00
2.319999999999999929e+01,6.509568786621093750e+01,1.301499366760253906e+01,1.416688251495361328e+01,3.000000000000000000e+00
2.321999999999999886e+01,6.546277618408203125e+01,1.299274063110351562e+01,1.409828376770019531e+01,3.000000000000000000e+00
2.324000000000000199e+01,6.583039093017578125e+01,1.296950435638427734e+01,1.402961635589599609e+01,3.000000000000000000e+00
2.326000000000000156e+01,6.619853210449218750e+01,1.294529533386230469e+01,1.396088314056396484e+01,3.000000000000000000e+00
2.328000000000000114e+01,6.656720733642578125e+01,1.292012882232666016e+01,1.389208889007568359e+01,3.000000000000000000e+00
2.330000000000000071e+01,6.693640899658203125e+01,1.289401817321777344e+01,1.382324123382568359e+01,3.000000000000000000e+00
2.332000000000000028e+01,6.730612182617187500e+01,1.286697292327880859e+01,1.375435733795166016e+01,3.000000000000000000e+00
2.333999999999999986e+01,6.767636108398437500e+01,1.283900642395019531e+01,1.368546390533447266e+01,3.000000000000000000e+00
2.335999999999999943e+01,6.804712677001953125e+01,1.281013011932373047e+01,1.361658477783203125e+01,3.000000000000000000e+00
2.337999999999999901e+01,6.841840362548828125e+01,1.278035831451416016e+01,1.354773712158203125e+01,3.000000000000000000e+00
2.340000000000000213e+01,6.879019927978515625e+01,1.274970626831054688e+01,1.347894287109375000e+01,3.000000000000000000e+00
2.342000000000000171e+01,6.916250610351562500e+01,1.271818923950195312e+01,1.341023063659667969e+01,3.000000000000000000e+00
2.344000000000000128e+01,6.953533172607421875e+01,1.268582248687744141e+01,1.334163188934326172e+01,3.000000000000000000e+00
2.346000000000000085e+01,6.990866088867187500e+01,1.265262413024902344e+01,1.327317333221435547e+01,3.000000000000000000e+00
2.348000000000000043e+01,7.028250122070312500e+01,1.261861324310302734e+01,1.320487689971923828e+01,3.000000000000000000e+00
2.350000000000000000e+01,7.065685272216796875e+01,1.258381080627441406e+01,1.313676071166992188e+01,3.000000000000000000e+00
2.351999999999999957e+01,7.103170013427734375e+01,1.254823970794677734e+01,1.306885433197021484e+01,3.000000000000000000e+00
2.353999999999999915e+01,7.140705108642578125e+01,1.251191997528076172e+01,1.300118350982666016e+01,3.000000000000000000e+00
2.355999999999999872e+01,7.178290557861328125e+01,1.247487640380859375e+01,1.293377399444580078e+01,3.000000000000000000e+00
2.358000000000000185e+01,7.215925598144531250e+01,1.243713665008544922e+01,1.286664485931396484e+01,3.000000000000000000e+00
2.360000000000000142e+01,7.253610229492187500e+01,1.239872646331787109e+01,1.279980945587158203e+01,3.000000000000000000e+00
2.362000000000000099e+01,7.291344451904296875e+01,1.235967540740966797e+01,1.273329162597656250e+01,3.000000000000000000e+00
2.364000000000000057e+01,7.329127502441406250e+01,1.232001304626464844e+01,1.266711330413818359e+01,3.000000000000000000e+00
2.366000000000000014e+01,7.366959381103515625e+01,1.227976894378662109e+01,1.260129451751708984e+01,3.000000000000000000e+00
2.367999999999999972e+01,7.404840087890625000e+01,1.223897361755371094e+01,1.253585338592529297e+01,3.000000000000000000e+00
2.369999999999999929e+01,7.442769622802734375e+01,1.219766044616699219e+01,1.247080326080322266e+01,3.000000000000000000e+00
2.371999999999999886e+01,7.480747985839843750e+01,1.215586376190185547e+01,1.240616512298583984e+01,3.000000000000000000e+00
2.374000000000000199e+01,7.518773651123046875e+01,1.211361694335937500e+01,1.234195804595947266e+01,3.000000000000000000e+00
2.376000000000000156e+01,7.556847381591796875e+01,1.207095527648925781e+01,1.227820110321044922e+01,3.000000000000000000e+00
2.378000000000000114e+01,7.594968414306640625e+01,1.202791404724121094e+01,1.221491050720214844e+01,3.000000000000000000e+00
2.380000000000000071e+01,7.633137512207031250e+01,1.198453044891357422e+01,1.215210723876953125e+01,3.000000000000000000e+00
2.382000000000000028e+01,7.671353912353515625e+01,1.194084358215332031e+01,1.208980560302734375e+01,3.000000000000000000e+00
2.383999999999999986e+01,7.709618377685546875e+01,1.189689064025878906e+01,1.202802371978759766e+01,3.000000000000000000e+00
2.385999999999999943e+01,7.747928619384765625e+01,1.185270977020263672e+01,1.196677970886230469e+01,3.000000000000000000e+00
2.387999999999999901e+01,7.786286163330078125e+01,1.180834102630615234e+01,1.190609264373779297e+01,3.000000000000000000e+00
2.390000000000000213e+01,7.824689483642578125e+01,1.176382446289062500e+01,1.184597969055175781e+01,3.000000000000000000e+00
2.392000000000000171e+01,7.863139343261718750e+01,1.171920013427734375e+01,1.178645324707031250e+01,3.000000000000000000e+00
2.394000000000000128e+01,7.901634979248046875e+01,1.167450809478759766e+01,1.172752857208251953e+01,3.000000000000000000e+00
2.396000000000000085e+01,7.940176391601562500e+01,1.162979125976562500e+01,1.166922092437744141e+01,3.000000000000000000e+00
2.398000000000000043e+01,7.978762817382812500e+01,1.158509063720703125e+01,1.161154747009277344e+01,3.000000000000000000e+00
2.400000000000000000e+01,8.017394256591796875e+01,1.154044628143310547e+01,1.155452156066894531e+01,3.000000000000000000e+00
2.401999999999999957e+01,8.056069946289062500e+01,1.149590206146240234e+01,1.149815464019775391e+01,3.000000000000000000e+00
2.403999999999999915e+01,8.094789886474609375e+01,1.145149898529052734e+01,1.144245719909667969e+01,3.000000000000000000e+00
2.406000000000000227e+01,8.133553314208984375e+01,1.140727806091308594e+01,1.138744449615478516e+01,3.000000000000000000e+00
2.408000000000000185e+01,8.172359466552734375e+01,1.136328125000000000e+01,1.133312797546386719e+01,3.000000000000000000e+00
2.410000000000000142e+01,8.211208343505859375e+01,1.131955146789550781e+01,1.127951908111572266e+01,3.000000000000000000e+00
2.412000000000000099e+01,8.250099182128906250e+01,1.127612781524658203e+01,1.122662258148193359e+01,3.000000000000000000e+00
2.414000000000000057e+01,8.289031982421875000e+01,1.123305320739746094e+01,1.117444324493408203e+01,3.000000000000000000e+00
2.416000000000000014e+01,8.328005981445312500e+01,1.119036769866943359e+01,1.112298965454101562e+01,3.000000000000000000e+00
2.417999999999999972e+01,8.367018890380859375e+01,1.114811134338378906e+01,1.107227325439453125e+01,3.000000000000000000e+00
2.419999999999999929e+01,8.406073760986328125e+01,1.110632419586181641e+01,1.102230167388916016e+01,3.000000000000000000e+00
2.421999999999999886e+01,8.445166778564453125e+01,1.106504535675048828e+01,1.097307777404785156e+01,3.000000000000000000e+00
2.424000000000000199e+01,8.484297943115234375e+01,1.102431297302246094e+01,1.092460536956787109e+01,3.000000000000000000e+00
2.426000000000000156e+01,8.523467254638671875e+01,1.098416519165039062e+01,1.087689304351806641e+01,3.000000000000000000e+00
2.428000000000000114e+01,8.562672424316406250e+01,1.094464015960693359e+01,1.082994747161865234e+01,3.000000000000000000e+00
2.430000000000000071e+01,8.601914215087890625e+01,1.090577411651611328e+01,1.078377628326416016e+01,3.000000000000000000e+00
2.432000000000000028e+01,8.641190338134765625e+01,1.086760330200195312e+01,1.073837947845458984e+01,3.000000000000000000e+00
2.433999999999999986e+01,8.680501556396484375e+01,1.083016014099121094e+01,1.069375801086425781e+01,3.000000000000000000e+00
2.435999999999999943e+01,8.719845581054687500e+01,1.079348182678222656e+01,1.064991569519042969e+01,3.000000000000000000e+00
2.437999999999999901e+01,8.759223175048828125e+01,1.075759983062744141e+01,1.060685729980468750e+01,3.000000000000000000e+00
2.440000000000000213e+01,8.798632049560546875e+01,1.072254657745361328e+01,1.056458568572998047e+01,3.000000000000000000e+00
2.442000000000000171e+01,8.838072204589843750e+01,1.068835449218750000e+01,1.052309799194335938e+01,3.000000000000000000e+00
2.444000000000000128e+01,8.877542114257812500e+01,1.065505218505859375e+01,1.048238945007324219e+01,3.000000000000000000e+00
2.446000000000000085e+01,8.917040252685546875e+01,1.062266826629638672e+01,1.044246196746826172e+01,3.000000000000000000e+00
2.448000000000000043e+01,8.956567382812500000e+01,1.059123229980468750e+01,1.040331649780273438e+01,3.000000000000000000e+00
2.450000000000000000e+01,8.996121215820312500e+01,1.056077098846435547e+01,1.036495304107666016e+01,3.000000000000000000e+00
2.451999999999999957e+01,9.035700988769531250e+01,1.053131103515625000e+01,1.032736778259277344e+01,3.000000000000000000e+00
2.453999999999999915e+01,9.075305175781250000e+01,1.050287628173828125e+01,1.029055690765380859e+01,3.000000000000000000e+00
2.456000000000000227e+01,9.114933013916015625e+01,1.047549247741699219e+01,1.025452327728271484e+01,3.000000000000000000e+00
2.458000000000000185e+01,9.154583740234375000e+01,1.044918346405029297e+01,1.021926784515380859e+01,3.000000000000000000e+00
2.460000000000000142e+01,9.194256591796875000e+01,1.042397117614746094e+01,1.018479347229003906e+01,3.000000000000000000e+00
2.462000000000000099e+01,9.233948516845703125e+01,1.039987754821777344e+01,1.015109729766845703e+01,3.000000000000000000e+00
2.464000000000000057e+01,9.273659515380859375e+01,1.037692356109619141e+01,1.011817932128906250e+01,3.000000000000000000e+00
2.466000000000000014e+01,9.313389587402343750e+01,1.035512733459472656e+01,1.008604240417480469e+01,3.000000000000000000e+00
2.467999999999999972e+01,9.353136444091796875e+01,1.033450984954833984e+01,1.005468750000000000e+01,3.000000000000000000e+00
2.469999999999999929e+01,9.392899322509765625e+01,1.031508922576904297e+01,1.002411746978759766e+01,3.000000000000000000e+00
2.471999999999999886e+01,9.432676696777343750e+01,1.029688072204589844e+01,9.994332313537597656e+00,3.000000000000000000e+00
2.474000000000000199e+01,9.472466278076171875e+01,1.027990150451660156e+01,9.965331077575683594e+00,3.000000000000000000e+00
2.476000000000000156e+01,9.512268066406250000e+01,1.026416873931884766e+01,9.937120437622070312e+00,3.000000000000000000e+00
2.478000000000000114e+01,9.552081298828125000e+01,1.024969482421875000e+01,9.909700393676757812e+00,3.000000000000000000e+00
2.480000000000000071e+01,9.591902160644531250e+01,1.023649406433105469e+01,9.883072853088378906e+00,3.000000000000000000e+00
2.482000000000000028e+01,9.631729888916015625e+01,1.022457885742187500e+01,9.857237815856933594e+00,3.000000000000000000e+00
2.483999999999999986e+01,9.671563720703125000e+01,1.021395969390869141e+01,9.832189559936523438e+00,3.000000000000000000e+00
2.485999999999999943e+01,9.711401367187500000e+01,1.020464706420898438e+01,9.807932853698730469e+00,3.000000000000000000e+00
2.487999999999999901e+01,9.751242065429687500e+01,1.019664955139160156e+01,9.784465789794921875e+00,3.000000000000000000e+00
2.490000000000000213e+01,9.791082763671875000e+01,1.018997669219970703e+01,9.761792182922363281e+00,3.000000000000000000e+00
2.492000000000000171e+01,9.830922698974609375e+01,1.018463611602783203e+01,9.739915847778320312e+00,3.000000000000000000e+00
2.494000000000000128e+01,9.870759582519531250e+01,1.018063735961914062e+01,9.718844413757324219e+00,3.000000000000000000e+00
2.496000000000000085e+01,9.910591888427734375e+01,1.017798423767089844e+01,9.698585510253906250e+00,3.000000000000000000e+00
2.498000000000000043e+01,9.950418090820312500e+01,1.017668342590332031e+01,9.679146766662597656e+00,3.000000000000000000e+00
2.500000000000000000e+01,9.990236663818359375e+01,1.017673683166503906e+01,9.660534858703613281e+00,3.000000000000000000e+00
2.501999999999999957e+01,1.003004608154296875e+02,1.017814826965332031e+01,9.642757415771484375e+00,3.000000000000000000e+00
2.503999999999999915e+01,1.006984329223632812e+02,1.018091964721679688e+01,9.625821113586425781e+00,3.000000000000000000e+00
2.506000000000000227e+01,1.010962829589843750e+02,1.018505382537841797e+01,9.609735488891601562e+00,3.000000000000000000e+00
2.508000000000000185e+01,1.014939880371093750e+02,1.019054698944091797e+01,9.594502449035644531e+00,3.000000000000000000e+00
2.510000000000000142e+01,1.018915328979492188e+02,1.019739532470703125e+01,9.580124855041503906e+00,3.000000000000000000e+00
2.512000000000000099e+01,1.022889099121093750e+02,1.020559597015380859e+01,9.566606521606445312e+00,3.000000000000000000e+00
2.514000000000000057e+01,1.026860961914062500e+02,1.021514606475830078e+01,9.553951263427734375e+00,3.000000000000000000e+00
2.516000000000000014e+01,1.030830688476562500e+02,1.022603893280029297e+01,9.542160987854003906e+00,3.000000000000000000e+00
2.517999999999999972e+01,1.034798202514648438e+02,1.023826789855957031e+01,9.531233787536621094e+00,3.000000000000000000e+00
2.519999999999999929e+01,1.038763351440429688e+02,1.025182533264160156e+01,9.521167755126953125e+00,3.000000000000000000e+00
2.521999999999999886e+01,1.042725906372070312e+02,1.026670169830322266e+01,9.511960029602050781e+00,3.000000000000000000e+00
2.524000000000000199e+01,1.046685867309570312e+02,1.028288936614990234e+01,9.503615379333496094e+00,3.000000000000000000e+00
2.526000000000000156e+01,1.050643157958984375e+02,1.030037975311279297e+01,9.496129035949707031e+00,3.000000000000000000e+00
2.528000000000000114e+01,1.054597396850585938e+02,1.031916236877441406e+01,9.489498138427734375e+00,3.000000000000000000e+00
2.530000000000000071e+01,1.058548660278320312e+02,1.033922576904296875e+01,9.483716964721679688e+00,3.000000000000000000e+00
2.532000000000000028e+01,1.062496719360351562e+02,1.036055946350097656e+01,9.478784561157226562e+00,3.000000000000000000e+00
2.533999999999999986e+01,1.066441421508789062e+02,1.038315296173095703e+01,9.474698066711425781e+00,3.000000000000000000e+00
2.535999999999999943e+01,1.070382766723632812e+02,1.040699386596679688e+01,9.471453666687011719e+00,3.000000000000000000e+00
2.537999999999999901e+01,1.074320602416992188e+02,1.043206977844238281e+01,9.469045639038085938e+00,3.000000000000000000e+00
2.540000000000000213e+01,1.078254699707031250e+02,1.045836734771728516e+01,9.467471122741699219e+00,3.000000000000000000e+00
2.542000000000000171e+01,1.082184982299804688e+02,1.048587703704833984e+01,9.466727256774902344e+00,3.000000000000000000e+00
2.544000000000000128e+01,1.086111450195312500e+02,1.051458644866943359e+01,9.466815948486328125e+00,3.000000000000000000e+00
2.546000000000000085e+01,1.090033874511718750e+02,1.054448032379150391e+01,9.467733383178710938e+00,3.000000000000000000e+00
2.548000000000000043e+01,1.093952178955078125e+02,1.057554817199707031e+01,9.469476699829101562e+00,3.000000000000000000e+00
2.550000000000000000e+01,1.097866287231445312e+02,1.060777568817138672e+01,9.472043037414550781e+00,3.000000000000000000e+00
2.551999999999999957e+01,1.101776046752929688e+02,1.064114761352539062e+01,9.475430488586425781e+00,3.000000000000000000e+00
2.553999999999999915e+01,1.105681381225585938e+02,1.067564868927001953e+01,9.479637145996093750e+00,3.000000000000000000e+00
2.556000000000000227e+01,1.109582138061523438e+02,1.071126461029052734e+01,9.484660148620605469e+00,3.000000000000000000e+00
2.558000000000000185e+01,1.113478240966796875e+02,1.074797916412353516e+01,9.490499496459960938e+00,3.000000000000000000e+00
2.560000000000000142e+01,1.117369689941406250e+02,1.078577613830566406e+01,9.497151374816894531e+00,3.000000000000000000e+00
2.562000000000000099e+01,1.121256256103515625e+02,1.082463741302490234e+01,9.504613876342773438e+00,3.000000000000000000e+00
2.564000000000000057e+01,1.125137939453125000e+02,1.086454486846923828e+01,9.512887001037597656e+00,3.000000000000000000e+00
2.566000000000000014e+01,1.129014587402343750e+02,1.090548038482666016e+01,9.521970748901367188e+00,3.000000000000000000e+00
2.567999999999999972e+01,1.132886199951171875e+02,1.094742488861083984e+01,9.531860351562500000e+00,3.000000000000000000e+00
2.569999999999999929e+01,1.136752624511718750e+02,1.099035835266113281e+01,9.542556762695312500e+00,3.000000000000000000e+00
2.571999999999999886e+01,1.140613784790039062e+02,1.103425979614257812e+01,9.554058074951171875e+00,3.000000000000000000e+00
2.574000000000000199e+01,1.144469680786132812e+02,1.107910823822021484e+01,9.566366195678710938e+00,3.000000000000000000e+00
2.576000000000000156e+01,1.148320236206054688e+02,1.112487983703613281e+01,9.579480171203613281e+00,3.000000000000000000e+00
2.578000000000000114e+01,1.152165298461914062e+02,1.117155361175537109e+01,9.593397140502929688e+00,3.000000000000000000e+00
2.580000000000000071e+01,1.156004791259765625e+02,1.121910285949707031e+01,9.608116149902343750e+00,3.000000000000000000e+00
2.582000000000000028e+01,1.159838790893554688e+02,1.126750564575195312e+01,9.623636245727539062e+00,3.000000000000000000e+00
2.583999999999999986e+01,1.163667221069335938e+02,1.131673431396484375e+01,9.639953613281250000e+00,3.000000000000000000e+00
2.585999999999999943e+01,1.167489929199218750e+02,1.136676406860351562e+01,9.657065391540527344e+00,3.000000000000000000e+00
2.587999999999999901e+01,1.171306915283203125e+02,1.141756534576416016e+01,9.674968719482421875e+00,3.000000000000000000e+00
2.590000000000000213e+01,1.175118179321289062e+02,1.146911239624023438e+01,9.693660736083984375e+00,3.000000000000000000e+00
2.592000000000000171e+01,1.178923721313476562e+02,1.152137565612792969e+01,9.713139533996582031e+00,3.000000000000000000e+00
2.594000000000000128e+01,1.182723236083984375e+02,1.157432651519775391e+01,9.733405113220214844e+00,3.000000000000000000e+00
2.596000000000000085e+01,1.186516952514648438e+02,1.162793254852294922e+01,9.754457473754882812e+00,3.000000000000000000e+00
2.598000000000000043e+01,1.190304870605468750e+02,1.168216514587402344e+01,9.776289939880371094e+00,3.000000000000000000e+00
2.600000000000000000e+01,1.194086761474609375e+02,1.173699092864990234e+01,9.798898696899414062e+00,3.000000000000000000e+00
2.601999999999999957e+01,1.197862777709960938e+02,1.179237937927246094e+01,9.822285652160644531e+00,3.000000000000000000e+00
2.603999999999999915e+01,1.201632843017578125e+02,1.184829521179199219e+01,9.846451759338378906e+00,3.000000000000000000e+00
2.606000000000000227e+01,1.205396957397460938e+02,1.190470504760742188e+01,9.871394157409667969e+00,3.000000000000000000e+00
2.608000000000000185e+01,1.209155197143554688e+02,1.196157455444335938e+01,9.897106170654296875e+00,3.000000000000000000e+00
2.610000000000000142e+01,1.212907333374023438e+02,1.201886940002441406e+01,9.923580169677734375e+00,3.000000000000000000e+00
2.612000000000000099e+01,1.216653594970703125e+02,1.207655334472656250e+01,9.950812339782714844e+00,3.000000000000000000e+00
2.614000000000000057e+01,1.220393905639648438e+02,1.213458728790283203e+01,9.978800773620605469e+00,3.000000000000000000e+00
2.616000000000000014e+01,1.224128265380859375e+02,1.219293594360351562e+01,1.000754070281982422e+01,3.000000000000000000e+00
2.617999999999999972e+01,1.227856750488281250e+02,1.225156211853027344e+01,1.003702735900878906e+01,3.000000000000000000e+00
2.619999999999999929e+01,1.231579208374023438e+02,1.231042671203613281e+01,1.006725406646728516e+01,3.000000000000000000e+00
2.621999999999999886e+01,1.235295791625976562e+02,1.236948966979980469e+01,1.009821796417236328e+01,3.000000000000000000e+00
2.624000000000000199e+01,1.239006347656250000e+02,1.242871189117431641e+01,1.012991619110107422e+01,3.000000000000000000e+00
2.626000000000000156e+01,1.242710952758789062e+02,1.248805141448974609e+01,1.016234493255615234e+01,3.000000000000000000e+00
2.628000000000000114e+01,1.246409606933593750e+02,1.254746913909912109e+01,1.019549560546875000e+01,3.000000000000000000e+00
2.630000000000000071e+01,1.250102233886718750e+02,1.260692310333251953e+01,1.022936058044433594e+01,3.000000000000000000e+00
2.632000000000000028e+01,1.253788833618164062e+02,1.266637229919433594e+01,1.026393222808837891e+01,3.000000000000000000e+00
2.633999999999999986e+01,1.257469482421875000e+02,1.272577571868896484e+01,1.029920673370361328e+01,3.000000000000000000e+00
2.635999999999999943e+01,1.261144180297851562e+02,1.278508949279785156e+01,1.033517456054687500e+01,3.000000000000000000e+00
2.637999999999999901e+01,1.264812774658203125e+02,1.284427165985107422e+01,1.037183189392089844e+01,3.000000000000000000e+00
2.640000000000000213e+01,1.268475341796875000e+02,1.290327930450439453e+01,1.040916633605957031e+01,3.000000000000000000e+00
2.642000000000000171e+01,1.272131958007812500e+02,1.296207141876220703e+01,1.044717025756835938e+01,3.000000000000000000e+00
2.644000000000000128e+01,1.275782623291015625e+02,1.302060413360595703e+01,1.048583889007568359e+01,3.000000000000000000e+00
2.646000000000000085e+01,1.279427185058593750e+02,1.307883548736572266e+01,1.052516174316406250e+01,3.000000000000000000e+00
2.648000000000000043e+01,1.283065795898437500e+02,1.313672256469726562e+01,1.056512832641601562e+01,3.000000000000000000e+00
2.650000000000000000e+01,1.286698455810546875e+02,1.319422245025634766e+01,1.060572528839111328e+01,3.000000000000000000e+00
2.651999999999999957e+01,1.290325164794921875e+02,1.325129222869873047e+01,1.064694309234619141e+01,3.000000000000000000e+00
2.653999999999999915e+01,1.293945922851562500e+02,1.330788993835449219e+01,1.068877220153808594e+01,3.000000000000000000e+00
2.656000000000000227e+01,1.297560729980468750e+02,1.336397266387939453e+01,1.073120594024658203e+01,3.000000000000000000e+00
2.658000000000000185e+01,1.301169586181640625e+02,1.341949939727783203e+01,1.077422714233398438e+01,3.000000000000000000e+00
2.660000000000000142e+01,1.304772338867187500e+02,1.347442722320556641e+01,1.081782436370849609e+01,3.000000000000000000e+00
2.662000000000000099e+01,1.308369293212890625e+02,1.352871417999267578e+01,1.086198806762695312e+01,4.000000000000000000e+00
2.664000000000000057e+01,1.311957702636718750e+02,1.358214187622070312e+01,1.090775203704833984e+01,4.000000000000000000e+00
2.666000000000000014e+01,1.315535125732421875e+02,1.363448810577392578e+01,1.095611190795898438e+01,4.000000000000000000e+00
2.667999999999999972e+01,1.319101867675781250e+02,1.368568325042724609e+01,1.100716114044189453e+01,4.000000000000000000e+00
2.669999999999999929e+01,1.322658233642578125e+02,1.373571300506591797e+01,1.106065940856933594e+01,4.000000000000000000e+00
2.671999999999999886e+01,1.326204376220703125e+02,1.378457832336425781e+01,1.111631965637207031e+01,4.000000000000000000e+00
2.674000000000000199e+01,1.329740753173828125e+02,1.383228683471679688e+01,1.117385768890380859e+01,4.000000000000000000e+00
2.676000000000000156e+01,1.333267669677734375e+02,1.387884330749511719e+01,1.123301792144775391e+01,4.000000000000000000e+00
2.678000000000000114e+01,1.336784973144531250e+02,1.392425251007080078e+01,1.129357337951660156e+01,4.000000000000000000e+00
2.680000000000000071e+01,1.340293121337890625e+02,1.396851921081542969e+01,1.135533046722412109e+01,4.000000000000000000e+00
2.682000000000000028e+01,1.343792266845703125e+02,1.401164340972900391e+01,1.141812419891357422e+01,4.000000000000000000e+00
2.683999999999999986e+01,1.347282257080078125e+02,1.405362224578857422e+01,1.148181438446044922e+01,4.000000000000000000e+00
2.685999999999999943e+01,1.350763244628906250e+02,1.409444999694824219e+01,1.154628276824951172e+01,4.000000000000000000e+00
2.687999999999999901e+01,1.354235229492187500e+02,1.413412094116210938e+01,1.161143398284912109e+01,4.000000000000000000e+00
2.690000000000000213e+01,1.357698211669921875e+02,1.417262458801269531e+01,1.167718601226806641e+01,4.000000000000000000e+00
2.692000000000000171e+01,1.361152038574218750e+02,1.420995044708251953e+01,1.174347019195556641e+01,4.000000000000000000e+00
2.694000000000000128e+01,1.364596557617187500e+02,1.424608898162841797e+01,1.181022930145263672e+01,4.000000000000000000e+00
2.696000000000000085e+01,1.368031768798828125e+02,1.428102588653564453e+01,1.187741661071777344e+01,4.000000000000000000e+00
2.698000000000000043e+01,1.371457366943359375e+02,1.431474590301513672e+01,1.194498729705810547e+01,4.000000000000000000e+00
2.700000000000000000e+01,1.374873199462890625e+02,1.434723663330078125e+01,1.201290893554687500e+01,4.000000000000000000e+00
2.701999999999999957e+01,1.378279113769531250e+02,1.437848472595214844e+01,1.208114528656005859e+01,4.000000000000000000e+00
2.703999999999999915e+01,1.381674957275390625e+02,1.440847301483154297e+01,1.214966773986816406e+01,4.000000000000000000e+00
2.706000000000000227e+01,1.385060424804687500e+02,1.443719100952148438e+01,1.221845245361328125e+01,4.000000000000000000e+00
2.708000000000000185e+01,1.388435363769531250e+02,1.446462631225585938e+01,1.228747272491455078e+01,4.000000000000000000e+00
2.710000000000000142e+01,1.391799468994140625e+02,1.449076557159423828e+01,1.235670566558837891e+01,4.000000000000000000e+00
2.712000000000000099e+01,1.395152587890625000e+02,1.451559925079345703e+01,1.242612648010253906e+01,4.000000000000000000e+00
2.714000000000000057e+01,1.398494873046875000e+02,1.453911781311035156e+01,1.249571323394775391e+01,4.000000000000000000e+00
2.716000000000000014e+01,1.401825866699218750e+02,1.456131267547607422e+01,1.256544208526611328e+01,4.000000000000000000e+00
2.717999999999999972e+01,1.405145416259765625e+02,1.458217811584472656e+01,1.263528728485107422e+01,4.000000000000000000e+00
2.719999999999999929e+01,1.408453369140625000e+02,1.460170841217041016e+01,1.270522499084472656e+01,4.000000000000000000e+00
2.721999999999999886e+01,1.411749267578125000e+02,1.461989879608154297e+01,1.277522850036621094e+01,4.000000000000000000e+00
2.724000000000000199e+01,1.415033721923828125e+02,1.463674831390380859e+01,1.284527206420898438e+01,4.000000000000000000e+00
2.726000000000000156e+01,1.418305969238281250e+02,1.465225696563720703e+01,1.291532421112060547e+01,4.000000000000000000e+00
2.728000000000000114e+01,1.421566314697265625e+02,1.466642475128173828e+01,1.298535919189453125e+01,4.000000000000000000e+00
2.730000000000000071e+01,1.424814605712890625e+02,1.467925453186035156e+01,1.305534553527832031e+01,4.000000000000000000e+00
2.732000000000000028e+01,1.428050842285156250e+02,1.469075012207031250e+01,1.312525081634521484e+01,4.000000000000000000e+00
2.733999999999999986e+01,1.431275024414062500e+02,1.470091533660888672e+01,1.319504451751708984e+01,4.000000000000000000e+00
2.735999999999999943e+01,1.434486999511718750e+02,1.470975780487060547e+01,1.326469326019287109e+01,4.000000000000000000e+00
2.737999999999999901e+01,1.437686920166015625e+02,1.471728515625000000e+01,1.333416366577148438e+01,4.000000000000000000e+00
2.740000000000000213e+01,1.440874786376953125e+02,1.472350502014160156e+01,1.340342330932617188e+01,4.000000000000000000e+00
2.742000000000000171e+01,1.444050598144531250e+02,1.472842788696289062e+01,1.347243595123291016e+01,4.000000000000000000e+00
2.744000000000000128e+01,1.447214508056640625e+02,1.473206520080566406e+01,1.354116821289062500e+01,4.000000000000000000e+00
2.746000000000000085e+01,1.450366210937500000e+02,1.473442745208740234e+01,1.360958480834960938e+01,4.000000000000000000e+00
2.748000000000000043e+01,1.453506469726562500e+02,1.473552703857421875e+01,1.367765331268310547e+01,4.000000000000000000e+00
2.750000000000000000e+01,1.456634521484375000e+02,1.473537635803222656e+01,1.374534034729003906e+01,4.000000000000000000e+00
2.751999999999999957e+01,1.459751129150390625e+02,1.473398876190185547e+01,1.381261253356933594e+01,4.000000000000000000e+00
2.753999999999999915e+01,1.462856292724609375e+02,1.473138046264648438e+01,1.387943649291992188e+01,4.000000000000000000e+00
2.756000000000000227e+01,1.465950012207031250e+02,1.472756099700927734e+01,1.394578075408935547e+01,4.000000000000000000e+00
2.758000000000000185e+01,1.469032287597656250e+02,1.472254657745361328e+01,1.401161289215087891e+01,4.000000000000000000e+00
2.760000000000000142e+01,1.472103576660156250e+02,1.471635055541992188e+01,1.407690525054931641e+01,4.000000000000000000e+00
2.762000000000000099e+01,1.475163726806640625e+02,1.470898818969726562e+01,1.414162921905517578e+01,4.000000000000000000e+00
2.764000000000000057e+01,1.478213195800781250e+02,1.470047378540039062e+01,1.420575618743896484e+01,4.000000000000000000e+00
2.766000000000000014e+01,1.481251831054687500e+02,1.469082164764404297e+01,1.426926136016845703e+01,4.000000000000000000e+00
2.767999999999999972e+01,1.484279785156250000e+02,1.468004608154296875e+01,1.433211898803710938e+01,4.000000000000000000e+00
2.769999999999999929e+01,1.487297363281250000e+02,1.466816043853759766e+01,1.439430618286132812e+01,4.000000000000000000e+00
2.771999999999999886e+01,1.490304565429687500e+02,1.465517807006835938e+01,1.445580005645751953e+01,4.000000000000000000e+00
2.774000000000000199e+01,1.493301696777343750e+02,1.464111232757568359e+01,1.451658058166503906e+01,4.000000000000000000e+00
2.776000000000000156e+01,1.496288757324218750e+02,1.462597656250000000e+01,1.457662868499755859e+01,4.000000000000000000e+00
2.778000000000000114e+01,1.499265899658203125e+02,1.460978317260742188e+01,1.463592720031738281e+01,4.000000000000000000e+00
2.780000000000000071e+01,1.502233276367187500e+02,1.459254455566406250e+01,1.469446182250976562e+01,4.000000000000000000e+00
2.782000000000000028e+01,1.505191040039062500e+02,1.457427215576171875e+01,1.475222015380859375e+01,4.000000000000000000e+00
2.783999999999999986e+01,1.508139343261718750e+02,1.455497646331787109e+01,1.480918788909912109e+01,4.000000000000000000e+00
2.785999999999999943e+01,1.511078338623046875e+02,1.453466987609863281e+01,1.486535453796386719e+01,4.000000000000000000e+00
2.787999999999999901e+01,1.514008178710937500e+02,1.451336193084716797e+01,1.492071342468261719e+01,4.000000000000000000e+00
2.790000000000000213e+01,1.516928863525390625e+02,1.449106311798095703e+01,1.497525501251220703e+01,4.000000000000000000e+00
2.792000000000000171e+01,1.519840545654296875e+02,1.446778392791748047e+01,1.502897548675537109e+01,4.000000000000000000e+00
2.794000000000000128e+01,1.522743377685546875e+02,1.444353199005126953e+01,1.508186912536621094e+01,4.000000000000000000e+00
2.796000000000000085e+01,1.525637512207031250e+02,1.441831779479980469e+01,1.513393306732177734e+01,4.000000000000000000e+00
2.798000000000000043e+01,1.528523101806640625e+02,1.439214897155761719e+01,1.518516445159912109e+01,4.000000000000000000e+00
2.800000000000000000e+01,1.531399993896484375e+02,1.436503219604492188e+01,1.523556518554687500e+01,4.000000000000000000e+00
2.801999999999999957e+01,1.534268493652343750e+02,1.433697700500488281e+01,1.528513240814208984e+01,4.000000000000000000e+00
2.803999999999999915e+01,1.537128753662109375e+02,1.430799102783203125e+01,1.533387184143066406e+01,4.000000000000000000e+00
2.806000000000000227e+01,1.539980621337890625e+02,1.427808094024658203e+01,1.538178443908691406e+01,4.000000000000000000e+00
2.808000000000000185e+01,1.542824249267578125e+02,1.424725532531738281e+01,1.542887496948242188e+01,4.000000000000000000e+00
2.810000000000000142e+01,1.545660095214843750e+02,1.421551799774169922e+01,1.547514724731445312e+01,4.000000000000000000e+00
2.812000000000000099e+01,1.548487548828125000e+02,1.418287754058837891e+01,1.552060890197753906e+01,4.000000000000000000e+00
2.814000000000000057e+01,1.551307373046875000e+02,1.414934062957763672e+01,1.556526565551757812e+01,4.000000000000000000e+00
2.816000000000000014e+01,1.554119110107421875e+02,1.411491107940673828e+01,1.560912609100341797e+01,4.000000000000000000e+00
2.817999999999999972e+01,1.556922912597656250e+02,1.407959651947021484e+01,1.565219879150390625e+01,4.000000000000000000e+00
2.819999999999999929e+01,1.559719085693359375e+02,1.404340267181396484e+01,1.569449043273925781e+01,4.000000000000000000e+00
2.821999999999999886e+01,1.562507629394531250e+02,1.400633430480957031e+01,1.573601341247558594e+01,4.000000000000000000e+00
2.824000000000000199e+01,1.565288543701171875e+02,1.396839809417724609e+01,1.577677631378173828e+01,4.000000000000000000e+00
2.826000000000000156e+01,1.568061828613281250e+02,1.392959785461425781e+01,1.581678962707519531e+01,4.000000000000000000e+00
2.828000000000000114e+01,1.570827484130859375e+02,1.388994026184082031e+01,1.585606479644775391e+01,4.000000000000000000e+00
2.830000000000000071e+01,1.573585510253906250e+02,1.384943103790283203e+01,1.589461421966552734e+01,4.000000000000000000e+00
2.832000000000000028e+01,1.576336059570312500e+02,1.380807495117187500e+01,1.593244838714599609e+01,4.000000000000000000e+00
2.833999999999999986e+01,1.579079589843750000e+02,1.376587772369384766e+01,1.596957874298095703e+01,4.000000000000000000e+00
2.835999999999999943e+01,1.581815490722656250e+02,1.372284317016601562e+01,1.600601959228515625e+01,4.000000000000000000e+00
2.837999999999999901e+01,1.584543762207031250e+02,1.367897987365722656e+01,1.604178237915039062e+01,4.000000000000000000e+00
2.840000000000000213e+01,1.587265014648437500e+02,1.363429164886474609e+01,1.607687759399414062e+01,4.000000000000000000e+00
2.842000000000000171e+01,1.589978790283203125e+02,1.358878326416015625e+01,1.611131858825683594e+01,4.000000000000000000e+00
2.844000000000000128e+01,1.592685089111328125e+02,1.354246139526367188e+01,1.614511680603027344e+01,4.000000000000000000e+00
2.846000000000000085e+01,1.595384368896484375e+02,1.349533176422119141e+01,1.617828559875488281e+01,4.000000000000000000e+00
2.848000000000000043e+01,1.598076171875000000e+02,1.344739913940429688e+01,1.621083831787109375e+01,4.000000000000000000e+00
2.850000000000000000e+01,1.600760955810546875e+02,1.339867019653320312e+01,1.624278640747070312e+01,4.000000000000000000e+00
2.851999999999999957e+01,1.603438262939453125e+02,1.334915065765380859e+01,1.627413940429687500e+01,4.000000000000000000e+00
2.853999999999999915e+01,1.606108551025390625e+02,1.329884719848632812e+01,1.630491447448730469e+01,4.000000000000000000e+00
2.856000000000000227e+01,1.608771514892578125e+02,1.324776744842529297e+01,1.633511734008789062e+01,4.000000000000000000e+00
2.858000000000000185e+01,1.611427307128906250e+02,1.319591617584228516e+01,1.636476325988769531e+01,4.000000000000000000e+00
2.860000000000000142e+01,1.614076080322265625e+02,1.314329910278320312e+01,1.639386177062988281e+01,4.000000000000000000e+00
2.862000000000000099e+01,1.616717529296875000e+02,1.308992481231689453e+01,1.642242431640625000e+01,4.000000000000000000e+00
2.864000000000000057e+01,1.619351959228515625e+02,1.303579998016357422e+01,1.645046234130859375e+01,4.000000000000000000e+00
2.866000000000000014e+01,1.621979370117187500e+02,1.298093032836914062e+01,1.647798156738281250e+01,4.000000000000000000e+00
2.867999999999999972e+01,1.624599609375000000e+02,1.292532444000244141e+01,1.650499725341796875e+01,4.000000000000000000e+00
2.869999999999999929e+01,1.627212677001953125e+02,1.286898994445800781e+01,1.653151512145996094e+01,4.000000000000000000e+00
2.871999999999999886e+01,1.629818878173828125e+02,1.281193447113037109e+01,1.655754661560058594e+01,4.000000000000000000e+00
2.874000000000000199e+01,1.632418060302734375e+02,1.275416564941406250e+01,1.658309936523437500e+01,4.000000000000000000e+00
2.876000000000000156e+01,1.635010070800781250e+02,1.269569015502929688e+01,1.660818290710449219e+01,4.000000000000000000e+00
2.878000000000000114e+01,1.637595214843750000e+02,1.263651657104492188e+01,1.663280487060546875e+01,4.000000000000000000e+00
2.880000000000000071e+01,1.640173339843750000e+02,1.257665348052978516e+01,1.665697479248046875e+01,4.000000000000000000e+00
2.882000000000000028e+01,1.642744445800781250e+02,1.251610946655273438e+01,1.668069839477539062e+01,4.000000000000000000e+00
2.883999999999999986e+01,1.645308685302734375e+02,1.245489311218261719e+01,1.670398330688476562e+01,4.000000000000000000e+00
2.885999999999999943e+01,1.647866058349609375e+02,1.239301109313964844e+01,1.672683334350585938e+01,4.000000000000000000e+00
2.887999999999999901e+01,1.650416564941406250e+02,1.233047389984130859e+01,1.674926185607910156e+01,4.000000000000000000e+00
2.890000000000000213e+01,1.652960357666015625e+02,1.226728820800781250e+01,1.677126884460449219e+01,4.000000000000000000e+00
2.892000000000000171e+01,1.655497283935546875e+02,1.220346546173095703e+01,1.679286384582519531e+01,4.000000000000000000e+00
2.894000000000000128e+01,1.658027496337890625e+02,1.213901329040527344e+01,1.681405258178710938e+01,4.000000000000000000e+00
2.896000000000000085e+01,1.660550994873046875e+02,1.207394218444824219e+01,1.683483695983886719e+01,4.000000000000000000e+00
2.898000000000000043e+01,1.663067779541015625e+02,1.200825977325439453e+01,1.685522270202636719e+01,4.000000000000000000e+00
2.900000000000000000e+01,1.665578002929687500e+02,1.194197559356689453e+01,1.687521553039550781e+01,4.000000000000000000e+00
2.901999999999999957e+01,1.668081512451171875e+02,1.187510108947753906e+01,1.689481925964355469e+01,4.000000000000000000e+00
2.903999999999999915e+01,1.670578460693359375e+02,1.180764389038085938e+01,1.691403579711914062e+01,4.000000000000000000e+00
2.906000000000000227e+01,1.673069000244140625e+02,1.173961353302001953e+01,1.693287086486816406e+01,4.000000000000000000e+00
2.908000000000000185e+01,1.675553131103515625e+02,1.167101955413818359e+01,1.695133399963378906e+01,4.000000000000000000e+00
2.910000000000000142e+01,1.678030700683593750e+02,1.160187339782714844e+01,1.696942138671875000e+01,4.000000000000000000e+00
2.912000000000000099e+01,1.680502014160156250e+02,1.153218269348144531e+01,1.698713684082031250e+01,4.000000000000000000e+00
2.914000000000000057e+01,1.682967071533203125e+02,1.146195888519287109e+01,1.700448417663574219e+01,4.000000000000000000e+00
2.916000000000000014e+01,1.685425720214843750e+02,1.139121150970458984e+01,1.702146720886230469e+01,4.000000000000000000e+00
2.917999999999999972e+01,1.687878265380859375e+02,1.131994915008544922e+01,1.703808784484863281e+01,4.000000000000000000e+00
2.919999999999999929e+01,1.690324707031250000e+02,1.124818229675292969e+01,1.705434608459472656e+01,4.000000000000000000e+00
2.921999999999999886e+01,1.692765197753906250e+02,1.117592144012451172e+01,1.707024574279785156e+01,4.000000000000000000e+00
2.924000000000000199e+01,1.695199584960937500e+02,1.110317611694335938e+01,1.708578872680664062e+01,4.000000000000000000e+00
2.926000000000000156e+01,1.697628173828125000e+02,1.102995777130126953e+01,1.710097885131835938e+01,4.000000000000000000e+00
2.928000000000000114e+01,1.700050659179687500e+02,1.095627498626708984e+01,1.711581420898437500e+01,4.000000000000000000e+00
2.930000000000000071e+01,1.702467498779296875e+02,1.088213920593261719e+01,1.713029861450195312e+01,4.000000000000000000e+00
2.932000000000000028e+01,1.704878540039062500e+02,1.080755996704101562e+01,1.714443206787109375e+01,4.000000000000000000e+00
2.933999999999999986e+01,1.707283935546875000e+02,1.073254871368408203e+01,1.715821838378906250e+01,4.000000000000000000e+00
2.935999999999999943e+01,1.709683990478515625e+02,1.065711212158203125e+01,1.717165756225585938e+01,4.000000000000000000e+00
2.937999999999999901e+01,1.712078399658203125e+02,1.058126258850097656e+01,1.718474769592285156e+01,4.000000000000000000e+00
2.940000000000000213e+01,1.714467468261718750e+02,1.050501155853271484e+01,1.719749450683593750e+01,4.000000000000000000e+00
2.942000000000000171e+01,1.716851196289062500e+02,1.042836666107177734e+01,1.720989608764648438e+01,4.000000000000000000e+00
2.944000000000000128e+01,1.719229736328125000e+02,1.035133934020996094e+01,1.722195434570312500e+01,4.000000000000000000e+00
2.946000000000000085e+01,1.721603088378906250e+02,1.027394008636474609e+01,1.723366928100585938e+01,4.000000000000000000e+00
2.948000000000000043e+01,1.723971557617187500e+02,1.019617748260498047e+01,1.724504280090332031e+01,4.000000000000000000e+00
2.950000000000000000e+01,1.726334838867187500e+02,1.011806392669677734e+01,1.725607681274414062e+01,4.000000000000000000e+00
2.951999999999999957e+01,1.728693389892578125e+02,1.003960800170898438e+01,1.726676750183105469e+01,4.000000000000000000e+00
2.953999999999999915e+01,1.731046905517578125e+02,9.960821151733398438e+00,1.727712249755859375e+01,4.000000000000000000e+00
2.956000000000000227e+01,1.733395843505859375e+02,9.881711006164550781e+00,1.728713607788085938e+01,4.000000000000000000e+00
2.958000000000000185e+01,1.735740203857421875e+02,9.802289962768554688e+00,1.729681587219238281e+01,4.000000000000000000e+00
2.960000000000000142e+01,1.738079986572265625e+02,9.722566604614257812e+00,1.730615615844726562e+01,4.000000000000000000e+00
2.962000000000000099e+01,1.740415344238281250e+02,9.642553329467773438e+00,1.731515884399414062e+01,4.000000000000000000e+00
2.964000000000000057e+01,1.742746276855468750e+02,9.562257766723632812e+00,1.732382774353027344e+01,4.000000000000000000e+00
2.966000000000000014e+01,1.745073089599609375e+02,9.481691360473632812e+00,1.733216285705566406e+01,4.000000000000000000e+00
2.967999999999999972e+01,1.747395477294921875e+02,9.400863647460937500e+00,1.734016418457031250e+01,4.000000000000000000e+00
2.969999999999999929e+01,1.749714050292968750e+02,9.319784164428710938e+00,1.734783554077148438e+01,4.000000000000000000e+00
2.971999999999999886e+01,1.752028808593750000e+02,9.238464355468750000e+00,1.735517883300781250e+01,4.000000000000000000e+00
2.974000000000000199e+01,1.754339752197265625e+02,9.156911849975585938e+00,1.736218833923339844e+01,4.000000000000000000e+00
2.976000000000000156e+01,1.756646881103515625e+02,9.075139045715332031e+00,1.736887359619140625e+01,4.000000000000000000e+00
2.978000000000000114e+01,1.758950195312500000e+02,8.993153572082519531e+00,1.737522888183593750e+01,4.000000000000000000e+00
2.980000000000000071e+01,1.761249694824218750e+02,8.910965919494628906e+00,1.738125801086425781e+01,4.000000000000000000e+00
2.982000000000000028e+01,1.763545837402343750e+02,8.828585624694824219e+00,1.738696289062500000e+01,4.000000000000000000e+00
2.983999999999999986e+01,1.765838470458984375e+02,8.746023178100585938e+00,1.739234542846679688e+01,4.000000000000000000e+00
2.985999999999999943e+01,1.768127899169921875e+02,8.663287162780761719e+00,1.739740562438964844e+01,4.000000000000000000e+00
2.987999999999999901e+01,1.770414123535156250e+02,8.580389022827148438e+00,1.740214729309082031e+01,4.000000000000000000e+00
2.990000000000000213e+01,1.772697143554687500e+02,8.497339248657226562e+00,1.740656852722167969e+01,4.000000000000000000e+00
2.992000000000000171e+01,1.774977264404296875e+02,8.414145469665527344e+00,1.741067504882812500e+01,4.000000000000000000e+00
2.994000000000000128e+01,1.777254333496093750e+02,8.330817222595214844e+00,1.741446495056152344e+01,4.000000000000000000e+00
2.996000000000000085e+01,1.779528656005859375e+02,8.247365951538085938e+00,1.741794395446777344e+01,4.000000000000000000e+00
2.998000000000000043e+01,1.781800231933593750e+02,8.163797378540039062e+00,1.742110824584960938e+01,4.000000000000000000e+00
3.000000000000000000e+01,1.784069213867187500e+02,8.080123901367187500e+00,1.742396545410156250e+01,4.000000000000000000e+00
3.001999999999999957e+01,1.786335601806640625e+02,7.996353626251220703e+00,1.742651367187500000e+01,4.000000000000000000e+00
3.003999999999999915e+01,1.788599548339843750e+02,7.912497043609619141e+00,1.742875671386718750e+01,4.000000000000000000e+00
3.006000000000000227e+01,1.790861206054687500e+02,7.828561782836914062e+00,1.743069839477539062e+01,4.000000000000000000e+00
3.008000000000000185e+01,1.793120574951171875e+02,7.744557857513427734e+00,1.743233871459960938e+01,4.000000000000000000e+00
3.010000000000000142e+01,1.795377807617187500e+02,7.660494804382324219e+00,1.743367958068847656e+01,4.000000000000000000e+00
3.012000000000000099e+01,1.797632904052734375e+02,7.576380729675292969e+00,1.743472480773925781e+01,4.000000000000000000e+00
3.014000000000000057e+01,1.799886016845703125e+02,7.492225170135498047e+00,1.743547630310058594e+01,4.000000000000000000e+00
3.016000000000000014e+01,1.802137298583984375e+02,7.408037185668945312e+00,1.743593406677246094e+01,4.000000000000000000e+00
3.017999999999999972e+01,1.804386596679687500e+02,7.323826313018798828e+00,1.743610572814941406e+01,4.000000000000000000e+00
3.019999999999999929e+01,1.806634368896484375e+02,7.239600658416748047e+00,1.743599128723144531e+01,4.000000000000000000e+00
3.021999999999999886e+01,1.808880462646484375e+02,7.155369281768798828e+00,1.743559074401855469e+01,4.000000000000000000e+00
3.024000000000000199e+01,1.811124877929687500e+02,7.071140766143798828e+00,1.743491172790527344e+01,4.000000000000000000e+00
3.026000000000000156e+01,1.813367919921875000e+02,6.986924171447753906e+00,1.743395233154296875e+01,4.000000000000000000e+00
3.028000000000000114e+01,1.815609436035156250e+02,6.902728080749511719e+00,1.743271827697753906e+01,4.000000000000000000e+00
3.030000000000000071e+01,1.817849731445312500e+02,6.818561553955078125e+00,1.743121147155761719e+01,4.000000000000000000e+00
3.032000000000000028e+01,1.820088653564453125e+02,6.734432697296142578e+00,1.742943382263183594e+01,4.000000000000000000e+00
3.033999999999999986e+01,1.822326660156250000e+02,6.650350570678710938e+00,1.742738914489746094e+01,4.000000000000000000e+00
3.035999999999999943e+01,1.824563446044921875e+02,6.566323280334472656e+00,1.742507934570312500e+01,4.000000000000000000e+00
3.037999999999999901e+01,1.826799316406250000e+02,6.482359886169433594e+00,1.742251014709472656e+01,4.000000000000000000e+00
3.040000000000000213e+01,1.829034271240234375e+02,6.398468494415283203e+00,1.741968154907226562e+01,4.000000000000000000e+00
3.042000000000000171e+01,1.831268310546875000e+02,6.314657688140869141e+00,1.741659736633300781e+01,4.000000000000000000e+00
3.044000000000000128e+01,1.833501586914062500e+02,6.230936527252197266e+00,1.741326141357421875e+01,4.000000000000000000e+00
3.046000000000000085e+01,1.835734252929687500e+02,6.147312641143798828e+00,1.740967559814453125e+01,4.000000000000000000e+00
3.048000000000000043e+01,1.837966308593750000e+02,6.063795089721679688e+00,1.740584182739257812e+01,4.000000000000000000e+00
3.050000000000000000e+01,1.840197906494140625e+02,5.980391502380371094e+00,1.740176773071289062e+01,4.000000000000000000e+00
3.051999999999999957e+01,1.842428741455078125e+02,5.897110462188720703e+00,1.739744758605957031e+01,4.000000000000000000e+00
3.053999999999999915e+01,1.844659271240234375e+02,5.813960075378417969e+00,1.739289474487304688e+01,4.000000000000000000e+00
3.056000000000000227e+01,1.846889343261718750e+02,5.730948448181152344e+00,1.738810729980468750e+01,4.000000000000000000e+00
3.058000000000000185e+01,1.849119415283203125e+02,5.648084163665771484e+00,1.738308715820312500e+01,4.000000000000000000e+00
3.060000000000000142e+01,1.851348876953125000e+02,5.565375328063964844e+00,1.737783813476562500e+01,4.000000000000000000e+00
3.062000000000000099e+01,1.853578186035156250e+02,5.482830047607421875e+00,1.737236404418945312e+01,4.000000000000000000e+00
3.064000000000000057e+01,1.855807495117187500e+02,5.400454998016357422e+00,1.736666679382324219e+01,4.000000000000000000e+00
3.066000000000000014e+01,1.858036804199218750e+02,5.318259716033935547e+00,1.736075210571289062e+01,4.000000000000000000e+00
3.067999999999999972e+01,1.860266113281250000e+02,5.236251354217529297e+00,1.735461807250976562e+01,4.000000000000000000e+00
3.069999999999999929e+01,1.862495422363281250e+02,5.154438972473144531e+00,1.734827232360839844e+01,4.000000000000000000e+00
3.071999999999999886e+01,1.864724731445312500e+02,5.072829246520996094e+00,1.734171485900878906e+01,4.000000000000000000e+00
3.074000000000000199e+01,1.866954345703125000e+02,4.991430759429931641e+00,1.733494949340820312e+01,4.000000000000000000e+00
3.076000000000000156e+01,1.869184417724609375e+02,4.910251140594482422e+00,1.732798004150390625e+01,4.000000000000000000e+00
3.078000000000000114e+01,1.871414489746093750e+02,4.829298019409179688e+00,1.732080650329589844e+01,4.000000000000000000e+00
3.080000000000000071e+01,1.873645172119140625e+02,4.748579025268554688e+00,1.731343460083007812e+01,4.000000000000000000e+00
3.082000000000000028e+01,1.875876007080078125e+02,4.668102264404296875e+00,1.730586242675781250e+01,4.000000000000000000e+00
3.083999999999999986e+01,1.878107452392578125e+02,4.587874889373779297e+00,1.729809951782226562e+01,4.000000000000000000e+00
3.085999999999999943e+01,1.880339202880859375e+02,4.507904529571533203e+00,1.729014587402343750e+01,4.000000000000000000e+00
3.087999999999999901e+01,1.882571563720703125e+02,4.428199291229248047e+00,1.728200149536132812e+01,4.000000000000000000e+00
3.090000000000000213e+01,1.884804534912109375e+02,4.348765850067138672e+00,1.727367019653320312e+01,4.000000000000000000e+00
3.092000000000000171e+01,1.887038116455078125e+02,4.269611835479736328e+00,1.726515388488769531e+01,4.000000000000000000e+00
3.094000000000000128e+01,1.889272308349609375e+02,4.190743923187255859e+00,1.725645828247070312e+01,4.000000000000000000e+00
3.096000000000000085e+01,1.891507263183593750e+02,4.112170696258544922e+00,1.724758338928222656e+01,4.000000000000000000e+00
3.098000000000000043e+01,1.893742980957031250e+02,4.033898353576660156e+00,1.723852920532226562e+01,4.000000000000000000e+00
3.100000000000000000e+01,1.895979461669921875e+02,3.955934047698974609e+00,1.722930335998535156e+01,4.000000000000000000e+00
3.101999999999999957e+01,1.898216705322265625e+02,3.878285408020019531e+00,1.721990585327148438e+01,4.000000000000000000e+00
3.103999999999999915e+01,1.900454864501953125e+02,3.800959348678588867e+00,1.721033859252929688e+01,4.000000000000000000e+00
3.106000000000000227e+01,1.902693939208984375e+02,3.723962545394897461e+00,1.720060348510742188e+01,4.000000000000000000e+00
3.108000000000000185e+01,1.904934082031250000e+02,3.647301912307739258e+00,1.719070243835449219e+01,4.000000000000000000e+00
3.110000000000000142e+01,1.907175140380859375e+02,3.570984363555908203e+00,1.718063926696777344e+01,4.000000000000000000e+00
3.112000000000000099e+01,1.909417114257812500e+02,3.495016574859619141e+00,1.717041397094726562e+01,4.000000000000000000e+00
3.114000000000000057e+01,1.911660156250000000e+02,3.419405460357666016e+00,1.716003036499023438e+01,4.000000000000000000e+00
3.116000000000000014e+01,1.913904266357421875e+02,3.344157457351684570e+00,1.714948844909667969e+01,4.000000000000000000e+00
3.117999999999999972e+01,1.916149444580078125e+02,3.269279003143310547e+00,1.713879203796386719e+01,4.000000000000000000e+00
3.119999999999999929e+01,1.918395843505859375e+02,3.194776296615600586e+00,1.712794303894042969e+01,4.000000000000000000e+00
3.122000000000000242e+01,1.920643310546875000e+02,3.120656013488769531e+00,1.711694145202636719e+01,4.000000000000000000e+00
3.124000000000000199e+01,1.922891998291015625e+02,3.046924352645874023e+00,1.710579299926757812e+01,4.000000000000000000e+00
3.126000000000000156e+01,1.925141906738281250e+02,2.973587274551391602e+00,1.709449195861816406e+01,4.000000000000000000e+00
3.128000000000000114e+01,1.927393035888671875e+02,2.900651216506958008e+00,1.708304786682128906e+01,4.000000000000000000e+00
3.130000000000000071e+01,1.929645538330078125e+02,2.828122138977050781e+00,1.707146072387695312e+01,4.000000000000000000e+00
3.132000000000000028e+01,1.931899261474609375e+02,2.756005764007568359e+00,1.705973052978515625e+01,4.000000000000000000e+00
3.133999999999999986e+01,1.934154205322265625e+02,2.684308052062988281e+00,1.704785728454589844e+01,4.000000000000000000e+00
3.135999999999999943e+01,1.936410522460937500e+02,2.613034963607788086e+00,1.703584098815917969e+01,4.000000000000000000e+00
3.137999999999999901e+01,1.938668365478515625e+02,2.542191982269287109e+00,1.702369117736816406e+01,4.000000000000000000e+00
3.140000000000000213e+01,1.940927429199218750e+02,2.471785068511962891e+00,1.701140213012695312e+01,4.000000000000000000e+00
3.142000000000000171e+01,1.943188018798828125e+02,2.401819229125976562e+00,1.699897766113281250e+01,4.000000000000000000e+00
3.144000000000000128e+01,1.945449981689453125e+02,2.332299947738647461e+00,1.698641967773437500e+01,4.000000000000000000e+00
3.146000000000000085e+01,1.947713470458984375e+02,2.263232707977294922e+00,1.697372817993164062e+01,4.000000000000000000e+00
3.148000000000000043e+01,1.949978332519531250e+02,2.194622755050659180e+00,1.696090507507324219e+01,4.000000000000000000e+00
3.150000000000000000e+01,1.952244720458984375e+02,2.126474857330322266e+00,1.694795227050781250e+01,4.000000000000000000e+00
3.151999999999999957e+01,1.954512634277343750e+02,2.058794260025024414e+00,1.693487167358398438e+01,4.000000000000000000e+00
3.153999999999999915e+01,1.956782073974609375e+02,1.991586208343505859e+00,1.692166328430175781e+01,4.000000000000000000e+00
3.156000000000000227e+01,1.959053039550781250e+02,1.924855351448059082e+00,1.690832710266113281e+01,4.000000000000000000e+00
3.158000000000000185e+01,1.961325683593750000e+02,1.858606338500976562e+00,1.689486694335937500e+01,4.000000000000000000e+00
3.160000000000000142e+01,1.963599853515625000e+02,1.792843937873840332e+00,1.688128089904785156e+01,4.000000000000000000e+00
3.162000000000000099e+01,1.965875549316406250e+02,1.727572798728942871e+00,1.686757278442382812e+01,4.000000000000000000e+00
3.164000000000000057e+01,1.968152923583984375e+02,1.662797212600708008e+00,1.685374259948730469e+01,4.000000000000000000e+00
3.166000000000000014e+01,1.970431976318359375e+02,1.598521709442138672e+00,1.683979225158691406e+01,4.000000000000000000e+00
3.167999999999999972e+01,1.972712554931640625e+02,1.534750461578369141e+00,1.682571792602539062e+01,4.000000000000000000e+00
3.169999999999999929e+01,1.974994812011718750e+02,1.471487760543823242e+00,1.681152534484863281e+01,4.000000000000000000e+00
3.172000000000000242e+01,1.977278747558593750e+02,1.408737659454345703e+00,1.679721832275390625e+01,4.000000000000000000e+00
3.174000000000000199e+01,1.979564361572265625e+02,1.346504092216491699e+00,1.678279113769531250e+01,4.000000000000000000e+00
3.176000000000000156e+01,1.981851654052734375e+02,1.284791111946105957e+00,1.676824951171875000e+01,4.000000000000000000e+00
3.178000000000000114e+01,1.984140625000000000e+02,1.223602533340454102e+00,1.675359153747558594e+01,4.000000000000000000e+00
3.180000000000000071e+01,1.986431274414062500e+02,1.162941932678222656e+00,1.673881912231445312e+01,4.000000000000000000e+00
3.182000000000000028e+01,1.988723754882812500e+02,1.102813243865966797e+00,1.672393226623535156e+01,4.000000000000000000e+00
3.183999999999999986e+01,1.991017761230468750e+02,1.043219685554504395e+00,1.670893287658691406e+01,4.000000000000000000e+00
3.185999999999999943e+01,1.993313598632812500e+02,9.841648340225219727e-01,1.669382095336914062e+01,4.000000000000000000e+00
3.187999999999999901e+01,1.995611267089843750e+02,9.256520867347717285e-01,1.667859649658203125e+01,4.000000000000000000e+00
3.190000000000000213e+01,1.997910614013671875e+02,8.676847219467163086e-01,1.666326141357421875e+01,4.000000000000000000e+00
3.192000000000000171e+01,2.000211791992187500e+02,8.102658987045288086e-01,1.664781761169433594e+01,4.000000000000000000e+00
3.194000000000000128e+01,2.002514648437500000e+02,7.533986568450927734e-01,1.663226509094238281e+01,4.000000000000000000e+00
3.196000000000000085e+01,2.004819335937500000e+02,6.970860958099365234e-01,1.661660194396972656e+01,4.000000000000000000e+00
3.198000000000000043e+01,2.007125854492187500e+02,6.413311362266540527e-01,1.660083198547363281e+01,4.000000000000000000e+00
3.200000000000000000e+01,2.009434051513671875e+02,5.861366391181945801e-01,1.658495521545410156e+01,4.000000000000000000e+00
3.202000000000000313e+01,2.011744079589843750e+02,5.315052866935729980e-01,1.656897163391113281e+01,4.000000000000000000e+00
3.203999999999999915e+01,2.014055938720703125e+02,4.774398207664489746e-01,1.655288314819335938e+01,4.000000000000000000e+00
3.206000000000000227e+01,2.016369628906250000e+02,4.239428043365478516e-01,1.653668975830078125e+01,4.000000000000000000e+00
3.207999999999999829e+01,2.018684997558593750e+02,3.710167706012725830e-01,1.652039146423339844e+01,4.000000000000000000e+00
3.210000000000000142e+01,2.021002197265625000e+02,3.186641335487365723e-01,1.650398826599121094e+01,4.000000000000000000e+00
3.211999999999999744e+01,2.023321380615234375e+02,2.668872475624084473e-01,1.648748207092285156e+01,4.000000000000000000e+00
3.214000000000000057e+01,2.025642395019531250e+02,2.156883478164672852e-01,1.647087287902832031e+01,4.000000000000000000e+00
3.216000000000000369e+01,2.027965087890625000e+02,1.650696694850921631e-01,1.645416450500488281e+01,4.000000000000000000e+00
3.217999999999999972e+01,2.030289611816406250e+02,1.150333434343338013e-01,1.643735122680664062e+01,4.000000000000000000e+00
3.220000000000000284e+01,2.032615966796875000e+02,6.558141857385635376e-02,1.642044067382812500e+01,4.000000000000000000e+00
3.221999999999999886e+01,2.034944305419921875e+02,1.671584136784076691e-02,1.640342712402343750e+01,4.000000000000000000e+00
3.224000000000000199e+01,2.037274475097656250e+02,-3.156148269772529602e-02,1.638631629943847656e+01,4.000000000000000000e+00
3.225999999999999801e+01,2.039606628417968750e+02,-7.924870401620864868e-02,1.636910247802734375e+01,4.000000000000000000e+00
3.228000000000000114e+01,2.041940612792968750e+02,-1.263440549373626709e-01,1.635179328918457031e+01,4.000000000000000000e+00
3.229999999999999716e+01,2.044276123046875000e+02,-1.728458106517791748e-01,1.633438873291015625e+01,4.000000000000000000e+00
3.232000000000000028e+01,2.046613616943359375e+02,-2.187523394823074341e-01,1.631688308715820312e+01,4.000000000000000000e+00
3.234000000000000341e+01,2.048952941894531250e+02,-2.640620470046997070e-01,1.629927825927734375e+01,4.000000000000000000e+00
3.235999999999999943e+01,2.051294250488281250e+02,-3.087733983993530273e-01,1.628157806396484375e+01,4.000000000000000000e+00
3.238000000000000256e+01,2.053637390136718750e+02,-3.528848290443420410e-01,1.626378250122070312e+01,4.000000000000000000e+00
3.239999999999999858e+01,2.055982513427734375e+02,-3.963949382305145264e-01,1.624589157104492188e+01,4.000000000000000000e+00
3.242000000000000171e+01,2.058329467773437500e+02,-4.393022358417510986e-01,1.622790527343750000e+01,4.000000000000000000e+00
3.243999999999999773e+01,2.060678405761718750e+02,-4.816053211688995361e-01,1.620982360839843750e+01,4.000000000000000000e+00
3.246000000000000085e+01,2.063029174804687500e+02,-5.233028531074523926e-01,1.619165611267089844e+01,4.000000000000000000e+00
3.248000000000000398e+01,2.065381469726562500e+02,-5.643933415412902832e-01,1.617339324951171875e+01,4.000000000000000000e+00
3.250000000000000000e+01,2.067735748291015625e+02,-6.048754453659057617e-01,1.615503501892089844e+01,4.000000000000000000e+00
3.252000000000000313e+01,2.070091857910156250e+02,-6.447477340698242188e-01,1.613658332824707031e+01,4.000000000000000000e+00
3.253999999999999915e+01,2.072449951171875000e+02,-6.840088963508605957e-01,1.611804389953613281e+01,4.000000000000000000e+00
3.256000000000000227e+01,2.074809875488281250e+02,-7.226576209068298340e-01,1.609940910339355469e+01,4.000000000000000000e+00
3.257999999999999829e+01,2.077171783447265625e+02,-7.606925368309020996e-01,1.608068656921386719e+01,4.000000000000000000e+00
3.260000000000000142e+01,2.079535522460937500e+02,-7.981122136116027832e-01,1.606187057495117188e+01,4.000000000000000000e+00
3.261999999999999744e+01,2.081901245117187500e+02,-8.349153399467468262e-01,1.604296684265136719e+01,4.000000000000000000e+00
3.264000000000000057e+01,2.084268798828125000e+02,-8.711004257202148438e-01,1.602396965026855469e+01,4.000000000000000000e+00
3.266000000000000369e+01,2.086638336181640625e+02,-9.066662192344665527e-01,1.600488662719726562e+01,4.000000000000000000e+00
3.267999999999999972e+01,2.089009704589843750e+02,-9.416112303733825684e-01,1.598571205139160156e+01,4.000000000000000000e+00
3.270000000000000284e+01,2.091383056640625000e+02,-9.759339690208435059e-01,1.596644973754882812e+01,4.000000000000000000e+00
3.271999999999999886e+01,2.093758239746093750e+02,-1.009632945060729980e+00,1.594709777832031250e+01,4.000000000000000000e+00
3.274000000000000199e+01,2.096134948730468750e+02,-1.042706966400146484e+00,1.592765808105468750e+01,4.000000000000000000e+00
3.275999999999999801e+01,2.098513641357421875e+02,-1.075154185295104980e+00,1.590812969207763672e+01,4.000000000000000000e+00
3.278000000000000114e+01,2.100894165039062500e+02,-1.106973171234130859e+00,1.588851451873779297e+01,4.000000000000000000e+00
3.279999999999999716e+01,2.103276672363281250e+02,-1.138162493705749512e+00,1.586881256103515625e+01,4.000000000000000000e+00
3.282000000000000028e+01,2.105661010742187500e+02,-1.168720483779907227e+00,1.584902381896972656e+01,4.000000000000000000e+00
3.284000000000000341e+01,2.108047332763671875e+02,-1.198645472526550293e+00,1.582914924621582031e+01,4.000000000000000000e+00
3.285999999999999943e+01,2.110435485839843750e+02,-1.227935791015625000e+00,1.580918884277343750e+01,4.000000000000000000e+00
3.288000000000000256e+01,2.112825622558593750e+02,-1.256590008735656738e+00,1.578914356231689453e+01,4.000000000000000000e+00
3.289999999999999858e+01,2.115217590332031250e+02,-1.284606337547302246e+00,1.576901340484619141e+01,4.000000000000000000e+00
3.292000000000000171e+01,2.117611541748046875e+02,-1.311982750892639160e+00,1.574879932403564453e+01,4.000000000000000000e+00
3.293999999999999773e+01,2.120007019042968750e+02,-1.338717937469482422e+00,1.572850131988525391e+01,4.000000000000000000e+00
3.296000000000000085e+01,2.122404327392578125e+02,-1.364809870719909668e+00,1.570812034606933594e+01,4.000000000000000000e+00
3.298000000000000398e+01,2.124803619384765625e+02,-1.390257120132446289e+00,1.568765735626220703e+01,4.000000000000000000e+00
3.300000000000000000e+01,2.127204742431640625e+02,-1.415057539939880371e+00,1.566711235046386719e+01,4.000000000000000000e+00
3.302000000000000313e+01,2.129607849121093750e+02,-1.439209342002868652e+00,1.564648628234863281e+01,4.000000000000000000e+00
3.303999999999999915e+01,2.132012786865234375e+02,-1.462710738182067871e+00,1.562577915191650391e+01,4.000000000000000000e+00
3.306000000000000227e+01,2.134419403076171875e+02,-1.485559940338134766e+00,1.560499191284179688e+01,4.000000000000000000e+00
3.307999999999999829e+01,2.136827850341796875e+02,-1.507754921913146973e+00,1.558412551879882812e+01,4.000000000000000000e+00
3.310000000000000142e+01,2.139238128662109375e+02,-1.529293775558471680e+00,1.556317996978759766e+01,4.000000000000000000e+00
3.311999999999999744e+01,2.141650390625000000e+02,-1.550174713134765625e+00,1.554215717315673828e+01,4.000000000000000000e+00
3.314000000000000057e+01,2.144064331054687500e+02,-1.570395827293395996e+00,1.552105617523193359e+01,4.000000000000000000e+00
3.316000000000000369e+01,2.146479949951171875e+02,-1.589955091476440430e+00,1.549987888336181641e+01,4.000000000000000000e+00
3.317999999999999972e+01,2.148897552490234375e+02,-1.608850598335266113e+00,1.547862529754638672e+01,4.000000000000000000e+00
3.320000000000000284e+01,2.151316833496093750e+02,-1.627080440521240234e+00,1.545729637145996094e+01,4.000000000000000000e+00
3.321999999999999886e+01,2.153737792968750000e+02,-1.644642710685729980e+00,1.543589210510253906e+01,4.000000000000000000e+00
3.324000000000000199e+01,2.156160736083984375e+02,-1.661535263061523438e+00,1.541441535949707031e+01,4.000000000000000000e+00
3.325999999999999801e+01,2.158585205078125000e+02,-1.677756428718566895e+00,1.539286422729492188e+01,4.000000000000000000e+00
3.328000000000000114e+01,2.161011505126953125e+02,-1.693304061889648438e+00,1.537123966217041016e+01,4.000000000000000000e+00
3.329999999999999716e+01,2.163439483642578125e+02,-1.708176493644714355e+00,1.534954357147216797e+01,4.000000000000000000e+00
3.332000000000000028e+01,2.165869293212890625e+02,-1.722371459007263184e+00,1.532777595520019531e+01,4.000000000000000000e+00
3.334000000000000341e+01,2.168300628662109375e+02,-1.735887289047241211e+00,1.530594062805175781e+01,4.000000000000000000e+00
3.335999999999999943e+01,2.170733795166015625e+02,-1.748721957206726074e+00,1.528403472900390625e+01,4.000000000000000000e+00
3.338000000000000256e+01,2.173168487548828125e+02,-1.760873675346374512e+00,1.526206016540527344e+01,4.000000000000000000e+00
3.339999999999999858e+01,2.175604858398437500e+02,-1.772340536117553711e+00,1.524001693725585938e+01,4.000000000000000000e+00
3.342000000000000171e+01,2.178043060302734375e+02,-1.783120870590209961e+00,1.521790599822998047e+01,4.000000000000000000e+00
3.343999999999999773e+01,2.180482788085937500e+02,-1.793212771415710449e+00,1.519572830200195312e+01,4.000000000000000000e+00
3.346000000000000085e+01,2.182924041748046875e+02,-1.802614331245422363e+00,1.517348480224609375e+01,4.000000000000000000e+00
3.348000000000000398e+01,2.185366973876953125e+02,-1.811324000358581543e+00,1.515117645263671875e+01,4.000000000000000000e+00
3.350000000000000000e+01,2.187811431884765625e+02,-1.819340109825134277e+00,1.512880325317382812e+01,4.000000000000000000e+00
3.352000000000000313e+01,2.190257415771484375e+02,-1.826660752296447754e+00,1.510636615753173828e+01,4.000000000000000000e+00
3.353999999999999915e+01,2.192705078125000000e+02,-1.833284378051757812e+00,1.508386611938476562e+01,4.000000000000000000e+00
3.356000000000000227e+01,2.195154266357421875e+02,-1.839209318161010742e+00,1.506130218505859375e+01,4.000000000000000000e+00
3.357999999999999829e+01,2.197604827880859375e+02,-1.844434022903442383e+00,1.503867626190185547e+01,4.000000000000000000e+00
3.360000000000000142e+01,2.200056915283203125e+02,-1.848956704139709473e+00,1.501598930358886719e+01,4.000000000000000000e+00
3.361999999999999744e+01,2.202510528564453125e+02,-1.852776050567626953e+00,1.499324131011962891e+01,4.000000000000000000e+00
3.364000000000000057e+01,2.204965515136718750e+02,-1.855890750885009766e+00,1.497043323516845703e+01,4.000000000000000000e+00
3.366000000000000369e+01,2.207422027587890625e+02,-1.858299255371093750e+00,1.494756507873535156e+01,4.000000000000000000e+00
3.367999999999999972e+01,2.209879913330078125e+02,-1.860000133514404297e+00,1.492463779449462891e+01,4.000000000000000000e+00
3.370000000000000284e+01,2.212339172363281250e+02,-1.860992312431335449e+00,1.490165328979492188e+01,4.000000000000000000e+00
3.371999999999999886e+01,2.214799957275390625e+02,-1.861274361610412598e+00,1.487860965728759766e+01,4.000000000000000000e+00
3.374000000000000199e+01,2.217261962890625000e+02,-1.860844969749450684e+00,1.485550880432128906e+01,4.000000000000000000e+00
3.375999999999999801e+01,2.219725341796875000e+02,-1.859702944755554199e+00,1.483235073089599609e+01,4.000000000000000000e+00
3.378000000000000114e+01,2.222190093994140625e+02,-1.857847213745117188e+00,1.480913639068603516e+01,4.000000000000000000e+00
3.379999999999999716e+01,2.224656219482421875e+02,-1.855276465415954590e+00,1.478586578369140625e+01,4.000000000000000000e+00
3.382000000000000028e+01,2.227123565673828125e+02,-1.851989984512329102e+00,1.476253986358642578e+01,4.000000000000000000e+00
3.384000000000000341e+01,2.229592132568359375e+02,-1.847986698150634766e+00,1.473915863037109375e+01,4.000000000000000000e+00
3.385999999999999943e+01,2.232062072753906250e+02,-1.843265414237976074e+00,1.471572303771972656e+01,4.000000000000000000e+00
3.388000000000000256e+01,2.234533081054687500e+02,-1.837825655937194824e+00,1.469223213195800781e+01,4.000000000000000000e+00
3.389999999999999858e+01,2.237005310058593750e+02,-1.831666231155395508e+00,1.466868782043457031e+01,4.000000000000000000e+00
3.392000000000000171e+01,2.239478759765625000e+02,-1.824786663055419922e+00,1.464509010314941406e+01,4.000000000000000000e+00
3.393999999999999773e+01,2.241953430175781250e+02,-1.817185878753662109e+00,1.462143898010253906e+01,4.000000000000000000e+00
3.396000000000000085e+01,2.244429168701171875e+02,-1.808863520622253418e+00,1.459773540496826172e+01,4.000000000000000000e+00
3.398000000000000398e+01,2.246906127929687500e+02,-1.799818873405456543e+00,1.457397842407226562e+01,4.000000000000000000e+00
3.400000000000000000e+01,2.249384155273437500e+02,-1.790051221847534180e+00,1.455016994476318359e+01,4.000000000000000000e+00
3.402000000000000313e+01,2.251863250732421875e+02,-1.779560327529907227e+00,1.452630901336669922e+01,4.000000000000000000e+00
3.403999999999999915e+01,2.254343414306640625e+02,-1.768345713615417480e+00,1.450239562988281250e+01,4.000000000000000000e+00
3.406000000000000227e+01,2.256824798583984375e+02,-1.756406664848327637e+00,1.447843170166015625e+01,4.000000000000000000e+00
3.407999999999999829e+01,2.259307098388671875e+02,-1.743742942810058594e+00,1.445441627502441406e+01,4.000000000000000000e+00
3.410000000000000142e+01,2.261790313720703125e+02,-1.730354309082031250e+00,1.443035030364990234e+01,4.000000000000000000e+00
3.411999999999999744e+01,2.264274749755859375e+02,-1.716240525245666504e+00,1.440623188018798828e+01,4.000000000000000000e+00
3.414000000000000057e+01,2.266760101318359375e+02,-1.701401233673095703e+00,1.438206386566162109e+01,4.000000000000000000e+00
3.416000000000000369e+01,2.269246368408203125e+02,-1.685836553573608398e+00,1.435784530639648438e+01,4.000000000000000000e+00
3.417999999999999972e+01,2.271733703613281250e+02,-1.669546127319335938e+00,1.433357620239257812e+01,4.000000000000000000e+00
3.420000000000000284e+01,2.274221954345703125e+02,-1.652530074119567871e+00,1.430925750732421875e+01,4.000000000000000000e+00
3.421999999999999886e+01,2.276711120605468750e+02,-1.634788274765014648e+00,1.428488826751708984e+01,4.000000000000000000e+00
3.424000000000000199e+01,2.279201049804687500e+02,-1.616320848464965820e+00,1.426046943664550781e+01,4.000000000000000000e+00
3.425999999999999801e+01,2.281691894531250000e+02,-1.597127676010131836e+00,1.423600196838378906e+01,4.000000000000000000e+00
3.428000000000000114e+01,2.284183654785156250e+02,-1.577209115028381348e+00,1.421148300170898438e+01,4.000000000000000000e+00
3.430000000000000426e+01,2.286676330566406250e+02,-1.556565284729003906e+00,1.418691635131835938e+01,4.000000000000000000e+00
3.432000000000000028e+01,2.289169769287109375e+02,-1.535196542739868164e+00,1.416230201721191406e+01,4.000000000000000000e+00
3.434000000000000341e+01,2.291663970947265625e+02,-1.513102889060974121e+00,1.413763713836669922e+01,4.000000000000000000e+00
3.435999999999999943e+01,2.294159088134765625e+02,-1.490285038948059082e+00,1.411292266845703125e+01,4.000000000000000000e+00
3.438000000000000256e+01,2.296654968261718750e+02,-1.466742992401123047e+00,1.408816051483154297e+01,4.000000000000000000e+00
3.439999999999999858e+01,2.299151611328125000e+02,-1.442477226257324219e+00,1.406335067749023438e+01,4.000000000000000000e+00
3.442000000000000171e+01,2.301649017333984375e+02,-1.417488217353820801e+00,1.403849315643310547e+01,4.000000000000000000e+00
3.443999999999999773e+01,2.304147186279296875e+02,-1.391776442527770996e+00,1.401358795166015625e+01,4.000000000000000000e+00
3.446000000000000085e+01,2.306645965576171875e+02,-1.365342497825622559e+00,1.398863506317138672e+01,4.000000000000000000e+00
3.448000000000000398e+01,2.309145507812500000e+02,-1.338186860084533691e+00,1.396363449096679688e+01,4.000000000000000000e+00
3.450000000000000000e+01,2.311645660400390625e+02,-1.310310363769531250e+00,1.393859004974365234e+01,4.000000000000000000e+00
3.452000000000000313e+01,2.314146575927734375e+02,-1.281713485717773438e+00,1.391349887847900391e+01,4.000000000000000000e+00
3.453999999999999915e+01,2.316648254394531250e+02,-1.252396821975708008e+00,1.388836002349853516e+01,4.000000000000000000e+00
3.456000000000000227e+01,2.319150543212890625e+02,-1.222361087799072266e+00,1.386317825317382812e+01,4.000000000000000000e+00
3.457999999999999829e+01,2.321653442382812500e+02,-1.191607117652893066e+00,1.383794879913330078e+01,4.000000000000000000e+00
3.460000000000000142e+01,2.324156951904296875e+02,-1.160135746002197266e+00,1.381267642974853516e+01,4.000000000000000000e+00
3.461999999999999744e+01,2.326660919189453125e+02,-1.127947807312011719e+00,1.378735923767089844e+01,4.000000000000000000e+00
3.464000000000000057e+01,2.329165649414062500e+02,-1.095044255256652832e+00,1.376199817657470703e+01,4.000000000000000000e+00
3.466000000000000369e+01,2.331670989990234375e+02,-1.061425685882568359e+00,1.373659420013427734e+01,4.000000000000000000e+00
3.467999999999999972e+01,2.334176788330078125e+02,-1.027093172073364258e+00,1.371114730834960938e+01,4.000000000000000000e+00
3.470000000000000284e+01,2.336683044433593750e+02,-9.920477867126464844e-01,1.368565845489501953e+01,4.000000000000000000e+00
3.471999999999999886e+01,2.339190063476562500e+02,-9.562903642654418945e-01,1.366012763977050781e+01,4.000000000000000000e+00
3.474000000000000199e+01,2.341697540283203125e+02,-9.198219776153564453e-01,1.363455677032470703e+01,4.000000000000000000e+00
3.475999999999999801e+01,2.344205322265625000e+02,-8.826436400413513184e-01,1.360894584655761719e+01,4.000000000000000000e+00
3.478000000000000114e+01,2.346713867187500000e+02,-8.447564840316772461e-01,1.358329486846923828e+01,4.000000000000000000e+00
3.480000000000000426e+01,2.349222717285156250e+02,-8.061616420745849609e-01,1.355760478973388672e+01,4.000000000000000000e+00
3.482000000000000028e+01,2.351732025146484375e+02,-7.668601870536804199e-01,1.353187656402587891e+01,4.000000000000000000e+00
3.484000000000000341e+01,2.354241943359375000e+02,-7.268532514572143555e-01,1.350611114501953125e+01,4.000000000000000000e+00
3.485999999999999943e+01,2.356752014160156250e+02,-6.861419677734375000e-01,1.348030853271484375e+01,4.000000000000000000e+00
3.488000000000000256e+01,2.359262847900390625e+02,-6.447276473045349121e-01,1.345446968078613281e+01,4.000000000000000000e+00
3.489999999999999858e+01,2.361773834228515625e+02,-6.026114821434020996e-01,1.342859649658203125e+01,4.000000000000000000e+00
3.492000000000000171e+01,2.364285430908203125e+02,-5.597946047782897949e-01,1.340268898010253906e+01,4.000000000000000000e+00
3.493999999999999773e+01,2.366797180175781250e+02,-5.162784457206726074e-01,1.337674903869628906e+01,4.000000000000000000e+00
3.496000000000000085e+01,2.369309539794921875e+02,-4.720640182495117188e-01,1.335077571868896484e+01,4.000000000000000000e+00
3.498000000000000398e+01,2.371821899414062500e+02,-4.271528422832489014e-01,1.332477188110351562e+01,4.000000000000000000e+00
3.500000000000000000e+01,2.374334869384765625e+02,-3.815461695194244385e-01,1.329873752593994141e+01,4.000000000000000000e+00
3.502000000000000313e+01,2.376847991943359375e+02,-3.352453112602233887e-01,1.327267265319824219e+01,4.000000000000000000e+00
3.503999999999999915e+01,2.379361419677734375e+02,-2.882515490055084229e-01,1.324658012390136719e+01,4.000000000000000000e+00
3.506000000000000227e+01,2.381875305175781250e+02,-2.405662387609481812e-01,1.322045898437500000e+01,4.000000000000000000e+00
3.507999999999999829e+01,2.384389190673828125e+02,-1.921907812356948853e-01,1.319431209564208984e+01,4.000000000000000000e+00
3.510000000000000142e+01,2.386903533935546875e+02,-1.431265324354171753e-01,1.316813850402832031e+01,4.000000000000000000e+00
3.511999999999999744e+01,2.389418182373046875e+02,-9.337482601404190063e-02,1.314194107055664062e+01,4.000000000000000000e+00
3.514000000000000057e+01,2.391932830810546875e+02,-4.293699935078620911e-02,1.311571979522705078e+01,4.000000000000000000e+00
3.516000000000000369e+01,2.394447479248046875e+02,8.185558952391147614e-03,1.308947658538818359e+01,4.000000000000000000e+00
3.517999999999999972e+01,2.396962890625000000e+02,5.999146401882171631e-02,1.306321239471435547e+01,4.000000000000000000e+00
3.520000000000000284e+01,2.399478302001953125e+02,1.124792993068695068e-01,1.303692817687988281e+01,4.000000000000000000e+00
3.521999999999999886e+01,2.401993713378906250e+02,1.656477153301239014e-01,1.301062393188476562e+01,4.000000000000000000e+00
3.524000000000000199e+01,2.404509124755859375e+02,2.194953560829162598e-01,1.298430156707763672e+01,4.000000000000000000e+00
3.525999999999999801e+01,2.407024536132812500e+02,2.740207910537719727e-01,1.295796298980712891e+01,4.000000000000000000e+00
3.528000000000000114e+01,2.409540405273437500e+02,3.292225599288940430e-01,1.293160820007324219e+01,4.000000000000000000e+00
3.530000000000000426e+01,2.412056579589843750e+02,3.850992918014526367e-01,1.290523815155029297e+01,4.000000000000000000e+00
3.532000000000000028e+01,2.414572753906250000e+02,4.416494667530059814e-01,1.287885475158691406e+01,4.000000000000000000e+00
3.534000000000000341e+01,2.417088928222656250e+02,4.988716542720794678e-01,1.285245800018310547e+01,4.000000000000000000e+00
3.535999999999999943e+01,2.419605102539062500e+02,5.567643046379089355e-01,1.282604980468750000e+01,4.000000000000000000e+00
3.538000000000000256e+01,2.422121276855468750e+02,6.153257489204406738e-01,1.279963207244873047e+01,4.000000000000000000e+00
3.539999999999999858e+01,2.424637451171875000e+02,6.745544672012329102e-01,1.277320384979248047e+01,4.000000000000000000e+00
3.542000000000000171e+01,2.427153625488281250e+02,7.344487309455871582e-01,1.274676704406738281e+01,4.000000000000000000e+00
3.543999999999999773e+01,2.429669799804687500e+02,7.950069308280944824e-01,1.272032356262207031e+01,4.000000000000000000e+00
3.546000000000000085e+01,2.432185974121093750e+02,8.562272787094116211e-01,1.269387245178222656e+01,4.000000000000000000e+00
3.548000000000000398e+01,2.434702148437500000e+02,9.181078672409057617e-01,1.266741561889648438e+01,4.000000000000000000e+00
3.550000000000000000e+01,2.437218017578125000e+02,9.806467890739440918e-01,1.264095401763916016e+01,4.000000000000000000e+00
3.552000000000000313e+01,2.439733428955078125e+02,1.043842315673828125e+00,1.261448955535888672e+01,4.000000000000000000e+00
3.553999999999999915e+01,2.442248840332031250e+02,1.107692360877990723e+00,1.258802032470703125e+01,4.000000000000000000e+00
3.556000000000000227e+01,2.444764251708984375e+02,1.172194838523864746e+00,1.256155109405517578e+01,4.000000000000000000e+00
3.557999999999999829e+01,2.447279663085937500e+02,1.237347483634948730e+00,1.253507995605468750e+01,4.000000000000000000e+00
3.560000000000000142e+01,2.449795074462890625e+02,1.303148031234741211e+00,1.250860595703125000e+01,4.000000000000000000e+00
3.561999999999999744e+01,2.452309875488281250e+02,1.369594454765319824e+00,1.248213386535644531e+01,4.000000000000000000e+00
3.564000000000000057e+01,2.454824523925781250e+02,1.436684370040893555e+00,1.245566463470458984e+01,4.000000000000000000e+00
3.566000000000000369e+01,2.457339172363281250e+02,1.504415273666381836e+00,1.242919540405273438e+01,4.000000000000000000e+00
3.567999999999999972e+01,2.459853820800781250e+02,1.572784543037414551e+00,1.240273094177246094e+01,4.000000000000000000e+00
3.570000000000000284e+01,2.462367706298828125e+02,1.641789436340332031e+00,1.237626934051513672e+01,4.000000000000000000e+00
3.571999999999999886e+01,2.464881591796875000e+02,1.711427330970764160e+00,1.234981250762939453e+01,4.000000000000000000e+00
3.574000000000000199e+01,2.467395477294921875e+02,1.781695723533630371e+00,1.232336044311523438e+01,4.000000000000000000e+00
3.575999999999999801e+01,2.469908599853515625e+02,1.852591395378112793e+00,1.229691505432128906e+01,4.000000000000000000e+00
3.578000000000000114e+01,2.472421722412109375e+02,1.924111604690551758e+00,1.227047634124755859e+01,4.000000000000000000e+00
3.580000000000000426e+01,2.474934692382812500e+02,1.996253132820129395e+00,1.224404525756835938e+01,4.000000000000000000e+00
3.582000000000000028e+01,2.477447052001953125e+02,2.069012880325317383e+00,1.221762371063232422e+01,4.000000000000000000e+00
3.584000000000000341e+01,2.479959411621093750e+02,2.142387390136718750e+00,1.219121170043945312e+01,4.000000000000000000e+00
3.585999999999999943e+01,2.482471160888671875e+02,2.216373682022094727e+00,1.216481018066406250e+01,4.000000000000000000e+00
3.588000000000000256e+01,2.484982757568359375e+02,2.290968179702758789e+00,1.213842105865478516e+01,4.000000000000000000e+00
3.589999999999999858e+01,2.487493896484375000e+02,2.366167306900024414e+00,1.211204338073730469e+01,4.000000000000000000e+00
3.592000000000000171e+01,2.490004730224609375e+02,2.441967010498046875e+00,1.208567810058593750e+01,4.000000000000000000e+00
3.593999999999999773e+01,2.492515258789062500e+02,2.518364191055297852e+00,1.205932807922363281e+01,4.000000000000000000e+00
3.596000000000000085e+01,2.495025329589843750e+02,2.595354557037353516e+00,1.203299236297607422e+01,4.000000000000000000e+00
3.598000000000000398e+01,2.497535247802734375e+02,2.672934293746948242e+00,1.200667381286621094e+01,4.000000000000000000e+00
3.600000000000000000e+01,2.500044555664062500e+02,2.751099348068237305e+00,1.198037242889404297e+01,4.000000000000000000e+00
3.602000000000000313e+01,2.502553710937500000e+02,2.829845428466796875e+00,1.195408916473388672e+01,4.000000000000000000e+00
3.603999999999999915e+01,2.505062255859375000e+02,2.909168481826782227e+00,1.192782592773437500e+01,4.000000000000000000e+00
3.606000000000000227e+01,2.507570495605468750e+02,2.989063978195190430e+00,1.190158557891845703e+01,4.000000000000000000e+00
3.607999999999999829e+01,2.510078277587890625e+02,3.069527626037597656e+00,1.187536430358886719e+01,4.000000000000000000e+00
3.610000000000000142e+01,2.512585754394531250e+02,3.150554895401000977e+00,1.184916687011718750e+01,4.000000000000000000e+00
3.611999999999999744e+01,2.515092773437500000e+02,3.232140779495239258e+00,1.182299709320068359e+01,4.000000000000000000e+00
3.614000000000000057e+01,2.517599334716796875e+02,3.314280748367309570e+00,1.179685306549072266e+01,4.000000000000000000e+00
3.616000000000000369e+01,2.520105590820312500e+02,3.396969795227050781e+00,1.177073764801025391e+01,4.000000000000000000e+00
3.617999999999999972e+01,2.522611236572265625e+02,3.480202913284301758e+00,1.174465274810791016e+01,4.000000000000000000e+00
3.620000000000000284e+01,2.525116729736328125e+02,3.563974857330322266e+00,1.171859931945800781e+01,4.000000000000000000e+00
3.621999999999999886e+01,2.527621459960937500e+02,3.648280858993530273e+00,1.169257926940917969e+01,4.000000000000000000e+00
3.624000000000000199e+01,2.530126037597656250e+02,3.733115911483764648e+00,1.166659545898437500e+01,4.000000000000000000e+00
3.625999999999999801e+01,2.532630004882812500e+02,3.818474054336547852e+00,1.164064979553222656e+01,4.000000000000000000e+00
3.628000000000000114e+01,2.535133666992187500e+02,3.904350280761718750e+00,1.161474514007568359e+01,4.000000000000000000e+00
3.630000000000000426e+01,2.537636871337890625e+02,3.990738630294799805e+00,1.158888244628906250e+01,4.000000000000000000e+00
3.632000000000000028e+01,2.540139617919921875e+02,4.077633857727050781e+00,1.156306648254394531e+01,4.000000000000000000e+00
3.634000000000000341e+01,2.542642059326171875e+02,4.165030002593994141e+00,1.153729915618896484e+01,4.000000000000000000e+00
3.635999999999999943e+01,2.545143890380859375e+02,4.252921581268310547e+00,1.151158618927001953e+01,4.000000000000000000e+00
3.638000000000000256e+01,2.547645568847656250e+02,4.341302394866943359e+00,1.148593139648437500e+01,4.000000000000000000e+00
3.639999999999999858e+01,2.550146484375000000e+02,4.430167198181152344e+00,1.146033954620361328e+01,4.000000000000000000e+00
3.642000000000000171e+01,2.552647247314453125e+02,4.519509792327880859e+00,1.143482017517089844e+01,4.000000000000000000e+00
3.643999999999999773e+01,2.555147399902343750e+02,4.609326839447021484e+00,1.140939235687255859e+01,4.000000000000000000e+00
3.646000000000000085e+01,2.557647247314453125e+02,4.699613571166992188e+00,1.138407039642333984e+01,4.000000000000000000e+00
3.648000000000000398e+01,2.560146484375000000e+02,4.790363311767578125e+00,1.135886192321777344e+01,4.000000000000000000e+00
3.650000000000000000e+01,2.562645874023437500e+02,4.881570339202880859e+00,1.133377075195312500e+01,4.000000000000000000e+00
3.652000000000000313e+01,2.565144348144531250e+02,4.973227500915527344e+00,1.130880165100097656e+01,4.000000000000000000e+00
3.653999999999999915e+01,2.567642211914062500e+02,5.065328121185302734e+00,1.128395748138427734e+01,4.000000000000000000e+00
3.656000000000000227e+01,2.570140075683593750e+02,5.157865047454833984e+00,1.125924205780029297e+01,4.000000000000000000e+00
3.657999999999999829e+01,2.572637939453125000e+02,5.250830650329589844e+00,1.123465728759765625e+01,4.000000000000000000e+00
3.660000000000000142e+01,2.575134582519531250e+02,5.344218730926513672e+00,1.121020507812500000e+01,4.000000000000000000e+00
3.661999999999999744e+01,2.577630920410156250e+02,5.438020706176757812e+00,1.118588924407958984e+01,4.000000000000000000e+00
3.664000000000000057e+01,2.580127258300781250e+02,5.532229423522949219e+00,1.116171264648437500e+01,4.000000000000000000e+00
3.666000000000000369e+01,2.582623596191406250e+02,5.626838207244873047e+00,1.113767528533935547e+01,4.000000000000000000e+00
3.667999999999999972e+01,2.585118713378906250e+02,5.721837997436523438e+00,1.111378097534179688e+01,4.000000000000000000e+00
3.670000000000000284e+01,2.587613525390625000e+02,5.817221641540527344e+00,1.109003448486328125e+01,4.000000000000000000e+00
3.671999999999999886e+01,2.590108337402343750e+02,5.912980079650878906e+00,1.106643486022949219e+01,4.000000000000000000e+00
3.674000000000000199e+01,2.592603149414062500e+02,6.009106159210205078e+00,1.104298591613769531e+01,4.000000000000000000e+00
3.675999999999999801e+01,2.595097045898437500e+02,6.105591297149658203e+00,1.101968765258789062e+01,4.000000000000000000e+00
3.678000000000000114e+01,2.597590332031250000e+02,6.202427387237548828e+00,1.099654293060302734e+01,4.000000000000000000e+00
3.680000000000000426e+01,2.600083618164062500e+02,6.299605846405029297e+00,1.097355365753173828e+01,4.000000000000000000e+00
3.682000000000000028e+01,2.602576904296875000e+02,6.397117614746093750e+00,1.095072174072265625e+01,4.000000000000000000e+00
3.684000000000000341e+01,2.605069580078125000e+02,6.494954586029052734e+00,1.092804908752441406e+01,4.000000000000000000e+00
3.685999999999999943e+01,2.607561340332031250e+02,6.593107223510742188e+00,1.090553760528564453e+01,4.000000000000000000e+00
3.688000000000000256e+01,2.610053100585937500e+02,6.691567420959472656e+00,1.088318824768066406e+01,4.000000000000000000e+00
3.689999999999999858e+01,2.612544860839843750e+02,6.790326595306396484e+00,1.086100292205810547e+01,4.000000000000000000e+00
3.692000000000000171e+01,2.615036621093750000e+02,6.889374732971191406e+00,1.083898258209228516e+01,4.000000000000000000e+00
3.693999999999999773e+01,2.617526855468750000e+02,6.988702297210693359e+00,1.081713008880615234e+01,4.000000000000000000e+00
3.696000000000000085e+01,2.620017089843750000e+02,7.088301181793212891e+00,1.079544830322265625e+01,4.000000000000000000e+00
3.698000000000000398e+01,2.622507324218750000e+02,7.188161849975585938e+00,1.077393627166748047e+01,4.000000000000000000e+00
3.700000000000000000e+01,2.624997558593750000e+02,7.288275241851806641e+00,1.075259590148925781e+01,4.000000000000000000e+00
3.702000000000000313e+01,2.627486572265625000e+02,7.388630390167236328e+00,1.073142910003662109e+01,4.000000000000000000e+00
3.703999999999999915e+01,2.629975280761718750e+02,7.489219188690185547e+00,1.071043682098388672e+01,4.000000000000000000e+00
3.706000000000000227e+01,2.632463989257812500e+02,7.590031623840332031e+00,1.068962001800537109e+01,4.000000000000000000e+00
3.707999999999999829e+01,2.634952697753906250e+02,7.691058158874511719e+00,1.066897964477539062e+01,4.000000000000000000e+00
3.710000000000000142e+01,2.637440490722656250e+02,7.792288780212402344e+00,1.064851760864257812e+01,4.000000000000000000e+00
3.711999999999999744e+01,2.639927673339843750e+02,7.893713951110839844e+00,1.062823390960693359e+01,4.000000000000000000e+00
3.714000000000000057e+01,2.642414855957031250e+02,7.995323181152343750e+00,1.060812950134277344e+01,4.000000000000000000e+00
3.716000000000000369e+01,2.644902038574218750e+02,8.097106933593750000e+00,1.058820533752441406e+01,4.000000000000000000e+00
3.717999999999999972e+01,2.647388610839843750e+02,8.199054718017578125e+00,1.056846141815185547e+01,4.000000000000000000e+00
3.720000000000000284e+01,2.649874267578125000e+02,8.301156997680664062e+00,1.054889869689941406e+01,4.000000000000000000e+00
3.721999999999999886e+01,2.652359924316406250e+02,8.403403282165527344e+00,1.052951717376708984e+01,4.000000000000000000e+00
3.724000000000000199e+01,2.654845581054687500e+02,8.505783081054687500e+00,1.051031684875488281e+01,4.000000000000000000e+00
3.725999999999999801e+01,2.657330932617187500e+02,8.608284950256347656e+00,1.049129772186279297e+01,4.000000000000000000e+00
3.728000000000000114e+01,2.659815063476562500e+02,8.710901260375976562e+00,1.047245979309082031e+01,4.000000000000000000e+00
3.730000000000000426e+01,2.662299194335937500e+02,8.813620567321777344e+00,1.045380210876464844e+01,4.000000000000000000e+00
3.732000000000000028e+01,2.664783325195312500e+02,8.916431427001953125e+00,1.043532562255859375e+01,4.000000000000000000e+00
3.734000000000000341e+01,2.667267456054687500e+02,9.019323348999023438e+00,1.041702842712402344e+01,4.000000000000000000e+00
3.735999999999999943e+01,2.669750671386718750e+02,9.122286796569824219e+00,1.039891242980957031e+01,4.000000000000000000e+00
3.738000000000000256e+01,2.672233276367187500e+02,9.225311279296875000e+00,1.038097476959228516e+01,4.000000000000000000e+00
3.739999999999999858e+01,2.674715881347656250e+02,9.328384399414062500e+00,1.036321353912353516e+01,4.000000000000000000e+00
3.742000000000000171e+01,2.677198486328125000e+02,9.431498527526855469e+00,1.034562969207763672e+01,4.000000000000000000e+00
3.743999999999999773e+01,2.679681091308593750e+02,9.534641265869140625e+00,1.032822036743164062e+01,4.000000000000000000e+00
3.746000000000000085e+01,2.682162475585937500e+02,9.637801170349121094e+00,1.031098556518554688e+01,4.000000000000000000e+00
3.748000000000000398e+01,2.684643554687500000e+02,9.740969657897949219e+00,1.029392337799072266e+01,4.000000000000000000e+00
3.750000000000000000e+01,2.687124633789062500e+02,9.844133377075195312e+00,1.027703285217285156e+01,4.000000000000000000e+00
3.752000000000000313e+01,2.689605712890625000e+02,9.947282791137695312e+00,1.026031017303466797e+01,4.000000000000000000e+00
3.753999999999999915e+01,2.692086791992187500e+02,1.005040645599365234e+01,1.024375438690185547e+01,4.000000000000000000e+00
3.756000000000000227e+01,2.694567871093750000e+02,1.015349292755126953e+01,1.022736549377441406e+01,4.000000000000000000e+00
3.757999999999999829e+01,2.697048034667968750e+02,1.025653266906738281e+01,1.021114158630371094e+01,4.000000000000000000e+00
3.760000000000000142e+01,2.699527587890625000e+02,1.035951519012451172e+01,1.019507884979248047e+01,4.000000000000000000e+00
3.761999999999999744e+01,2.702007141113281250e+02,1.046242904663085938e+01,1.017917442321777344e+01,4.000000000000000000e+00
3.764000000000000057e+01,2.704486694335937500e+02,1.056526184082031250e+01,1.016342830657958984e+01,4.000000000000000000e+00
3.766000000000000369e+01,2.706966247558593750e+02,1.066800403594970703e+01,1.014783668518066406e+01,4.000000000000000000e+00
3.767999999999999972e+01,2.709445800781250000e+02,1.077064418792724609e+01,1.013239669799804688e+01,4.000000000000000000e+00
3.770000000000000284e+01,2.711925354003906250e+02,1.087316894531250000e+01,1.011710643768310547e+01,4.000000000000000000e+00
3.771999999999999886e+01,2.714404907226562500e+02,1.097557067871093750e+01,1.010196208953857422e+01,4.000000000000000000e+00
3.774000000000000199e+01,2.716884460449218750e+02,1.107783699035644531e+01,1.008696079254150391e+01,4.000000000000000000e+00
3.775999999999999801e+01,2.719364013671875000e+02,1.117995643615722656e+01,1.007210254669189453e+01,4.000000000000000000e+00
3.778000000000000114e+01,2.721843566894531250e+02,1.128191757202148438e+01,1.005738162994384766e+01,4.000000000000000000e+00
3.780000000000000426e+01,2.724323120117187500e+02,1.138370895385742188e+01,1.004279613494873047e+01,4.000000000000000000e+00
3.782000000000000028e+01,2.726802673339843750e+02,1.148532009124755859e+01,1.002834320068359375e+01,4.000000000000000000e+00
3.784000000000000341e+01,2.729282226562500000e+02,1.158673858642578125e+01,1.001401901245117188e+01,4.000000000000000000e+00
3.785999999999999943e+01,2.731761779785156250e+02,1.168795490264892578e+01,9.999821662902832031e+00,4.000000000000000000e+00
3.788000000000000256e+01,2.734241333007812500e+02,1.178895568847656250e+01,9.985746383666992188e+00,4.000000000000000000e+00
3.789999999999999858e+01,2.736720886230468750e+02,1.188972949981689453e+01,9.971791267395019531e+00,4.000000000000000000e+00
3.792000000000000171e+01,2.739200439453125000e+02,1.199026489257812500e+01,9.957953453063964844e+00,4.000000000000000000e+00
3.793999999999999773e+01,2.741681518554687500e+02,1.209055137634277344e+01,9.944228172302246094e+00,4.000000000000000000e+00
3.796000000000000085e+01,2.744162597656250000e+02,1.219057750701904297e+01,9.930613517761230469e+00,4.000000000000000000e+00
3.798000000000000398e+01,2.746643676757812500e+02,1.229033088684082031e+01,9.917105674743652344e+00,4.000000000000000000e+00
3.800000000000000000e+01,2.749124755859375000e+02,1.238979911804199219e+01,9.903700828552246094e+00,4.000000000000000000e+00
3.802000000000000313e+01,2.751606750488281250e+02,1.248897171020507812e+01,9.890397071838378906e+00,4.000000000000000000e+00
3.803999999999999915e+01,2.754089355468750000e+02,1.258783721923828125e+01,9.877188682556152344e+00,4.000000000000000000e+00
3.806000000000000227e+01,2.756571960449218750e+02,1.268638229370117188e+01,9.864075660705566406e+00,4.000000000000000000e+00
3.807999999999999829e+01,2.759055480957031250e+02,1.278459548950195312e+01,9.851053237915039062e+00,4.000000000000000000e+00
3.810000000000000142e+01,2.761539611816406250e+02,1.288246440887451172e+01,9.838117599487304688e+00,4.000000000000000000e+00
3.811999999999999744e+01,2.764023742675781250e+02,1.297997665405273438e+01,9.825266838073730469e+00,4.000000000000000000e+00
3.814000000000000057e+01,2.766509399414062500e+02,1.307712078094482422e+01,9.812497138977050781e+00,4.000000000000000000e+00
3.816000000000000369e+01,2.768995056152343750e+02,1.317388343811035156e+01,9.799805641174316406e+00,4.000000000000000000e+00
3.817999999999999972e+01,2.771482238769531250e+02,1.327025318145751953e+01,9.787188529968261719e+00,4.000000000000000000e+00
3.820000000000000284e+01,2.773969421386718750e+02,1.336621665954589844e+01,9.774642944335937500e+00,4.000000000000000000e+00
3.821999999999999886e+01,2.776458129882812500e+02,1.346176242828369141e+01,9.762166023254394531e+00,4.000000000000000000e+00
3.824000000000000199e+01,2.778947448730468750e+02,1.355687618255615234e+01,9.749753952026367188e+00,4.000000000000000000e+00
3.825999999999999801e+01,2.781437683105468750e+02,1.365154647827148438e+01,9.737404823303222656e+00,4.000000000000000000e+00
3.828000000000000114e+01,2.783929138183593750e+02,1.374575901031494141e+01,9.725114822387695312e+00,4.000000000000000000e+00
3.830000000000000426e+01,2.786421203613281250e+02,1.383950042724609375e+01,9.712881088256835938e+00,4.000000000000000000e+00
3.832000000000000028e+01,2.788914489746093750e+02,1.393275928497314453e+01,9.700699806213378906e+00,4.000000000000000000e+00
3.834000000000000341e+01,2.791409301757812500e+02,1.402552223205566406e+01,9.688569068908691406e+00,4.000000000000000000e+00
3.835999999999999943e+01,2.793905029296875000e+02,1.411777400970458984e+01,9.676486015319824219e+00,4.000000000000000000e+00
3.838000000000000256e+01,2.796401977539062500e+02,1.420950126647949219e+01,9.664446830749511719e+00,4.000000000000000000e+00
3.839999999999999858e+01,2.798900146484375000e+02,1.430069065093994141e+01,9.652448654174804688e+00,4.000000000000000000e+00
3.842000000000000171e+01,2.801399841308593750e+02,1.439132881164550781e+01,9.640489578247070312e+00,4.000000000000000000e+00
3.843999999999999773e+01,2.803900756835937500e+02,1.448140048980712891e+01,9.628565788269042969e+00,4.000000000000000000e+00
3.846000000000000085e+01,2.806403198242187500e+02,1.457089138031005859e+01,9.616675376892089844e+00,4.000000000000000000e+00
3.848000000000000398e+01,2.808907165527343750e+02,1.465978717803955078e+01,9.604814529418945312e+00,4.000000000000000000e+00
3.850000000000000000e+01,2.811412658691406250e+02,1.474807357788085938e+01,9.592979431152343750e+00,4.000000000000000000e+00
3.852000000000000313e+01,2.813919982910156250e+02,1.483573627471923828e+01,9.581171035766601562e+00,4.000000000000000000e+00
3.853999999999999915e+01,2.816428833007812500e+02,1.492275905609130859e+01,9.569383621215820312e+00,4.000000000000000000e+00
3.856000000000000227e+01,2.818939208984375000e+02,1.500912761688232422e+01,9.557615280151367188e+00,4.000000000000000000e+00
3.857999999999999829e+01,2.821451416015625000e+02,1.509482669830322266e+01,9.545864105224609375e+00,4.000000000000000000e+00
3.860000000000000142e+01,2.823965454101562500e+02,1.517984104156494141e+01,9.534125328063964844e+00,4.000000000000000000e+00
3.861999999999999744e+01,2.826481323242187500e+02,1.526415348052978516e+01,9.522397994995117188e+00,4.000000000000000000e+00
3.864000000000000057e+01,2.828999328613281250e+02,1.534774780273437500e+01,9.510679244995117188e+00,4.000000000000000000e+00
3.866000000000000369e+01,2.831519165039062500e+02,1.543060779571533203e+01,9.498965263366699219e+00,4.000000000000000000e+00
3.867999999999999972e+01,2.834040832519531250e+02,1.551271724700927734e+01,9.487254142761230469e+00,4.000000000000000000e+00
3.870000000000000284e+01,2.836564636230468750e+02,1.559405899047851562e+01,9.475543022155761719e+00,4.000000000000000000e+00
3.871999999999999886e+01,2.839090576171875000e+02,1.567461681365966797e+01,9.463829994201660156e+00,4.000000000000000000e+00
3.874000000000000199e+01,2.841618347167968750e+02,1.575437259674072266e+01,9.452111244201660156e+00,4.000000000000000000e+00
3.875999999999999801e+01,2.844148559570312500e+02,1.583331012725830078e+01,9.440383911132812500e+00,4.000000000000000000e+00
3.878000000000000114e+01,2.846680908203125000e+02,1.591141128540039062e+01,9.428645133972167969e+00,4.000000000000000000e+00
3.880000000000000426e+01,2.849215698242187500e+02,1.598865795135498047e+01,9.416893005371093750e+00,4.000000000000000000e+00
3.882000000000000028e+01,2.851752624511718750e+02,1.606503105163574219e+01,9.405123710632324219e+00,4.000000000000000000e+00
3.884000000000000341e+01,2.854292297363281250e+02,1.614051437377929688e+01,9.393335342407226562e+00,4.000000000000000000e+00
3.885999999999999943e+01,2.856833801269531250e+02,1.621508979797363281e+01,9.381524085998535156e+00,4.000000000000000000e+00
3.888000000000000256e+01,2.859378051757812500e+02,1.628873825073242188e+01,9.369688987731933594e+00,4.000000000000000000e+00
3.889999999999999858e+01,2.861924743652343750e+02,1.636143875122070312e+01,9.357826232910156250e+00,4.000000000000000000e+00
3.892000000000000171e+01,2.864473876953125000e+02,1.643317604064941406e+01,9.345933914184570312e+00,4.000000000000000000e+00
3.893999999999999773e+01,2.867025756835937500e+02,1.650393295288085938e+01,9.334011077880859375e+00,4.000000000000000000e+00
3.896000000000000085e+01,2.869580078125000000e+02,1.657368850708007812e+01,9.322054862976074219e+00,4.000000000000000000e+00
3.898000000000000398e+01,2.872137145996093750e+02,1.664242172241210938e+01,9.310063362121582031e+00,4.000000000000000000e+00
3.900000000000000000e+01,2.874696960449218750e+02,1.671011352539062500e+01,9.298035621643066406e+00,4.000000000000000000e+00
3.902000000000000313e+01,2.877259521484375000e+02,1.677675056457519531e+01,9.285968780517578125e+00,4.000000000000000000e+00
3.903999999999999915e+01,2.879824523925781250e+02,1.684231185913085938e+01,9.273861885070800781e+00,4.000000000000000000e+00
3.906000000000000227e+01,2.882392578125000000e+02,1.690677642822265625e+01,9.261714935302734375e+00,4.000000000000000000e+00
3.907999999999999829e+01,2.884963073730468750e+02,1.697012710571289062e+01,9.249525070190429688e+00,4.000000000000000000e+00
3.910000000000000142e+01,2.887536621093750000e+02,1.703234481811523438e+01,9.237293243408203125e+00,4.000000000000000000e+00
3.911999999999999744e+01,2.890112915039062500e+02,1.709341049194335938e+01,9.225017547607421875e+00,4.000000000000000000e+00
3.914000000000000057e+01,2.892691955566406250e+02,1.715330696105957031e+01,9.212697982788085938e+00,4.000000000000000000e+00
3.916000000000000369e+01,2.895273742675781250e+02,1.721201324462890625e+01,9.200333595275878906e+00,4.000000000000000000e+00
3.917999999999999972e+01,2.897858276367187500e+02,1.726951217651367188e+01,9.187926292419433594e+00,4.000000000000000000e+00
3.920000000000000284e+01,2.900445556640625000e+02,1.732578659057617188e+01,9.175475120544433594e+00,4.000000000000000000e+00
3.921999999999999886e+01,2.903035583496093750e+02,1.738081550598144531e+01,9.162981033325195312e+00,4.000000000000000000e+00
3.924000000000000199e+01,2.905628662109375000e+02,1.743458175659179688e+01,9.150444984436035156e+00,4.000000000000000000e+00
3.925999999999999801e+01,2.908224182128906250e+02,1.748707008361816406e+01,9.137868881225585938e+00,4.000000000000000000e+00
3.928000000000000114e+01,2.910822753906250000e+02,1.753825950622558594e+01,9.125252723693847656e+00,4.000000000000000000e+00
3.930000000000000426e+01,2.913423767089843750e+02,1.758813285827636719e+01,9.112598419189453125e+00,4.000000000000000000e+00
3.932000000000000028e+01,2.916027526855468750e+02,1.763667488098144531e+01,9.099907875061035156e+00,4.000000000000000000e+00
3.934000000000000341e+01,2.918634338378906250e+02,1.768386459350585938e+01,9.087182044982910156e+00,4.000000000000000000e+00
3.935999999999999943e+01,2.921243591308593750e+02,1.772968864440917969e+01,9.074424743652343750e+00,4.000000000000000000e+00
3.938000000000000256e+01,2.923855285644531250e+02,1.777412986755371094e+01,9.061637878417968750e+00,4.000000000000000000e+00
3.939999999999999858e+01,2.926469726562500000e+02,1.781717109680175781e+01,9.048825263977050781e+00,4.000000000000000000e+00
3.942000000000000171e+01,2.929086608886718750e+02,1.785879707336425781e+01,9.035988807678222656e+00,4.000000000000000000e+00
3.943999999999999773e+01,2.931705932617187500e+02,1.789899063110351562e+01,9.023130416870117188e+00,4.000000000000000000e+00
3.946000000000000085e+01,2.934327392578125000e+02,1.793773651123046875e+01,9.010253906250000000e+00,4.000000000000000000e+00
3.948000000000000398e+01,2.936951293945312500e+02,1.797502136230468750e+01,8.997364044189453125e+00,4.000000000000000000e+00
3.950000000000000000e+01,2.939577331542968750e+02,1.801082992553710938e+01,8.984463691711425781e+00,4.000000000000000000e+00
3.952000000000000313e+01,2.942205505371093750e+02,1.804514503479003906e+01,8.971556663513183594e+00,4.000000000000000000e+00
3.953999999999999915e+01,2.944835815429687500e+02,1.807795524597167969e+01,8.958648681640625000e+00,4.000000000000000000e+00
3.956000000000000227e+01,2.947468261718750000e+02,1.810924530029296875e+01,8.945740699768066406e+00,4.000000000000000000e+00
3.957999999999999829e+01,2.950102539062500000e+02,1.813900566101074219e+01,8.932839393615722656e+00,4.000000000000000000e+00
3.960000000000000142e+01,2.952738647460937500e+02,1.816722106933593750e+01,8.919949531555175781e+00,4.000000000000000000e+00
3.961999999999999744e+01,2.955376586914062500e+02,1.819387817382812500e+01,8.907073974609375000e+00,4.000000000000000000e+00
3.964000000000000057e+01,2.958016052246093750e+02,1.821896934509277344e+01,8.894218444824218750e+00,4.000000000000000000e+00
3.966000000000000369e+01,2.960657043457031250e+02,1.824247932434082031e+01,8.881386756896972656e+00,4.000000000000000000e+00
3.967999999999999972e+01,2.963299560546875000e+02,1.826439666748046875e+01,8.868585586547851562e+00,4.000000000000000000e+00
3.970000000000000284e+01,2.965943603515625000e+02,1.828471374511718750e+01,8.855816841125488281e+00,4.000000000000000000e+00
3.971999999999999886e+01,2.968588562011718750e+02,1.830341911315917969e+01,8.843088150024414062e+00,4.000000000000000000e+00
3.974000000000000199e+01,2.971234436035156250e+02,1.832050514221191406e+01,8.830404281616210938e+00,4.000000000000000000e+00
3.975999999999999801e+01,2.973881835937500000e+02,1.833596038818359375e+01,8.817768096923828125e+00,4.000000000000000000e+00
3.978000000000000114e+01,2.976529541015625000e+02,1.834978103637695312e+01,8.805186271667480469e+00,4.000000000000000000e+00
3.980000000000000426e+01,2.979178466796875000e+02,1.836195755004882812e+01,8.792661666870117188e+00,4.000000000000000000e+00
3.982000000000000028e+01,2.981827392578125000e+02,1.837248229980468750e+01,8.780200004577636719e+00,4.000000000000000000e+00
3.984000000000000341e+01,2.984477233886718750e+02,1.838134956359863281e+01,8.767807006835937500e+00,4.000000000000000000e+00
3.985999999999999943e+01,2.987127685546875000e+02,1.838854980468750000e+01,8.755486488342285156e+00,4.000000000000000000e+00
3.988000000000000256e+01,2.989778137207031250e+02,1.839408111572265625e+01,8.743243217468261719e+00,4.000000000000000000e+00
3.989999999999999858e+01,2.992428588867187500e+02,1.839794349670410156e+01,8.731081962585449219e+00,4.000000000000000000e+00
3.992000000000000171e+01,2.995079040527343750e+02,1.840012931823730469e+01,8.719006538391113281e+00,4.000000000000000000e+00
3.993999999999999773e+01,2.997729492187500000e+02,1.840063667297363281e+01,8.707020759582519531e+00,4.000000000000000000e+00
3.996000000000000085e+01,3.000378417968750000e+02,1.839945983886718750e+01,8.695128440856933594e+00,4.000000000000000000e+00
3.998000000000000398e+01,3.003027343750000000e+02,1.839659881591796875e+01,8.683335304260253906e+00,4.000000000000000000e+00
4.000000000000000000e+01,3.005675659179687500e+02,1.839205360412597656e+01,8.671645164489746094e+00,4.000000000000000000e+00
4.002000000000000313e+01,3.008323059082031250e+02,1.838582038879394531e+01,8.660061836242675781e+00,4.000000000000000000e+00
4.003999999999999915e+01,3.010969543457031250e+02,1.837790107727050781e+01,8.648587226867675781e+00,4.000000000000000000e+00
4.006000000000000227e+01,3.013615112304687500e+02,1.836829376220703125e+01,8.637226104736328125e+00,4.000000000000000000e+00
4.007999999999999829e+01,3.016259460449218750e+02,1.835700225830078125e+01,8.625982284545898438e+00,4.000000000000000000e+00
4.010000000000000142e+01,3.018902282714843750e+02,1.834402847290039062e+01,8.614857673645019531e+00,4.000000000000000000e+00
4.011999999999999744e+01,3.021543273925781250e+02,1.832937240600585938e+01,8.603854179382324219e+00,4.000000000000000000e+00
4.014000000000000057e+01,3.024182739257812500e+02,1.831303787231445312e+01,8.592975616455078125e+00,4.000000000000000000e+00
4.016000000000000369e+01,3.026820373535156250e+02,1.829503250122070312e+01,8.582224845886230469e+00,4.000000000000000000e+00
4.017999999999999972e+01,3.029456176757812500e+02,1.827535820007324219e+01,8.571604728698730469e+00,4.000000000000000000e+00
4.020000000000000284e+01,3.032089843750000000e+02,1.825401496887207031e+01,8.561116218566894531e+00,4.000000000000000000e+00
4.021999999999999886e+01,3.034721069335937500e+02,1.823100852966308594e+01,8.550761222839355469e+00,4.000000000000000000e+00
4.024000000000000199e+01,3.037350158691406250e+02,1.820634841918945312e+01,8.540542602539062500e+00,4.000000000000000000e+00
4.025999999999999801e+01,3.039976806640625000e+02,1.818003845214843750e+01,8.530460357666015625e+00,4.000000000000000000e+00
4.028000000000000114e+01,3.042600708007812500e+02,1.815208625793457031e+01,8.520517349243164062e+00,4.000000000000000000e+00
4.030000000000000426e+01,3.045221557617187500e+02,1.812249946594238281e+01,8.510713577270507812e+00,4.000000000000000000e+00
4.032000000000000028e+01,3.047839660644531250e+02,1.809128570556640625e+01,8.501049041748046875e+00,4.000000000000000000e+00
4.034000000000000341e+01,3.050454711914062500e+02,1.805845451354980469e+01,8.491526603698730469e+00,4.000000000000000000e+00
4.035999999999999943e+01,3.053066711425781250e+02,1.802401351928710938e+01,8.482147216796875000e+00,4.000000000000000000e+00
4.038000000000000256e+01,3.055675354003906250e+02,1.798797225952148438e+01,8.472907066345214844e+00,4.000000000000000000e+00
4.039999999999999858e+01,3.058280334472656250e+02,1.795033836364746094e+01,8.463809013366699219e+00,4.000000000000000000e+00
4.042000000000000171e+01,3.060882263183593750e+02,1.791112327575683594e+01,8.454854011535644531e+00,4.000000000000000000e+00
4.043999999999999773e+01,3.063480529785156250e+02,1.787033653259277344e+01,8.446042060852050781e+00,4.000000000000000000e+00
4.046000000000000085e+01,3.066074829101562500e+02,1.782799148559570312e+01,8.437373161315917969e+00,4.000000000000000000e+00
4.048000000000000398e+01,3.068665466308593750e+02,1.778409767150878906e+01,8.428842544555664062e+00,4.000000000000000000e+00
4.050000000000000000e+01,3.071252136230468750e+02,1.773866462707519531e+01,8.420454978942871094e+00,4.000000000000000000e+00
4.052000000000000313e+01,3.073834838867187500e+02,1.769170570373535156e+01,8.412205696105957031e+00,4.000000000000000000e+00
4.053999999999999915e+01,3.076413269042968750e+02,1.764323425292968750e+01,8.404096603393554688e+00,4.000000000000000000e+00
4.056000000000000227e+01,3.078987731933593750e+02,1.759325981140136719e+01,8.396125793457031250e+00,4.000000000000000000e+00
4.057999999999999829e+01,3.081557617187500000e+02,1.754179954528808594e+01,8.388293266296386719e+00,4.000000000000000000e+00
4.060000000000000142e+01,3.084123229980468750e+02,1.748886108398437500e+01,8.380596160888671875e+00,4.000000000000000000e+00
4.061999999999999744e+01,3.086684265136718750e+02,1.743445777893066406e+01,8.373035430908203125e+00,4.000000000000000000e+00
4.064000000000000057e+01,3.089240722656250000e+02,1.737860488891601562e+01,8.365608215332031250e+00,4.000000000000000000e+00
4.066000000000000369e+01,3.091792602539062500e+02,1.732131767272949219e+01,8.358313560485839844e+00,4.000000000000000000e+00
4.067999999999999972e+01,3.094339904785156250e+02,1.726260566711425781e+01,8.351150512695312500e+00,4.000000000000000000e+00
4.070000000000000284e+01,3.096882629394531250e+02,1.720248603820800781e+01,8.344116210937500000e+00,4.000000000000000000e+00
4.071999999999999886e+01,3.099420471191406250e+02,1.714097404479980469e+01,8.337209701538085938e+00,4.000000000000000000e+00
4.074000000000000199e+01,3.101953430175781250e+02,1.707808113098144531e+01,8.330430030822753906e+00,4.000000000000000000e+00
4.075999999999999801e+01,3.104481201171875000e+02,1.701382064819335938e+01,8.323775291442871094e+00,4.000000000000000000e+00
4.078000000000000114e+01,3.107004089355468750e+02,1.694820976257324219e+01,8.317243576049804688e+00,4.000000000000000000e+00
4.080000000000000426e+01,3.109521789550781250e+02,1.688126373291015625e+01,8.310834884643554688e+00,4.000000000000000000e+00
4.082000000000000028e+01,3.112034301757812500e+02,1.681299781799316406e+01,8.304545402526855469e+00,4.000000000000000000e+00
4.084000000000000341e+01,3.114541931152343750e+02,1.674342536926269531e+01,8.298375129699707031e+00,4.000000000000000000e+00
4.085999999999999943e+01,3.117044372558593750e+02,1.667256164550781250e+01,8.292319297790527344e+00,4.000000000000000000e+00
4.088000000000000256e+01,3.119541625976562500e+02,1.660042381286621094e+01,8.286379814147949219e+00,4.000000000000000000e+00
4.089999999999999858e+01,3.122033996582031250e+02,1.652702522277832031e+01,8.280553817749023438e+00,4.000000000000000000e+00
4.092000000000000171e+01,3.124520568847656250e+02,1.645238113403320312e+01,8.274839401245117188e+00,4.000000000000000000e+00
4.093999999999999773e+01,3.127002258300781250e+02,1.637651062011718750e+01,8.269235610961914062e+00,4.000000000000000000e+00
4.096000000000000085e+01,3.129478454589843750e+02,1.629942703247070312e+01,8.263740539550781250e+00,4.000000000000000000e+00
4.098000000000000398e+01,3.131949462890625000e+02,1.622114944458007812e+01,8.258353233337402344e+00,4.000000000000000000e+00
4.100000000000000000e+01,3.134414672851562500e+02,1.614168739318847656e+01,8.253070831298828125e+00,4.000000000000000000e+00
4.102000000000000313e+01,3.136875000000000000e+02,1.606106185913085938e+01,8.247892379760742188e+00,4.000000000000000000e+00
4.103999999999999915e+01,3.139329528808593750e+02,1.597928619384765625e+01,8.242816925048828125e+00,4.000000000000000000e+00
4.106000000000000227e+01,3.141778869628906250e+02,1.589637947082519531e+01,8.237842559814453125e+00,4.000000000000000000e+00
4.107999999999999829e+01,3.144222717285156250e+02,1.581235885620117188e+01,8.232969284057617188e+00,4.000000000000000000e+00
4.110000000000000142e+01,3.146661071777343750e+02,1.572723960876464844e+01,8.228195190429687500e+00,4.000000000000000000e+00
4.111999999999999744e+01,3.149093933105468750e+02,1.564103698730468750e+01,8.223517417907714844e+00,4.000000000000000000e+00
4.114000000000000057e+01,3.151521606445312500e+02,1.555376911163330078e+01,8.218935012817382812e+00,4.000000000000000000e+00
4.116000000000000369e+01,3.153943786621093750e+02,1.546545314788818359e+01,8.214447975158691406e+00,4.000000000000000000e+00
4.117999999999999972e+01,3.156360473632812500e+02,1.537610530853271484e+01,8.210056304931640625e+00,4.000000000000000000e+00
4.120000000000000284e+01,3.158771972656250000e+02,1.528574466705322266e+01,8.205756187438964844e+00,4.000000000000000000e+00
4.121999999999999886e+01,3.161177673339843750e+02,1.519438648223876953e+01,8.201548576354980469e+00,4.000000000000000000e+00
4.124000000000000199e+01,3.163578186035156250e+02,1.510204887390136719e+01,8.197431564331054688e+00,4.000000000000000000e+00
4.125999999999999801e+01,3.165973205566406250e+02,1.500874996185302734e+01,8.193404197692871094e+00,4.000000000000000000e+00
4.128000000000000114e+01,3.168363037109375000e+02,1.491450500488281250e+01,8.189463615417480469e+00,4.000000000000000000e+00
4.130000000000000426e+01,3.170747375488281250e+02,1.481933498382568359e+01,8.185610771179199219e+00,4.000000000000000000e+00
4.132000000000000028e+01,3.173126525878906250e+02,1.472325706481933594e+01,8.181844711303710938e+00,4.000000000000000000e+00
4.134000000000000341e+01,3.175500183105468750e+02,1.462628746032714844e+01,8.178162574768066406e+00,4.000000000000000000e+00
4.135999999999999943e+01,3.177868957519531250e+02,1.452844715118408203e+01,8.174564361572265625e+00,4.000000000000000000e+00
4.138000000000000256e+01,3.180232543945312500e+02,1.442975330352783203e+01,8.171049118041992188e+00,4.000000000000000000e+00
4.139999999999999858e+01,3.182590637207031250e+02,1.433022499084472656e+01,8.167615890502929688e+00,4.000000000000000000e+00
4.142000000000000171e+01,3.184943542480468750e+02,1.422988033294677734e+01,8.164262771606445312e+00,4.000000000000000000e+00
4.143999999999999773e+01,3.187291259765625000e+02,1.412873840332031250e+01,8.160988807678222656e+00,4.000000000000000000e+00
4.146000000000000085e+01,3.189634094238281250e+02,1.402682018280029297e+01,8.157792091369628906e+00,4.000000000000000000e+00
4.148000000000000398e+01,3.191972351074218750e+02,1.392414283752441406e+01,8.154672622680664062e+00,4.000000000000000000e+00
4.150000000000000000e+01,3.194305419921875000e+02,1.382072639465332031e+01,8.151628494262695312e+00,4.000000000000000000e+00
4.152000000000000313e+01,3.196633605957031250e+02,1.371659088134765625e+01,8.148657798767089844e+00,4.000000000000000000e+00
4.153999999999999915e+01,3.198956909179687500e+02,1.361175441741943359e+01,8.145758628845214844e+00,4.000000000000000000e+00
4.156000000000000227e+01,3.201275634765625000e+02,1.350623989105224609e+01,8.142930984497070312e+00,4.000000000000000000e+00
4.157999999999999829e+01,3.203589477539062500e+02,1.340006351470947266e+01,8.140170097351074219e+00,4.000000000000000000e+00
4.160000000000000142e+01,3.205898742675781250e+02,1.329324531555175781e+01,8.137475013732910156e+00,4.000000000000000000e+00
4.161999999999999744e+01,3.208203430175781250e+02,1.318580532073974609e+01,8.134844779968261719e+00,4.000000000000000000e+00
4.164000000000000057e+01,3.210503845214843750e+02,1.307776355743408203e+01,8.132275581359863281e+00,4.000000000000000000e+00
4.166000000000000369e+01,3.212799682617187500e+02,1.296914005279541016e+01,8.129766464233398438e+00,4.000000000000000000e+00
4.167999999999999972e+01,3.215091247558593750e+02,1.285995101928710938e+01,8.127313613891601562e+00,4.000000000000000000e+00
4.170000000000000284e+01,3.217378540039062500e+02,1.275021839141845703e+01,8.124916076660156250e+00,4.000000000000000000e+00
4.171999999999999886e+01,3.219661560058593750e+02,1.263996124267578125e+01,8.122570037841796875e+00,4.000000000000000000e+00
4.174000000000000199e+01,3.221940917968750000e+02,1.252919769287109375e+01,8.120271682739257812e+00,4.000000000000000000e+00
4.175999999999999801e+01,3.224216003417968750e+02,1.241794681549072266e+01,8.118021011352539062e+00,4.000000000000000000e+00
4.178000000000000114e+01,3.226486816406250000e+02,1.230622959136962891e+01,8.115816116333007812e+00,4.000000000000000000e+00
4.180000000000000426e+01,3.228753967285156250e+02,1.219406223297119141e+01,8.113653182983398438e+00,4.000000000000000000e+00
4.182000000000000028e+01,3.231017761230468750e+02,1.208146381378173828e+01,8.111530303955078125e+00,4.000000000000000000e+00
4.184000000000000341e+01,3.233277893066406250e+02,1.196845340728759766e+01,8.109445571899414062e+00,4.000000000000000000e+00
4.185999999999999943e+01,3.235534362792968750e+02,1.185504817962646484e+01,8.107394218444824219e+00,4.000000000000000000e+00
4.188000000000000256e+01,3.237787475585937500e+02,1.174126720428466797e+01,8.105375289916992188e+00,4.000000000000000000e+00
4.189999999999999858e+01,3.240036926269531250e+02,1.162712860107421875e+01,8.103385925292968750e+00,4.000000000000000000e+00
4.192000000000000171e+01,3.242283325195312500e+02,1.151264953613281250e+01,8.101424217224121094e+00,4.000000000000000000e+00
4.193999999999999773e+01,3.244526672363281250e+02,1.139784717559814453e+01,8.099488258361816406e+00,4.000000000000000000e+00
4.196000000000000085e+01,3.246766967773437500e+02,1.128274059295654297e+01,8.097576141357421875e+00,4.000000000000000000e+00
4.198000000000000398e+01,3.249004211425781250e+02,1.116734695434570312e+01,8.095683097839355469e+00,4.000000000000000000e+00
4.200000000000000000e+01,3.251238708496093750e+02,1.105168056488037109e+01,8.093810081481933594e+00,4.000000000000000000e+00
4.202000000000000313e+01,3.253470153808593750e+02,1.093576240539550781e+01,8.091953277587890625e+00,4.000000000000000000e+00
4.203999999999999915e+01,3.255698852539062500e+02,1.081960773468017578e+01,8.090111732482910156e+00,4.000000000000000000e+00
4.206000000000000227e+01,3.257925109863281250e+02,1.070323276519775391e+01,8.088284492492675781e+00,4.000000000000000000e+00
4.207999999999999829e+01,3.260148925781250000e+02,1.058665561676025391e+01,8.086468696594238281e+00,4.000000000000000000e+00
4.210000000000000142e+01,3.262370300292968750e+02,1.046989154815673828e+01,8.084662437438964844e+00,4.000000000000000000e+00
4.211999999999999744e+01,3.264589538574218750e+02,1.035295772552490234e+01,8.082864761352539062e+00,4.000000000000000000e+00
4.214000000000000057e+01,3.266806335449218750e+02,1.023586940765380859e+01,8.081074714660644531e+00,4.000000000000000000e+00
4.216000000000000369e+01,3.269020996093750000e+02,1.011864280700683594e+01,8.079290390014648438e+00,4.000000000000000000e+00
4.217999999999999972e+01,3.271233825683593750e+02,1.000129413604736328e+01,8.077511787414550781e+00,4.000000000000000000e+00
4.220000000000000284e+01,3.273444519042968750e+02,9.883839607238769531e+00,8.075737953186035156e+00,4.000000000000000000e+00
4.221999999999999886e+01,3.275653381347656250e+02,9.766294479370117188e+00,8.073966979980468750e+00,4.000000000000000000e+00
4.224000000000000199e+01,3.277860717773437500e+02,9.648674964904785156e+00,8.072197914123535156e+00,4.000000000000000000e+00
4.225999999999999801e+01,3.280066223144531250e+02,9.530997276306152344e+00,8.070429801940917969e+00,4.000000000000000000e+00
4.228000000000000114e+01,3.282270202636718750e+02,9.413276672363281250e+00,8.068665504455566406e+00,4.000000000000000000e+00
4.230000000000000426e+01,3.284472656250000000e+02,9.295528411865234375e+00,8.066901206970214844e+00,4.000000000000000000e+00
4.232000000000000028e+01,3.286673889160156250e+02,9.177768707275390625e+00,8.065136909484863281e+00,4.000000000000000000e+00
4.234000000000000341e+01,3.288873901367187500e+02,9.060012817382812500e+00,8.063372611999511719e+00,4.000000000000000000e+00
4.235999999999999943e+01,3.291072692871093750e+02,8.942276954650878906e+00,8.061608314514160156e+00,4.000000000000000000e+00
4.238000000000000256e+01,3.293269958496093750e+02,8.824578285217285156e+00,8.059844017028808594e+00,4.000000000000000000e+00
4.239999999999999858e+01,3.295466613769531250e+02,8.706932067871093750e+00,8.058074951171875000e+00,4.000000000000000000e+00
4.242000000000000171e+01,3.297662353515625000e+02,8.589355468750000000e+00,8.056305885314941406e+00,4.000000000000000000e+00
4.243999999999999773e+01,3.299856872558593750e+02,8.471865653991699219e+00,8.054536819458007812e+00,4.000000000000000000e+00
4.246000000000000085e+01,3.302051086425781250e+02,8.354477882385253906e+00,8.052767753601074219e+00,4.000000000000000000e+00
