time_s,north_m,east_m,altitude_m,phase
0.000000000000000000e+00,0.000000000000000000e+00,0.000000000000000000e+00,9.377412497997283936e-02,0.000000000000000000e+00
2.000000000000000042e-02,0.000000000000000000e+00,0.000000000000000000e+00,9.474229812622070312e-02,0.000000000000000000e+00
4.000000000000000083e-02,0.000000000000000000e+00,0.000000000000000000e+00,9.584950655698776245e-02,0.000000000000000000e+00
5.999999999999999778e-02,0.000000000000000000e+00,0.000000000000000000e+00,9.725560247898101807e-02,0.000000000000000000e+00
8.000000000000000167e-02,0.000000000000000000e+00,0.000000000000000000e+00,9.913198649883270264e-02,0.000000000000000000e+00
1.000000000000000056e-01,0.000000000000000000e+00,0.000000000000000000e+00,1.015153154730796814e-01,0.000000000000000000e+00
1.199999999999999956e-01,0.000000000000000000e+00,0.000000000000000000e+00,1.044117733836174011e-01,0.000000000000000000e+00
1.400000000000000133e-01,0.000000000000000000e+00,0.000000000000000000e+00,1.078208759427070618e-01,0.000000000000000000e+00
1.600000000000000033e-01,0.000000000000000000e+00,0.000000000000000000e+00,1.117397695779800415e-01,0.000000000000000000e+00
1.799999999999999933e-01,0.000000000000000000e+00,0.000000000000000000e+00,1.161646842956542969e-01,0.000000000000000000e+00
2.000000000000000111e-01,0.000000000000000000e+00,0.000000000000000000e+00,1.210909336805343628e-01,0.000000000000000000e+00
2.200000000000000011e-01,0.000000000000000000e+00,0.000000000000000000e+00,1.265139877796173096e-01,0.000000000000000000e+00
2.399999999999999911e-01,0.000000000000000000e+00,0.000000000000000000e+00,1.324300318956375122e-01,0.000000000000000000e+00
2.600000000000000089e-01,0.000000000000000000e+00,0.000000000000000000e+00,1.388354003429412842e-01,0.000000000000000000e+00
2.800000000000000266e-01,0.000000000000000000e+00,0.000000000000000000e+00,1.457266807556152344e-01,0.000000000000000000e+00
2.999999999999999889e-01,0.000000000000000000e+00,0.000000000000000000e+00,1.530993729829788208e-01,0.000000000000000000e+00
3.200000000000000067e-01,0.000000000000000000e+00,0.000000000000000000e+00,1.609489619731903076e-01,0.000000000000000000e+00
3.400000000000000244e-01,0.000000000000000000e+00,0.000000000000000000e+00,1.692716330289840698e-01,0.000000000000000000e+00
3.599999999999999867e-01,0.000000000000000000e+00,0.000000000000000000e+00,1.780640780925750732e-01,0.000000000000000000e+00
3.800000000000000044e-01,0.000000000000000000e+00,0.000000000000000000e+00,1.873229146003723145e-01,0.000000000000000000e+00
4.000000000000000222e-01,0.000000000000000000e+00,0.000000000000000000e+00,1.970434337854385376e-01,0.000000000000000000e+00
4.199999999999999845e-01,0.000000000000000000e+00,0.000000000000000000e+00,2.072205096483230591e-01,0.000000000000000000e+00
4.400000000000000022e-01,0.000000000000000000e+00,0.000000000000000000e+00,2.178553044795989990e-01,0.000000000000000000e+00
4.600000000000000200e-01,0.000000000000000000e+00,0.000000000000000000e+00,2.289496660232543945e-01,0.000000000000000000e+00
4.799999999999999822e-01,0.000000000000000000e+00,0.000000000000000000e+00,2.405014634132385254e-01,0.000000000000000000e+00
5.000000000000000000e-01,0.000000000000000000e+00,0.000000000000000000e+00,2.525067925453186035e-01,0.000000000000000000e+00
5.200000000000000178e-01,0.000000000000000000e+00,0.000000000000000000e+00,2.649606764316558838e-01,0.000000000000000000e+00
5.400000000000000355e-01,0.000000000000000000e+00,0.000000000000000000e+00,2.778580188751220703e-01,0.000000000000000000e+00
5.600000000000000533e-01,0.000000000000000000e+00,0.000000000000000000e+00,2.911944091320037842e-01,0.000000000000000000e+00
5.799999999999999600e-01,0.000000000000000000e+00,0.000000000000000000e+00,3.049660325050354004e-01,0.000000000000000000e+00
5.999999999999999778e-01,0.000000000000000000e+00,0.000000000000000000e+00,3.191690146923065186e-01,0.000000000000000000e+00
6.199999999999999956e-01,0.000000000000000000e+00,0.000000000000000000e+00,3.337992429733276367e-01,0.000000000000000000e+00
6.400000000000000133e-01,0.000000000000000000e+00,0.000000000000000000e+00,3.488526940345764160e-01,0.000000000000000000e+00
6.600000000000000311e-01,0.000000000000000000e+00,0.000000000000000000e+00,3.643256425857543945e-01,0.000000000000000000e+00
6.800000000000000488e-01,0.000000000000000000e+00,0.000000000000000000e+00,3.802145719528198242e-01,0.000000000000000000e+00
7.000000000000000666e-01,0.000000000000000000e+00,0.000000000000000000e+00,3.965156972408294678e-01,0.000000000000000000e+00
7.199999999999999734e-01,0.000000000000000000e+00,0.000000000000000000e+00,4.132250249385833740e-01,0.000000000000000000e+00
7.399999999999999911e-01,0.000000000000000000e+00,0.000000000000000000e+00,4.303390085697174072e-01,0.000000000000000000e+00
7.600000000000000089e-01,0.000000000000000000e+00,0.000000000000000000e+00,4.478543102741241455e-01,0.000000000000000000e+00
7.800000000000000266e-01,0.000000000000000000e+00,0.000000000000000000e+00,4.657676219940185547e-01,0.000000000000000000e+00
8.000000000000000444e-01,0.000000000000000000e+00,0.000000000000000000e+00,4.840752184391021729e-01,0.000000000000000000e+00
8.200000000000000622e-01,0.000000000000000000e+00,0.000000000000000000e+00,5.027729868888854980e-01,0.000000000000000000e+00
8.399999999999999689e-01,0.000000000000000000e+00,0.000000000000000000e+00,5.218571424484252930e-01,0.000000000000000000e+00
8.599999999999999867e-01,0.000000000000000000e+00,0.000000000000000000e+00,5.413242578506469727e-01,0.000000000000000000e+00
8.800000000000000044e-01,0.000000000000000000e+00,0.000000000000000000e+00,5.611711740493774414e-01,0.000000000000000000e+00
9.000000000000000222e-01,0.000000000000000000e+00,0.000000000000000000e+00,5.813945531845092773e-01,0.000000000000000000e+00
9.200000000000000400e-01,0.000000000000000000e+00,0.000000000000000000e+00,6.019909977912902832e-01,0.000000000000000000e+00
9.400000000000000577e-01,0.000000000000000000e+00,0.000000000000000000e+00,6.229573488235473633e-01,0.000000000000000000e+00
9.599999999999999645e-01,0.000000000000000000e+00,0.000000000000000000e+00,6.442906856536865234e-01,0.000000000000000000e+00
9.799999999999999822e-01,0.000000000000000000e+00,0.000000000000000000e+00,6.659880876541137695e-01,0.000000000000000000e+00
1.000000000000000000e+00,0.000000000000000000e+00,0.000000000000000000e+00,6.880461573600769043e-01,0.000000000000000000e+00
1.020000000000000018e+00,0.000000000000000000e+00,0.000000000000000000e+00,7.104610800743103027e-01,0.000000000000000000e+00
1.040000000000000036e+00,0.000000000000000000e+00,0.000000000000000000e+00,7.332293987274169922e-01,0.000000000000000000e+00
1.060000000000000053e+00,0.000000000000000000e+00,0.000000000000000000e+00,7.563481926918029785e-01,0.000000000000000000e+00
1.080000000000000071e+00,0.000000000000000000e+00,0.000000000000000000e+00,7.798146605491638184e-01,0.000000000000000000e+00
1.100000000000000089e+00,0.000000000000000000e+00,0.000000000000000000e+00,8.036257028579711914e-01,0.000000000000000000e+00
1.120000000000000107e+00,0.000000000000000000e+00,0.000000000000000000e+00,8.277776241302490234e-01,0.000000000000000000e+00
1.140000000000000124e+00,0.000000000000000000e+00,0.000000000000000000e+00,8.522671461105346680e-01,0.000000000000000000e+00
1.159999999999999920e+00,0.000000000000000000e+00,0.000000000000000000e+00,8.770915269851684570e-01,0.000000000000000000e+00
1.179999999999999938e+00,0.000000000000000000e+00,0.000000000000000000e+00,9.022481441497802734e-01,0.000000000000000000e+00
1.199999999999999956e+00,0.000000000000000000e+00,0.000000000000000000e+00,9.277340173721313477e-01,0.000000000000000000e+00
1.219999999999999973e+00,0.000000000000000000e+00,0.000000000000000000e+00,9.535458683967590332e-01,0.000000000000000000e+00
1.239999999999999991e+00,0.000000000000000000e+00,0.000000000000000000e+00,9.796805381774902344e-01,0.000000000000000000e+00
1.260000000000000009e+00,0.000000000000000000e+00,0.000000000000000000e+00,1.006135225296020508e+00,1.000000000000000000e+00
1.280000000000000027e+00,0.000000000000000000e+00,0.000000000000000000e+00,1.032874822616577148e+00,1.000000000000000000e+00
1.300000000000000044e+00,0.000000000000000000e+00,0.000000000000000000e+00,1.059838771820068359e+00,1.000000000000000000e+00
1.320000000000000062e+00,0.000000000000000000e+00,0.000000000000000000e+00,1.086979985237121582e+00,1.000000000000000000e+00
1.340000000000000080e+00,0.000000000000000000e+00,0.000000000000000000e+00,1.114269614219665527e+00,1.000000000000000000e+00
1.360000000000000098e+00,0.000000000000000000e+00,0.000000000000000000e+00,1.141689896583557129e+00,1.000000000000000000e+00
1.380000000000000115e+00,0.000000000000000000e+00,0.000000000000000000e+00,1.169228315353393555e+00,1.000000000000000000e+00
1.400000000000000133e+00,0.000000000000000000e+00,0.000000000000000000e+00,1.196873664855957031e+00,1.000000000000000000e+00
1.419999999999999929e+00,0.000000000000000000e+00,0.000000000000000000e+00,1.224620819091796875e+00,1.000000000000000000e+00
1.439999999999999947e+00,0.000000000000000000e+00,0.000000000000000000e+00,1.252468585968017578e+00,1.000000000000000000e+00
1.459999999999999964e+00,0.000000000000000000e+00,0.000000000000000000e+00,1.280415415763854980e+00,1.000000000000000000e+00
1.479999999999999982e+00,0.000000000000000000e+00,0.000000000000000000e+00,1.308458209037780762e+00,1.000000000000000000e+00
1.500000000000000000e+00,0.000000000000000000e+00,0.000000000000000000e+00,1.336592078208923340e+00,1.000000000000000000e+00
1.520000000000000018e+00,0.000000000000000000e+00,0.000000000000000000e+00,1.364812612533569336e+00,1.000000000000000000e+00
1.540000000000000036e+00,0.000000000000000000e+00,0.000000000000000000e+00,1.393116831779479980e+00,1.000000000000000000e+00
1.560000000000000053e+00,0.000000000000000000e+00,0.000000000000000000e+00,1.421501517295837402e+00,1.000000000000000000e+00
1.580000000000000071e+00,0.000000000000000000e+00,0.000000000000000000e+00,1.449962735176086426e+00,1.000000000000000000e+00
1.600000000000000089e+00,0.000000000000000000e+00,0.000000000000000000e+00,1.478495359420776367e+00,1.000000000000000000e+00
1.620000000000000107e+00,0.000000000000000000e+00,0.000000000000000000e+00,1.507102489471435547e+00,1.000000000000000000e+00
1.640000000000000124e+00,0.000000000000000000e+00,0.000000000000000000e+00,1.535791397094726562e+00,1.000000000000000000e+00
1.660000000000000142e+00,0.000000000000000000e+00,0.000000000000000000e+00,1.564564585685729980e+00,1.000000000000000000e+00
1.679999999999999938e+00,0.000000000000000000e+00,0.000000000000000000e+00,1.593420743942260742e+00,1.000000000000000000e+00
1.699999999999999956e+00,0.000000000000000000e+00,0.000000000000000000e+00,1.622356772422790527e+00,1.000000000000000000e+00
1.719999999999999973e+00,0.000000000000000000e+00,0.000000000000000000e+00,1.651372313499450684e+00,1.000000000000000000e+00
1.739999999999999991e+00,0.000000000000000000e+00,0.000000000000000000e+00,1.680468916893005371e+00,1.000000000000000000e+00
1.760000000000000009e+00,0.000000000000000000e+00,0.000000000000000000e+00,1.709645748138427734e+00,1.000000000000000000e+00
1.780000000000000027e+00,0.000000000000000000e+00,0.000000000000000000e+00,1.738900899887084961e+00,1.000000000000000000e+00
1.800000000000000044e+00,0.000000000000000000e+00,0.000000000000000000e+00,1.768230319023132324e+00,1.000000000000000000e+00
1.820000000000000062e+00,0.000000000000000000e+00,0.000000000000000000e+00,1.797630786895751953e+00,1.000000000000000000e+00
1.840000000000000080e+00,0.000000000000000000e+00,0.000000000000000000e+00,1.827099442481994629e+00,1.000000000000000000e+00
1.860000000000000098e+00,0.000000000000000000e+00,0.000000000000000000e+00,1.856633663177490234e+00,1.000000000000000000e+00
1.880000000000000115e+00,0.000000000000000000e+00,0.000000000000000000e+00,1.886229515075683594e+00,1.000000000000000000e+00
1.900000000000000133e+00,0.000000000000000000e+00,0.000000000000000000e+00,1.915882349014282227e+00,1.000000000000000000e+00
1.919999999999999929e+00,0.000000000000000000e+00,0.000000000000000000e+00,1.945590734481811523e+00,1.000000000000000000e+00
1.939999999999999947e+00,0.000000000000000000e+00,0.000000000000000000e+00,1.975354909896850586e+00,1.000000000000000000e+00
1.959999999999999964e+00,0.000000000000000000e+00,0.000000000000000000e+00,2.005174398422241211e+00,1.000000000000000000e+00
1.979999999999999982e+00,0.000000000000000000e+00,0.000000000000000000e+00,2.035046577453613281e+00,1.000000000000000000e+00
2.000000000000000000e+00,0.000000000000000000e+00,0.000000000000000000e+00,2.064968109130859375e+00,1.000000000000000000e+00
2.020000000000000018e+00,0.000000000000000000e+00,0.000000000000000000e+00,2.094943284988403320e+00,1.000000000000000000e+00
2.040000000000000036e+00,0.000000000000000000e+00,0.000000000000000000e+00,2.124979734420776367e+00,1.000000000000000000e+00
2.060000000000000053e+00,0.000000000000000000e+00,0.000000000000000000e+00,2.155081272125244141e+00,1.000000000000000000e+00
2.080000000000000071e+00,0.000000000000000000e+00,0.000000000000000000e+00,2.185247182846069336e+00,1.000000000000000000e+00
2.100000000000000089e+00,0.000000000000000000e+00,0.000000000000000000e+00,2.215474605560302734e+00,1.000000000000000000e+00
2.120000000000000107e+00,0.000000000000000000e+00,0.000000000000000000e+00,2.245763301849365234e+00,1.000000000000000000e+00
2.140000000000000124e+00,0.000000000000000000e+00,0.000000000000000000e+00,2.276115179061889648e+00,1.000000000000000000e+00
2.160000000000000142e+00,0.000000000000000000e+00,0.000000000000000000e+00,2.306529998779296875e+00,1.000000000000000000e+00
2.180000000000000160e+00,0.000000000000000000e+00,0.000000000000000000e+00,2.337005853652954102e+00,1.000000000000000000e+00
2.200000000000000178e+00,0.000000000000000000e+00,0.000000000000000000e+00,2.367538928985595703e+00,1.000000000000000000e+00
2.220000000000000195e+00,0.000000000000000000e+00,0.000000000000000000e+00,2.398125171661376953e+00,1.000000000000000000e+00
2.240000000000000213e+00,0.000000000000000000e+00,0.000000000000000000e+00,2.428761720657348633e+00,1.000000000000000000e+00
2.260000000000000231e+00,0.000000000000000000e+00,0.000000000000000000e+00,2.459445476531982422e+00,1.000000000000000000e+00
2.280000000000000249e+00,0.000000000000000000e+00,0.000000000000000000e+00,2.490172863006591797e+00,1.000000000000000000e+00
2.300000000000000266e+00,0.000000000000000000e+00,0.000000000000000000e+00,2.520938873291015625e+00,1.000000000000000000e+00
2.319999999999999840e+00,0.000000000000000000e+00,0.000000000000000000e+00,2.551746129989624023e+00,1.000000000000000000e+00
2.339999999999999858e+00,0.000000000000000000e+00,0.000000000000000000e+00,2.582599878311157227e+00,1.000000000000000000e+00
2.359999999999999876e+00,0.000000000000000000e+00,0.000000000000000000e+00,2.613502025604248047e+00,1.000000000000000000e+00
2.379999999999999893e+00,0.000000000000000000e+00,0.000000000000000000e+00,2.644451141357421875e+00,1.000000000000000000e+00
2.399999999999999911e+00,0.000000000000000000e+00,0.000000000000000000e+00,2.675444364547729492e+00,1.000000000000000000e+00
2.419999999999999929e+00,0.000000000000000000e+00,0.000000000000000000e+00,2.706481695175170898e+00,1.000000000000000000e+00
2.439999999999999947e+00,0.000000000000000000e+00,0.000000000000000000e+00,2.737565517425537109e+00,1.000000000000000000e+00
2.459999999999999964e+00,0.000000000000000000e+00,0.000000000000000000e+00,2.768695831298828125e+00,1.000000000000000000e+00
2.479999999999999982e+00,0.000000000000000000e+00,0.000000000000000000e+00,2.799870729446411133e+00,1.000000000000000000e+00
2.500000000000000000e+00,0.000000000000000000e+00,0.000000000000000000e+00,2.831086635589599609e+00,1.000000000000000000e+00
2.520000000000000018e+00,0.000000000000000000e+00,0.000000000000000000e+00,2.862342596054077148e+00,1.000000000000000000e+00
2.540000000000000036e+00,0.000000000000000000e+00,0.000000000000000000e+00,2.893638849258422852e+00,1.000000000000000000e+00
2.560000000000000053e+00,0.000000000000000000e+00,0.000000000000000000e+00,2.924974918365478516e+00,1.000000000000000000e+00
2.580000000000000071e+00,0.000000000000000000e+00,0.000000000000000000e+00,2.956348657608032227e+00,1.000000000000000000e+00
2.600000000000000089e+00,0.000000000000000000e+00,0.000000000000000000e+00,2.987756967544555664e+00,1.000000000000000000e+00
2.620000000000000107e+00,0.000000000000000000e+00,0.000000000000000000e+00,3.019200563430786133e+00,1.000000000000000000e+00
2.640000000000000124e+00,0.000000000000000000e+00,0.000000000000000000e+00,3.050683021545410156e+00,1.000000000000000000e+00
2.660000000000000142e+00,0.000000000000000000e+00,0.000000000000000000e+00,3.082205057144165039e+00,1.000000000000000000e+00
2.680000000000000160e+00,0.000000000000000000e+00,0.000000000000000000e+00,3.113765239715576172e+00,1.000000000000000000e+00
2.700000000000000178e+00,0.000000000000000000e+00,0.000000000000000000e+00,3.145360231399536133e+00,1.000000000000000000e+00
2.720000000000000195e+00,0.000000000000000000e+00,0.000000000000000000e+00,3.176987409591674805e+00,1.000000000000000000e+00
2.740000000000000213e+00,0.000000000000000000e+00,0.000000000000000000e+00,3.208645820617675781e+00,1.000000000000000000e+00
2.760000000000000231e+00,0.000000000000000000e+00,0.000000000000000000e+00,3.240332841873168945e+00,1.000000000000000000e+00
2.780000000000000249e+00,0.000000000000000000e+00,0.000000000000000000e+00,3.272045850753784180e+00,1.000000000000000000e+00
2.800000000000000266e+00,0.000000000000000000e+00,0.000000000000000000e+00,3.303780794143676758e+00,1.000000000000000000e+00
2.819999999999999840e+00,0.000000000000000000e+00,0.000000000000000000e+00,3.335540056228637695e+00,1.000000000000000000e+00
2.839999999999999858e+00,0.000000000000000000e+00,0.000000000000000000e+00,3.367327690124511719e+00,1.000000000000000000e+00
2.859999999999999876e+00,0.000000000000000000e+00,0.000000000000000000e+00,3.399145841598510742e+00,1.000000000000000000e+00
2.879999999999999893e+00,0.000000000000000000e+00,0.000000000000000000e+00,3.430992126464843750e+00,1.000000000000000000e+00
2.899999999999999911e+00,0.000000000000000000e+00,0.000000000000000000e+00,3.462863922119140625e+00,1.000000000000000000e+00
2.919999999999999929e+00,0.000000000000000000e+00,0.000000000000000000e+00,3.494762659072875977e+00,1.000000000000000000e+00
2.939999999999999947e+00,0.000000000000000000e+00,0.000000000000000000e+00,3.526690483093261719e+00,1.000000000000000000e+00
2.959999999999999964e+00,0.000000000000000000e+00,0.000000000000000000e+00,3.558648824691772461e+00,1.000000000000000000e+00
2.979999999999999982e+00,0.000000000000000000e+00,0.000000000000000000e+00,3.590635776519775391e+00,1.000000000000000000e+00
3.000000000000000000e+00,0.000000000000000000e+00,0.000000000000000000e+00,3.622648239135742188e+00,1.000000000000000000e+00
3.020000000000000018e+00,0.000000000000000000e+00,0.000000000000000000e+00,3.654685258865356445e+00,1.000000000000000000e+00
3.040000000000000036e+00,0.000000000000000000e+00,0.000000000000000000e+00,3.686746835708618164e+00,1.000000000000000000e+00
3.060000000000000053e+00,0.000000000000000000e+00,0.000000000000000000e+00,3.718832015991210938e+00,1.000000000000000000e+00
3.080000000000000071e+00,0.000000000000000000e+00,0.000000000000000000e+00,3.750939130783081055e+00,1.000000000000000000e+00
3.100000000000000089e+00,0.000000000000000000e+00,0.000000000000000000e+00,3.783064603805541992e+00,1.000000000000000000e+00
3.120000000000000107e+00,0.000000000000000000e+00,0.000000000000000000e+00,3.815209865570068359e+00,1.000000000000000000e+00
3.140000000000000124e+00,0.000000000000000000e+00,0.000000000000000000e+00,3.847379684448242188e+00,1.000000000000000000e+00
3.160000000000000142e+00,0.000000000000000000e+00,0.000000000000000000e+00,3.879575729370117188e+00,1.000000000000000000e+00
3.180000000000000160e+00,0.000000000000000000e+00,0.000000000000000000e+00,3.911796808242797852e+00,1.000000000000000000e+00
3.200000000000000178e+00,0.000000000000000000e+00,0.000000000000000000e+00,3.944040536880493164e+00,1.000000000000000000e+00
3.220000000000000195e+00,0.000000000000000000e+00,0.000000000000000000e+00,3.976306200027465820e+00,1.000000000000000000e+00
3.240000000000000213e+00,0.000000000000000000e+00,0.000000000000000000e+00,4.008594036102294922e+00,1.000000000000000000e+00
3.260000000000000231e+00,0.000000000000000000e+00,0.000000000000000000e+00,4.040903568267822266e+00,1.000000000000000000e+00
3.280000000000000249e+00,0.000000000000000000e+00,0.000000000000000000e+00,4.073232650756835938e+00,1.000000000000000000e+00
3.300000000000000266e+00,0.000000000000000000e+00,0.000000000000000000e+00,4.105578422546386719e+00,1.000000000000000000e+00
3.320000000000000284e+00,0.000000000000000000e+00,0.000000000000000000e+00,4.137943267822265625e+00,1.000000000000000000e+00
3.339999999999999858e+00,0.000000000000000000e+00,0.000000000000000000e+00,4.170332431793212891e+00,1.000000000000000000e+00
3.359999999999999876e+00,0.000000000000000000e+00,0.000000000000000000e+00,4.202746391296386719e+00,1.000000000000000000e+00
3.379999999999999893e+00,0.000000000000000000e+00,0.000000000000000000e+00,4.235185623168945312e+00,1.000000000000000000e+00
3.399999999999999911e+00,0.000000000000000000e+00,0.000000000000000000e+00,4.267645359039306641e+00,1.000000000000000000e+00
3.419999999999999929e+00,0.000000000000000000e+00,0.000000000000000000e+00,4.300124645233154297e+00,1.000000000000000000e+00
3.439999999999999947e+00,0.000000000000000000e+00,0.000000000000000000e+00,4.332619667053222656e+00,1.000000000000000000e+00
3.459999999999999964e+00,0.000000000000000000e+00,0.000000000000000000e+00,4.365128040313720703e+00,1.000000000000000000e+00
3.479999999999999982e+00,0.000000000000000000e+00,0.000000000000000000e+00,4.397647857666015625e+00,1.000000000000000000e+00
3.500000000000000000e+00,0.000000000000000000e+00,0.000000000000000000e+00,4.430174827575683594e+00,1.000000000000000000e+00
3.520000000000000018e+00,0.000000000000000000e+00,0.000000000000000000e+00,4.462708473205566406e+00,1.000000000000000000e+00
3.540000000000000036e+00,0.000000000000000000e+00,0.000000000000000000e+00,4.495251178741455078e+00,1.000000000000000000e+00
3.560000000000000053e+00,0.000000000000000000e+00,0.000000000000000000e+00,4.527803421020507812e+00,1.000000000000000000e+00
3.580000000000000071e+00,0.000000000000000000e+00,0.000000000000000000e+00,4.560364246368408203e+00,1.000000000000000000e+00
3.600000000000000089e+00,0.000000000000000000e+00,0.000000000000000000e+00,4.592930793762207031e+00,1.000000000000000000e+00
3.620000000000000107e+00,0.000000000000000000e+00,0.000000000000000000e+00,4.625505924224853516e+00,1.000000000000000000e+00
3.640000000000000124e+00,0.000000000000000000e+00,0.000000000000000000e+00,4.658095359802246094e+00,1.000000000000000000e+00
3.660000000000000142e+00,0.000000000000000000e+00,0.000000000000000000e+00,4.690701484680175781e+00,1.000000000000000000e+00
3.680000000000000160e+00,0.000000000000000000e+00,0.000000000000000000e+00,4.723323345184326172e+00,1.000000000000000000e+00
3.700000000000000178e+00,0.000000000000000000e+00,0.000000000000000000e+00,4.755958080291748047e+00,1.000000000000000000e+00
3.720000000000000195e+00,0.000000000000000000e+00,0.000000000000000000e+00,4.788604736328125000e+00,1.000000000000000000e+00
3.740000000000000213e+00,0.000000000000000000e+00,0.000000000000000000e+00,4.821260452270507812e+00,1.000000000000000000e+00
3.760000000000000231e+00,0.000000000000000000e+00,0.000000000000000000e+00,4.853923320770263672e+00,1.000000000000000000e+00
3.780000000000000249e+00,0.000000000000000000e+00,0.000000000000000000e+00,4.886590003967285156e+00,1.000000000000000000e+00
3.800000000000000266e+00,0.000000000000000000e+00,0.000000000000000000e+00,4.919258117675781250e+00,1.000000000000000000e+00
3.820000000000000284e+00,0.000000000000000000e+00,0.000000000000000000e+00,4.951923847198486328e+00,1.000000000000000000e+00
3.839999999999999858e+00,0.000000000000000000e+00,0.000000000000000000e+00,4.984589576721191406e+00,1.000000000000000000e+00
3.859999999999999876e+00,0.000000000000000000e+00,0.000000000000000000e+00,5.017252922058105469e+00,1.000000000000000000e+00
3.879999999999999893e+00,0.000000000000000000e+00,0.000000000000000000e+00,5.049912929534912109e+00,1.000000000000000000e+00
3.899999999999999911e+00,0.000000000000000000e+00,0.000000000000000000e+00,5.082566738128662109e+00,1.000000000000000000e+00
3.919999999999999929e+00,0.000000000000000000e+00,0.000000000000000000e+00,5.115216255187988281e+00,1.000000000000000000e+00
3.939999999999999947e+00,0.000000000000000000e+00,0.000000000000000000e+00,5.147865295410156250e+00,1.000000000000000000e+00
3.959999999999999964e+00,0.000000000000000000e+00,0.000000000000000000e+00,5.180516719818115234e+00,1.000000000000000000e+00
3.979999999999999982e+00,0.000000000000000000e+00,0.000000000000000000e+00,5.213168144226074219e+00,1.000000000000000000e+00
4.000000000000000000e+00,0.000000000000000000e+00,0.000000000000000000e+00,5.245818138122558594e+00,1.000000000000000000e+00
4.020000000000000462e+00,0.000000000000000000e+00,0.000000000000000000e+00,5.278467178344726562e+00,1.000000000000000000e+00
4.040000000000000036e+00,0.000000000000000000e+00,0.000000000000000000e+00,5.311113834381103516e+00,1.000000000000000000e+00
4.060000000000000497e+00,0.000000000000000000e+00,0.000000000000000000e+00,5.343760013580322266e+00,1.000000000000000000e+00
4.080000000000000071e+00,0.000000000000000000e+00,0.000000000000000000e+00,5.376403331756591797e+00,1.000000000000000000e+00
4.099999999999999645e+00,0.000000000000000000e+00,0.000000000000000000e+00,5.409040927886962891e+00,1.000000000000000000e+00
4.120000000000000107e+00,0.000000000000000000e+00,0.000000000000000000e+00,5.441672801971435547e+00,1.000000000000000000e+00
4.139999999999999680e+00,0.000000000000000000e+00,0.000000000000000000e+00,5.474297046661376953e+00,1.000000000000000000e+00
4.160000000000000142e+00,0.000000000000000000e+00,0.000000000000000000e+00,5.506912231445312500e+00,1.000000000000000000e+00
4.179999999999999716e+00,0.000000000000000000e+00,0.000000000000000000e+00,5.539516448974609375e+00,1.000000000000000000e+00
4.200000000000000178e+00,0.000000000000000000e+00,0.000000000000000000e+00,5.572108268737792969e+00,1.000000000000000000e+00
4.219999999999999751e+00,0.000000000000000000e+00,0.000000000000000000e+00,5.604690551757812500e+00,1.000000000000000000e+00
4.240000000000000213e+00,0.000000000000000000e+00,0.000000000000000000e+00,5.637266159057617188e+00,1.000000000000000000e+00
4.259999999999999787e+00,0.000000000000000000e+00,0.000000000000000000e+00,5.669836044311523438e+00,1.000000000000000000e+00
4.280000000000000249e+00,0.000000000000000000e+00,0.000000000000000000e+00,5.702400207519531250e+00,1.000000000000000000e+00
4.299999999999999822e+00,0.000000000000000000e+00,0.000000000000000000e+00,5.734957218170166016e+00,1.000000000000000000e+00
4.320000000000000284e+00,0.000000000000000000e+00,0.000000000000000000e+00,5.767503738403320312e+00,1.000000000000000000e+00
4.339999999999999858e+00,0.000000000000000000e+00,0.000000000000000000e+00,5.800035953521728516e+00,1.000000000000000000e+00
4.360000000000000320e+00,0.000000000000000000e+00,0.000000000000000000e+00,5.832551002502441406e+00,1.000000000000000000e+00
4.379999999999999893e+00,0.000000000000000000e+00,0.000000000000000000e+00,5.865046024322509766e+00,1.000000000000000000e+00
4.400000000000000355e+00,0.000000000000000000e+00,0.000000000000000000e+00,5.897520542144775391e+00,1.000000000000000000e+00
4.419999999999999929e+00,0.000000000000000000e+00,0.000000000000000000e+00,5.929975032806396484e+00,1.000000000000000000e+00
4.440000000000000391e+00,0.000000000000000000e+00,0.000000000000000000e+00,5.962411403656005859e+00,1.000000000000000000e+00
4.459999999999999964e+00,0.000000000000000000e+00,0.000000000000000000e+00,5.994829654693603516e+00,1.000000000000000000e+00
4.480000000000000426e+00,0.000000000000000000e+00,0.000000000000000000e+00,6.027230262756347656e+00,1.000000000000000000e+00
4.500000000000000000e+00,0.000000000000000000e+00,0.000000000000000000e+00,6.059611797332763672e+00,1.000000000000000000e+00
4.520000000000000462e+00,0.000000000000000000e+00,0.000000000000000000e+00,6.091976642608642578e+00,1.000000000000000000e+00
4.540000000000000036e+00,0.000000000000000000e+00,0.000000000000000000e+00,6.124327659606933594e+00,1.000000000000000000e+00
4.560000000000000497e+00,0.000000000000000000e+00,0.000000000000000000e+00,6.156666755676269531e+00,1.000000000000000000e+00
4.580000000000000071e+00,0.000000000000000000e+00,0.000000000000000000e+00,6.188993930816650391e+00,1.000000000000000000e+00
4.600000000000000533e+00,0.000000000000000000e+00,0.000000000000000000e+00,6.221306324005126953e+00,1.000000000000000000e+00
4.620000000000000107e+00,0.000000000000000000e+00,0.000000000000000000e+00,6.253607273101806641e+00,1.000000000000000000e+00
4.639999999999999680e+00,0.000000000000000000e+00,0.000000000000000000e+00,6.285899639129638672e+00,1.000000000000000000e+00
4.660000000000000142e+00,0.000000000000000000e+00,0.000000000000000000e+00,6.318184852600097656e+00,1.000000000000000000e+00
4.679999999999999716e+00,0.000000000000000000e+00,0.000000000000000000e+00,6.350462913513183594e+00,1.000000000000000000e+00
4.700000000000000178e+00,0.000000000000000000e+00,0.000000000000000000e+00,6.382731914520263672e+00,1.000000000000000000e+00
4.719999999999999751e+00,0.000000000000000000e+00,0.000000000000000000e+00,6.414989948272705078e+00,1.000000000000000000e+00
4.740000000000000213e+00,0.000000000000000000e+00,0.000000000000000000e+00,6.447236061096191406e+00,1.000000000000000000e+00
4.759999999999999787e+00,0.000000000000000000e+00,0.000000000000000000e+00,6.479467391967773438e+00,1.000000000000000000e+00
4.780000000000000249e+00,0.000000000000000000e+00,0.000000000000000000e+00,6.511682987213134766e+00,1.000000000000000000e+00
4.799999999999999822e+00,0.000000000000000000e+00,0.000000000000000000e+00,6.543881893157958984e+00,1.000000000000000000e+00
4.820000000000000284e+00,0.000000000000000000e+00,0.000000000000000000e+00,6.576064586639404297e+00,1.000000000000000000e+00
4.839999999999999858e+00,0.000000000000000000e+00,0.000000000000000000e+00,6.608232975006103516e+00,1.000000000000000000e+00
4.860000000000000320e+00,0.000000000000000000e+00,0.000000000000000000e+00,6.640388011932373047e+00,1.000000000000000000e+00
4.879999999999999893e+00,0.000000000000000000e+00,0.000000000000000000e+00,6.672529220581054688e+00,1.000000000000000000e+00
4.900000000000000355e+00,0.000000000000000000e+00,0.000000000000000000e+00,6.704655647277832031e+00,1.000000000000000000e+00
4.919999999999999929e+00,0.000000000000000000e+00,0.000000000000000000e+00,6.736767292022705078e+00,1.000000000000000000e+00
4.940000000000000391e+00,0.000000000000000000e+00,0.000000000000000000e+00,6.768864154815673828e+00,1.000000000000000000e+00
4.959999999999999964e+00,0.000000000000000000e+00,0.000000000000000000e+00,6.800945281982421875e+00,1.000000000000000000e+00
4.980000000000000426e+00,0.000000000000000000e+00,0.000000000000000000e+00,6.833010196685791016e+00,1.000000000000000000e+00
5.000000000000000000e+00,0.000000000000000000e+00,0.000000000000000000e+00,6.865058422088623047e+00,1.000000000000000000e+00
5.020000000000000462e+00,0.000000000000000000e+00,0.000000000000000000e+00,6.897090911865234375e+00,1.000000000000000000e+00
5.040000000000000036e+00,0.000000000000000000e+00,0.000000000000000000e+00,6.929108142852783203e+00,1.000000000000000000e+00
5.060000000000000497e+00,0.000000000000000000e+00,0.000000000000000000e+00,6.961110115051269531e+00,1.000000000000000000e+00
5.080000000000000071e+00,0.000000000000000000e+00,0.000000000000000000e+00,6.993096351623535156e+00,1.000000000000000000e+00
5.100000000000000533e+00,0.000000000000000000e+00,0.000000000000000000e+00,7.025066852569580078e+00,1.000000000000000000e+00
5.120000000000000107e+00,0.000000000000000000e+00,0.000000000000000000e+00,7.057019710540771484e+00,1.000000000000000000e+00
5.139999999999999680e+00,0.000000000000000000e+00,0.000000000000000000e+00,7.088953018188476562e+00,1.000000000000000000e+00
5.160000000000000142e+00,0.000000000000000000e+00,0.000000000000000000e+00,7.120865345001220703e+00,1.000000000000000000e+00
5.179999999999999716e+00,0.000000000000000000e+00,0.000000000000000000e+00,7.152755737304687500e+00,1.000000000000000000e+00
5.200000000000000178e+00,0.000000000000000000e+00,0.000000000000000000e+00,7.184622764587402344e+00,1.000000000000000000e+00
5.219999999999999751e+00,0.000000000000000000e+00,0.000000000000000000e+00,7.216468811035156250e+00,1.000000000000000000e+00
5.240000000000000213e+00,0.000000000000000000e+00,0.000000000000000000e+00,7.248294353485107422e+00,1.000000000000000000e+00
5.259999999999999787e+00,0.000000000000000000e+00,0.000000000000000000e+00,7.280100345611572266e+00,1.000000000000000000e+00
5.280000000000000249e+00,0.000000000000000000e+00,0.000000000000000000e+00,7.311885356903076172e+00,1.000000000000000000e+00
5.299999999999999822e+00,0.000000000000000000e+00,0.000000000000000000e+00,7.343650817871093750e+00,1.000000000000000000e+00
5.320000000000000284e+00,0.000000000000000000e+00,0.000000000000000000e+00,7.375397682189941406e+00,1.000000000000000000e+00
5.339999999999999858e+00,0.000000000000000000e+00,0.000000000000000000e+00,7.407128810882568359e+00,1.000000000000000000e+00
5.360000000000000320e+00,0.000000000000000000e+00,0.000000000000000000e+00,7.438844680786132812e+00,1.000000000000000000e+00
5.379999999999999893e+00,0.000000000000000000e+00,0.000000000000000000e+00,7.470546245574951172e+00,1.000000000000000000e+00
5.400000000000000355e+00,0.000000000000000000e+00,0.000000000000000000e+00,7.502233028411865234e+00,1.000000000000000000e+00
5.419999999999999929e+00,0.000000000000000000e+00,0.000000000000000000e+00,7.533902168273925781e+00,1.000000000000000000e+00
5.440000000000000391e+00,0.000000000000000000e+00,0.000000000000000000e+00,7.565547466278076172e+00,1.000000000000000000e+00
5.459999999999999964e+00,0.000000000000000000e+00,0.000000000000000000e+00,7.597165584564208984e+00,1.000000000000000000e+00
5.480000000000000426e+00,0.000000000000000000e+00,0.000000000000000000e+00,7.628754615783691406e+00,1.000000000000000000e+00
5.500000000000000000e+00,0.000000000000000000e+00,0.000000000000000000e+00,7.660314559936523438e+00,1.000000000000000000e+00
5.520000000000000462e+00,0.000000000000000000e+00,0.000000000000000000e+00,7.691844940185546875e+00,1.000000000000000000e+00
5.540000000000000036e+00,0.000000000000000000e+00,0.000000000000000000e+00,7.723346710205078125e+00,1.000000000000000000e+00
5.560000000000000497e+00,0.000000000000000000e+00,0.000000000000000000e+00,7.754821300506591797e+00,1.000000000000000000e+00
5.580000000000000071e+00,0.000000000000000000e+00,0.000000000000000000e+00,7.786269187927246094e+00,1.000000000000000000e+00
5.600000000000000533e+00,0.000000000000000000e+00,0.000000000000000000e+00,7.817691326141357422e+00,1.000000000000000000e+00
5.620000000000000107e+00,0.000000000000000000e+00,0.000000000000000000e+00,7.849088668823242188e+00,1.000000000000000000e+00
5.639999999999999680e+00,0.000000000000000000e+00,0.000000000000000000e+00,7.880460262298583984e+00,1.000000000000000000e+00
5.660000000000000142e+00,0.000000000000000000e+00,0.000000000000000000e+00,7.911807537078857422e+00,1.000000000000000000e+00
5.679999999999999716e+00,0.000000000000000000e+00,0.000000000000000000e+00,7.943128585815429688e+00,1.000000000000000000e+00
5.700000000000000178e+00,0.000000000000000000e+00,0.000000000000000000e+00,7.974425792694091797e+00,1.000000000000000000e+00
5.719999999999999751e+00,0.000000000000000000e+00,0.000000000000000000e+00,8.005699157714843750e+00,1.000000000000000000e+00
5.740000000000000213e+00,0.000000000000000000e+00,0.000000000000000000e+00,8.036946296691894531e+00,1.000000000000000000e+00
5.759999999999999787e+00,0.000000000000000000e+00,0.000000000000000000e+00,8.068168640136718750e+00,1.000000000000000000e+00
5.780000000000000249e+00,0.000000000000000000e+00,0.000000000000000000e+00,8.099363327026367188e+00,1.000000000000000000e+00
5.799999999999999822e+00,0.000000000000000000e+00,0.000000000000000000e+00,8.130534172058105469e+00,1.000000000000000000e+00
5.820000000000000284e+00,0.000000000000000000e+00,0.000000000000000000e+00,8.161681175231933594e+00,1.000000000000000000e+00
5.839999999999999858e+00,0.000000000000000000e+00,0.000000000000000000e+00,8.192800521850585938e+00,1.000000000000000000e+00
5.860000000000000320e+00,0.000000000000000000e+00,0.000000000000000000e+00,8.223893165588378906e+00,1.000000000000000000e+00
5.879999999999999893e+00,0.000000000000000000e+00,0.000000000000000000e+00,8.254959106445312500e+00,1.000000000000000000e+00
5.900000000000000355e+00,0.000000000000000000e+00,0.000000000000000000e+00,8.285999298095703125e+00,1.000000000000000000e+00
5.919999999999999929e+00,0.000000000000000000e+00,0.000000000000000000e+00,8.317012786865234375e+00,1.000000000000000000e+00
5.940000000000000391e+00,0.000000000000000000e+00,0.000000000000000000e+00,8.348002433776855469e+00,1.000000000000000000e+00
5.959999999999999964e+00,0.000000000000000000e+00,0.000000000000000000e+00,8.378968238830566406e+00,1.000000000000000000e+00
5.980000000000000426e+00,0.000000000000000000e+00,0.000000000000000000e+00,8.409910202026367188e+00,1.000000000000000000e+00
6.000000000000000000e+00,0.000000000000000000e+00,0.000000000000000000e+00,8.440832138061523438e+00,1.000000000000000000e+00
6.020000000000000462e+00,0.000000000000000000e+00,0.000000000000000000e+00,8.471731185913085938e+00,1.000000000000000000e+00
6.040000000000000036e+00,0.000000000000000000e+00,0.000000000000000000e+00,8.502606391906738281e+00,1.000000000000000000e+00
6.060000000000000497e+00,0.000000000000000000e+00,0.000000000000000000e+00,8.533452987670898438e+00,1.000000000000000000e+00
6.080000000000000071e+00,0.000000000000000000e+00,0.000000000000000000e+00,8.564275741577148438e+00,1.000000000000000000e+00
6.100000000000000533e+00,0.000000000000000000e+00,0.000000000000000000e+00,8.595074653625488281e+00,1.000000000000000000e+00
6.120000000000000107e+00,0.000000000000000000e+00,0.000000000000000000e+00,8.625845909118652344e+00,1.000000000000000000e+00
6.140000000000000568e+00,0.000000000000000000e+00,0.000000000000000000e+00,8.656589508056640625e+00,1.000000000000000000e+00
6.160000000000000142e+00,0.000000000000000000e+00,0.000000000000000000e+00,8.687303543090820312e+00,1.000000000000000000e+00
6.179999999999999716e+00,0.000000000000000000e+00,0.000000000000000000e+00,8.717988014221191406e+00,1.000000000000000000e+00
6.200000000000000178e+00,0.000000000000000000e+00,0.000000000000000000e+00,8.748643875122070312e+00,1.000000000000000000e+00
6.219999999999999751e+00,0.000000000000000000e+00,0.000000000000000000e+00,8.779272079467773438e+00,1.000000000000000000e+00
6.240000000000000213e+00,0.000000000000000000e+00,0.000000000000000000e+00,8.809868812561035156e+00,1.000000000000000000e+00
6.259999999999999787e+00,0.000000000000000000e+00,0.000000000000000000e+00,8.840434074401855469e+00,1.000000000000000000e+00
6.280000000000000249e+00,0.000000000000000000e+00,0.000000000000000000e+00,8.870968818664550781e+00,1.000000000000000000e+00
6.299999999999999822e+00,0.000000000000000000e+00,0.000000000000000000e+00,8.901473045349121094e+00,1.000000000000000000e+00
6.320000000000000284e+00,0.000000000000000000e+00,0.000000000000000000e+00,8.931946754455566406e+00,1.000000000000000000e+00
6.339999999999999858e+00,0.000000000000000000e+00,0.000000000000000000e+00,8.962390899658203125e+00,1.000000000000000000e+00
6.360000000000000320e+00,0.000000000000000000e+00,0.000000000000000000e+00,8.992805480957031250e+00,1.000000000000000000e+00
6.379999999999999893e+00,0.000000000000000000e+00,0.000000000000000000e+00,9.023190498352050781e+00,1.000000000000000000e+00
6.400000000000000355e+00,0.000000000000000000e+00,0.000000000000000000e+00,9.053548812866210938e+00,1.000000000000000000e+00
6.419999999999999929e+00,0.000000000000000000e+00,0.000000000000000000e+00,9.083880424499511719e+00,1.000000000000000000e+00
6.440000000000000391e+00,0.000000000000000000e+00,0.000000000000000000e+00,9.114184379577636719e+00,1.000000000000000000e+00
6.459999999999999964e+00,0.000000000000000000e+00,0.000000000000000000e+00,9.144461631774902344e+00,1.000000000000000000e+00
6.480000000000000426e+00,0.000000000000000000e+00,0.000000000000000000e+00,9.174712181091308594e+00,1.000000000000000000e+00
6.500000000000000000e+00,0.000000000000000000e+00,0.000000000000000000e+00,9.204938888549804688e+00,1.000000000000000000e+00
6.520000000000000462e+00,0.000000000000000000e+00,0.000000000000000000e+00,9.235141754150390625e+00,1.000000000000000000e+00
6.540000000000000036e+00,0.000000000000000000e+00,0.000000000000000000e+00,9.265320777893066406e+00,1.000000000000000000e+00
6.560000000000000497e+00,0.000000000000000000e+00,0.000000000000000000e+00,9.295477867126464844e+00,1.000000000000000000e+00
6.580000000000000071e+00,0.000000000000000000e+00,0.000000000000000000e+00,9.325613975524902344e+00,1.000000000000000000e+00
6.600000000000000533e+00,0.000000000000000000e+00,0.000000000000000000e+00,9.355730056762695312e+00,1.000000000000000000e+00
6.620000000000000107e+00,0.000000000000000000e+00,0.000000000000000000e+00,9.385824203491210938e+00,1.000000000000000000e+00
6.640000000000000568e+00,0.000000000000000000e+00,0.000000000000000000e+00,9.415893554687500000e+00,1.000000000000000000e+00
6.660000000000000142e+00,0.000000000000000000e+00,0.000000000000000000e+00,9.445939064025878906e+00,1.000000000000000000e+00
6.679999999999999716e+00,0.000000000000000000e+00,0.000000000000000000e+00,9.475960731506347656e+00,1.000000000000000000e+00
6.700000000000000178e+00,0.000000000000000000e+00,0.000000000000000000e+00,9.505958557128906250e+00,1.000000000000000000e+00
6.719999999999999751e+00,0.000000000000000000e+00,0.000000000000000000e+00,9.535927772521972656e+00,1.000000000000000000e+00
6.740000000000000213e+00,0.000000000000000000e+00,0.000000000000000000e+00,9.565873146057128906e+00,1.000000000000000000e+00
6.759999999999999787e+00,0.000000000000000000e+00,0.000000000000000000e+00,9.595789909362792969e+00,1.000000000000000000e+00
6.780000000000000249e+00,0.000000000000000000e+00,0.000000000000000000e+00,9.625679969787597656e+00,1.000000000000000000e+00
6.799999999999999822e+00,0.000000000000000000e+00,0.000000000000000000e+00,9.655544281005859375e+00,1.000000000000000000e+00
6.820000000000000284e+00,0.000000000000000000e+00,0.000000000000000000e+00,9.685383796691894531e+00,1.000000000000000000e+00
6.839999999999999858e+00,0.000000000000000000e+00,0.000000000000000000e+00,9.715194702148437500e+00,1.000000000000000000e+00
6.860000000000000320e+00,0.000000000000000000e+00,0.000000000000000000e+00,9.744976043701171875e+00,1.000000000000000000e+00
6.879999999999999893e+00,0.000000000000000000e+00,0.000000000000000000e+00,9.774727821350097656e+00,1.000000000000000000e+00
6.900000000000000355e+00,0.000000000000000000e+00,0.000000000000000000e+00,9.804450035095214844e+00,1.000000000000000000e+00
6.919999999999999929e+00,0.000000000000000000e+00,0.000000000000000000e+00,9.834144592285156250e+00,1.000000000000000000e+00
6.940000000000000391e+00,0.000000000000000000e+00,0.000000000000000000e+00,9.863812446594238281e+00,1.000000000000000000e+00
6.959999999999999964e+00,0.000000000000000000e+00,0.000000000000000000e+00,9.893452644348144531e+00,1.000000000000000000e+00
6.980000000000000426e+00,0.000000000000000000e+00,0.000000000000000000e+00,9.923069000244140625e+00,1.000000000000000000e+00
7.000000000000000000e+00,0.000000000000000000e+00,0.000000000000000000e+00,9.952661514282226562e+00,1.000000000000000000e+00
7.020000000000000462e+00,0.000000000000000000e+00,0.000000000000000000e+00,9.982230186462402344e+00,1.000000000000000000e+00
7.040000000000000036e+00,0.000000000000000000e+00,0.000000000000000000e+00,1.001177215576171875e+01,1.000000000000000000e+00
7.060000000000000497e+00,0.000000000000000000e+00,0.000000000000000000e+00,1.004128837585449219e+01,1.000000000000000000e+00
7.080000000000000071e+00,0.000000000000000000e+00,0.000000000000000000e+00,1.007077693939208984e+01,1.000000000000000000e+00
7.100000000000000533e+00,0.000000000000000000e+00,0.000000000000000000e+00,1.010024070739746094e+01,1.000000000000000000e+00
7.120000000000000107e+00,0.000000000000000000e+00,0.000000000000000000e+00,1.012968063354492188e+01,1.000000000000000000e+00
7.140000000000000568e+00,0.000000000000000000e+00,0.000000000000000000e+00,1.015909671783447266e+01,1.000000000000000000e+00
7.160000000000000142e+00,0.000000000000000000e+00,0.000000000000000000e+00,1.018848896026611328e+01,1.000000000000000000e+00
7.179999999999999716e+00,0.000000000000000000e+00,0.000000000000000000e+00,1.021785736083984375e+01,1.000000000000000000e+00
7.200000000000000178e+00,0.000000000000000000e+00,0.000000000000000000e+00,1.024720191955566406e+01,1.000000000000000000e+00
7.219999999999999751e+00,0.000000000000000000e+00,0.000000000000000000e+00,1.027652263641357422e+01,1.000000000000000000e+00
7.240000000000000213e+00,0.000000000000000000e+00,0.000000000000000000e+00,1.030581951141357422e+01,1.000000000000000000e+00
7.259999999999999787e+00,0.000000000000000000e+00,0.000000000000000000e+00,1.033509254455566406e+01,1.000000000000000000e+00
7.280000000000000249e+00,0.000000000000000000e+00,0.000000000000000000e+00,1.036434173583984375e+01,1.000000000000000000e+00
7.299999999999999822e+00,0.000000000000000000e+00,0.000000000000000000e+00,1.039356708526611328e+01,1.000000000000000000e+00
7.320000000000000284e+00,0.000000000000000000e+00,0.000000000000000000e+00,1.042276859283447266e+01,1.000000000000000000e+00
7.339999999999999858e+00,0.000000000000000000e+00,0.000000000000000000e+00,1.045194625854492188e+01,1.000000000000000000e+00
7.360000000000000320e+00,0.000000000000000000e+00,0.000000000000000000e+00,1.048109531402587891e+01,1.000000000000000000e+00
7.379999999999999893e+00,0.000000000000000000e+00,0.000000000000000000e+00,1.051021575927734375e+01,1.000000000000000000e+00
7.400000000000000355e+00,0.000000000000000000e+00,0.000000000000000000e+00,1.053930759429931641e+01,1.000000000000000000e+00
7.419999999999999929e+00,0.000000000000000000e+00,0.000000000000000000e+00,1.056837272644042969e+01,1.000000000000000000e+00
7.440000000000000391e+00,0.000000000000000000e+00,0.000000000000000000e+00,1.059741020202636719e+01,1.000000000000000000e+00
7.459999999999999964e+00,0.000000000000000000e+00,0.000000000000000000e+00,1.062641906738281250e+01,1.000000000000000000e+00
7.480000000000000426e+00,0.000000000000000000e+00,0.000000000000000000e+00,1.065540122985839844e+01,1.000000000000000000e+00
7.500000000000000000e+00,0.000000000000000000e+00,0.000000000000000000e+00,1.068435764312744141e+01,1.000000000000000000e+00
7.520000000000000462e+00,0.000000000000000000e+00,0.000000000000000000e+00,1.071328735351562500e+01,1.000000000000000000e+00
7.540000000000000036e+00,0.000000000000000000e+00,0.000000000000000000e+00,1.074218940734863281e+01,1.000000000000000000e+00
7.560000000000000497e+00,0.000000000000000000e+00,0.000000000000000000e+00,1.077106094360351562e+01,1.000000000000000000e+00
7.580000000000000071e+00,0.000000000000000000e+00,0.000000000000000000e+00,1.079990291595458984e+01,1.000000000000000000e+00
7.600000000000000533e+00,0.000000000000000000e+00,0.000000000000000000e+00,1.082871532440185547e+01,1.000000000000000000e+00
7.620000000000000107e+00,0.000000000000000000e+00,0.000000000000000000e+00,1.085749912261962891e+01,1.000000000000000000e+00
7.640000000000000568e+00,0.000000000000000000e+00,0.000000000000000000e+00,1.088625431060791016e+01,1.000000000000000000e+00
7.660000000000000142e+00,0.000000000000000000e+00,0.000000000000000000e+00,1.091498088836669922e+01,1.000000000000000000e+00
7.679999999999999716e+00,0.000000000000000000e+00,0.000000000000000000e+00,1.094367885589599609e+01,1.000000000000000000e+00
7.700000000000000178e+00,0.000000000000000000e+00,0.000000000000000000e+00,1.097235107421875000e+01,1.000000000000000000e+00
7.719999999999999751e+00,0.000000000000000000e+00,0.000000000000000000e+00,1.100099754333496094e+01,1.000000000000000000e+00
7.740000000000000213e+00,0.000000000000000000e+00,0.000000000000000000e+00,1.102961730957031250e+01,1.000000000000000000e+00
7.759999999999999787e+00,0.000000000000000000e+00,0.000000000000000000e+00,1.105820846557617188e+01,1.000000000000000000e+00
7.780000000000000249e+00,0.000000000000000000e+00,0.000000000000000000e+00,1.108677101135253906e+01,1.000000000000000000e+00
7.799999999999999822e+00,0.000000000000000000e+00,0.000000000000000000e+00,1.111530780792236328e+01,1.000000000000000000e+00
7.820000000000000284e+00,0.000000000000000000e+00,0.000000000000000000e+00,1.114381790161132812e+01,1.000000000000000000e+00
7.839999999999999858e+00,0.000000000000000000e+00,0.000000000000000000e+00,1.117230415344238281e+01,1.000000000000000000e+00
7.860000000000000320e+00,0.000000000000000000e+00,0.000000000000000000e+00,1.120076274871826172e+01,1.000000000000000000e+00
7.879999999999999893e+00,0.000000000000000000e+00,0.000000000000000000e+00,1.122919654846191406e+01,1.000000000000000000e+00
7.900000000000000355e+00,0.000000000000000000e+00,0.000000000000000000e+00,1.125760841369628906e+01,1.000000000000000000e+00
7.919999999999999929e+00,0.000000000000000000e+00,0.000000000000000000e+00,1.128599929809570312e+01,1.000000000000000000e+00
7.940000000000000391e+00,0.000000000000000000e+00,0.000000000000000000e+00,1.131436252593994141e+01,1.000000000000000000e+00
7.959999999999999964e+00,0.000000000000000000e+00,0.000000000000000000e+00,1.134270095825195312e+01,1.000000000000000000e+00
7.980000000000000426e+00,0.000000000000000000e+00,0.000000000000000000e+00,1.137101078033447266e+01,1.000000000000000000e+00
8.000000000000000000e+00,0.000000000000000000e+00,0.000000000000000000e+00,1.139929676055908203e+01,1.000000000000000000e+00
8.019999999999999574e+00,0.000000000000000000e+00,0.000000000000000000e+00,1.142755508422851562e+01,1.000000000000000000e+00
8.040000000000000924e+00,0.000000000000000000e+00,0.000000000000000000e+00,1.145578861236572266e+01,1.000000000000000000e+00
8.060000000000000497e+00,0.000000000000000000e+00,0.000000000000000000e+00,1.148399353027343750e+01,1.000000000000000000e+00
8.080000000000000071e+00,0.000000000000000000e+00,0.000000000000000000e+00,1.151217460632324219e+01,1.000000000000000000e+00
8.099999999999999645e+00,0.000000000000000000e+00,0.000000000000000000e+00,1.154033184051513672e+01,1.000000000000000000e+00
8.120000000000000995e+00,0.000000000000000000e+00,0.000000000000000000e+00,1.156846523284912109e+01,1.000000000000000000e+00
8.140000000000000568e+00,0.000000000000000000e+00,0.000000000000000000e+00,1.159657478332519531e+01,1.000000000000000000e+00
8.160000000000000142e+00,0.000000000000000000e+00,0.000000000000000000e+00,1.162465763092041016e+01,1.000000000000000000e+00
8.179999999999999716e+00,0.000000000000000000e+00,0.000000000000000000e+00,1.165271472930908203e+01,1.000000000000000000e+00
8.199999999999999289e+00,0.000000000000000000e+00,0.000000000000000000e+00,1.168075275421142578e+01,1.000000000000000000e+00
8.220000000000000639e+00,0.000000000000000000e+00,0.000000000000000000e+00,1.170876693725585938e+01,1.000000000000000000e+00
8.240000000000000213e+00,0.000000000000000000e+00,0.000000000000000000e+00,1.173675727844238281e+01,1.000000000000000000e+00
8.259999999999999787e+00,0.000000000000000000e+00,0.000000000000000000e+00,1.176472187042236328e+01,1.000000000000000000e+00
8.279999999999999361e+00,0.000000000000000000e+00,0.000000000000000000e+00,1.179265975952148438e+01,1.000000000000000000e+00
8.300000000000000711e+00,0.000000000000000000e+00,0.000000000000000000e+00,1.182057380676269531e+01,1.000000000000000000e+00
8.320000000000000284e+00,0.000000000000000000e+00,0.000000000000000000e+00,1.184846401214599609e+01,1.000000000000000000e+00
8.339999999999999858e+00,0.000000000000000000e+00,0.000000000000000000e+00,1.187632942199707031e+01,1.000000000000000000e+00
8.359999999999999432e+00,0.000000000000000000e+00,0.000000000000000000e+00,1.190416717529296875e+01,1.000000000000000000e+00
8.380000000000000782e+00,0.000000000000000000e+00,0.000000000000000000e+00,1.193198108673095703e+01,1.000000000000000000e+00
8.400000000000000355e+00,0.000000000000000000e+00,0.000000000000000000e+00,1.195977115631103516e+01,1.000000000000000000e+00
8.419999999999999929e+00,0.000000000000000000e+00,0.000000000000000000e+00,1.198753738403320312e+01,1.000000000000000000e+00
8.439999999999999503e+00,0.000000000000000000e+00,0.000000000000000000e+00,1.201527976989746094e+01,1.000000000000000000e+00
8.460000000000000853e+00,0.000000000000000000e+00,0.000000000000000000e+00,1.204299831390380859e+01,1.000000000000000000e+00
8.480000000000000426e+00,0.000000000000000000e+00,0.000000000000000000e+00,1.207069301605224609e+01,1.000000000000000000e+00
8.500000000000000000e+00,0.000000000000000000e+00,0.000000000000000000e+00,1.209836673736572266e+01,1.000000000000000000e+00
8.519999999999999574e+00,0.000000000000000000e+00,0.000000000000000000e+00,1.212601852416992188e+01,1.000000000000000000e+00
8.540000000000000924e+00,0.000000000000000000e+00,0.000000000000000000e+00,1.215365028381347656e+01,1.000000000000000000e+00
8.560000000000000497e+00,0.000000000000000000e+00,0.000000000000000000e+00,1.218125915527343750e+01,1.000000000000000000e+00
8.580000000000000071e+00,0.000000000000000000e+00,0.000000000000000000e+00,1.220884799957275391e+01,1.000000000000000000e+00
8.599999999999999645e+00,0.000000000000000000e+00,0.000000000000000000e+00,1.223641681671142578e+01,1.000000000000000000e+00
8.620000000000000995e+00,0.000000000000000000e+00,0.000000000000000000e+00,1.226396751403808594e+01,1.000000000000000000e+00
8.640000000000000568e+00,0.000000000000000000e+00,0.000000000000000000e+00,1.229149818420410156e+01,1.000000000000000000e+00
8.660000000000000142e+00,0.000000000000000000e+00,0.000000000000000000e+00,1.231900691986083984e+01,1.000000000000000000e+00
8.679999999999999716e+00,0.000000000000000000e+00,0.000000000000000000e+00,1.234649467468261719e+01,1.000000000000000000e+00
8.700000000000001066e+00,0.000000000000000000e+00,0.000000000000000000e+00,1.237396240234375000e+01,1.000000000000000000e+00
8.720000000000000639e+00,0.000000000000000000e+00,0.000000000000000000e+00,1.240140914916992188e+01,1.000000000000000000e+00
8.740000000000000213e+00,0.000000000000000000e+00,0.000000000000000000e+00,1.242883682250976562e+01,1.000000000000000000e+00
8.759999999999999787e+00,0.000000000000000000e+00,0.000000000000000000e+00,1.245624065399169922e+01,1.000000000000000000e+00
8.779999999999999361e+00,0.000000000000000000e+00,0.000000000000000000e+00,1.248362064361572266e+01,1.000000000000000000e+00
8.800000000000000711e+00,0.000000000000000000e+00,0.000000000000000000e+00,1.251097965240478516e+01,1.000000000000000000e+00
8.820000000000000284e+00,0.000000000000000000e+00,0.000000000000000000e+00,1.253831672668457031e+01,1.000000000000000000e+00
8.839999999999999858e+00,0.000000000000000000e+00,0.000000000000000000e+00,1.256562995910644531e+01,1.000000000000000000e+00
8.859999999999999432e+00,0.000000000000000000e+00,0.000000000000000000e+00,1.259291934967041016e+01,1.000000000000000000e+00
8.880000000000000782e+00,0.000000000000000000e+00,0.000000000000000000e+00,1.262018489837646484e+01,1.000000000000000000e+00
8.900000000000000355e+00,0.000000000000000000e+00,0.000000000000000000e+00,1.264742660522460938e+01,1.000000000000000000e+00
8.919999999999999929e+00,0.000000000000000000e+00,0.000000000000000000e+00,1.267464447021484375e+01,1.000000000000000000e+00
8.939999999999999503e+00,0.000000000000000000e+00,0.000000000000000000e+00,1.270183849334716797e+01,1.000000000000000000e+00
8.960000000000000853e+00,0.000000000000000000e+00,0.000000000000000000e+00,1.272900867462158203e+01,1.000000000000000000e+00
8.980000000000000426e+00,0.000000000000000000e+00,0.000000000000000000e+00,1.275615501403808594e+01,1.000000000000000000e+00
9.000000000000000000e+00,0.000000000000000000e+00,0.000000000000000000e+00,1.278328227996826172e+01,1.000000000000000000e+00
9.019999999999999574e+00,0.000000000000000000e+00,0.000000000000000000e+00,1.281038665771484375e+01,1.000000000000000000e+00
9.040000000000000924e+00,0.000000000000000000e+00,0.000000000000000000e+00,1.283747100830078125e+01,1.000000000000000000e+00
9.060000000000000497e+00,0.000000000000000000e+00,0.000000000000000000e+00,1.286453151702880859e+01,1.000000000000000000e+00
9.080000000000000071e+00,0.000000000000000000e+00,0.000000000000000000e+00,1.289156913757324219e+01,1.000000000000000000e+00
9.099999999999999645e+00,0.000000000000000000e+00,0.000000000000000000e+00,1.291858673095703125e+01,1.000000000000000000e+00
9.120000000000000995e+00,0.000000000000000000e+00,0.000000000000000000e+00,1.294558525085449219e+01,1.000000000000000000e+00
9.140000000000000568e+00,0.000000000000000000e+00,0.000000000000000000e+00,1.297256088256835938e+01,1.000000000000000000e+00
9.160000000000000142e+00,0.000000000000000000e+00,0.000000000000000000e+00,1.299951648712158203e+01,1.000000000000000000e+00
9.179999999999999716e+00,0.000000000000000000e+00,0.000000000000000000e+00,1.302644824981689453e+01,1.000000000000000000e+00
9.200000000000001066e+00,0.000000000000000000e+00,0.000000000000000000e+00,1.305335998535156250e+01,1.000000000000000000e+00
9.220000000000000639e+00,0.000000000000000000e+00,0.000000000000000000e+00,1.308025169372558594e+01,1.000000000000000000e+00
9.240000000000000213e+00,0.000000000000000000e+00,0.000000000000000000e+00,1.310712242126464844e+01,1.000000000000000000e+00
9.259999999999999787e+00,0.000000000000000000e+00,0.000000000000000000e+00,1.313397312164306641e+01,1.000000000000000000e+00
9.279999999999999361e+00,0.000000000000000000e+00,0.000000000000000000e+00,1.316080474853515625e+01,1.000000000000000000e+00
9.300000000000000711e+00,0.000000000000000000e+00,0.000000000000000000e+00,1.318761825561523438e+01,1.000000000000000000e+00
9.320000000000000284e+00,0.000000000000000000e+00,0.000000000000000000e+00,1.321441364288330078e+01,1.000000000000000000e+00
9.339999999999999858e+00,0.000000000000000000e+00,0.000000000000000000e+00,1.324118900299072266e+01,1.000000000000000000e+00
9.359999999999999432e+00,0.000000000000000000e+00,0.000000000000000000e+00,1.326794433593750000e+01,1.000000000000000000e+00
9.380000000000000782e+00,0.000000000000000000e+00,0.000000000000000000e+00,1.329467773437500000e+01,1.000000000000000000e+00
9.400000000000000355e+00,0.000000000000000000e+00,0.000000000000000000e+00,1.332139110565185547e+01,1.000000000000000000e+00
9.419999999999999929e+00,0.000000000000000000e+00,0.000000000000000000e+00,1.334808444976806641e+01,1.000000000000000000e+00
9.439999999999999503e+00,0.000000000000000000e+00,0.000000000000000000e+00,1.337475585937500000e+01,1.000000000000000000e+00
9.460000000000000853e+00,0.000000000000000000e+00,0.000000000000000000e+00,1.340140628814697266e+01,1.000000000000000000e+00
9.480000000000000426e+00,0.000000000000000000e+00,0.000000000000000000e+00,1.342803287506103516e+01,1.000000000000000000e+00
9.500000000000000000e+00,0.000000000000000000e+00,0.000000000000000000e+00,1.345464038848876953e+01,1.000000000000000000e+00
9.519999999999999574e+00,0.000000000000000000e+00,0.000000000000000000e+00,1.348122882843017578e+01,1.000000000000000000e+00
9.540000000000000924e+00,0.000000000000000000e+00,0.000000000000000000e+00,1.350779438018798828e+01,1.000000000000000000e+00
9.560000000000000497e+00,0.000000000000000000e+00,0.000000000000000000e+00,1.353433990478515625e+01,1.000000000000000000e+00
9.580000000000000071e+00,0.000000000000000000e+00,0.000000000000000000e+00,1.356086158752441406e+01,1.000000000000000000e+00
9.599999999999999645e+00,0.000000000000000000e+00,0.000000000000000000e+00,1.358736515045166016e+01,1.000000000000000000e+00
9.620000000000000995e+00,0.000000000000000000e+00,0.000000000000000000e+00,1.361384963989257812e+01,1.000000000000000000e+00
9.640000000000000568e+00,0.000000000000000000e+00,0.000000000000000000e+00,1.364031410217285156e+01,1.000000000000000000e+00
9.660000000000000142e+00,0.000000000000000000e+00,0.000000000000000000e+00,1.366675758361816406e+01,1.000000000000000000e+00
9.679999999999999716e+00,0.000000000000000000e+00,0.000000000000000000e+00,1.369317913055419922e+01,1.000000000000000000e+00
9.700000000000001066e+00,0.000000000000000000e+00,0.000000000000000000e+00,1.371958351135253906e+01,1.000000000000000000e+00
9.720000000000000639e+00,0.000000000000000000e+00,0.000000000000000000e+00,1.374596881866455078e+01,1.000000000000000000e+00
9.740000000000000213e+00,0.000000000000000000e+00,0.000000000000000000e+00,1.377233600616455078e+01,1.000000000000000000e+00
9.759999999999999787e+00,0.000000000000000000e+00,0.000000000000000000e+00,1.379868412017822266e+01,1.000000000000000000e+00
9.779999999999999361e+00,0.000000000000000000e+00,0.000000000000000000e+00,1.382501411437988281e+01,1.000000000000000000e+00
9.800000000000000711e+00,0.000000000000000000e+00,0.000000000000000000e+00,1.385132789611816406e+01,1.000000000000000000e+00
9.820000000000000284e+00,0.000000000000000000e+00,0.000000000000000000e+00,1.387762546539306641e+01,1.000000000000000000e+00
9.839999999999999858e+00,0.000000000000000000e+00,0.000000000000000000e+00,1.390390682220458984e+01,1.000000000000000000e+00
9.859999999999999432e+00,0.000000000000000000e+00,0.000000000000000000e+00,1.393017196655273438e+01,1.000000000000000000e+00
9.880000000000000782e+00,0.000000000000000000e+00,0.000000000000000000e+00,1.395641994476318359e+01,1.000000000000000000e+00
9.900000000000000355e+00,0.000000000000000000e+00,0.000000000000000000e+00,1.398265266418457031e+01,1.000000000000000000e+00
9.919999999999999929e+00,0.000000000000000000e+00,0.000000000000000000e+00,1.400886917114257812e+01,1.000000000000000000e+00
9.939999999999999503e+00,0.000000000000000000e+00,0.000000000000000000e+00,1.403506946563720703e+01,1.000000000000000000e+00
9.960000000000000853e+00,0.000000000000000000e+00,0.000000000000000000e+00,1.406125354766845703e+01,1.000000000000000000e+00
9.980000000000000426e+00,0.000000000000000000e+00,0.000000000000000000e+00,1.408741950988769531e+01,1.000000000000000000e+00
1.000000000000000000e+01,0.000000000000000000e+00,0.000000000000000000e+00,1.411356925964355469e+01,1.000000000000000000e+00
1.001999999999999957e+01,0.000000000000000000e+00,0.000000000000000000e+00,1.413970279693603516e+01,1.000000000000000000e+00
1.004000000000000092e+01,0.000000000000000000e+00,0.000000000000000000e+00,1.416581916809082031e+01,1.000000000000000000e+00
1.006000000000000050e+01,0.000000000000000000e+00,0.000000000000000000e+00,1.419191646575927734e+01,1.000000000000000000e+00
1.008000000000000007e+01,0.000000000000000000e+00,0.000000000000000000e+00,1.421799564361572266e+01,1.000000000000000000e+00
1.009999999999999964e+01,0.000000000000000000e+00,0.000000000000000000e+00,1.424405765533447266e+01,1.000000000000000000e+00
1.012000000000000099e+01,0.000000000000000000e+00,0.000000000000000000e+00,1.427010440826416016e+01,1.000000000000000000e+00
1.014000000000000057e+01,0.000000000000000000e+00,0.000000000000000000e+00,1.429613208770751953e+01,1.000000000000000000e+00
1.016000000000000014e+01,0.000000000000000000e+00,0.000000000000000000e+00,1.432214164733886719e+01,1.000000000000000000e+00
1.017999999999999972e+01,0.000000000000000000e+00,0.000000000000000000e+00,1.434813308715820312e+01,1.000000000000000000e+00
1.020000000000000107e+01,0.000000000000000000e+00,0.000000000000000000e+00,1.437410831451416016e+01,1.000000000000000000e+00
1.022000000000000064e+01,0.000000000000000000e+00,0.000000000000000000e+00,1.440006923675537109e+01,1.000000000000000000e+00
1.024000000000000021e+01,0.000000000000000000e+00,0.000000000000000000e+00,1.442601203918457031e+01,1.000000000000000000e+00
1.025999999999999979e+01,0.000000000000000000e+00,0.000000000000000000e+00,1.445193862915039062e+01,1.000000000000000000e+00
1.027999999999999936e+01,0.000000000000000000e+00,0.000000000000000000e+00,1.447784709930419922e+01,1.000000000000000000e+00
1.030000000000000071e+01,0.000000000000000000e+00,0.000000000000000000e+00,1.450374031066894531e+01,1.000000000000000000e+00
1.032000000000000028e+01,0.000000000000000000e+00,0.000000000000000000e+00,1.452962017059326172e+01,1.000000000000000000e+00
1.033999999999999986e+01,0.000000000000000000e+00,0.000000000000000000e+00,1.455548381805419922e+01,1.000000000000000000e+00
1.035999999999999943e+01,0.000000000000000000e+00,0.000000000000000000e+00,1.458133125305175781e+01,1.000000000000000000e+00
1.038000000000000078e+01,0.000000000000000000e+00,0.000000000000000000e+00,1.460716247558593750e+01,1.000000000000000000e+00
1.040000000000000036e+01,0.000000000000000000e+00,0.000000000000000000e+00,1.463297939300537109e+01,1.000000000000000000e+00
1.041999999999999993e+01,0.000000000000000000e+00,0.000000000000000000e+00,1.465878295898437500e+01,1.000000000000000000e+00
1.043999999999999950e+01,0.000000000000000000e+00,0.000000000000000000e+00,1.468457221984863281e+01,1.000000000000000000e+00
1.046000000000000085e+01,0.000000000000000000e+00,0.000000000000000000e+00,1.471034336090087891e+01,1.000000000000000000e+00
1.048000000000000043e+01,0.000000000000000000e+00,0.000000000000000000e+00,1.473609924316406250e+01,1.000000000000000000e+00
1.050000000000000000e+01,0.000000000000000000e+00,0.000000000000000000e+00,1.476184272766113281e+01,1.000000000000000000e+00
1.051999999999999957e+01,0.000000000000000000e+00,0.000000000000000000e+00,1.478757190704345703e+01,1.000000000000000000e+00
1.054000000000000092e+01,0.000000000000000000e+00,0.000000000000000000e+00,1.481328582763671875e+01,1.000000000000000000e+00
1.056000000000000050e+01,0.000000000000000000e+00,0.000000000000000000e+00,1.483898448944091797e+01,1.000000000000000000e+00
1.058000000000000007e+01,0.000000000000000000e+00,0.000000000000000000e+00,1.486466693878173828e+01,1.000000000000000000e+00
1.059999999999999964e+01,0.000000000000000000e+00,0.000000000000000000e+00,1.489033603668212891e+01,1.000000000000000000e+00
1.062000000000000099e+01,0.000000000000000000e+00,0.000000000000000000e+00,1.491599273681640625e+01,1.000000000000000000e+00
1.064000000000000057e+01,0.000000000000000000e+00,0.000000000000000000e+00,1.494163417816162109e+01,1.000000000000000000e+00
1.066000000000000014e+01,0.000000000000000000e+00,0.000000000000000000e+00,1.496725940704345703e+01,1.000000000000000000e+00
1.067999999999999972e+01,0.000000000000000000e+00,0.000000000000000000e+00,1.499287033081054688e+01,1.000000000000000000e+00
1.070000000000000107e+01,0.000000000000000000e+00,0.000000000000000000e+00,1.501846790313720703e+01,1.000000000000000000e+00
1.072000000000000064e+01,0.000000000000000000e+00,0.000000000000000000e+00,1.504405403137207031e+01,1.000000000000000000e+00
1.074000000000000021e+01,0.000000000000000000e+00,0.000000000000000000e+00,1.506962490081787109e+01,1.000000000000000000e+00
1.075999999999999979e+01,0.000000000000000000e+00,0.000000000000000000e+00,1.509518051147460938e+01,1.000000000000000000e+00
1.077999999999999936e+01,0.000000000000000000e+00,0.000000000000000000e+00,1.512071990966796875e+01,1.000000000000000000e+00
1.080000000000000071e+01,0.000000000000000000e+00,0.000000000000000000e+00,1.514624595642089844e+01,1.000000000000000000e+00
1.082000000000000028e+01,0.000000000000000000e+00,0.000000000000000000e+00,1.517175865173339844e+01,1.000000000000000000e+00
1.083999999999999986e+01,0.000000000000000000e+00,0.000000000000000000e+00,1.519725704193115234e+01,1.000000000000000000e+00
1.085999999999999943e+01,0.000000000000000000e+00,0.000000000000000000e+00,1.522273921966552734e+01,1.000000000000000000e+00
1.088000000000000078e+01,0.000000000000000000e+00,0.000000000000000000e+00,1.524820613861083984e+01,1.000000000000000000e+00
1.090000000000000036e+01,0.000000000000000000e+00,0.000000000000000000e+00,1.527366065979003906e+01,1.000000000000000000e+00
1.091999999999999993e+01,0.000000000000000000e+00,0.000000000000000000e+00,1.529910373687744141e+01,1.000000000000000000e+00
1.093999999999999950e+01,0.000000000000000000e+00,0.000000000000000000e+00,1.532453155517578125e+01,1.000000000000000000e+00
1.096000000000000085e+01,0.000000000000000000e+00,0.000000000000000000e+00,1.534994506835937500e+01,1.000000000000000000e+00
1.098000000000000043e+01,0.000000000000000000e+00,0.000000000000000000e+00,1.537534427642822266e+01,1.000000000000000000e+00
1.100000000000000000e+01,0.000000000000000000e+00,0.000000000000000000e+00,1.540073204040527344e+01,1.000000000000000000e+00
1.101999999999999957e+01,0.000000000000000000e+00,0.000000000000000000e+00,1.542610740661621094e+01,1.000000000000000000e+00
1.104000000000000092e+01,0.000000000000000000e+00,0.000000000000000000e+00,1.545146846771240234e+01,1.000000000000000000e+00
1.106000000000000050e+01,0.000000000000000000e+00,0.000000000000000000e+00,1.547681427001953125e+01,1.000000000000000000e+00
1.108000000000000007e+01,0.000000000000000000e+00,0.000000000000000000e+00,1.550214576721191406e+01,1.000000000000000000e+00
1.109999999999999964e+01,0.000000000000000000e+00,0.000000000000000000e+00,1.552746582031250000e+01,1.000000000000000000e+00
1.112000000000000099e+01,0.000000000000000000e+00,0.000000000000000000e+00,1.555277442932128906e+01,1.000000000000000000e+00
1.114000000000000057e+01,0.000000000000000000e+00,0.000000000000000000e+00,1.557806777954101562e+01,1.000000000000000000e+00
1.116000000000000014e+01,0.000000000000000000e+00,0.000000000000000000e+00,1.560334491729736328e+01,1.000000000000000000e+00
1.117999999999999972e+01,0.000000000000000000e+00,0.000000000000000000e+00,1.562860774993896484e+01,1.000000000000000000e+00
1.120000000000000107e+01,0.000000000000000000e+00,0.000000000000000000e+00,1.565385818481445312e+01,1.000000000000000000e+00
1.122000000000000064e+01,0.000000000000000000e+00,0.000000000000000000e+00,1.567909717559814453e+01,1.000000000000000000e+00
1.124000000000000021e+01,0.000000000000000000e+00,0.000000000000000000e+00,1.570432186126708984e+01,1.000000000000000000e+00
1.125999999999999979e+01,0.000000000000000000e+00,0.000000000000000000e+00,1.572953224182128906e+01,1.000000000000000000e+00
1.127999999999999936e+01,0.000000000000000000e+00,0.000000000000000000e+00,1.575472831726074219e+01,1.000000000000000000e+00
1.130000000000000071e+01,0.000000000000000000e+00,0.000000000000000000e+00,1.577991294860839844e+01,1.000000000000000000e+00
1.132000000000000028e+01,0.000000000000000000e+00,0.000000000000000000e+00,1.580508613586425781e+01,1.000000000000000000e+00
1.133999999999999986e+01,0.000000000000000000e+00,0.000000000000000000e+00,1.583024597167968750e+01,1.000000000000000000e+00
1.135999999999999943e+01,0.000000000000000000e+00,0.000000000000000000e+00,1.585539150238037109e+01,1.000000000000000000e+00
1.138000000000000078e+01,0.000000000000000000e+00,0.000000000000000000e+00,1.588052272796630859e+01,1.000000000000000000e+00
1.140000000000000036e+01,0.000000000000000000e+00,0.000000000000000000e+00,1.590564346313476562e+01,1.000000000000000000e+00
1.141999999999999993e+01,0.000000000000000000e+00,0.000000000000000000e+00,1.593075275421142578e+01,1.000000000000000000e+00
1.143999999999999950e+01,0.000000000000000000e+00,0.000000000000000000e+00,1.595584869384765625e+01,1.000000000000000000e+00
1.146000000000000085e+01,0.000000000000000000e+00,0.000000000000000000e+00,1.598093032836914062e+01,1.000000000000000000e+00
1.148000000000000043e+01,0.000000000000000000e+00,0.000000000000000000e+00,1.600599861145019531e+01,1.000000000000000000e+00
1.150000000000000000e+01,0.000000000000000000e+00,0.000000000000000000e+00,1.603105735778808594e+01,1.000000000000000000e+00
1.151999999999999957e+01,0.000000000000000000e+00,0.000000000000000000e+00,1.605610466003417969e+01,1.000000000000000000e+00
1.154000000000000092e+01,0.000000000000000000e+00,0.000000000000000000e+00,1.608114051818847656e+01,1.000000000000000000e+00
1.156000000000000050e+01,0.000000000000000000e+00,0.000000000000000000e+00,1.610616111755371094e+01,1.000000000000000000e+00
1.158000000000000007e+01,0.000000000000000000e+00,0.000000000000000000e+00,1.613117027282714844e+01,1.000000000000000000e+00
1.159999999999999964e+01,0.000000000000000000e+00,0.000000000000000000e+00,1.615616989135742188e+01,1.000000000000000000e+00
1.162000000000000099e+01,0.000000000000000000e+00,0.000000000000000000e+00,1.618115997314453125e+01,1.000000000000000000e+00
1.164000000000000057e+01,0.000000000000000000e+00,0.000000000000000000e+00,1.620613670349121094e+01,1.000000000000000000e+00
1.166000000000000014e+01,0.000000000000000000e+00,0.000000000000000000e+00,1.623110008239746094e+01,1.000000000000000000e+00
1.167999999999999972e+01,0.000000000000000000e+00,0.000000000000000000e+00,1.625605010986328125e+01,1.000000000000000000e+00
1.170000000000000107e+01,0.000000000000000000e+00,0.000000000000000000e+00,1.628099060058593750e+01,1.000000000000000000e+00
1.172000000000000064e+01,0.000000000000000000e+00,0.000000000000000000e+00,1.630592155456542969e+01,1.000000000000000000e+00
1.174000000000000021e+01,0.000000000000000000e+00,0.000000000000000000e+00,1.633084297180175781e+01,1.000000000000000000e+00
1.175999999999999979e+01,0.000000000000000000e+00,0.000000000000000000e+00,1.635575103759765625e+01,1.000000000000000000e+00
1.177999999999999936e+01,0.000000000000000000e+00,0.000000000000000000e+00,1.638064765930175781e+01,1.000000000000000000e+00
1.180000000000000071e+01,0.000000000000000000e+00,0.000000000000000000e+00,1.640553665161132812e+01,1.000000000000000000e+00
1.182000000000000028e+01,0.000000000000000000e+00,0.000000000000000000e+00,1.643041610717773438e+01,1.000000000000000000e+00
1.183999999999999986e+01,0.000000000000000000e+00,0.000000000000000000e+00,1.645528411865234375e+01,1.000000000000000000e+00
1.185999999999999943e+01,0.000000000000000000e+00,0.000000000000000000e+00,1.648014068603515625e+01,1.000000000000000000e+00
1.188000000000000078e+01,0.000000000000000000e+00,0.000000000000000000e+00,1.650498390197753906e+01,1.000000000000000000e+00
1.190000000000000036e+01,0.000000000000000000e+00,0.000000000000000000e+00,1.652981758117675781e+01,1.000000000000000000e+00
1.191999999999999993e+01,0.000000000000000000e+00,0.000000000000000000e+00,1.655464363098144531e+01,1.000000000000000000e+00
1.193999999999999950e+01,0.000000000000000000e+00,0.000000000000000000e+00,1.657946014404296875e+01,1.000000000000000000e+00
1.196000000000000085e+01,0.000000000000000000e+00,0.000000000000000000e+00,1.660426330566406250e+01,1.000000000000000000e+00
1.198000000000000043e+01,0.000000000000000000e+00,0.000000000000000000e+00,1.662905502319335938e+01,1.000000000000000000e+00
1.200000000000000000e+01,0.000000000000000000e+00,0.000000000000000000e+00,1.665384101867675781e+01,1.000000000000000000e+00
1.201999999999999957e+01,0.000000000000000000e+00,0.000000000000000000e+00,1.667861747741699219e+01,1.000000000000000000e+00
1.204000000000000092e+01,0.000000000000000000e+00,0.000000000000000000e+00,1.670338249206542969e+01,1.000000000000000000e+00
1.206000000000000050e+01,0.000000000000000000e+00,0.000000000000000000e+00,1.672813606262207031e+01,1.000000000000000000e+00
1.208000000000000007e+01,0.000000000000000000e+00,0.000000000000000000e+00,1.675288009643554688e+01,1.000000000000000000e+00
1.209999999999999964e+01,0.000000000000000000e+00,0.000000000000000000e+00,1.677761840820312500e+01,1.000000000000000000e+00
1.212000000000000099e+01,0.000000000000000000e+00,0.000000000000000000e+00,1.680234718322753906e+01,1.000000000000000000e+00
1.214000000000000057e+01,0.000000000000000000e+00,0.000000000000000000e+00,1.682706451416015625e+01,1.000000000000000000e+00
1.216000000000000014e+01,0.000000000000000000e+00,0.000000000000000000e+00,1.685177040100097656e+01,1.000000000000000000e+00
1.217999999999999972e+01,0.000000000000000000e+00,0.000000000000000000e+00,1.687646484375000000e+01,1.000000000000000000e+00
1.220000000000000107e+01,0.000000000000000000e+00,0.000000000000000000e+00,1.690115356445312500e+01,1.000000000000000000e+00
1.222000000000000064e+01,0.000000000000000000e+00,0.000000000000000000e+00,1.692583274841308594e+01,1.000000000000000000e+00
1.224000000000000021e+01,0.000000000000000000e+00,0.000000000000000000e+00,1.695050239562988281e+01,1.000000000000000000e+00
1.225999999999999979e+01,0.000000000000000000e+00,0.000000000000000000e+00,1.697516059875488281e+01,1.000000000000000000e+00
1.228000000000000114e+01,0.000000000000000000e+00,0.000000000000000000e+00,1.699980926513671875e+01,1.000000000000000000e+00
1.230000000000000071e+01,0.000000000000000000e+00,0.000000000000000000e+00,1.702445220947265625e+01,1.000000000000000000e+00
1.232000000000000028e+01,0.000000000000000000e+00,0.000000000000000000e+00,1.704908752441406250e+01,1.000000000000000000e+00
1.233999999999999986e+01,0.000000000000000000e+00,0.000000000000000000e+00,1.707371330261230469e+01,1.000000000000000000e+00
1.235999999999999943e+01,0.000000000000000000e+00,0.000000000000000000e+00,1.709832572937011719e+01,1.000000000000000000e+00
1.238000000000000078e+01,0.000000000000000000e+00,0.000000000000000000e+00,1.712292861938476562e+01,1.000000000000000000e+00
1.240000000000000036e+01,0.000000000000000000e+00,0.000000000000000000e+00,1.714752388000488281e+01,1.000000000000000000e+00
1.241999999999999993e+01,0.000000000000000000e+00,0.000000000000000000e+00,1.717211341857910156e+01,1.000000000000000000e+00
1.243999999999999950e+01,0.000000000000000000e+00,0.000000000000000000e+00,1.719669342041015625e+01,1.000000000000000000e+00
1.246000000000000085e+01,0.000000000000000000e+00,0.000000000000000000e+00,1.722126197814941406e+01,1.000000000000000000e+00
1.248000000000000043e+01,0.000000000000000000e+00,0.000000000000000000e+00,1.724581909179687500e+01,1.000000000000000000e+00
1.250000000000000000e+01,0.000000000000000000e+00,0.000000000000000000e+00,1.727037048339843750e+01,1.000000000000000000e+00
1.251999999999999957e+01,0.000000000000000000e+00,0.000000000000000000e+00,1.729491615295410156e+01,1.000000000000000000e+00
1.254000000000000092e+01,0.000000000000000000e+00,0.000000000000000000e+00,1.731945228576660156e+01,1.000000000000000000e+00
1.256000000000000050e+01,0.000000000000000000e+00,0.000000000000000000e+00,1.734397697448730469e+01,1.000000000000000000e+00
1.258000000000000007e+01,0.000000000000000000e+00,0.000000000000000000e+00,1.736849212646484375e+01,1.000000000000000000e+00
1.259999999999999964e+01,0.000000000000000000e+00,0.000000000000000000e+00,1.739300155639648438e+01,1.000000000000000000e+00
1.262000000000000099e+01,0.000000000000000000e+00,0.000000000000000000e+00,1.741750335693359375e+01,1.000000000000000000e+00
1.264000000000000057e+01,0.000000000000000000e+00,0.000000000000000000e+00,1.744199752807617188e+01,1.000000000000000000e+00
1.266000000000000014e+01,0.000000000000000000e+00,0.000000000000000000e+00,1.746648216247558594e+01,1.000000000000000000e+00
1.267999999999999972e+01,0.000000000000000000e+00,0.000000000000000000e+00,1.749095726013183594e+01,1.000000000000000000e+00
1.270000000000000107e+01,0.000000000000000000e+00,0.000000000000000000e+00,1.751542854309082031e+01,1.000000000000000000e+00
1.272000000000000064e+01,0.000000000000000000e+00,0.000000000000000000e+00,1.753989028930664062e+01,1.000000000000000000e+00
1.274000000000000021e+01,0.000000000000000000e+00,0.000000000000000000e+00,1.756434440612792969e+01,1.000000000000000000e+00
1.275999999999999979e+01,0.000000000000000000e+00,0.000000000000000000e+00,1.758878898620605469e+01,1.000000000000000000e+00
1.278000000000000114e+01,0.000000000000000000e+00,0.000000000000000000e+00,1.761322402954101562e+01,1.000000000000000000e+00
1.280000000000000071e+01,0.000000000000000000e+00,0.000000000000000000e+00,1.763765716552734375e+01,1.000000000000000000e+00
1.282000000000000028e+01,0.000000000000000000e+00,0.000000000000000000e+00,1.766208076477050781e+01,1.000000000000000000e+00
1.283999999999999986e+01,0.000000000000000000e+00,0.000000000000000000e+00,1.768649673461914062e+01,1.000000000000000000e+00
1.285999999999999943e+01,0.000000000000000000e+00,0.000000000000000000e+00,1.771090316772460938e+01,1.000000000000000000e+00
1.288000000000000078e+01,0.000000000000000000e+00,0.000000000000000000e+00,1.773530197143554688e+01,1.000000000000000000e+00
1.290000000000000036e+01,0.000000000000000000e+00,0.000000000000000000e+00,1.775969696044921875e+01,1.000000000000000000e+00
1.291999999999999993e+01,0.000000000000000000e+00,0.000000000000000000e+00,1.778408432006835938e+01,1.000000000000000000e+00
1.293999999999999950e+01,0.000000000000000000e+00,0.000000000000000000e+00,1.780846405029296875e+01,1.000000000000000000e+00
1.296000000000000085e+01,0.000000000000000000e+00,0.000000000000000000e+00,1.783283424377441406e+01,1.000000000000000000e+00
1.298000000000000043e+01,0.000000000000000000e+00,0.000000000000000000e+00,1.785719490051269531e+01,1.000000000000000000e+00
1.300000000000000000e+01,0.000000000000000000e+00,0.000000000000000000e+00,1.788155174255371094e+01,1.000000000000000000e+00
1.301999999999999957e+01,0.000000000000000000e+00,0.000000000000000000e+00,1.790590095520019531e+01,1.000000000000000000e+00
1.304000000000000092e+01,0.000000000000000000e+00,0.000000000000000000e+00,1.793024253845214844e+01,1.000000000000000000e+00
1.306000000000000050e+01,0.000000000000000000e+00,0.000000000000000000e+00,1.795457458496093750e+01,1.000000000000000000e+00
1.308000000000000007e+01,0.000000000000000000e+00,0.000000000000000000e+00,1.797889900207519531e+01,1.000000000000000000e+00
1.309999999999999964e+01,0.000000000000000000e+00,0.000000000000000000e+00,1.800321769714355469e+01,1.000000000000000000e+00
1.312000000000000099e+01,0.000000000000000000e+00,0.000000000000000000e+00,1.802753257751464844e+01,1.000000000000000000e+00
1.314000000000000057e+01,0.000000000000000000e+00,0.000000000000000000e+00,1.805183982849121094e+01,1.000000000000000000e+00
1.316000000000000014e+01,0.000000000000000000e+00,0.000000000000000000e+00,1.807613754272460938e+01,1.000000000000000000e+00
1.317999999999999972e+01,0.000000000000000000e+00,0.000000000000000000e+00,1.810042762756347656e+01,1.000000000000000000e+00
1.320000000000000107e+01,0.000000000000000000e+00,0.000000000000000000e+00,1.812471008300781250e+01,1.000000000000000000e+00
1.322000000000000064e+01,0.000000000000000000e+00,0.000000000000000000e+00,1.814899063110351562e+01,1.000000000000000000e+00
1.324000000000000021e+01,0.000000000000000000e+00,0.000000000000000000e+00,1.817326164245605469e+01,1.000000000000000000e+00
1.325999999999999979e+01,0.000000000000000000e+00,0.000000000000000000e+00,1.819752311706542969e+01,1.000000000000000000e+00
1.328000000000000114e+01,0.000000000000000000e+00,0.000000000000000000e+00,1.822177696228027344e+01,1.000000000000000000e+00
1.330000000000000071e+01,0.000000000000000000e+00,0.000000000000000000e+00,1.824602890014648438e+01,1.000000000000000000e+00
1.332000000000000028e+01,0.000000000000000000e+00,0.000000000000000000e+00,1.827027130126953125e+01,1.000000000000000000e+00
1.333999999999999986e+01,0.000000000000000000e+00,0.000000000000000000e+00,1.829450798034667969e+01,1.000000000000000000e+00
1.335999999999999943e+01,0.000000000000000000e+00,0.000000000000000000e+00,1.831873512268066406e+01,1.000000000000000000e+00
1.338000000000000078e+01,0.000000000000000000e+00,0.000000000000000000e+00,1.834295463562011719e+01,1.000000000000000000e+00
1.340000000000000036e+01,0.000000000000000000e+00,0.000000000000000000e+00,1.836716842651367188e+01,1.000000000000000000e+00
1.341999999999999993e+01,0.000000000000000000e+00,0.000000000000000000e+00,1.839138031005859375e+01,1.000000000000000000e+00
1.343999999999999950e+01,0.000000000000000000e+00,0.000000000000000000e+00,1.841558456420898438e+01,1.000000000000000000e+00
1.346000000000000085e+01,0.000000000000000000e+00,0.000000000000000000e+00,1.843978118896484375e+01,1.000000000000000000e+00
1.348000000000000043e+01,0.000000000000000000e+00,0.000000000000000000e+00,1.846397209167480469e+01,1.000000000000000000e+00
1.350000000000000000e+01,0.000000000000000000e+00,0.000000000000000000e+00,1.848815727233886719e+01,1.000000000000000000e+00
1.351999999999999957e+01,0.000000000000000000e+00,0.000000000000000000e+00,1.851234054565429688e+01,1.000000000000000000e+00
1.354000000000000092e+01,0.000000000000000000e+00,0.000000000000000000e+00,1.853651618957519531e+01,1.000000000000000000e+00
1.356000000000000050e+01,0.000000000000000000e+00,0.000000000000000000e+00,1.856068229675292969e+01,1.000000000000000000e+00
1.358000000000000007e+01,0.000000000000000000e+00,0.000000000000000000e+00,1.858484268188476562e+01,1.000000000000000000e+00
1.359999999999999964e+01,0.000000000000000000e+00,0.000000000000000000e+00,1.860899925231933594e+01,1.000000000000000000e+00
1.362000000000000099e+01,0.000000000000000000e+00,0.000000000000000000e+00,1.863315200805664062e+01,1.000000000000000000e+00
1.364000000000000057e+01,0.000000000000000000e+00,0.000000000000000000e+00,1.865729713439941406e+01,1.000000000000000000e+00
1.366000000000000014e+01,0.000000000000000000e+00,0.000000000000000000e+00,1.868143463134765625e+01,1.000000000000000000e+00
1.367999999999999972e+01,0.000000000000000000e+00,0.000000000000000000e+00,1.870556259155273438e+01,1.000000000000000000e+00
1.370000000000000107e+01,0.000000000000000000e+00,0.000000000000000000e+00,1.872969055175781250e+01,1.000000000000000000e+00
1.372000000000000064e+01,0.000000000000000000e+00,0.000000000000000000e+00,1.875381088256835938e+01,1.000000000000000000e+00
1.374000000000000021e+01,0.000000000000000000e+00,0.000000000000000000e+00,1.877792549133300781e+01,1.000000000000000000e+00
1.375999999999999979e+01,0.000000000000000000e+00,0.000000000000000000e+00,1.880203247070312500e+01,1.000000000000000000e+00
1.378000000000000114e+01,0.000000000000000000e+00,0.000000000000000000e+00,1.882613182067871094e+01,1.000000000000000000e+00
1.380000000000000071e+01,0.000000000000000000e+00,0.000000000000000000e+00,1.885022544860839844e+01,1.000000000000000000e+00
1.382000000000000028e+01,0.000000000000000000e+00,0.000000000000000000e+00,1.887431526184082031e+01,1.000000000000000000e+00
1.383999999999999986e+01,0.000000000000000000e+00,0.000000000000000000e+00,1.889839744567871094e+01,1.000000000000000000e+00
1.385999999999999943e+01,0.000000000000000000e+00,0.000000000000000000e+00,1.892247200012207031e+01,1.000000000000000000e+00
1.388000000000000078e+01,0.000000000000000000e+00,0.000000000000000000e+00,1.894654273986816406e+01,1.000000000000000000e+00
1.390000000000000036e+01,0.000000000000000000e+00,0.000000000000000000e+00,1.897060585021972656e+01,1.000000000000000000e+00
1.391999999999999993e+01,0.000000000000000000e+00,0.000000000000000000e+00,1.899466705322265625e+01,1.000000000000000000e+00
1.393999999999999950e+01,0.000000000000000000e+00,0.000000000000000000e+00,1.901872253417968750e+01,1.000000000000000000e+00
1.396000000000000085e+01,0.000000000000000000e+00,0.000000000000000000e+00,1.904277038574218750e+01,1.000000000000000000e+00
1.398000000000000043e+01,0.000000000000000000e+00,0.000000000000000000e+00,1.906681251525878906e+01,1.000000000000000000e+00
1.400000000000000000e+01,0.000000000000000000e+00,0.000000000000000000e+00,1.909085083007812500e+01,1.000000000000000000e+00
1.401999999999999957e+01,0.000000000000000000e+00,0.000000000000000000e+00,1.911488342285156250e+01,1.000000000000000000e+00
1.404000000000000092e+01,0.000000000000000000e+00,0.000000000000000000e+00,1.913891220092773438e+01,1.000000000000000000e+00
1.406000000000000050e+01,0.000000000000000000e+00,0.000000000000000000e+00,1.916293525695800781e+01,1.000000000000000000e+00
1.408000000000000007e+01,0.000000000000000000e+00,0.000000000000000000e+00,1.918694877624511719e+01,1.000000000000000000e+00
1.409999999999999964e+01,0.000000000000000000e+00,0.000000000000000000e+00,1.921096229553222656e+01,1.000000000000000000e+00
1.412000000000000099e+01,0.000000000000000000e+00,0.000000000000000000e+00,1.923497581481933594e+01,1.000000000000000000e+00
1.414000000000000057e+01,0.000000000000000000e+00,0.000000000000000000e+00,1.925897979736328125e+01,1.000000000000000000e+00
1.416000000000000014e+01,0.000000000000000000e+00,0.000000000000000000e+00,1.928297805786132812e+01,1.000000000000000000e+00
1.417999999999999972e+01,0.000000000000000000e+00,0.000000000000000000e+00,1.930697250366210938e+01,1.000000000000000000e+00
1.420000000000000107e+01,0.000000000000000000e+00,0.000000000000000000e+00,1.933095741271972656e+01,1.000000000000000000e+00
1.422000000000000064e+01,0.000000000000000000e+00,0.000000000000000000e+00,1.935494232177734375e+01,1.000000000000000000e+00
1.424000000000000021e+01,0.000000000000000000e+00,0.000000000000000000e+00,1.937892341613769531e+01,1.000000000000000000e+00
1.425999999999999979e+01,0.000000000000000000e+00,0.000000000000000000e+00,1.940289878845214844e+01,1.000000000000000000e+00
1.428000000000000114e+01,0.000000000000000000e+00,0.000000000000000000e+00,1.942686843872070312e+01,1.000000000000000000e+00
1.430000000000000071e+01,0.000000000000000000e+00,0.000000000000000000e+00,1.945083427429199219e+01,1.000000000000000000e+00
1.432000000000000028e+01,0.000000000000000000e+00,0.000000000000000000e+00,1.947480010986328125e+01,1.000000000000000000e+00
1.433999999999999986e+01,0.000000000000000000e+00,0.000000000000000000e+00,1.949876022338867188e+01,1.000000000000000000e+00
1.435999999999999943e+01,0.000000000000000000e+00,0.000000000000000000e+00,1.952271270751953125e+01,1.000000000000000000e+00
1.438000000000000078e+01,0.000000000000000000e+00,0.000000000000000000e+00,1.954665946960449219e+01,1.000000000000000000e+00
1.440000000000000036e+01,0.000000000000000000e+00,0.000000000000000000e+00,1.957060623168945312e+01,1.000000000000000000e+00
1.441999999999999993e+01,0.000000000000000000e+00,0.000000000000000000e+00,1.959454917907714844e+01,1.000000000000000000e+00
1.443999999999999950e+01,0.000000000000000000e+00,0.000000000000000000e+00,1.961848640441894531e+01,1.000000000000000000e+00
1.446000000000000085e+01,0.000000000000000000e+00,0.000000000000000000e+00,1.964241981506347656e+01,1.000000000000000000e+00
1.448000000000000043e+01,0.000000000000000000e+00,0.000000000000000000e+00,1.966634750366210938e+01,1.000000000000000000e+00
1.450000000000000000e+01,0.000000000000000000e+00,0.000000000000000000e+00,1.969027519226074219e+01,1.000000000000000000e+00
1.451999999999999957e+01,0.000000000000000000e+00,0.000000000000000000e+00,1.971420288085937500e+01,1.000000000000000000e+00
1.454000000000000092e+01,0.000000000000000000e+00,0.000000000000000000e+00,1.973812103271484375e+01,1.000000000000000000e+00
1.456000000000000050e+01,0.000000000000000000e+00,0.000000000000000000e+00,1.976203346252441406e+01,1.000000000000000000e+00
1.458000000000000007e+01,0.000000000000000000e+00,0.000000000000000000e+00,1.978594207763671875e+01,1.000000000000000000e+00
1.459999999999999964e+01,0.000000000000000000e+00,0.000000000000000000e+00,1.980984878540039062e+01,1.000000000000000000e+00
1.462000000000000099e+01,0.000000000000000000e+00,0.000000000000000000e+00,1.983374786376953125e+01,1.000000000000000000e+00
1.464000000000000057e+01,0.000000000000000000e+00,0.000000000000000000e+00,1.985764312744140625e+01,1.000000000000000000e+00
1.466000000000000014e+01,0.000000000000000000e+00,0.000000000000000000e+00,1.988153266906738281e+01,1.000000000000000000e+00
1.467999999999999972e+01,0.000000000000000000e+00,0.000000000000000000e+00,1.990541267395019531e+01,1.000000000000000000e+00
1.470000000000000107e+01,0.000000000000000000e+00,0.000000000000000000e+00,1.992929267883300781e+01,1.000000000000000000e+00
1.472000000000000064e+01,0.000000000000000000e+00,0.000000000000000000e+00,1.995317268371582031e+01,1.000000000000000000e+00
1.474000000000000021e+01,0.000000000000000000e+00,0.000000000000000000e+00,1.997704505920410156e+01,1.000000000000000000e+00
1.475999999999999979e+01,0.000000000000000000e+00,0.000000000000000000e+00,2.000091361999511719e+01,1.000000000000000000e+00
1.478000000000000114e+01,0.000000000000000000e+00,0.000000000000000000e+00,2.002477455139160156e+01,1.000000000000000000e+00
1.480000000000000071e+01,0.000000000000000000e+00,0.000000000000000000e+00,2.004863548278808594e+01,1.000000000000000000e+00
1.482000000000000028e+01,0.000000000000000000e+00,0.000000000000000000e+00,2.007249641418457031e+01,1.000000000000000000e+00
1.483999999999999986e+01,0.000000000000000000e+00,0.000000000000000000e+00,2.009635162353515625e+01,1.000000000000000000e+00
1.485999999999999943e+01,0.000000000000000000e+00,0.000000000000000000e+00,2.012020301818847656e+01,1.000000000000000000e+00
1.488000000000000078e+01,0.000000000000000000e+00,0.000000000000000000e+00,2.014404678344726562e+01,1.000000000000000000e+00
1.490000000000000036e+01,0.000000000000000000e+00,0.000000000000000000e+00,2.016788864135742188e+01,1.000000000000000000e+00
1.491999999999999993e+01,0.000000000000000000e+00,0.000000000000000000e+00,2.019173049926757812e+01,1.000000000000000000e+00
1.493999999999999950e+01,0.000000000000000000e+00,0.000000000000000000e+00,2.021556854248046875e+01,1.000000000000000000e+00
1.496000000000000085e+01,0.000000000000000000e+00,0.000000000000000000e+00,2.023940086364746094e+01,1.000000000000000000e+00
1.498000000000000043e+01,0.000000000000000000e+00,0.000000000000000000e+00,2.026322937011718750e+01,1.000000000000000000e+00
1.500000000000000000e+01,0.000000000000000000e+00,0.000000000000000000e+00,2.028705406188964844e+01,1.000000000000000000e+00
1.501999999999999957e+01,0.000000000000000000e+00,0.000000000000000000e+00,2.031087684631347656e+01,1.000000000000000000e+00
1.504000000000000092e+01,0.000000000000000000e+00,0.000000000000000000e+00,2.033469963073730469e+01,1.000000000000000000e+00
1.506000000000000050e+01,0.000000000000000000e+00,0.000000000000000000e+00,2.035851669311523438e+01,1.000000000000000000e+00
1.508000000000000007e+01,0.000000000000000000e+00,0.000000000000000000e+00,2.038232994079589844e+01,1.000000000000000000e+00
1.509999999999999964e+01,0.000000000000000000e+00,0.000000000000000000e+00,2.040614318847656250e+01,1.000000000000000000e+00
1.512000000000000099e+01,0.000000000000000000e+00,0.000000000000000000e+00,2.042995643615722656e+01,1.000000000000000000e+00
1.514000000000000057e+01,0.000000000000000000e+00,0.000000000000000000e+00,2.045376586914062500e+01,1.000000000000000000e+00
1.516000000000000014e+01,0.000000000000000000e+00,0.000000000000000000e+00,2.047756767272949219e+01,1.000000000000000000e+00
1.517999999999999972e+01,0.000000000000000000e+00,0.000000000000000000e+00,2.050136184692382812e+01,1.000000000000000000e+00
1.520000000000000107e+01,0.000000000000000000e+00,0.000000000000000000e+00,2.052515602111816406e+01,1.000000000000000000e+00
1.522000000000000064e+01,0.000000000000000000e+00,0.000000000000000000e+00,2.054895019531250000e+01,1.000000000000000000e+00
1.524000000000000021e+01,0.000000000000000000e+00,0.000000000000000000e+00,2.057273674011230469e+01,1.000000000000000000e+00
1.525999999999999979e+01,0.000000000000000000e+00,0.000000000000000000e+00,2.059652137756347656e+01,1.000000000000000000e+00
1.528000000000000114e+01,0.000000000000000000e+00,0.000000000000000000e+00,2.062029647827148438e+01,1.000000000000000000e+00
1.530000000000000071e+01,0.000000000000000000e+00,0.000000000000000000e+00,2.064407157897949219e+01,1.000000000000000000e+00
1.532000000000000028e+01,0.000000000000000000e+00,0.000000000000000000e+00,2.066784667968750000e+01,1.000000000000000000e+00
1.533999999999999986e+01,0.000000000000000000e+00,0.000000000000000000e+00,2.069162178039550781e+01,1.000000000000000000e+00
1.535999999999999943e+01,0.000000000000000000e+00,0.000000000000000000e+00,2.071538925170898438e+01,1.000000000000000000e+00
1.538000000000000078e+01,0.000000000000000000e+00,0.000000000000000000e+00,2.073915481567382812e+01,1.000000000000000000e+00
1.540000000000000036e+01,0.000000000000000000e+00,0.000000000000000000e+00,2.076292037963867188e+01,1.000000000000000000e+00
1.541999999999999993e+01,0.000000000000000000e+00,0.000000000000000000e+00,2.078668594360351562e+01,1.000000000000000000e+00
1.543999999999999950e+01,0.000000000000000000e+00,0.000000000000000000e+00,2.081044578552246094e+01,1.000000000000000000e+00
1.546000000000000085e+01,0.000000000000000000e+00,0.000000000000000000e+00,2.083420181274414062e+01,1.000000000000000000e+00
1.548000000000000043e+01,0.000000000000000000e+00,0.000000000000000000e+00,2.085794830322265625e+01,1.000000000000000000e+00
1.550000000000000000e+01,0.000000000000000000e+00,0.000000000000000000e+00,2.088169479370117188e+01,1.000000000000000000e+00
1.551999999999999957e+01,0.000000000000000000e+00,0.000000000000000000e+00,2.090544128417968750e+01,1.000000000000000000e+00
1.554000000000000092e+01,0.000000000000000000e+00,0.000000000000000000e+00,2.092918777465820312e+01,1.000000000000000000e+00
1.556000000000000050e+01,0.000000000000000000e+00,0.000000000000000000e+00,2.095292472839355469e+01,1.000000000000000000e+00
1.558000000000000007e+01,0.000000000000000000e+00,0.000000000000000000e+00,2.097666168212890625e+01,1.000000000000000000e+00
1.559999999999999964e+01,0.000000000000000000e+00,0.000000000000000000e+00,2.100039863586425781e+01,1.000000000000000000e+00
1.562000000000000099e+01,0.000000000000000000e+00,0.000000000000000000e+00,2.102413558959960938e+01,1.000000000000000000e+00
1.564000000000000057e+01,0.000000000000000000e+00,0.000000000000000000e+00,2.104786682128906250e+01,1.000000000000000000e+00
1.566000000000000014e+01,0.000000000000000000e+00,0.000000000000000000e+00,2.107159423828125000e+01,1.000000000000000000e+00
1.567999999999999972e+01,0.000000000000000000e+00,0.000000000000000000e+00,2.109531974792480469e+01,1.000000000000000000e+00
1.570000000000000107e+01,0.000000000000000000e+00,0.000000000000000000e+00,2.111904716491699219e+01,1.000000000000000000e+00
1.572000000000000064e+01,0.000000000000000000e+00,0.000000000000000000e+00,2.114277076721191406e+01,1.000000000000000000e+00
1.574000000000000021e+01,0.000000000000000000e+00,0.000000000000000000e+00,2.116648864746093750e+01,1.000000000000000000e+00
1.575999999999999979e+01,0.000000000000000000e+00,0.000000000000000000e+00,2.119020271301269531e+01,1.000000000000000000e+00
1.578000000000000114e+01,0.000000000000000000e+00,0.000000000000000000e+00,2.121391105651855469e+01,1.000000000000000000e+00
1.580000000000000071e+01,0.000000000000000000e+00,0.000000000000000000e+00,2.123761940002441406e+01,1.000000000000000000e+00
1.582000000000000028e+01,0.000000000000000000e+00,0.000000000000000000e+00,2.126132774353027344e+01,1.000000000000000000e+00
1.583999999999999986e+01,0.000000000000000000e+00,0.000000000000000000e+00,2.128503608703613281e+01,1.000000000000000000e+00
1.586000000000000121e+01,0.000000000000000000e+00,0.000000000000000000e+00,2.130873870849609375e+01,1.000000000000000000e+00
1.588000000000000078e+01,0.000000000000000000e+00,0.000000000000000000e+00,2.133243751525878906e+01,1.000000000000000000e+00
1.590000000000000036e+01,0.000000000000000000e+00,0.000000000000000000e+00,2.135613632202148438e+01,1.000000000000000000e+00
1.591999999999999993e+01,0.000000000000000000e+00,0.000000000000000000e+00,2.137983512878417969e+01,1.000000000000000000e+00
1.593999999999999950e+01,0.000000000000000000e+00,0.000000000000000000e+00,2.140353393554687500e+01,1.000000000000000000e+00
1.596000000000000085e+01,0.000000000000000000e+00,0.000000000000000000e+00,2.142722702026367188e+01,1.000000000000000000e+00
1.598000000000000043e+01,0.000000000000000000e+00,0.000000000000000000e+00,2.145091629028320312e+01,1.000000000000000000e+00
1.600000000000000000e+01,0.000000000000000000e+00,0.000000000000000000e+00,2.147460556030273438e+01,1.000000000000000000e+00
1.601999999999999957e+01,0.000000000000000000e+00,0.000000000000000000e+00,2.149829483032226562e+01,1.000000000000000000e+00
1.603999999999999915e+01,0.000000000000000000e+00,0.000000000000000000e+00,2.152198410034179688e+01,1.000000000000000000e+00
1.605999999999999872e+01,0.000000000000000000e+00,0.000000000000000000e+00,2.154566764831542969e+01,1.000000000000000000e+00
1.608000000000000185e+01,0.000000000000000000e+00,0.000000000000000000e+00,2.156934738159179688e+01,1.000000000000000000e+00
1.610000000000000142e+01,0.000000000000000000e+00,0.000000000000000000e+00,2.159302711486816406e+01,1.000000000000000000e+00
1.612000000000000099e+01,0.000000000000000000e+00,0.000000000000000000e+00,2.161670684814453125e+01,1.000000000000000000e+00
1.614000000000000057e+01,0.000000000000000000e+00,0.000000000000000000e+00,2.164038658142089844e+01,1.000000000000000000e+00
1.616000000000000014e+01,0.000000000000000000e+00,0.000000000000000000e+00,2.166406250000000000e+01,1.000000000000000000e+00
1.617999999999999972e+01,0.000000000000000000e+00,0.000000000000000000e+00,2.168773269653320312e+01,1.000000000000000000e+00
1.619999999999999929e+01,0.000000000000000000e+00,0.000000000000000000e+00,2.171140289306640625e+01,1.000000000000000000e+00
1.621999999999999886e+01,0.000000000000000000e+00,0.000000000000000000e+00,2.173507308959960938e+01,1.000000000000000000e+00
1.624000000000000199e+01,0.000000000000000000e+00,0.000000000000000000e+00,2.175874328613281250e+01,1.000000000000000000e+00
1.626000000000000156e+01,0.000000000000000000e+00,0.000000000000000000e+00,2.178241348266601562e+01,1.000000000000000000e+00
1.628000000000000114e+01,0.000000000000000000e+00,0.000000000000000000e+00,2.180607604980468750e+01,1.000000000000000000e+00
1.630000000000000071e+01,0.000000000000000000e+00,0.000000000000000000e+00,2.182974433898925781e+01,1.000000000000000000e+00
1.632000000000000028e+01,0.000000000000000000e+00,0.000000000000000000e+00,2.185341453552246094e+01,1.000000000000000000e+00
1.633999999999999986e+01,0.000000000000000000e+00,0.000000000000000000e+00,2.187707901000976562e+01,1.000000000000000000e+00
1.635999999999999943e+01,0.000000000000000000e+00,0.000000000000000000e+00,2.190073966979980469e+01,1.000000000000000000e+00
1.637999999999999901e+01,0.000000000000000000e+00,0.000000000000000000e+00,2.192440032958984375e+01,1.000000000000000000e+00
1.639999999999999858e+01,0.000000000000000000e+00,0.000000000000000000e+00,2.194806098937988281e+01,1.000000000000000000e+00
1.642000000000000171e+01,0.000000000000000000e+00,0.000000000000000000e+00,2.197172164916992188e+01,1.000000000000000000e+00
1.644000000000000128e+01,0.000000000000000000e+00,0.000000000000000000e+00,2.199537658691406250e+01,1.000000000000000000e+00
1.646000000000000085e+01,0.000000000000000000e+00,0.000000000000000000e+00,2.201902770996093750e+01,1.000000000000000000e+00
1.648000000000000043e+01,0.000000000000000000e+00,0.000000000000000000e+00,2.204267883300781250e+01,1.000000000000000000e+00
1.650000000000000000e+01,0.000000000000000000e+00,0.000000000000000000e+00,2.206632995605468750e+01,1.000000000000000000e+00
1.651999999999999957e+01,0.000000000000000000e+00,0.000000000000000000e+00,2.208998107910156250e+01,1.000000000000000000e+00
1.653999999999999915e+01,0.000000000000000000e+00,0.000000000000000000e+00,2.211363220214843750e+01,1.000000000000000000e+00
1.655999999999999872e+01,0.000000000000000000e+00,0.000000000000000000e+00,2.213727378845214844e+01,1.000000000000000000e+00
1.658000000000000185e+01,0.000000000000000000e+00,0.000000000000000000e+00,2.216091537475585938e+01,1.000000000000000000e+00
1.660000000000000142e+01,0.000000000000000000e+00,0.000000000000000000e+00,2.218455696105957031e+01,1.000000000000000000e+00
1.662000000000000099e+01,0.000000000000000000e+00,0.000000000000000000e+00,2.220819854736328125e+01,1.000000000000000000e+00
1.664000000000000057e+01,0.000000000000000000e+00,0.000000000000000000e+00,2.223184013366699219e+01,1.000000000000000000e+00
1.666000000000000014e+01,0.000000000000000000e+00,0.000000000000000000e+00,2.225547599792480469e+01,1.000000000000000000e+00
1.667999999999999972e+01,0.000000000000000000e+00,0.000000000000000000e+00,2.227910804748535156e+01,1.000000000000000000e+00
1.669999999999999929e+01,0.000000000000000000e+00,0.000000000000000000e+00,2.230274391174316406e+01,1.000000000000000000e+00
1.671999999999999886e+01,0.000000000000000000e+00,0.000000000000000000e+00,2.232638359069824219e+01,1.000000000000000000e+00
1.674000000000000199e+01,0.000000000000000000e+00,0.000000000000000000e+00,2.235001564025878906e+01,1.000000000000000000e+00
1.676000000000000156e+01,0.000000000000000000e+00,0.000000000000000000e+00,2.237364768981933594e+01,1.000000000000000000e+00
1.678000000000000114e+01,0.000000000000000000e+00,0.000000000000000000e+00,2.239727973937988281e+01,1.000000000000000000e+00
1.680000000000000071e+01,0.000000000000000000e+00,0.000000000000000000e+00,2.242091178894042969e+01,1.000000000000000000e+00
1.682000000000000028e+01,0.000000000000000000e+00,0.000000000000000000e+00,2.244454383850097656e+01,1.000000000000000000e+00
1.683999999999999986e+01,0.000000000000000000e+00,0.000000000000000000e+00,2.246817588806152344e+01,1.000000000000000000e+00
1.685999999999999943e+01,0.000000000000000000e+00,0.000000000000000000e+00,2.249180030822753906e+01,1.000000000000000000e+00
1.687999999999999901e+01,0.000000000000000000e+00,0.000000000000000000e+00,2.251542282104492188e+01,1.000000000000000000e+00
1.689999999999999858e+01,0.000000000000000000e+00,0.000000000000000000e+00,2.253904914855957031e+01,1.000000000000000000e+00
1.692000000000000171e+01,0.000000000000000000e+00,0.000000000000000000e+00,2.256268119812011719e+01,1.000000000000000000e+00
1.694000000000000128e+01,0.000000000000000000e+00,0.000000000000000000e+00,2.258630371093750000e+01,1.000000000000000000e+00
1.696000000000000085e+01,0.000000000000000000e+00,0.000000000000000000e+00,2.260992622375488281e+01,1.000000000000000000e+00
1.698000000000000043e+01,0.000000000000000000e+00,0.000000000000000000e+00,2.263354873657226562e+01,1.000000000000000000e+00
1.700000000000000000e+01,0.000000000000000000e+00,0.000000000000000000e+00,2.265717124938964844e+01,1.000000000000000000e+00
1.701999999999999957e+01,0.000000000000000000e+00,0.000000000000000000e+00,2.268079376220703125e+01,1.000000000000000000e+00
1.703999999999999915e+01,0.000000000000000000e+00,0.000000000000000000e+00,2.270441627502441406e+01,1.000000000000000000e+00
1.705999999999999872e+01,0.000000000000000000e+00,0.000000000000000000e+00,2.272803497314453125e+01,1.000000000000000000e+00
1.708000000000000185e+01,0.000000000000000000e+00,0.000000000000000000e+00,2.275164794921875000e+01,1.000000000000000000e+00
1.710000000000000142e+01,0.000000000000000000e+00,0.000000000000000000e+00,2.277526664733886719e+01,1.000000000000000000e+00
1.712000000000000099e+01,0.000000000000000000e+00,0.000000000000000000e+00,2.279888916015625000e+01,1.000000000000000000e+00
1.714000000000000057e+01,0.000000000000000000e+00,0.000000000000000000e+00,2.282250976562500000e+01,1.000000000000000000e+00
1.716000000000000014e+01,0.000000000000000000e+00,0.000000000000000000e+00,2.284612274169921875e+01,1.000000000000000000e+00
1.717999999999999972e+01,0.000000000000000000e+00,0.000000000000000000e+00,2.286973571777343750e+01,1.000000000000000000e+00
1.719999999999999929e+01,0.000000000000000000e+00,0.000000000000000000e+00,2.289335250854492188e+01,1.000000000000000000e+00
1.721999999999999886e+01,0.000000000000000000e+00,0.000000000000000000e+00,2.291697502136230469e+01,1.000000000000000000e+00
1.724000000000000199e+01,0.000000000000000000e+00,0.000000000000000000e+00,2.294059753417968750e+01,1.000000000000000000e+00
1.726000000000000156e+01,0.000000000000000000e+00,0.000000000000000000e+00,2.296421432495117188e+01,1.000000000000000000e+00
1.728000000000000114e+01,0.000000000000000000e+00,0.000000000000000000e+00,2.298783302307128906e+01,1.000000000000000000e+00
1.730000000000000071e+01,0.000000000000000000e+00,0.000000000000000000e+00,2.301145553588867188e+01,1.000000000000000000e+00
1.732000000000000028e+01,0.000000000000000000e+00,0.000000000000000000e+00,2.303508758544921875e+01,1.000000000000000000e+00
1.733999999999999986e+01,0.000000000000000000e+00,0.000000000000000000e+00,2.305871963500976562e+01,1.000000000000000000e+00
1.735999999999999943e+01,0.000000000000000000e+00,0.000000000000000000e+00,2.308235168457031250e+01,1.000000000000000000e+00
1.737999999999999901e+01,0.000000000000000000e+00,0.000000000000000000e+00,2.310598373413085938e+01,1.000000000000000000e+00
1.740000000000000213e+01,0.000000000000000000e+00,0.000000000000000000e+00,2.312962150573730469e+01,1.000000000000000000e+00
1.742000000000000171e+01,0.000000000000000000e+00,0.000000000000000000e+00,2.315326309204101562e+01,1.000000000000000000e+00
1.744000000000000128e+01,0.000000000000000000e+00,0.000000000000000000e+00,2.317690467834472656e+01,1.000000000000000000e+00
1.746000000000000085e+01,0.000000000000000000e+00,0.000000000000000000e+00,2.320054054260253906e+01,1.000000000000000000e+00
1.748000000000000043e+01,0.000000000000000000e+00,0.000000000000000000e+00,2.322417259216308594e+01,1.000000000000000000e+00
1.750000000000000000e+01,0.000000000000000000e+00,0.000000000000000000e+00,2.324780654907226562e+01,1.000000000000000000e+00
1.751999999999999957e+01,0.000000000000000000e+00,0.000000000000000000e+00,2.327144050598144531e+01,1.000000000000000000e+00
1.753999999999999915e+01,0.000000000000000000e+00,0.000000000000000000e+00,2.329507255554199219e+01,1.000000000000000000e+00
1.755999999999999872e+01,0.000000000000000000e+00,0.000000000000000000e+00,2.331870460510253906e+01,1.000000000000000000e+00
1.758000000000000185e+01,0.000000000000000000e+00,0.000000000000000000e+00,2.334233665466308594e+01,1.000000000000000000e+00
1.760000000000000142e+01,0.000000000000000000e+00,0.000000000000000000e+00,2.336597061157226562e+01,1.000000000000000000e+00
1.762000000000000099e+01,0.000000000000000000e+00,0.000000000000000000e+00,2.338961219787597656e+01,1.000000000000000000e+00
1.764000000000000057e+01,0.000000000000000000e+00,0.000000000000000000e+00,2.341324424743652344e+01,1.000000000000000000e+00
1.766000000000000014e+01,0.000000000000000000e+00,0.000000000000000000e+00,2.343687629699707031e+01,1.000000000000000000e+00
1.767999999999999972e+01,0.000000000000000000e+00,0.000000000000000000e+00,2.346050834655761719e+01,1.000000000000000000e+00
1.769999999999999929e+01,0.000000000000000000e+00,0.000000000000000000e+00,2.348414230346679688e+01,1.000000000000000000e+00
1.771999999999999886e+01,0.000000000000000000e+00,0.000000000000000000e+00,2.350778388977050781e+01,2.000000000000000000e+00
1.774000000000000199e+01,1.110316836275160313e-03,8.421974939665233251e-08,2.353144264221191406e+01,2.000000000000000000e+00
1.776000000000000156e+01,4.555931314826011658e-03,1.265974560737959109e-06,2.355515861511230469e+01,2.000000000000000000e+00
1.778000000000000114e+01,1.075963675975799561e-02,6.370446499204263091e-06,2.357897186279296875e+01,2.000000000000000000e+00
1.780000000000000071e+01,1.979951001703739166e-02,2.012375989579595625e-05,2.360291099548339844e+01,2.000000000000000000e+00
1.782000000000000028e+01,3.167761117219924927e-02,4.894461380899883807e-05,2.362698554992675781e+01,2.000000000000000000e+00
1.783999999999999986e+01,4.638147354125976562e-02,1.008260151138529181e-04,2.365120315551757812e+01,2.000000000000000000e+00
1.785999999999999943e+01,6.389702111482620239e-02,1.852556160883978009e-04,2.367556953430175781e+01,2.000000000000000000e+00
1.787999999999999901e+01,8.421138674020767212e-02,3.130790137220174074e-04,2.370008850097656250e+01,2.000000000000000000e+00
1.790000000000000213e+01,1.073136255145072937e-01,4.962807870469987392e-04,2.372475814819335938e+01,2.000000000000000000e+00
1.792000000000000171e+01,1.331966519355773926e-01,7.477895123884081841e-04,2.374956703186035156e+01,2.000000000000000000e+00
1.794000000000000128e+01,1.618583947420120239e-01,1.081418944522738457e-03,2.377450180053710938e+01,2.000000000000000000e+00
1.796000000000000085e+01,1.932993382215499878e-01,1.511921174824237823e-03,2.379954528808593750e+01,2.000000000000000000e+00
1.798000000000000043e+01,2.275219112634658813e-01,2.054906915873289108e-03,2.382467651367187500e+01,2.000000000000000000e+00
1.800000000000000000e+01,2.645296156406402588e-01,2.726685721427202225e-03,2.384987258911132812e+01,2.000000000000000000e+00
1.801999999999999957e+01,3.043263554573059082e-01,3.544247476384043694e-03,2.387510108947753906e+01,2.000000000000000000e+00
1.803999999999999915e+01,3.469165861606597900e-01,4.525213968008756638e-03,2.390033721923828125e+01,2.000000000000000000e+00
1.805999999999999872e+01,3.923057317733764648e-01,5.687723867595195770e-03,2.392555046081542969e+01,2.000000000000000000e+00
1.808000000000000185e+01,4.405000805854797363e-01,7.050332147628068924e-03,2.395071029663085938e+01,2.000000000000000000e+00
1.810000000000000142e+01,4.915066659450531006e-01,8.631859906017780304e-03,2.397577476501464844e+01,2.000000000000000000e+00
1.812000000000000099e+01,5.453330874443054199e-01,1.045154407620429993e-02,2.400070762634277344e+01,2.000000000000000000e+00
1.814000000000000057e+01,6.019873619079589844e-01,1.252887304872274399e-02,2.402547454833984375e+01,2.000000000000000000e+00
1.816000000000000014e+01,6.614778041839599609e-01,1.488338131457567215e-02,2.405003547668457031e+01,2.000000000000000000e+00
1.817999999999999972e+01,7.238126397132873535e-01,1.753455214202404022e-02,2.407434654235839844e+01,2.000000000000000000e+00
1.819999999999999929e+01,7.889996170997619629e-01,2.050166577100753784e-02,2.409835815429687500e+01,2.000000000000000000e+00
1.821999999999999886e+01,8.570463657379150391e-01,2.380405180156230927e-02,2.412203025817871094e+01,2.000000000000000000e+00
1.824000000000000199e+01,9.279595017433166504e-01,2.746114879846572876e-02,2.414532089233398438e+01,2.000000000000000000e+00
1.826000000000000156e+01,1.001744627952575684e+00,3.149246424436569214e-02,2.416818618774414062e+01,2.000000000000000000e+00
1.828000000000000114e+01,1.078406572341918945e+00,3.591717407107353210e-02,2.419058609008789062e+01,2.000000000000000000e+00
1.830000000000000071e+01,1.157949447631835938e+00,4.075385257601737976e-02,2.421247291564941406e+01,2.000000000000000000e+00
1.832000000000000028e+01,1.240375757217407227e+00,4.602122306823730469e-02,2.423381423950195312e+01,2.000000000000000000e+00
1.833999999999999986e+01,1.325686931610107422e+00,5.173793435096740723e-02,2.425457191467285156e+01,2.000000000000000000e+00
1.835999999999999943e+01,1.413883686065673828e+00,5.792205780744552612e-02,2.427471160888671875e+01,2.000000000000000000e+00
1.837999999999999901e+01,1.504965543746948242e+00,6.459116935729980469e-02,2.429420471191406250e+01,2.000000000000000000e+00
1.840000000000000213e+01,1.598931908607482910e+00,7.176239788532257080e-02,2.431301307678222656e+01,2.000000000000000000e+00
1.842000000000000171e+01,1.695780396461486816e+00,7.945245504379272461e-02,2.433110618591308594e+01,2.000000000000000000e+00
1.844000000000000128e+01,1.795508146286010742e+00,8.767754584550857544e-02,2.434845352172851562e+01,2.000000000000000000e+00
1.846000000000000085e+01,1.898111343383789062e+00,9.645336866378784180e-02,2.436502838134765625e+01,2.000000000000000000e+00
1.848000000000000043e+01,2.003585100173950195e+00,1.057951301336288452e-01,2.438079833984375000e+01,2.000000000000000000e+00
1.850000000000000000e+01,2.111923694610595703e+00,1.157176792621612549e-01,2.439573669433593750e+01,2.000000000000000000e+00
1.851999999999999957e+01,2.223120212554931641e+00,1.262350678443908691e-01,2.440981292724609375e+01,2.000000000000000000e+00
1.853999999999999915e+01,2.337165594100952148e+00,1.373606473207473755e-01,2.442300224304199219e+01,2.000000000000000000e+00
1.855999999999999872e+01,2.454050779342651367e+00,1.491076201200485229e-01,2.443527412414550781e+01,2.000000000000000000e+00
1.858000000000000185e+01,2.573765277862548828e+00,1.614893525838851929e-01,2.444660758972167969e+01,2.000000000000000000e+00
1.860000000000000142e+01,2.696298599243164062e+00,1.745190918445587158e-01,2.445698165893554688e+01,2.000000000000000000e+00
1.862000000000000099e+01,2.821638107299804688e+00,1.882099062204360962e-01,2.446638107299804688e+01,2.000000000000000000e+00
1.864000000000000057e+01,2.949770689010620117e+00,2.025748342275619507e-01,2.447479248046875000e+01,2.000000000000000000e+00
1.866000000000000014e+01,3.080682277679443359e+00,2.176267951726913452e-01,2.448219871520996094e+01,2.000000000000000000e+00
1.867999999999999972e+01,3.214358091354370117e+00,2.333788424730300903e-01,2.448858833312988281e+01,2.000000000000000000e+00
1.869999999999999929e+01,3.350782632827758789e+00,2.498439550399780273e-01,2.449395179748535156e+01,2.000000000000000000e+00
1.871999999999999886e+01,3.489938735961914062e+00,2.670347094535827637e-01,2.449827957153320312e+01,2.000000000000000000e+00
1.874000000000000199e+01,3.631808757781982422e+00,2.849634289741516113e-01,2.450156021118164062e+01,2.000000000000000000e+00
1.876000000000000156e+01,3.776374101638793945e+00,3.036427497863769531e-01,2.450379180908203125e+01,2.000000000000000000e+00
1.878000000000000114e+01,3.923616409301757812e+00,3.230860531330108643e-01,2.450497245788574219e+01,2.000000000000000000e+00
1.880000000000000071e+01,4.073516845703125000e+00,3.433072865009307861e-01,2.450509643554687500e+01,2.000000000000000000e+00
1.882000000000000028e+01,4.226054668426513672e+00,3.643200397491455078e-01,2.450417137145996094e+01,2.000000000000000000e+00
1.883999999999999986e+01,4.381208896636962891e+00,3.861380219459533691e-01,2.450218772888183594e+01,2.000000000000000000e+00
1.885999999999999943e+01,4.538958072662353516e+00,4.087755680084228516e-01,2.449916267395019531e+01,2.000000000000000000e+00
1.887999999999999901e+01,4.699279785156250000e+00,4.322480559349060059e-01,2.449509620666503906e+01,2.000000000000000000e+00
1.890000000000000213e+01,4.862152576446533203e+00,4.565713703632354736e-01,2.449000358581542969e+01,2.000000000000000000e+00
1.892000000000000171e+01,5.027554512023925781e+00,4.817613959312438965e-01,2.448389625549316406e+01,2.000000000000000000e+00
1.894000000000000128e+01,5.195461750030517578e+00,5.078343152999877930e-01,2.447678565979003906e+01,2.000000000000000000e+00
1.896000000000000085e+01,5.365849494934082031e+00,5.348068475723266602e-01,2.446869087219238281e+01,2.000000000000000000e+00
1.898000000000000043e+01,5.538695335388183594e+00,5.626966357231140137e-01,2.445962333679199219e+01,2.000000000000000000e+00
1.900000000000000000e+01,5.713975906372070312e+00,5.915215015411376953e-01,2.444960594177246094e+01,2.000000000000000000e+00
1.901999999999999957e+01,5.891666412353515625e+00,6.212998032569885254e-01,2.443865966796875000e+01,2.000000000000000000e+00
1.903999999999999915e+01,6.071743488311767578e+00,6.520500183105468750e-01,2.442680168151855469e+01,2.000000000000000000e+00
1.905999999999999872e+01,6.254182815551757812e+00,6.837908029556274414e-01,2.441405487060546875e+01,2.000000000000000000e+00
1.908000000000000185e+01,6.438959598541259766e+00,7.165414094924926758e-01,2.440043830871582031e+01,2.000000000000000000e+00
1.910000000000000142e+01,6.626050949096679688e+00,7.503213882446289062e-01,2.438597869873046875e+01,2.000000000000000000e+00
1.912000000000000099e+01,6.815432071685791016e+00,7.851496338844299316e-01,2.437069320678710938e+01,2.000000000000000000e+00
1.914000000000000057e+01,7.007079124450683594e+00,8.210451602935791016e-01,2.435460472106933594e+01,2.000000000000000000e+00
1.916000000000000014e+01,7.200967788696289062e+00,8.580271005630493164e-01,2.433772850036621094e+01,2.000000000000000000e+00
1.917999999999999972e+01,7.397075176239013672e+00,8.961151242256164551e-01,2.432008934020996094e+01,2.000000000000000000e+00
1.919999999999999929e+01,7.595376968383789062e+00,9.353290796279907227e-01,2.430170631408691406e+01,2.000000000000000000e+00
1.921999999999999886e+01,7.795850753784179688e+00,9.756883978843688965e-01,2.428259849548339844e+01,2.000000000000000000e+00
1.924000000000000199e+01,7.998473167419433594e+00,1.017212748527526855e+00,2.426278877258300781e+01,2.000000000000000000e+00
1.926000000000000156e+01,8.203221321105957031e+00,1.059921979904174805e+00,2.424229431152343750e+01,2.000000000000000000e+00
1.928000000000000114e+01,8.410072326660156250e+00,1.103834867477416992e+00,2.422113227844238281e+01,2.000000000000000000e+00
1.930000000000000071e+01,8.619006156921386719e+00,1.148970603942871094e+00,2.419931411743164062e+01,2.000000000000000000e+00
1.932000000000000028e+01,8.829997062683105469e+00,1.195347785949707031e+00,2.417685890197753906e+01,2.000000000000000000e+00
1.933999999999999986e+01,9.043026924133300781e+00,1.242984533309936523e+00,2.415377998352050781e+01,3.000000000000000000e+00
1.935999999999999943e+01,9.257599830627441406e+00,1.291598677635192871e+00,2.412939453125000000e+01,3.000000000000000000e+00
1.937999999999999901e+01,9.473259925842285156e+00,1.340992927551269531e+00,2.410330009460449219e+01,3.000000000000000000e+00
1.940000000000000213e+01,9.689868927001953125e+00,1.391185760498046875e+00,2.407561492919921875e+01,3.000000000000000000e+00
1.942000000000000171e+01,9.907385826110839844e+00,1.442234635353088379e+00,2.404652976989746094e+01,3.000000000000000000e+00
1.944000000000000128e+01,1.012580299377441406e+01,1.494210720062255859e+00,2.401626968383789062e+01,3.000000000000000000e+00
1.946000000000000085e+01,1.034508991241455078e+01,1.547181725502014160e+00,2.398506546020507812e+01,3.000000000000000000e+00
1.948000000000000043e+01,1.056520557403564453e+01,1.601209640502929688e+00,2.395313453674316406e+01,3.000000000000000000e+00
1.950000000000000000e+01,1.078611183166503906e+01,1.656350970268249512e+00,2.392068672180175781e+01,3.000000000000000000e+00
1.951999999999999957e+01,1.100777816772460938e+01,1.712655425071716309e+00,2.388790512084960938e+01,3.000000000000000000e+00
1.953999999999999915e+01,1.123016929626464844e+01,1.770165681838989258e+00,2.385494995117187500e+01,3.000000000000000000e+00
1.955999999999999872e+01,1.145325851440429688e+01,1.828915953636169434e+00,2.382196617126464844e+01,3.000000000000000000e+00
1.958000000000000185e+01,1.167701625823974609e+01,1.888932704925537109e+00,2.378906631469726562e+01,3.000000000000000000e+00
1.960000000000000142e+01,1.190141773223876953e+01,1.950234770774841309e+00,2.375634193420410156e+01,3.000000000000000000e+00
1.962000000000000099e+01,1.212643814086914062e+01,2.012834072113037109e+00,2.372385787963867188e+01,3.000000000000000000e+00
1.964000000000000057e+01,1.235205745697021484e+01,2.076736211776733398e+00,2.369166183471679688e+01,3.000000000000000000e+00
1.966000000000000014e+01,1.257825851440429688e+01,2.141941070556640625e+00,2.365978240966796875e+01,3.000000000000000000e+00
1.967999999999999972e+01,1.280502414703369141e+01,2.208443880081176758e+00,2.362822341918945312e+01,3.000000000000000000e+00
1.969999999999999929e+01,1.303234195709228516e+01,2.276234388351440430e+00,2.359697723388671875e+01,3.000000000000000000e+00
1.971999999999999886e+01,1.326020526885986328e+01,2.345300436019897461e+00,2.356601715087890625e+01,3.000000000000000000e+00
1.974000000000000199e+01,1.348860454559326172e+01,2.415627479553222656e+00,2.353530883789062500e+01,3.000000000000000000e+00
1.976000000000000156e+01,1.371753692626953125e+01,2.487198352813720703e+00,2.350480842590332031e+01,3.000000000000000000e+00
1.978000000000000114e+01,1.394699954986572266e+01,2.559994220733642578e+00,2.347446060180664062e+01,3.000000000000000000e+00
1.980000000000000071e+01,1.417699146270751953e+01,2.633996009826660156e+00,2.344420623779296875e+01,3.000000000000000000e+00
1.982000000000000028e+01,1.440751552581787109e+01,2.709183931350708008e+00,2.341397857666015625e+01,3.000000000000000000e+00
1.983999999999999986e+01,1.463857364654541016e+01,2.785538911819458008e+00,2.338371276855468750e+01,3.000000000000000000e+00
1.985999999999999943e+01,1.487017059326171875e+01,2.863042593002319336e+00,2.335334587097167969e+01,3.000000000000000000e+00
1.987999999999999901e+01,1.510230922698974609e+01,2.941677093505859375e+00,2.332281875610351562e+01,3.000000000000000000e+00
1.990000000000000213e+01,1.533499622344970703e+01,3.021425962448120117e+00,2.329207038879394531e+01,3.000000000000000000e+00
1.992000000000000171e+01,1.556823444366455078e+01,3.102273225784301758e+00,2.326104164123535156e+01,3.000000000000000000e+00
1.994000000000000128e+01,1.580203151702880859e+01,3.184204101562500000e+00,2.322968482971191406e+01,3.000000000000000000e+00
1.996000000000000085e+01,1.603638839721679688e+01,3.267205715179443359e+00,2.319795417785644531e+01,3.000000000000000000e+00
1.998000000000000043e+01,1.627131652832031250e+01,3.351266384124755859e+00,2.316580772399902344e+01,3.000000000000000000e+00
2.000000000000000000e+01,1.650681686401367188e+01,3.436375379562377930e+00,2.313321685791015625e+01,3.000000000000000000e+00
2.001999999999999957e+01,1.674288940429687500e+01,3.522521734237670898e+00,2.310014724731445312e+01,3.000000000000000000e+00
2.003999999999999915e+01,1.697953987121582031e+01,3.609696149826049805e+00,2.306657409667968750e+01,3.000000000000000000e+00
2.005999999999999872e+01,1.721677207946777344e+01,3.697890281677246094e+00,2.303248023986816406e+01,3.000000000000000000e+00
2.008000000000000185e+01,1.745458793640136719e+01,3.787096500396728516e+00,2.299785804748535156e+01,3.000000000000000000e+00
2.010000000000000142e+01,1.769299125671386719e+01,3.877306699752807617e+00,2.296269607543945312e+01,3.000000000000000000e+00
2.012000000000000099e+01,1.793198204040527344e+01,3.968512773513793945e+00,2.292698860168457031e+01,3.000000000000000000e+00
2.014000000000000057e+01,1.817156219482421875e+01,4.060706615447998047e+00,2.289073181152343750e+01,3.000000000000000000e+00
2.016000000000000014e+01,1.841173362731933594e+01,4.153881072998046875e+00,2.285392761230468750e+01,3.000000000000000000e+00
2.017999999999999972e+01,1.865249824523925781e+01,4.248029232025146484e+00,2.281658363342285156e+01,3.000000000000000000e+00
2.019999999999999929e+01,1.889385604858398438e+01,4.343142032623291016e+00,2.277870368957519531e+01,3.000000000000000000e+00
2.021999999999999886e+01,1.913581085205078125e+01,4.439209938049316406e+00,2.274029922485351562e+01,3.000000000000000000e+00
2.024000000000000199e+01,1.937836647033691406e+01,4.536224842071533203e+00,2.270137023925781250e+01,3.000000000000000000e+00
2.026000000000000156e+01,1.962152290344238281e+01,4.634175777435302734e+00,2.266193008422851562e+01,3.000000000000000000e+00
2.028000000000000114e+01,1.986528396606445312e+01,4.733052253723144531e+00,2.262199020385742188e+01,3.000000000000000000e+00
2.030000000000000071e+01,2.010964965820312500e+01,4.832843780517578125e+00,2.258155822753906250e+01,3.000000000000000000e+00
2.032000000000000028e+01,2.035462760925292969e+01,4.933536529541015625e+00,2.254064178466796875e+01,3.000000000000000000e+00
2.033999999999999986e+01,2.060021781921386719e+01,5.035117149353027344e+00,2.249924468994140625e+01,3.000000000000000000e+00
2.035999999999999943e+01,2.084642791748046875e+01,5.137572288513183594e+00,2.245738029479980469e+01,3.000000000000000000e+00
2.037999999999999901e+01,2.109325790405273438e+01,5.240887641906738281e+00,2.241505432128906250e+01,3.000000000000000000e+00
2.040000000000000213e+01,2.134071540832519531e+01,5.345047473907470703e+00,2.237227058410644531e+01,3.000000000000000000e+00
2.042000000000000171e+01,2.158880805969238281e+01,5.450035095214843750e+00,2.232903289794921875e+01,3.000000000000000000e+00
2.044000000000000128e+01,2.183753776550292969e+01,5.555832862854003906e+00,2.228534507751464844e+01,3.000000000000000000e+00
2.046000000000000085e+01,2.208691215515136719e+01,5.662424087524414062e+00,2.224121284484863281e+01,3.000000000000000000e+00
2.048000000000000043e+01,2.233693885803222656e+01,5.769788742065429688e+00,2.219663619995117188e+01,3.000000000000000000e+00
2.050000000000000000e+01,2.258762168884277344e+01,5.877907752990722656e+00,2.215161705017089844e+01,3.000000000000000000e+00
2.051999999999999957e+01,2.283897209167480469e+01,5.986761093139648438e+00,2.210615539550781250e+01,3.000000000000000000e+00
2.053999999999999915e+01,2.309099769592285156e+01,6.096325874328613281e+00,2.206024742126464844e+01,3.000000000000000000e+00
2.055999999999999872e+01,2.334370613098144531e+01,6.206581592559814453e+00,2.201389503479003906e+01,3.000000000000000000e+00
2.058000000000000185e+01,2.359710693359375000e+01,6.317504882812500000e+00,2.196709823608398438e+01,3.000000000000000000e+00
2.060000000000000142e+01,2.385120964050292969e+01,6.429071903228759766e+00,2.191985702514648438e+01,3.000000000000000000e+00
2.062000000000000099e+01,2.410602188110351562e+01,6.541258811950683594e+00,2.187216567993164062e+01,3.000000000000000000e+00
2.064000000000000057e+01,2.436155700683593750e+01,6.654040813446044922e+00,2.182402229309082031e+01,3.000000000000000000e+00
2.066000000000000014e+01,2.461782646179199219e+01,6.767391681671142578e+00,2.177543067932128906e+01,3.000000000000000000e+00
2.067999999999999972e+01,2.487483787536621094e+01,6.881285190582275391e+00,2.172638702392578125e+01,3.000000000000000000e+00
2.069999999999999929e+01,2.513260650634765625e+01,6.995694160461425781e+00,2.167689323425292969e+01,3.000000000000000000e+00
2.071999999999999886e+01,2.539113998413085938e+01,7.110589027404785156e+00,2.162694358825683594e+01,3.000000000000000000e+00
2.074000000000000199e+01,2.565045166015625000e+01,7.225941658020019531e+00,2.157653999328613281e+01,3.000000000000000000e+00
2.076000000000000156e+01,2.591055870056152344e+01,7.341721057891845703e+00,2.152568244934082031e+01,3.000000000000000000e+00
2.078000000000000114e+01,2.617146682739257812e+01,7.457897186279296875e+00,2.147436904907226562e+01,3.000000000000000000e+00
2.080000000000000071e+01,2.643319702148437500e+01,7.574438095092773438e+00,2.142260360717773438e+01,3.000000000000000000e+00
2.082000000000000028e+01,2.669575881958007812e+01,7.691311359405517578e+00,2.137038230895996094e+01,3.000000000000000000e+00
2.083999999999999986e+01,2.695916557312011719e+01,7.808481693267822266e+00,2.131770324707031250e+01,3.000000000000000000e+00
2.085999999999999943e+01,2.722343444824218750e+01,7.925915241241455078e+00,2.126457214355468750e+01,3.000000000000000000e+00
2.087999999999999901e+01,2.748858261108398438e+01,8.043575286865234375e+00,2.121098899841308594e+01,3.000000000000000000e+00
2.090000000000000213e+01,2.775461959838867188e+01,8.161424636840820312e+00,2.115695762634277344e+01,3.000000000000000000e+00
2.092000000000000171e+01,2.802156448364257812e+01,8.279426574707031250e+00,2.110247421264648438e+01,3.000000000000000000e+00
2.094000000000000128e+01,2.828943061828613281e+01,8.397541046142578125e+00,2.104754066467285156e+01,3.000000000000000000e+00
2.096000000000000085e+01,2.855823707580566406e+01,8.515727996826171875e+00,2.099216270446777344e+01,3.000000000000000000e+00
2.098000000000000043e+01,2.882800102233886719e+01,8.633944511413574219e+00,2.093634033203125000e+01,3.000000000000000000e+00
2.100000000000000000e+01,2.909873771667480469e+01,8.752149581909179688e+00,2.088007736206054688e+01,3.000000000000000000e+00
2.101999999999999957e+01,2.937046241760253906e+01,8.870298385620117188e+00,2.082336997985839844e+01,3.000000000000000000e+00
2.103999999999999915e+01,2.964319610595703125e+01,8.988346099853515625e+00,2.076621818542480469e+01,3.000000000000000000e+00
2.105999999999999872e+01,2.991695213317871094e+01,9.106245994567871094e+00,2.070862388610839844e+01,3.000000000000000000e+00
2.108000000000000185e+01,3.019174766540527344e+01,9.223951339721679688e+00,2.065058898925781250e+01,3.000000000000000000e+00
2.110000000000000142e+01,3.046760177612304688e+01,9.341411590576171875e+00,2.059211349487304688e+01,3.000000000000000000e+00
2.112000000000000099e+01,3.074453163146972656e+01,9.458579063415527344e+00,2.053319168090820312e+01,3.000000000000000000e+00
2.114000000000000057e+01,3.102255439758300781e+01,9.575401306152343750e+00,2.047381782531738281e+01,3.000000000000000000e+00
2.116000000000000014e+01,3.130168342590332031e+01,9.691829681396484375e+00,2.041399574279785156e+01,3.000000000000000000e+00
2.117999999999999972e+01,3.158194160461425781e+01,9.807806968688964844e+00,2.035372161865234375e+01,3.000000000000000000e+00
2.119999999999999929e+01,3.186334228515625000e+01,9.923279762268066406e+00,2.029298400878906250e+01,3.000000000000000000e+00
2.121999999999999886e+01,3.214589309692382812e+01,1.003819847106933594e+01,2.023175239562988281e+01,3.000000000000000000e+00
2.124000000000000199e+01,3.242959976196289062e+01,1.015251255035400391e+01,2.016999053955078125e+01,3.000000000000000000e+00
2.126000000000000156e+01,3.271446990966796875e+01,1.026617050170898438e+01,2.010767555236816406e+01,3.000000000000000000e+00
2.128000000000000114e+01,3.300051498413085938e+01,1.037911510467529297e+01,2.004479408264160156e+01,3.000000000000000000e+00
2.130000000000000071e+01,3.328774261474609375e+01,1.049128723144531250e+01,1.998134803771972656e+01,3.000000000000000000e+00
2.132000000000000028e+01,3.357616043090820312e+01,1.060262775421142578e+01,1.991734313964843750e+01,3.000000000000000000e+00
2.133999999999999986e+01,3.386578369140625000e+01,1.071307086944580078e+01,1.985279655456542969e+01,3.000000000000000000e+00
2.135999999999999943e+01,3.415662002563476562e+01,1.082255077362060547e+01,1.978773880004882812e+01,3.000000000000000000e+00
2.137999999999999901e+01,3.444868087768554688e+01,1.093099880218505859e+01,1.972220802307128906e+01,3.000000000000000000e+00
2.140000000000000213e+01,3.474197387695312500e+01,1.103834438323974609e+01,1.965624809265136719e+01,3.000000000000000000e+00
2.142000000000000171e+01,3.503652191162109375e+01,1.114451599121093750e+01,1.958990669250488281e+01,3.000000000000000000e+00
2.144000000000000128e+01,3.533232116699218750e+01,1.124944210052490234e+01,1.952322959899902344e+01,3.000000000000000000e+00
2.146000000000000085e+01,3.562938308715820312e+01,1.135305500030517578e+01,1.945626831054687500e+01,3.000000000000000000e+00
2.148000000000000043e+01,3.592771148681640625e+01,1.145528793334960938e+01,1.938906860351562500e+01,3.000000000000000000e+00
2.150000000000000000e+01,3.622731018066406250e+01,1.155607795715332031e+01,1.932167816162109375e+01,3.000000000000000000e+00
2.151999999999999957e+01,3.652818298339843750e+01,1.165536403656005859e+01,1.925413513183593750e+01,3.000000000000000000e+00
2.153999999999999915e+01,3.683032608032226562e+01,1.175309371948242188e+01,1.918648147583007812e+01,3.000000000000000000e+00
2.155999999999999872e+01,3.713373565673828125e+01,1.184921646118164062e+01,1.911875343322753906e+01,3.000000000000000000e+00
2.158000000000000185e+01,3.743840789794921875e+01,1.194368648529052734e+01,1.905097770690917969e+01,3.000000000000000000e+00
2.160000000000000142e+01,3.774432754516601562e+01,1.203646659851074219e+01,1.898317527770996094e+01,3.000000000000000000e+00
2.162000000000000099e+01,3.805148696899414062e+01,1.212752151489257812e+01,1.891536903381347656e+01,3.000000000000000000e+00
2.164000000000000057e+01,3.835988616943359375e+01,1.221682262420654297e+01,1.884757614135742188e+01,3.000000000000000000e+00
2.166000000000000014e+01,3.866949844360351562e+01,1.230434608459472656e+01,1.877980613708496094e+01,3.000000000000000000e+00
2.167999999999999972e+01,3.898031616210937500e+01,1.239007472991943359e+01,1.871206855773925781e+01,3.000000000000000000e+00
2.169999999999999929e+01,3.929232025146484375e+01,1.247399234771728516e+01,1.864436340332031250e+01,3.000000000000000000e+00
2.171999999999999886e+01,3.960549545288085938e+01,1.255608749389648438e+01,1.857669639587402344e+01,3.000000000000000000e+00
2.174000000000000199e+01,3.991982650756835938e+01,1.263635349273681641e+01,1.850906753540039062e+01,3.000000000000000000e+00
2.176000000000000156e+01,4.023529434204101562e+01,1.271478366851806641e+01,1.844147682189941406e+01,3.000000000000000000e+00
2.178000000000000114e+01,4.055188369750976562e+01,1.279137802124023438e+01,1.837392044067382812e+01,3.000000000000000000e+00
2.180000000000000071e+01,4.086957550048828125e+01,1.286613273620605469e+01,1.830639266967773438e+01,3.000000000000000000e+00
2.182000000000000028e+01,4.118835067749023438e+01,1.293905067443847656e+01,1.823889350891113281e+01,3.000000000000000000e+00
2.183999999999999986e+01,4.150819396972656250e+01,1.301013755798339844e+01,1.817142295837402344e+01,3.000000000000000000e+00
2.185999999999999943e+01,4.182908630371093750e+01,1.307939338684082031e+01,1.810397720336914062e+01,3.000000000000000000e+00
2.187999999999999901e+01,4.215102386474609375e+01,1.314682483673095703e+01,1.803655052185058594e+01,3.000000000000000000e+00
2.190000000000000213e+01,4.247397994995117188e+01,1.321243762969970703e+01,1.796914100646972656e+01,3.000000000000000000e+00
2.192000000000000171e+01,4.279793930053710938e+01,1.327624034881591797e+01,1.790175056457519531e+01,3.000000000000000000e+00
2.194000000000000128e+01,4.312288665771484375e+01,1.333823776245117188e+01,1.783437728881835938e+01,3.000000000000000000e+00
2.196000000000000085e+01,4.344881439208984375e+01,1.339843940734863281e+01,1.776702308654785156e+01,3.000000000000000000e+00
2.198000000000000043e+01,4.377569580078125000e+01,1.345685291290283203e+01,1.769968795776367188e+01,3.000000000000000000e+00
2.200000000000000000e+01,4.410352325439453125e+01,1.351348686218261719e+01,1.763236808776855469e+01,3.000000000000000000e+00
2.201999999999999957e+01,4.443228149414062500e+01,1.356835174560546875e+01,1.756506919860839844e+01,3.000000000000000000e+00
2.203999999999999915e+01,4.476195907592773438e+01,1.362145423889160156e+01,1.749779510498046875e+01,3.000000000000000000e+00
2.205999999999999872e+01,4.509253692626953125e+01,1.367280578613281250e+01,1.743054389953613281e+01,3.000000000000000000e+00
2.208000000000000185e+01,4.542400741577148438e+01,1.372241687774658203e+01,1.736331748962402344e+01,3.000000000000000000e+00
2.210000000000000142e+01,4.575635147094726562e+01,1.377029895782470703e+01,1.729611968994140625e+01,3.000000000000000000e+00
2.212000000000000099e+01,4.608956527709960938e+01,1.381646347045898438e+01,1.722894668579101562e+01,3.000000000000000000e+00
2.214000000000000057e+01,4.642362213134765625e+01,1.386092185974121094e+01,1.716180419921875000e+01,3.000000000000000000e+00
2.216000000000000014e+01,4.675852203369140625e+01,1.390368556976318359e+01,1.709469223022460938e+01,3.000000000000000000e+00
2.217999999999999972e+01,4.709424591064453125e+01,1.394476795196533203e+01,1.702761077880859375e+01,3.000000000000000000e+00
2.219999999999999929e+01,4.743078231811523438e+01,1.398418235778808594e+01,1.696055984497070312e+01,3.000000000000000000e+00
2.221999999999999886e+01,4.776812362670898438e+01,1.402194023132324219e+01,1.689353942871093750e+01,3.000000000000000000e+00
2.224000000000000199e+01,4.810625457763671875e+01,1.405805587768554688e+01,1.682654953002929688e+01,3.000000000000000000e+00
2.226000000000000156e+01,4.844516754150390625e+01,1.409254169464111328e+01,1.675959014892578125e+01,3.000000000000000000e+00
2.228000000000000114e+01,4.878484725952148438e+01,1.412541389465332031e+01,1.669265937805175781e+01,3.000000000000000000e+00
2.230000000000000071e+01,4.912528610229492188e+01,1.415668582916259766e+01,1.662575531005859375e+01,3.000000000000000000e+00
2.232000000000000028e+01,4.946646881103515625e+01,1.418637084960937500e+01,1.655887603759765625e+01,3.000000000000000000e+00
2.233999999999999986e+01,4.980839157104492188e+01,1.421448230743408203e+01,1.649202537536621094e+01,3.000000000000000000e+00
2.235999999999999943e+01,5.015104293823242188e+01,1.424103355407714844e+01,1.642519950866699219e+01,3.000000000000000000e+00
2.237999999999999901e+01,5.049440765380859375e+01,1.426604175567626953e+01,1.635839653015136719e+01,3.000000000000000000e+00
2.240000000000000213e+01,5.083848190307617188e+01,1.428952026367187500e+01,1.629161453247070312e+01,3.000000000000000000e+00
2.242000000000000171e+01,5.118325042724609375e+01,1.431148433685302734e+01,1.622484779357910156e+01,3.000000000000000000e+00
2.244000000000000128e+01,5.152870941162109375e+01,1.433194637298583984e+01,1.615810012817382812e+01,3.000000000000000000e+00
2.246000000000000085e+01,5.187483596801757812e+01,1.435091972351074219e+01,1.609136772155761719e+01,3.000000000000000000e+00
2.248000000000000043e+01,5.222163009643554688e+01,1.436842060089111328e+01,1.602464675903320312e+01,3.000000000000000000e+00
2.250000000000000000e+01,5.256909179687500000e+01,1.438446235656738281e+01,1.595793437957763672e+01,3.000000000000000000e+00
2.251999999999999957e+01,5.291720199584960938e+01,1.439905929565429688e+01,1.589123153686523438e+01,3.000000000000000000e+00
2.253999999999999915e+01,5.326595306396484375e+01,1.441222190856933594e+01,1.582454013824462891e+01,3.000000000000000000e+00
2.255999999999999872e+01,5.361534118652343750e+01,1.442396450042724609e+01,1.575786018371582031e+01,3.000000000000000000e+00
2.258000000000000185e+01,5.396535491943359375e+01,1.443430233001708984e+01,1.569118785858154297e+01,3.000000000000000000e+00
2.260000000000000142e+01,5.431598663330078125e+01,1.444324779510498047e+01,1.562452125549316406e+01,3.000000000000000000e+00
2.262000000000000099e+01,5.466722488403320312e+01,1.445081233978271484e+01,1.555786228179931641e+01,3.000000000000000000e+00
2.264000000000000057e+01,5.501906585693359375e+01,1.445700931549072266e+01,1.549121189117431641e+01,3.000000000000000000e+00
2.266000000000000014e+01,5.537150573730468750e+01,1.446185111999511719e+01,1.542456817626953125e+01,3.000000000000000000e+00
2.267999999999999972e+01,5.572453689575195312e+01,1.446535110473632812e+01,1.535792541503906250e+01,3.000000000000000000e+00
2.269999999999999929e+01,5.607815170288085938e+01,1.446752548217773438e+01,1.529128170013427734e+01,3.000000000000000000e+00
2.271999999999999886e+01,5.643234634399414062e+01,1.446838474273681641e+01,1.522463703155517578e+01,3.000000000000000000e+00
2.274000000000000199e+01,5.678711318969726562e+01,1.446794128417968750e+01,1.515798950195312500e+01,3.000000000000000000e+00
2.276000000000000156e+01,5.714243316650390625e+01,1.446620655059814453e+01,1.509134197235107422e+01,3.000000000000000000e+00
2.278000000000000114e+01,5.749831771850585938e+01,1.446319484710693359e+01,1.502469158172607422e+01,3.000000000000000000e+00
2.280000000000000071e+01,5.785475540161132812e+01,1.445891952514648438e+01,1.495803260803222656e+01,3.000000000000000000e+00
2.282000000000000028e+01,5.821174621582031250e+01,1.445339107513427734e+01,1.489136981964111328e+01,3.000000000000000000e+00
2.283999999999999986e+01,5.856928253173828125e+01,1.444662094116210938e+01,1.482470798492431641e+01,3.000000000000000000e+00
2.285999999999999943e+01,5.892736053466796875e+01,1.443861961364746094e+01,1.475804996490478516e+01,3.000000000000000000e+00
2.287999999999999901e+01,5.928598022460937500e+01,1.442939853668212891e+01,1.469139671325683594e+01,3.000000000000000000e+00
2.290000000000000213e+01,5.964513397216796875e+01,1.441897201538085938e+01,1.462474822998046875e+01,3.000000000000000000e+00
2.292000000000000171e+01,6.000482177734375000e+01,1.440735149383544922e+01,1.455810642242431641e+01,3.000000000000000000e+00
2.294000000000000128e+01,6.036503982543945312e+01,1.439454555511474609e+01,1.449147510528564453e+01,3.000000000000000000e+00
2.296000000000000085e+01,6.072578430175781250e+01,1.438056945800781250e+01,1.442485713958740234e+01,3.000000000000000000e+00
2.298000000000000043e+01,6.108705902099609375e+01,1.436543560028076172e+01,1.435825061798095703e+01,3.000000000000000000e+00
2.300000000000000000e+01,6.144885253906250000e+01,1.434915733337402344e+01,1.429165363311767578e+01,3.000000000000000000e+00
2.301999999999999957e+01,6.181116867065429688e+01,1.433174514770507812e+01,1.422506999969482422e+01,3.000000000000000000e+00
2.303999999999999915e+01,6.217400741577148438e+01,1.431321239471435547e+01,1.415850448608398438e+01,3.000000000000000000e+00
2.305999999999999872e+01,6.253736114501953125e+01,1.429357242584228516e+01,1.409195995330810547e+01,3.000000000000000000e+00
2.308000000000000185e+01,6.290123367309570312e+01,1.427283763885498047e+01,1.402543735504150391e+01,3.000000000000000000e+00
2.310000000000000142e+01,6.326562500000000000e+01,1.425102233886718750e+01,1.395893669128417969e+01,3.000000000000000000e+00
2.312000000000000099e+01,6.363053131103515625e+01,1.422814083099365234e+01,1.389246082305908203e+01,3.000000000000000000e+00
2.314000000000000057e+01,6.399595260620117188e+01,1.420420932769775391e+01,1.382600784301757812e+01,3.000000000000000000e+00
2.316000000000000014e+01,6.436188507080078125e+01,1.417924213409423828e+01,1.375956916809082031e+01,3.000000000000000000e+00
2.317999999999999972e+01,6.472832489013671875e+01,1.415326023101806641e+01,1.369313240051269531e+01,3.000000000000000000e+00
2.319999999999999929e+01,6.509527587890625000e+01,1.412628364562988281e+01,1.362668704986572266e+01,3.000000000000000000e+00
2.321999999999999886e+01,6.546273040771484375e+01,1.409832859039306641e+01,1.356023311614990234e+01,3.000000000000000000e+00
2.324000000000000199e+01,6.583069610595703125e+01,1.406941223144531250e+01,1.349377632141113281e+01,3.000000000000000000e+00
2.326000000000000156e+01,6.619915771484375000e+01,1.403954982757568359e+01,1.342732810974121094e+01,3.000000000000000000e+00
2.328000000000000114e+01,6.656812286376953125e+01,1.400875854492187500e+01,1.336090087890625000e+01,3.000000000000000000e+00
2.330000000000000071e+01,6.693759155273437500e+01,1.397705554962158203e+01,1.329451084136962891e+01,3.000000000000000000e+00
2.332000000000000028e+01,6.730755615234375000e+01,1.394445896148681641e+01,1.322817802429199219e+01,3.000000000000000000e+00
2.333999999999999986e+01,6.767801666259765625e+01,1.391098690032958984e+01,1.316192626953125000e+01,3.000000000000000000e+00
2.335999999999999943e+01,6.804896545410156250e+01,1.387666130065917969e+01,1.309578418731689453e+01,3.000000000000000000e+00
2.337999999999999901e+01,6.842041015625000000e+01,1.384150028228759766e+01,1.302977657318115234e+01,3.000000000000000000e+00
2.340000000000000213e+01,6.879235076904296875e+01,1.380552673339843750e+01,1.296392631530761719e+01,3.000000000000000000e+00
2.342000000000000171e+01,6.916477203369140625e+01,1.376876831054687500e+01,1.289825630187988281e+01,3.000000000000000000e+00
2.344000000000000128e+01,6.953768920898437500e+01,1.373124885559082031e+01,1.283279228210449219e+01,3.000000000000000000e+00
2.346000000000000085e+01,6.991108703613281250e+01,1.369299697875976562e+01,1.276756191253662109e+01,3.000000000000000000e+00
2.348000000000000043e+01,7.028497314453125000e+01,1.365404033660888672e+01,1.270258998870849609e+01,3.000000000000000000e+00
2.350000000000000000e+01,7.065933990478515625e+01,1.361440944671630859e+01,1.263790035247802734e+01,3.000000000000000000e+00
2.351999999999999957e+01,7.103417968750000000e+01,1.357413673400878906e+01,1.257351303100585938e+01,3.000000000000000000e+00
2.353999999999999915e+01,7.140951538085937500e+01,1.353325843811035156e+01,1.250944519042968750e+01,3.000000000000000000e+00
2.355999999999999872e+01,7.178533172607421875e+01,1.349180793762207031e+01,1.244572162628173828e+01,3.000000000000000000e+00
2.358000000000000185e+01,7.216162109375000000e+01,1.344982242584228516e+01,1.238236618041992188e+01,3.000000000000000000e+00
2.360000000000000142e+01,7.253839111328125000e+01,1.340733814239501953e+01,1.231939983367919922e+01,3.000000000000000000e+00
2.362000000000000099e+01,7.291563415527343750e+01,1.336439704895019531e+01,1.225683498382568359e+01,3.000000000000000000e+00
2.364000000000000057e+01,7.329335784912109375e+01,1.332103919982910156e+01,1.219468879699707031e+01,3.000000000000000000e+00
2.366000000000000014e+01,7.367155456542968750e+01,1.327730560302734375e+01,1.213297939300537109e+01,3.000000000000000000e+00
2.367999999999999972e+01,7.405022430419921875e+01,1.323323917388916016e+01,1.207172679901123047e+01,3.000000000000000000e+00
2.369999999999999929e+01,7.442935943603515625e+01,1.318888473510742188e+01,1.201095199584960938e+01,3.000000000000000000e+00
2.371999999999999886e+01,7.480896759033203125e+01,1.314428520202636719e+01,1.195066738128662109e+01,3.000000000000000000e+00
2.374000000000000199e+01,7.518905639648437500e+01,1.309948730468750000e+01,1.189088344573974609e+01,3.000000000000000000e+00
2.376000000000000156e+01,7.556960296630859375e+01,1.305453681945800781e+01,1.183162117004394531e+01,3.000000000000000000e+00
2.378000000000000114e+01,7.595062255859375000e+01,1.300948047637939453e+01,1.177289867401123047e+01,3.000000000000000000e+00
2.380000000000000071e+01,7.633211517333984375e+01,1.296436691284179688e+01,1.171473789215087891e+01,3.000000000000000000e+00
2.382000000000000028e+01,7.671407318115234375e+01,1.291924381256103516e+01,1.165714550018310547e+01,3.000000000000000000e+00
2.383999999999999986e+01,7.709648895263671875e+01,1.287415981292724609e+01,1.160013484954833984e+01,3.000000000000000000e+00
2.385999999999999943e+01,7.747937011718750000e+01,1.282916450500488281e+01,1.154372215270996094e+01,3.000000000000000000e+00
2.387999999999999901e+01,7.786270904541015625e+01,1.278430652618408203e+01,1.148792266845703125e+01,3.000000000000000000e+00
2.390000000000000213e+01,7.824650573730468750e+01,1.273963451385498047e+01,1.143275260925292969e+01,3.000000000000000000e+00
2.392000000000000171e+01,7.863076019287109375e+01,1.269519996643066406e+01,1.137821960449218750e+01,3.000000000000000000e+00
2.394000000000000128e+01,7.901545715332031250e+01,1.265105152130126953e+01,1.132433032989501953e+01,3.000000000000000000e+00
2.396000000000000085e+01,7.940060424804687500e+01,1.260723781585693359e+01,1.127109622955322266e+01,3.000000000000000000e+00
2.398000000000000043e+01,7.978619384765625000e+01,1.256380844116210938e+01,1.121852684020996094e+01,3.000000000000000000e+00
2.400000000000000000e+01,8.017222595214843750e+01,1.252081298828125000e+01,1.116663360595703125e+01,3.000000000000000000e+00
2.401999999999999957e+01,8.055870056152343750e+01,1.247829914093017578e+01,1.111541652679443359e+01,4.000000000000000000e+00
2.403999999999999915e+01,8.094599151611328125e+01,1.243676280975341797e+01,1.106881237030029297e+01,4.000000000000000000e+00
2.406000000000000227e+01,8.133451843261718750e+01,1.239671516418457031e+01,1.103048896789550781e+01,4.000000000000000000e+00
2.408000000000000185e+01,8.172436523437500000e+01,1.235834503173828125e+01,1.100108242034912109e+01,4.000000000000000000e+00
2.410000000000000142e+01,8.211540222167968750e+01,1.232169628143310547e+01,1.098008346557617188e+01,4.000000000000000000e+00
2.412000000000000099e+01,8.250744628906250000e+01,1.228673458099365234e+01,1.096656322479248047e+01,4.000000000000000000e+00
2.414000000000000057e+01,8.290034484863281250e+01,1.225339412689208984e+01,1.095950984954833984e+01,4.000000000000000000e+00
2.416000000000000014e+01,8.329393005371093750e+01,1.222160911560058594e+01,1.095800018310546875e+01,4.000000000000000000e+00
2.417999999999999972e+01,8.368805694580078125e+01,1.219131660461425781e+01,1.096125984191894531e+01,4.000000000000000000e+00
2.419999999999999929e+01,8.408259582519531250e+01,1.216246891021728516e+01,1.096866703033447266e+01,4.000000000000000000e+00
2.421999999999999886e+01,8.447743225097656250e+01,1.213503360748291016e+01,1.097973346710205078e+01,4.000000000000000000e+00
2.424000000000000199e+01,8.487246704101562500e+01,1.210898780822753906e+01,1.099408912658691406e+01,4.000000000000000000e+00
2.426000000000000156e+01,8.526758575439453125e+01,1.208432674407958984e+01,1.101145935058593750e+01,4.000000000000000000e+00
2.428000000000000114e+01,8.566269683837890625e+01,1.206105041503906250e+01,1.103164482116699219e+01,4.000000000000000000e+00
2.430000000000000071e+01,8.605770111083984375e+01,1.203917026519775391e+01,1.105450725555419922e+01,4.000000000000000000e+00
2.432000000000000028e+01,8.645249938964843750e+01,1.201870632171630859e+01,1.107995223999023438e+01,4.000000000000000000e+00
2.433999999999999986e+01,8.684697723388671875e+01,1.199967765808105469e+01,1.110792255401611328e+01,4.000000000000000000e+00
2.435999999999999943e+01,8.724105834960937500e+01,1.198211383819580078e+01,1.113838672637939453e+01,4.000000000000000000e+00
2.437999999999999901e+01,8.763462066650390625e+01,1.196604156494140625e+01,1.117132949829101562e+01,4.000000000000000000e+00
2.440000000000000213e+01,8.802759552001953125e+01,1.195149040222167969e+01,1.120674514770507812e+01,4.000000000000000000e+00
2.442000000000000171e+01,8.841986083984375000e+01,1.193848896026611328e+01,1.124463272094726562e+01,4.000000000000000000e+00
2.444000000000000128e+01,8.881133270263671875e+01,1.192706489562988281e+01,1.128499031066894531e+01,4.000000000000000000e+00
2.446000000000000085e+01,8.920191192626953125e+01,1.191724395751953125e+01,1.132781314849853516e+01,4.000000000000000000e+00
2.448000000000000043e+01,8.959145355224609375e+01,1.190904712677001953e+01,1.137308406829833984e+01,4.000000000000000000e+00
2.450000000000000000e+01,8.997983551025390625e+01,1.190249443054199219e+01,1.142078018188476562e+01,4.000000000000000000e+00
2.451999999999999957e+01,9.036695098876953125e+01,1.189760208129882812e+01,1.147086811065673828e+01,4.000000000000000000e+00
2.453999999999999915e+01,9.075267028808593750e+01,1.189438056945800781e+01,1.152330207824707031e+01,4.000000000000000000e+00
2.456000000000000227e+01,9.113690185546875000e+01,1.189283180236816406e+01,1.157801723480224609e+01,4.000000000000000000e+00
2.458000000000000185e+01,9.151956176757812500e+01,1.189295291900634766e+01,1.163492393493652344e+01,4.000000000000000000e+00
2.460000000000000142e+01,9.190056610107421875e+01,1.189473724365234375e+01,1.169392967224121094e+01,4.000000000000000000e+00
2.462000000000000099e+01,9.227983856201171875e+01,1.189817714691162109e+01,1.175493907928466797e+01,4.000000000000000000e+00
2.464000000000000057e+01,9.265731811523437500e+01,1.190325736999511719e+01,1.181784439086914062e+01,4.000000000000000000e+00
2.466000000000000014e+01,9.303295135498046875e+01,1.190996360778808594e+01,1.188253593444824219e+01,4.000000000000000000e+00
2.467999999999999972e+01,9.340668487548828125e+01,1.191828250885009766e+01,1.194891071319580078e+01,4.000000000000000000e+00
2.469999999999999929e+01,9.377848815917968750e+01,1.192819690704345703e+01,1.201686859130859375e+01,4.000000000000000000e+00
2.471999999999999886e+01,9.414832305908203125e+01,1.193969345092773438e+01,1.208631134033203125e+01,4.000000000000000000e+00
2.474000000000000199e+01,9.451615905761718750e+01,1.195275497436523438e+01,1.215714645385742188e+01,4.000000000000000000e+00
2.476000000000000156e+01,9.488197326660156250e+01,1.196736621856689453e+01,1.222927379608154297e+01,4.000000000000000000e+00
2.478000000000000114e+01,9.524575805664062500e+01,1.198350715637207031e+01,1.230259609222412109e+01,4.000000000000000000e+00
2.480000000000000071e+01,9.560749816894531250e+01,1.200115966796875000e+01,1.237701511383056641e+01,4.000000000000000000e+00
2.482000000000000028e+01,9.596720123291015625e+01,1.202029991149902344e+01,1.245242977142333984e+01,4.000000000000000000e+00
2.483999999999999986e+01,9.632487487792968750e+01,1.204090404510498047e+01,1.252873420715332031e+01,4.000000000000000000e+00
2.485999999999999943e+01,9.668053436279296875e+01,1.206294822692871094e+01,1.260582256317138672e+01,4.000000000000000000e+00
2.487999999999999901e+01,9.703421020507812500e+01,1.208640670776367188e+01,1.268358516693115234e+01,4.000000000000000000e+00
2.490000000000000213e+01,9.738592529296875000e+01,1.211125087738037109e+01,1.276191234588623047e+01,4.000000000000000000e+00
2.492000000000000171e+01,9.773573303222656250e+01,1.213745117187500000e+01,1.284069156646728516e+01,4.000000000000000000e+00
2.494000000000000128e+01,9.808364105224609375e+01,1.216497421264648438e+01,1.291980648040771484e+01,4.000000000000000000e+00
2.496000000000000085e+01,9.842971038818359375e+01,1.219379234313964844e+01,1.299914646148681641e+01,4.000000000000000000e+00
2.498000000000000043e+01,9.877399444580078125e+01,1.222387218475341797e+01,1.307859802246093750e+01,4.000000000000000000e+00
2.500000000000000000e+01,9.911655426025390625e+01,1.225518131256103516e+01,1.315804481506347656e+01,4.000000000000000000e+00
2.501999999999999957e+01,9.945742034912109375e+01,1.228768634796142578e+01,1.323737907409667969e+01,4.000000000000000000e+00
2.503999999999999915e+01,9.979667663574218750e+01,1.232135486602783203e+01,1.331648826599121094e+01,4.000000000000000000e+00
2.506000000000000227e+01,1.001343688964843750e+02,1.235615444183349609e+01,1.339526939392089844e+01,4.000000000000000000e+00
2.508000000000000185e+01,1.004705734252929688e+02,1.239205455780029297e+01,1.347361564636230469e+01,4.000000000000000000e+00
2.510000000000000142e+01,1.008053512573242188e+02,1.242902278900146484e+01,1.355143070220947266e+01,4.000000000000000000e+00
2.512000000000000099e+01,1.011387557983398438e+02,1.246703147888183594e+01,1.362861633300781250e+01,4.000000000000000000e+00
2.514000000000000057e+01,1.014708633422851562e+02,1.250604820251464844e+01,1.370507335662841797e+01,4.000000000000000000e+00
2.516000000000000014e+01,1.018017349243164062e+02,1.254604244232177734e+01,1.378070163726806641e+01,4.000000000000000000e+00
2.517999999999999972e+01,1.021314392089843750e+02,1.258698177337646484e+01,1.385540390014648438e+01,4.000000000000000000e+00
2.519999999999999929e+01,1.024600524902343750e+02,1.262883758544921875e+01,1.392909049987792969e+01,4.000000000000000000e+00
2.521999999999999886e+01,1.027876052856445312e+02,1.267158508300781250e+01,1.400168323516845703e+01,4.000000000000000000e+00
2.524000000000000199e+01,1.031141815185546875e+02,1.271520137786865234e+01,1.407311344146728516e+01,4.000000000000000000e+00
2.526000000000000156e+01,1.034398040771484375e+02,1.275966739654541016e+01,1.414332008361816406e+01,4.000000000000000000e+00
2.528000000000000114e+01,1.037645263671875000e+02,1.280496692657470703e+01,1.421225452423095703e+01,4.000000000000000000e+00
2.530000000000000071e+01,1.040883941650390625e+02,1.285108566284179688e+01,1.427987670898437500e+01,4.000000000000000000e+00
2.532000000000000028e+01,1.044114456176757812e+02,1.289801216125488281e+01,1.434615135192871094e+01,4.000000000000000000e+00
2.533999999999999986e+01,1.047337112426757812e+02,1.294573688507080078e+01,1.441105270385742188e+01,4.000000000000000000e+00
2.535999999999999943e+01,1.050551757812500000e+02,1.299425411224365234e+01,1.447456359863281250e+01,4.000000000000000000e+00
2.537999999999999901e+01,1.053758926391601562e+02,1.304355812072753906e+01,1.453667163848876953e+01,4.000000000000000000e+00
2.540000000000000213e+01,1.056958694458007812e+02,1.309364509582519531e+01,1.459737300872802734e+01,4.000000000000000000e+00
2.542000000000000171e+01,1.060151062011718750e+02,1.314451789855957031e+01,1.465667533874511719e+01,4.000000000000000000e+00
2.544000000000000128e+01,1.063336105346679688e+02,1.319617843627929688e+01,1.471458625793457031e+01,4.000000000000000000e+00
2.546000000000000085e+01,1.066513977050781250e+02,1.324862861633300781e+01,1.477112388610839844e+01,4.000000000000000000e+00
2.548000000000000043e+01,1.069684677124023438e+02,1.330187606811523438e+01,1.482631301879882812e+01,4.000000000000000000e+00
2.550000000000000000e+01,1.072848281860351562e+02,1.335593032836914062e+01,1.488018226623535156e+01,4.000000000000000000e+00
2.551999999999999957e+01,1.076004791259765625e+02,1.341079807281494141e+01,1.493276500701904297e+01,4.000000000000000000e+00
2.553999999999999915e+01,1.079154205322265625e+02,1.346649074554443359e+01,1.498409938812255859e+01,4.000000000000000000e+00
2.556000000000000227e+01,1.082296524047851562e+02,1.352301979064941406e+01,1.503422641754150391e+01,4.000000000000000000e+00
2.558000000000000185e+01,1.085431671142578125e+02,1.358039760589599609e+01,1.508319091796875000e+01,4.000000000000000000e+00
2.560000000000000142e+01,1.088559646606445312e+02,1.363863658905029297e+01,1.513103866577148438e+01,4.000000000000000000e+00
2.562000000000000099e+01,1.091680450439453125e+02,1.369775009155273438e+01,1.517781829833984375e+01,4.000000000000000000e+00
2.564000000000000057e+01,1.094794006347656250e+02,1.375775241851806641e+01,1.522358131408691406e+01,4.000000000000000000e+00
2.566000000000000014e+01,1.097900314331054688e+02,1.381865882873535156e+01,1.526837825775146484e+01,4.000000000000000000e+00
2.567999999999999972e+01,1.100999069213867188e+02,1.388047981262207031e+01,1.531225967407226562e+01,4.000000000000000000e+00
2.569999999999999929e+01,1.104090499877929688e+02,1.394322967529296875e+01,1.535527610778808594e+01,4.000000000000000000e+00
2.571999999999999886e+01,1.107174301147460938e+02,1.400692176818847656e+01,1.539747714996337891e+01,4.000000000000000000e+00
2.574000000000000199e+01,1.110250473022460938e+02,1.407156848907470703e+01,1.543891525268554688e+01,4.000000000000000000e+00
2.576000000000000156e+01,1.113318710327148438e+02,1.413718128204345703e+01,1.547963714599609375e+01,4.000000000000000000e+00
2.578000000000000114e+01,1.116379089355468750e+02,1.420377063751220703e+01,1.551968765258789062e+01,4.000000000000000000e+00
2.580000000000000071e+01,1.119431381225585938e+02,1.427134418487548828e+01,1.555911064147949219e+01,4.000000000000000000e+00
2.582000000000000028e+01,1.122475357055664062e+02,1.433990955352783203e+01,1.559794712066650391e+01,4.000000000000000000e+00
2.583999999999999986e+01,1.125510787963867188e+02,1.440947532653808594e+01,1.563623809814453125e+01,4.000000000000000000e+00
2.585999999999999943e+01,1.128537597656250000e+02,1.448004531860351562e+01,1.567402076721191406e+01,4.000000000000000000e+00
2.587999999999999901e+01,1.131555557250976562e+02,1.455162525177001953e+01,1.571132946014404297e+01,4.000000000000000000e+00
2.590000000000000213e+01,1.134564437866210938e+02,1.462421798706054688e+01,1.574819469451904297e+01,4.000000000000000000e+00
2.592000000000000171e+01,1.137564163208007812e+02,1.469782543182373047e+01,1.578464984893798828e+01,4.000000000000000000e+00
2.594000000000000128e+01,1.140554504394531250e+02,1.477245044708251953e+01,1.582072067260742188e+01,4.000000000000000000e+00
2.596000000000000085e+01,1.143535308837890625e+02,1.484809303283691406e+01,1.585643482208251953e+01,4.000000000000000000e+00
2.598000000000000043e+01,1.146506500244140625e+02,1.492475128173828125e+01,1.589181423187255859e+01,4.000000000000000000e+00
2.600000000000000000e+01,1.149467849731445312e+02,1.500242424011230469e+01,1.592688083648681641e+01,4.000000000000000000e+00
2.601999999999999957e+01,1.152419204711914062e+02,1.508110904693603516e+01,1.596165180206298828e+01,4.000000000000000000e+00
2.603999999999999915e+01,1.155360488891601562e+02,1.516080093383789062e+01,1.599614238739013672e+01,4.000000000000000000e+00
2.606000000000000227e+01,1.158291549682617188e+02,1.524149608612060547e+01,1.603036689758300781e+01,4.000000000000000000e+00
2.608000000000000185e+01,1.161212387084960938e+02,1.532318782806396484e+01,1.606433486938476562e+01,4.000000000000000000e+00
2.610000000000000142e+01,1.164122772216796875e+02,1.540586948394775391e+01,1.609805679321289062e+01,4.000000000000000000e+00
2.612000000000000099e+01,1.167022781372070312e+02,1.548953437805175781e+01,1.613154029846191406e+01,4.000000000000000000e+00
2.614000000000000057e+01,1.169912109375000000e+02,1.557417201995849609e+01,1.616478729248046875e+01,4.000000000000000000e+00
2.616000000000000014e+01,1.172790985107421875e+02,1.565977573394775391e+01,1.619780540466308594e+01,4.000000000000000000e+00
2.617999999999999972e+01,1.175659179687500000e+02,1.574633502960205078e+01,1.623059463500976562e+01,4.000000000000000000e+00
2.619999999999999929e+01,1.178516693115234375e+02,1.583383846282958984e+01,1.626315307617187500e+01,4.000000000000000000e+00
2.621999999999999886e+01,1.181363601684570312e+02,1.592227745056152344e+01,1.629548072814941406e+01,4.000000000000000000e+00
2.624000000000000199e+01,1.184199752807617188e+02,1.601163864135742188e+01,1.632757186889648438e+01,4.000000000000000000e+00
2.626000000000000156e+01,1.187025222778320312e+02,1.610191345214843750e+01,1.635942459106445312e+01,4.000000000000000000e+00
2.628000000000000114e+01,1.189840087890625000e+02,1.619308280944824219e+01,1.639103889465332031e+01,4.000000000000000000e+00
2.630000000000000071e+01,1.192644271850585938e+02,1.628513908386230469e+01,1.642240333557128906e+01,4.000000000000000000e+00
2.632000000000000028e+01,1.195437850952148438e+02,1.637806892395019531e+01,1.645351409912109375e+01,4.000000000000000000e+00
2.633999999999999986e+01,1.198220825195312500e+02,1.647186088562011719e+01,1.648436355590820312e+01,4.000000000000000000e+00
2.635999999999999943e+01,1.200993270874023438e+02,1.656649780273437500e+01,1.651494216918945312e+01,4.000000000000000000e+00
2.637999999999999901e+01,1.203755264282226562e+02,1.666196632385253906e+01,1.654524040222167969e+01,4.000000000000000000e+00
2.640000000000000213e+01,1.206506881713867188e+02,1.675825881958007812e+01,1.657525253295898438e+01,4.000000000000000000e+00
2.642000000000000171e+01,1.209248199462890625e+02,1.685535430908203125e+01,1.660497093200683594e+01,4.000000000000000000e+00
2.644000000000000128e+01,1.211979293823242188e+02,1.695324134826660156e+01,1.663438415527343750e+01,4.000000000000000000e+00
2.646000000000000085e+01,1.214700241088867188e+02,1.705190658569335938e+01,1.666348457336425781e+01,4.000000000000000000e+00
2.648000000000000043e+01,1.217411117553710938e+02,1.715133476257324219e+01,1.669226264953613281e+01,4.000000000000000000e+00
2.650000000000000000e+01,1.220112075805664062e+02,1.725151062011718750e+01,1.672071075439453125e+01,4.000000000000000000e+00
2.651999999999999957e+01,1.222803192138671875e+02,1.735242462158203125e+01,1.674881553649902344e+01,4.000000000000000000e+00
2.653999999999999915e+01,1.225484542846679688e+02,1.745405769348144531e+01,1.677657127380371094e+01,4.000000000000000000e+00
2.656000000000000227e+01,1.228156356811523438e+02,1.755640029907226562e+01,1.680397033691406250e+01,4.000000000000000000e+00
2.658000000000000185e+01,1.230818634033203125e+02,1.765943527221679688e+01,1.683100318908691406e+01,4.000000000000000000e+00
2.660000000000000142e+01,1.233471527099609375e+02,1.776314735412597656e+01,1.685766410827636719e+01,4.000000000000000000e+00
2.662000000000000099e+01,1.236115188598632812e+02,1.786752510070800781e+01,1.688394546508789062e+01,4.000000000000000000e+00
2.664000000000000057e+01,1.238749771118164062e+02,1.797255516052246094e+01,1.690983772277832031e+01,4.000000000000000000e+00
2.666000000000000014e+01,1.241375274658203125e+02,1.807822227478027344e+01,1.693533706665039062e+01,4.000000000000000000e+00
2.667999999999999972e+01,1.243992004394531250e+02,1.818451309204101562e+01,1.696043968200683594e+01,4.000000000000000000e+00
2.669999999999999929e+01,1.246600036621093750e+02,1.829141426086425781e+01,1.698513793945312500e+01,4.000000000000000000e+00
2.671999999999999886e+01,1.249199447631835938e+02,1.839891052246093750e+01,1.700942802429199219e+01,4.000000000000000000e+00
2.674000000000000199e+01,1.251790466308593750e+02,1.850699043273925781e+01,1.703330802917480469e+01,4.000000000000000000e+00
2.676000000000000156e+01,1.254373168945312500e+02,1.861563873291015625e+01,1.705677223205566406e+01,4.000000000000000000e+00
2.678000000000000114e+01,1.256947708129882812e+02,1.872484207153320312e+01,1.707981872558593750e+01,4.000000000000000000e+00
2.680000000000000071e+01,1.259514236450195312e+02,1.883458518981933594e+01,1.710244560241699219e+01,4.000000000000000000e+00
2.682000000000000028e+01,1.262072830200195312e+02,1.894485473632812500e+01,1.712465095520019531e+01,4.000000000000000000e+00
2.683999999999999986e+01,1.264623718261718750e+02,1.905563545227050781e+01,1.714643287658691406e+01,4.000000000000000000e+00
2.685999999999999943e+01,1.267166976928710938e+02,1.916691589355468750e+01,1.716779327392578125e+01,4.000000000000000000e+00
2.687999999999999901e+01,1.269702835083007812e+02,1.927868461608886719e+01,1.718872833251953125e+01,4.000000000000000000e+00
2.690000000000000213e+01,1.272231369018554688e+02,1.939092063903808594e+01,1.720924186706542969e+01,4.000000000000000000e+00
2.692000000000000171e+01,1.274752731323242188e+02,1.950361442565917969e+01,1.722933387756347656e+01,4.000000000000000000e+00
2.694000000000000128e+01,1.277266998291015625e+02,1.961674880981445312e+01,1.724900436401367188e+01,4.000000000000000000e+00
2.696000000000000085e+01,1.279774398803710938e+02,1.973031234741210938e+01,1.726825714111328125e+01,4.000000000000000000e+00
2.698000000000000043e+01,1.282275085449218750e+02,1.984429168701171875e+01,1.728709411621093750e+01,4.000000000000000000e+00
2.700000000000000000e+01,1.284769134521484375e+02,1.995866966247558594e+01,1.730551528930664062e+01,4.000000000000000000e+00
2.701999999999999957e+01,1.287256774902343750e+02,2.007343292236328125e+01,1.732352828979492188e+01,4.000000000000000000e+00
2.703999999999999915e+01,1.289738159179687500e+02,2.018856620788574219e+01,1.734113502502441406e+01,4.000000000000000000e+00
2.706000000000000227e+01,1.292213287353515625e+02,2.030405235290527344e+01,1.735833740234375000e+01,4.000000000000000000e+00
2.708000000000000185e+01,1.294682312011718750e+02,2.041987609863281250e+01,1.737514114379882812e+01,4.000000000000000000e+00
2.710000000000000142e+01,1.297145385742187500e+02,2.053602409362792969e+01,1.739155006408691406e+01,4.000000000000000000e+00
2.712000000000000099e+01,1.299602661132812500e+02,2.065248107910156250e+01,1.740756988525390625e+01,4.000000000000000000e+00
2.714000000000000057e+01,1.302054443359375000e+02,2.076922988891601562e+01,1.742320060729980469e+01,4.000000000000000000e+00
2.716000000000000014e+01,1.304500732421875000e+02,2.088625144958496094e+01,1.743845367431640625e+01,4.000000000000000000e+00
2.717999999999999972e+01,1.306941680908203125e+02,2.100353240966796875e+01,1.745333290100097656e+01,4.000000000000000000e+00
2.719999999999999929e+01,1.309377441406250000e+02,2.112105369567871094e+01,1.746784210205078125e+01,4.000000000000000000e+00
2.721999999999999886e+01,1.311808166503906250e+02,2.123880195617675781e+01,1.748198699951171875e+01,4.000000000000000000e+00
2.724000000000000199e+01,1.314233856201171875e+02,2.135675621032714844e+01,1.749577522277832031e+01,4.000000000000000000e+00
2.726000000000000156e+01,1.316654815673828125e+02,2.147489929199218750e+01,1.750920867919921875e+01,4.000000000000000000e+00
2.728000000000000114e+01,1.319071197509765625e+02,2.159321403503417969e+01,1.752229690551757812e+01,4.000000000000000000e+00
2.730000000000000071e+01,1.321483001708984375e+02,2.171167945861816406e+01,1.753504371643066406e+01,4.000000000000000000e+00
2.732000000000000028e+01,1.323890533447265625e+02,2.183028221130371094e+01,1.754745101928710938e+01,4.000000000000000000e+00
2.733999999999999986e+01,1.326293792724609375e+02,2.194900131225585938e+01,1.755953216552734375e+01,4.000000000000000000e+00
2.735999999999999943e+01,1.328693237304687500e+02,2.206781768798828125e+01,1.757128715515136719e+01,4.000000000000000000e+00
2.737999999999999901e+01,1.331088867187500000e+02,2.218671035766601562e+01,1.758272171020507812e+01,4.000000000000000000e+00
2.740000000000000213e+01,1.333480682373046875e+02,2.230566215515136719e+01,1.759383964538574219e+01,4.000000000000000000e+00
2.742000000000000171e+01,1.335868682861328125e+02,2.242465209960937500e+01,1.760464668273925781e+01,4.000000000000000000e+00
2.744000000000000128e+01,1.338253173828125000e+02,2.254366111755371094e+01,1.761515045166015625e+01,4.000000000000000000e+00
2.746000000000000085e+01,1.340634307861328125e+02,2.266266822814941406e+01,1.762535285949707031e+01,4.000000000000000000e+00
2.748000000000000043e+01,1.343012390136718750e+02,2.278165435791015625e+01,1.763525962829589844e+01,4.000000000000000000e+00
2.750000000000000000e+01,1.345387420654296875e+02,2.290059661865234375e+01,1.764487266540527344e+01,4.000000000000000000e+00
2.751999999999999957e+01,1.347759552001953125e+02,2.301947975158691406e+01,1.765419960021972656e+01,4.000000000000000000e+00
2.753999999999999915e+01,1.350128936767578125e+02,2.313827896118164062e+01,1.766324043273925781e+01,4.000000000000000000e+00
2.756000000000000227e+01,1.352495880126953125e+02,2.325697517395019531e+01,1.767199897766113281e+01,4.000000000000000000e+00
2.758000000000000185e+01,1.354860229492187500e+02,2.337554550170898438e+01,1.768047904968261719e+01,4.000000000000000000e+00
2.760000000000000142e+01,1.357222290039062500e+02,2.349397087097167969e+01,1.768868446350097656e+01,4.000000000000000000e+00
2.762000000000000099e+01,1.359582214355468750e+02,2.361223030090332031e+01,1.769661712646484375e+01,4.000000000000000000e+00
2.764000000000000057e+01,1.361940307617187500e+02,2.373030090332031250e+01,1.770427894592285156e+01,4.000000000000000000e+00
2.766000000000000014e+01,1.364296417236328125e+02,2.384816169738769531e+01,1.771167373657226562e+01,4.000000000000000000e+00
2.767999999999999972e+01,1.366651000976562500e+02,2.396578788757324219e+01,1.771880149841308594e+01,4.000000000000000000e+00
2.769999999999999929e+01,1.369004058837890625e+02,2.408316421508789062e+01,1.772566604614257812e+01,4.000000000000000000e+00
2.771999999999999886e+01,1.371355743408203125e+02,2.420026588439941406e+01,1.773226737976074219e+01,4.000000000000000000e+00
2.774000000000000199e+01,1.373706207275390625e+02,2.431707382202148438e+01,1.773860740661621094e+01,4.000000000000000000e+00
2.776000000000000156e+01,1.376055603027343750e+02,2.443356323242187500e+01,1.774468421936035156e+01,4.000000000000000000e+00
2.778000000000000114e+01,1.378404083251953125e+02,2.454971313476562500e+01,1.775049972534179688e+01,4.000000000000000000e+00
2.780000000000000071e+01,1.380751800537109375e+02,2.466550064086914062e+01,1.775605201721191406e+01,4.000000000000000000e+00
2.782000000000000028e+01,1.383098907470703125e+02,2.478090286254882812e+01,1.776134681701660156e+01,4.000000000000000000e+00
2.783999999999999986e+01,1.385445709228515625e+02,2.489590263366699219e+01,1.776638031005859375e+01,4.000000000000000000e+00
2.785999999999999943e+01,1.387792205810546875e+02,2.501047515869140625e+01,1.777115058898925781e+01,4.000000000000000000e+00
2.787999999999999901e+01,1.390138244628906250e+02,2.512459754943847656e+01,1.777566337585449219e+01,4.000000000000000000e+00
2.790000000000000213e+01,1.392484283447265625e+02,2.523824691772460938e+01,1.777991294860839844e+01,4.000000000000000000e+00
2.792000000000000171e+01,1.394831085205078125e+02,2.535140419006347656e+01,1.778389739990234375e+01,4.000000000000000000e+00
2.794000000000000128e+01,1.397177886962890625e+02,2.546404266357421875e+01,1.778761863708496094e+01,4.000000000000000000e+00
2.796000000000000085e+01,1.399525299072265625e+02,2.557614517211914062e+01,1.779107475280761719e+01,4.000000000000000000e+00
2.798000000000000043e+01,1.401873321533203125e+02,2.568768692016601562e+01,1.779426383972167969e+01,4.000000000000000000e+00
2.800000000000000000e+01,1.404222106933593750e+02,2.579864883422851562e+01,1.779718399047851562e+01,4.000000000000000000e+00
2.801999999999999957e+01,1.406571655273437500e+02,2.590900611877441406e+01,1.779983329772949219e+01,4.000000000000000000e+00
2.803999999999999915e+01,1.408922424316406250e+02,2.601873207092285156e+01,1.780220985412597656e+01,4.000000000000000000e+00
2.806000000000000227e+01,1.411274261474609375e+02,2.612780952453613281e+01,1.780431175231933594e+01,4.000000000000000000e+00
2.808000000000000185e+01,1.413627624511718750e+02,2.623621368408203125e+01,1.780613708496093750e+01,4.000000000000000000e+00
2.810000000000000142e+01,1.415982513427734375e+02,2.634392166137695312e+01,1.780768203735351562e+01,4.000000000000000000e+00
2.812000000000000099e+01,1.418339080810546875e+02,2.645091247558593750e+01,1.780895042419433594e+01,4.000000000000000000e+00
2.814000000000000057e+01,1.420697479248046875e+02,2.655716133117675781e+01,1.780993270874023438e+01,4.000000000000000000e+00
2.816000000000000014e+01,1.423057861328125000e+02,2.666264533996582031e+01,1.781062889099121094e+01,4.000000000000000000e+00
2.817999999999999972e+01,1.425420227050781250e+02,2.676734352111816406e+01,1.781103515625000000e+01,4.000000000000000000e+00
2.819999999999999929e+01,1.427784881591796875e+02,2.687123107910156250e+01,1.781114959716796875e+01,4.000000000000000000e+00
2.821999999999999886e+01,1.430151824951171875e+02,2.697428131103515625e+01,1.781096839904785156e+01,4.000000000000000000e+00
2.824000000000000199e+01,1.432521209716796875e+02,2.707647323608398438e+01,1.781048965454101562e+01,4.000000000000000000e+00
2.826000000000000156e+01,1.434893493652343750e+02,2.717778396606445312e+01,1.780971145629882812e+01,4.000000000000000000e+00
2.828000000000000114e+01,1.437268371582031250e+02,2.727818489074707031e+01,1.780862998962402344e+01,4.000000000000000000e+00
2.830000000000000071e+01,1.439646148681640625e+02,2.737765884399414062e+01,1.780724334716796875e+01,4.000000000000000000e+00
2.832000000000000028e+01,1.442026977539062500e+02,2.747617721557617188e+01,1.780554771423339844e+01,4.000000000000000000e+00
2.833999999999999986e+01,1.444411010742187500e+02,2.757371520996093750e+01,1.780354118347167969e+01,4.000000000000000000e+00
2.835999999999999943e+01,1.446798248291015625e+02,2.767024993896484375e+01,1.780121994018554688e+01,4.000000000000000000e+00
2.837999999999999901e+01,1.449188842773437500e+02,2.776575279235839844e+01,1.779858207702636719e+01,4.000000000000000000e+00
2.840000000000000213e+01,1.451582946777343750e+02,2.786020088195800781e+01,1.779562377929687500e+01,4.000000000000000000e+00
2.842000000000000171e+01,1.453980865478515625e+02,2.795357131958007812e+01,1.779234123229980469e+01,4.000000000000000000e+00
2.844000000000000128e+01,1.456382598876953125e+02,2.804583358764648438e+01,1.778873443603515625e+01,4.000000000000000000e+00
2.846000000000000085e+01,1.458788146972656250e+02,2.813696670532226562e+01,1.778479576110839844e+01,4.000000000000000000e+00
2.848000000000000043e+01,1.461197509765625000e+02,2.822694015502929688e+01,1.778052711486816406e+01,4.000000000000000000e+00
2.850000000000000000e+01,1.463610839843750000e+02,2.831572723388671875e+01,1.777592277526855469e+01,4.000000000000000000e+00
2.851999999999999957e+01,1.466028594970703125e+02,2.840330505371093750e+01,1.777098274230957031e+01,4.000000000000000000e+00
2.853999999999999915e+01,1.468450469970703125e+02,2.848964500427246094e+01,1.776570320129394531e+01,4.000000000000000000e+00
2.856000000000000227e+01,1.470876770019531250e+02,2.857472038269042969e+01,1.776008224487304688e+01,4.000000000000000000e+00
2.858000000000000185e+01,1.473307495117187500e+02,2.865850257873535156e+01,1.775411605834960938e+01,4.000000000000000000e+00
2.860000000000000142e+01,1.475742797851562500e+02,2.874096488952636719e+01,1.774779891967773438e+01,4.000000000000000000e+00
2.862000000000000099e+01,1.478182830810546875e+02,2.882207679748535156e+01,1.774113273620605469e+01,4.000000000000000000e+00
2.864000000000000057e+01,1.480627593994140625e+02,2.890180969238281250e+01,1.773411178588867188e+01,4.000000000000000000e+00
2.866000000000000014e+01,1.483077087402343750e+02,2.898013496398925781e+01,1.772673606872558594e+01,4.000000000000000000e+00
2.867999999999999972e+01,1.485531616210937500e+02,2.905702590942382812e+01,1.771900177001953125e+01,4.000000000000000000e+00
2.869999999999999929e+01,1.487991027832031250e+02,2.913245201110839844e+01,1.771090507507324219e+01,4.000000000000000000e+00
2.871999999999999886e+01,1.490455627441406250e+02,2.920637893676757812e+01,1.770244407653808594e+01,4.000000000000000000e+00
2.874000000000000199e+01,1.492925262451171875e+02,2.927877807617187500e+01,1.769361495971679688e+01,4.000000000000000000e+00
2.876000000000000156e+01,1.495399932861328125e+02,2.934961700439453125e+01,1.768441200256347656e+01,4.000000000000000000e+00
2.878000000000000114e+01,1.497879943847656250e+02,2.941886138916015625e+01,1.767483711242675781e+01,4.000000000000000000e+00
2.880000000000000071e+01,1.500365142822265625e+02,2.948647880554199219e+01,1.766488075256347656e+01,4.000000000000000000e+00
2.882000000000000028e+01,1.502855682373046875e+02,2.955243682861328125e+01,1.765454292297363281e+01,4.000000000000000000e+00
2.883999999999999986e+01,1.505351562500000000e+02,2.961670303344726562e+01,1.764382362365722656e+01,4.000000000000000000e+00
2.885999999999999943e+01,1.507852935791015625e+02,2.967924118041992188e+01,1.763271903991699219e+01,4.000000000000000000e+00
2.887999999999999901e+01,1.510359802246093750e+02,2.974001693725585938e+01,1.762122344970703125e+01,4.000000000000000000e+00
2.890000000000000213e+01,1.512872009277343750e+02,2.979899978637695312e+01,1.760933113098144531e+01,4.000000000000000000e+00
2.892000000000000171e+01,1.515389709472656250e+02,2.985614967346191406e+01,1.759704017639160156e+01,4.000000000000000000e+00
2.894000000000000128e+01,1.517912902832031250e+02,2.991143035888671875e+01,1.758434867858886719e+01,4.000000000000000000e+00
2.896000000000000085e+01,1.520441436767578125e+02,2.996480560302734375e+01,1.757125282287597656e+01,4.000000000000000000e+00
2.898000000000000043e+01,1.522975616455078125e+02,3.001623725891113281e+01,1.755774879455566406e+01,4.000000000000000000e+00
2.900000000000000000e+01,1.525515289306640625e+02,3.006569290161132812e+01,1.754383277893066406e+01,4.000000000000000000e+00
2.901999999999999957e+01,1.528060302734375000e+02,3.011313438415527344e+01,1.752950286865234375e+01,4.000000000000000000e+00
2.903999999999999915e+01,1.530610809326171875e+02,3.015852165222167969e+01,1.751474952697753906e+01,4.000000000000000000e+00
2.906000000000000227e+01,1.533166809082031250e+02,3.020181465148925781e+01,1.749957656860351562e+01,4.000000000000000000e+00
2.908000000000000185e+01,1.535728149414062500e+02,3.024297523498535156e+01,1.748397445678710938e+01,4.000000000000000000e+00
2.910000000000000142e+01,1.538294830322265625e+02,3.028196144104003906e+01,1.746794319152832031e+01,4.000000000000000000e+00
2.912000000000000099e+01,1.540866699218750000e+02,3.031873893737792969e+01,1.745147705078125000e+01,4.000000000000000000e+00
2.914000000000000057e+01,1.543443908691406250e+02,3.035326385498046875e+01,1.743457031250000000e+01,4.000000000000000000e+00
2.916000000000000014e+01,1.546026153564453125e+02,3.038549613952636719e+01,1.741721916198730469e+01,4.000000000000000000e+00
2.917999999999999972e+01,1.548613586425781250e+02,3.041539382934570312e+01,1.739941787719726562e+01,4.000000000000000000e+00
2.919999999999999929e+01,1.551205902099609375e+02,3.044291496276855469e+01,1.738116645812988281e+01,4.000000000000000000e+00
2.921999999999999886e+01,1.553803253173828125e+02,3.046801567077636719e+01,1.736245536804199219e+01,4.000000000000000000e+00
2.924000000000000199e+01,1.556405334472656250e+02,3.049065589904785156e+01,1.734328269958496094e+01,4.000000000000000000e+00
2.926000000000000156e+01,1.559012145996093750e+02,3.051078796386718750e+01,1.732364273071289062e+01,4.000000000000000000e+00
2.928000000000000114e+01,1.561623535156250000e+02,3.052837371826171875e+01,1.730352973937988281e+01,4.000000000000000000e+00
2.930000000000000071e+01,1.564239196777343750e+02,3.054336547851562500e+01,1.728293800354003906e+01,4.000000000000000000e+00
2.932000000000000028e+01,1.566859130859375000e+02,3.055572128295898438e+01,1.726185989379882812e+01,4.000000000000000000e+00
2.933999999999999986e+01,1.569483032226562500e+02,3.056539535522460938e+01,1.724029350280761719e+01,4.000000000000000000e+00
2.935999999999999943e+01,1.572111358642578125e+02,3.057234001159667969e+01,1.721823310852050781e+01,4.000000000000000000e+00
2.937999999999999901e+01,1.574743194580078125e+02,3.057651329040527344e+01,1.719567108154296875e+01,4.000000000000000000e+00
2.940000000000000213e+01,1.577378387451171875e+02,3.057786560058593750e+01,1.717260551452636719e+01,4.000000000000000000e+00
2.942000000000000171e+01,1.580017089843750000e+02,3.057635116577148438e+01,1.714902687072753906e+01,4.000000000000000000e+00
2.944000000000000128e+01,1.582658996582031250e+02,3.057192420959472656e+01,1.712492752075195312e+01,4.000000000000000000e+00
2.946000000000000085e+01,1.585303802490234375e+02,3.056453704833984375e+01,1.710030364990234375e+01,4.000000000000000000e+00
2.948000000000000043e+01,1.587951202392578125e+02,3.055414390563964844e+01,1.707514953613281250e+01,4.000000000000000000e+00
2.950000000000000000e+01,1.590601043701171875e+02,3.054069519042968750e+01,1.704945755004882812e+01,4.000000000000000000e+00
2.951999999999999957e+01,1.593253173828125000e+02,3.052414131164550781e+01,1.702322387695312500e+01,4.000000000000000000e+00
2.953999999999999915e+01,1.595906982421875000e+02,3.050443840026855469e+01,1.699644088745117188e+01,4.000000000000000000e+00
2.956000000000000227e+01,1.598562469482421875e+02,3.048153495788574219e+01,1.696910285949707031e+01,4.000000000000000000e+00
2.958000000000000185e+01,1.601219177246093750e+02,3.045538330078125000e+01,1.694120597839355469e+01,4.000000000000000000e+00
2.960000000000000142e+01,1.603876647949218750e+02,3.042593574523925781e+01,1.691273880004882812e+01,4.000000000000000000e+00
2.962000000000000099e+01,1.606534729003906250e+02,3.039314079284667969e+01,1.688370323181152344e+01,4.000000000000000000e+00
2.964000000000000057e+01,1.609192810058593750e+02,3.035695075988769531e+01,1.685409164428710938e+01,4.000000000000000000e+00
2.966000000000000014e+01,1.611850891113281250e+02,3.031731605529785156e+01,1.682390022277832031e+01,4.000000000000000000e+00
2.967999999999999972e+01,1.614508361816406250e+02,3.027418899536132812e+01,1.679312324523925781e+01,4.000000000000000000e+00
2.969999999999999929e+01,1.617164611816406250e+02,3.022752189636230469e+01,1.676175880432128906e+01,4.000000000000000000e+00
2.971999999999999886e+01,1.619819488525390625e+02,3.017726325988769531e+01,1.672979927062988281e+01,4.000000000000000000e+00
2.974000000000000199e+01,1.622472381591796875e+02,3.012336730957031250e+01,1.669724273681640625e+01,4.000000000000000000e+00
2.976000000000000156e+01,1.625122985839843750e+02,3.006578254699707031e+01,1.666408538818359375e+01,4.000000000000000000e+00
2.978000000000000114e+01,1.627770538330078125e+02,3.000446510314941406e+01,1.663032341003417969e+01,4.000000000000000000e+00
2.980000000000000071e+01,1.630414886474609375e+02,2.993936347961425781e+01,1.659595680236816406e+01,4.000000000000000000e+00
2.982000000000000028e+01,1.633055114746093750e+02,2.987043571472167969e+01,1.656098175048828125e+01,4.000000000000000000e+00
2.983999999999999986e+01,1.635690765380859375e+02,2.979763031005859375e+01,1.652539443969726562e+01,4.000000000000000000e+00
2.985999999999999943e+01,1.638321228027343750e+02,2.972090339660644531e+01,1.648919296264648438e+01,4.000000000000000000e+00
2.987999999999999901e+01,1.640946044921875000e+02,2.964021110534667969e+01,1.645238113403320312e+01,4.000000000000000000e+00
2.990000000000000213e+01,1.643564300537109375e+02,2.955550765991210938e+01,1.641495704650878906e+01,4.000000000000000000e+00
2.992000000000000171e+01,1.646175842285156250e+02,2.946674919128417969e+01,1.637691497802734375e+01,4.000000000000000000e+00
2.994000000000000128e+01,1.648779754638671875e+02,2.937389564514160156e+01,1.633826255798339844e+01,4.000000000000000000e+00
2.996000000000000085e+01,1.651375122070312500e+02,2.927690505981445312e+01,1.629899978637695312e+01,4.000000000000000000e+00
2.998000000000000043e+01,1.653961334228515625e+02,2.917573928833007812e+01,1.625912666320800781e+01,4.000000000000000000e+00
3.000000000000000000e+01,1.656537780761718750e+02,2.907035255432128906e+01,1.621864891052246094e+01,4.000000000000000000e+00
3.001999999999999957e+01,1.659103546142578125e+02,2.896071052551269531e+01,1.617756652832031250e+01,4.000000000000000000e+00
3.003999999999999915e+01,1.661657867431640625e+02,2.884678077697753906e+01,1.613588333129882812e+01,4.000000000000000000e+00
3.006000000000000227e+01,1.664200286865234375e+02,2.872852706909179688e+01,1.609360504150390625e+01,4.000000000000000000e+00
3.008000000000000185e+01,1.666729583740234375e+02,2.860591888427734375e+01,1.605073738098144531e+01,4.000000000000000000e+00
3.010000000000000142e+01,1.669245300292968750e+02,2.847892379760742188e+01,1.600728607177734375e+01,4.000000000000000000e+00
3.012000000000000099e+01,1.671746215820312500e+02,2.834751510620117188e+01,1.596325874328613281e+01,4.000000000000000000e+00
3.014000000000000057e+01,1.674231567382812500e+02,2.821166610717773438e+01,1.591866302490234375e+01,4.000000000000000000e+00
3.016000000000000014e+01,1.676700439453125000e+02,2.807135391235351562e+01,1.587350749969482422e+01,4.000000000000000000e+00
3.017999999999999972e+01,1.679151916503906250e+02,2.792655372619628906e+01,1.582780170440673828e+01,4.000000000000000000e+00
3.019999999999999929e+01,1.681584930419921875e+02,2.777725028991699219e+01,1.578155708312988281e+01,4.000000000000000000e+00
3.021999999999999886e+01,1.683998718261718750e+02,2.762342453002929688e+01,1.573478412628173828e+01,4.000000000000000000e+00
3.024000000000000199e+01,1.686392211914062500e+02,2.746506690979003906e+01,1.568749904632568359e+01,4.000000000000000000e+00
3.026000000000000156e+01,1.688764495849609375e+02,2.730216407775878906e+01,1.563971328735351562e+01,4.000000000000000000e+00
3.028000000000000114e+01,1.691114349365234375e+02,2.713471221923828125e+01,1.559144306182861328e+01,4.000000000000000000e+00
3.030000000000000071e+01,1.693441162109375000e+02,2.696270561218261719e+01,1.554270362854003906e+01,4.000000000000000000e+00
3.032000000000000028e+01,1.695743560791015625e+02,2.678614616394042969e+01,1.549351406097412109e+01,4.000000000000000000e+00
3.033999999999999986e+01,1.698020629882812500e+02,2.660503578186035156e+01,1.544389343261718750e+01,4.000000000000000000e+00
3.035999999999999943e+01,1.700271301269531250e+02,2.641937637329101562e+01,1.539386081695556641e+01,4.000000000000000000e+00
3.037999999999999901e+01,1.702494506835937500e+02,2.622918701171875000e+01,1.534344005584716797e+01,4.000000000000000000e+00
3.040000000000000213e+01,1.704689331054687500e+02,2.603447723388671875e+01,1.529265213012695312e+01,4.000000000000000000e+00
3.042000000000000171e+01,1.706854553222656250e+02,2.583526611328125000e+01,1.524152088165283203e+01,4.000000000000000000e+00
3.044000000000000128e+01,1.708989257812500000e+02,2.563157844543457031e+01,1.519007110595703125e+01,4.000000000000000000e+00
3.046000000000000085e+01,1.711092376708984375e+02,2.542344093322753906e+01,1.513833141326904297e+01,4.000000000000000000e+00
3.048000000000000043e+01,1.713162689208984375e+02,2.521088790893554688e+01,1.508632850646972656e+01,4.000000000000000000e+00
3.050000000000000000e+01,1.715198974609375000e+02,2.499395179748535156e+01,1.503409194946289062e+01,4.000000000000000000e+00
3.051999999999999957e+01,1.717200775146484375e+02,2.477266883850097656e+01,1.498164939880371094e+01,4.000000000000000000e+00
3.053999999999999915e+01,1.719166717529296875e+02,2.454709053039550781e+01,1.492903327941894531e+01,4.000000000000000000e+00
3.056000000000000227e+01,1.721095886230468750e+02,2.431726074218750000e+01,1.487627506256103516e+01,4.000000000000000000e+00
3.058000000000000185e+01,1.722987213134765625e+02,2.408323478698730469e+01,1.482340431213378906e+01,4.000000000000000000e+00
3.060000000000000142e+01,1.724839935302734375e+02,2.384507369995117188e+01,1.477045631408691406e+01,4.000000000000000000e+00
3.062000000000000099e+01,1.726652832031250000e+02,2.360283470153808594e+01,1.471746253967285156e+01,4.000000000000000000e+00
3.064000000000000057e+01,1.728425292968750000e+02,2.335658645629882812e+01,1.466445732116699219e+01,4.000000000000000000e+00
3.066000000000000014e+01,1.730156402587890625e+02,2.310640144348144531e+01,1.461147308349609375e+01,4.000000000000000000e+00
3.067999999999999972e+01,1.731845092773437500e+02,2.285234642028808594e+01,1.455854415893554688e+01,4.000000000000000000e+00
3.069999999999999929e+01,1.733490600585937500e+02,2.259450721740722656e+01,1.450570487976074219e+01,4.000000000000000000e+00
3.071999999999999886e+01,1.735092163085937500e+02,2.233296394348144531e+01,1.445299053192138672e+01,4.000000000000000000e+00
3.074000000000000199e+01,1.736649017333984375e+02,2.206779861450195312e+01,1.440043544769287109e+01,4.000000000000000000e+00
3.076000000000000156e+01,1.738160400390625000e+02,2.179910278320312500e+01,1.434807491302490234e+01,4.000000000000000000e+00
3.078000000000000114e+01,1.739625854492187500e+02,2.152696418762207031e+01,1.429594230651855469e+01,4.000000000000000000e+00
3.080000000000000071e+01,1.741044616699218750e+02,2.125148010253906250e+01,1.424407291412353516e+01,4.000000000000000000e+00
3.082000000000000028e+01,1.742416076660156250e+02,2.097275161743164062e+01,1.419250011444091797e+01,4.000000000000000000e+00
3.083999999999999986e+01,1.743739624023437500e+02,2.069087600708007812e+01,1.414126014709472656e+01,4.000000000000000000e+00
3.085999999999999943e+01,1.745014953613281250e+02,2.040595245361328125e+01,1.409038734436035156e+01,4.000000000000000000e+00
3.087999999999999901e+01,1.746241455078125000e+02,2.011808776855468750e+01,1.403991699218750000e+01,4.000000000000000000e+00
3.090000000000000213e+01,1.747418670654296875e+02,1.982738685607910156e+01,1.398988342285156250e+01,4.000000000000000000e+00
3.092000000000000171e+01,1.748546295166015625e+02,1.953395843505859375e+01,1.394031906127929688e+01,4.000000000000000000e+00
3.094000000000000128e+01,1.749624328613281250e+02,1.923791122436523438e+01,1.389125823974609375e+01,4.000000000000000000e+00
3.096000000000000085e+01,1.750652008056640625e+02,1.893935966491699219e+01,1.384273433685302734e+01,4.000000000000000000e+00
3.098000000000000043e+01,1.751629333496093750e+02,1.863841056823730469e+01,1.379477977752685547e+01,4.000000000000000000e+00
3.100000000000000000e+01,1.752556152343750000e+02,1.833517456054687500e+01,1.374742698669433594e+01,4.000000000000000000e+00
3.101999999999999957e+01,1.753432464599609375e+02,1.802976608276367188e+01,1.370070552825927734e+01,4.000000000000000000e+00
3.103999999999999915e+01,1.754258117675781250e+02,1.772229957580566406e+01,1.365464591979980469e+01,4.000000000000000000e+00
3.106000000000000227e+01,1.755032958984375000e+02,1.741288757324218750e+01,1.360927867889404297e+01,4.000000000000000000e+00
3.108000000000000185e+01,1.755757293701171875e+02,1.710164451599121094e+01,1.356463336944580078e+01,4.000000000000000000e+00
3.110000000000000142e+01,1.756431121826171875e+02,1.678868103027343750e+01,1.352073764801025391e+01,4.000000000000000000e+00
3.112000000000000099e+01,1.757054443359375000e+02,1.647410774230957031e+01,1.347761821746826172e+01,4.000000000000000000e+00
3.114000000000000057e+01,1.757627410888671875e+02,1.615803527832031250e+01,1.343530178070068359e+01,4.000000000000000000e+00
3.116000000000000014e+01,1.758150787353515625e+02,1.584057426452636719e+01,1.339381313323974609e+01,4.000000000000000000e+00
3.117999999999999972e+01,1.758624572753906250e+02,1.552183246612548828e+01,1.335317611694335938e+01,4.000000000000000000e+00
3.119999999999999929e+01,1.759048767089843750e+02,1.520191574096679688e+01,1.331341361999511719e+01,4.000000000000000000e+00
3.122000000000000242e+01,1.759423828125000000e+02,1.488093090057373047e+01,1.327454757690429688e+01,4.000000000000000000e+00
3.124000000000000199e+01,1.759750366210937500e+02,1.455897903442382812e+01,1.323659610748291016e+01,4.000000000000000000e+00
3.126000000000000156e+01,1.760028839111328125e+02,1.423616409301757812e+01,1.319957733154296875e+01,4.000000000000000000e+00
3.128000000000000114e+01,1.760259857177734375e+02,1.391258430480957031e+01,1.316350841522216797e+01,4.000000000000000000e+00
3.130000000000000071e+01,1.760443725585937500e+02,1.358833694458007812e+01,1.312840461730957031e+01,4.000000000000000000e+00
3.132000000000000028e+01,1.760581054687500000e+02,1.326351737976074219e+01,1.309427738189697266e+01,4.000000000000000000e+00
3.133999999999999986e+01,1.760672607421875000e+02,1.293821620941162109e+01,1.306114006042480469e+01,4.000000000000000000e+00
3.135999999999999943e+01,1.760718841552734375e+02,1.261252117156982422e+01,1.302900218963623047e+01,4.000000000000000000e+00
3.137999999999999901e+01,1.760720672607421875e+02,1.228651618957519531e+01,1.299787235260009766e+01,4.000000000000000000e+00
3.140000000000000213e+01,1.760678558349609375e+02,1.196028518676757812e+01,1.296775627136230469e+01,4.000000000000000000e+00
3.142000000000000171e+01,1.760593414306640625e+02,1.163390350341796875e+01,1.293865585327148438e+01,4.000000000000000000e+00
3.144000000000000128e+01,1.760466003417968750e+02,1.130744743347167969e+01,1.291056919097900391e+01,4.000000000000000000e+00
3.146000000000000085e+01,1.760296630859375000e+02,1.098098659515380859e+01,1.288349723815917969e+01,4.000000000000000000e+00
3.148000000000000043e+01,1.760086364746093750e+02,1.065458965301513672e+01,1.285743618011474609e+01,4.000000000000000000e+00
3.150000000000000000e+01,1.759835968017578125e+02,1.032832145690917969e+01,1.283238410949707031e+01,4.000000000000000000e+00
3.151999999999999957e+01,1.759546051025390625e+02,1.000224208831787109e+01,1.280833339691162109e+01,4.000000000000000000e+00
3.153999999999999915e+01,1.759217224121093750e+02,9.676407814025878906e+00,1.278527545928955078e+01,4.000000000000000000e+00
3.156000000000000227e+01,1.758850860595703125e+02,9.350874900817871094e+00,1.276320362091064453e+01,4.000000000000000000e+00
3.158000000000000185e+01,1.758447570800781250e+02,9.025693893432617188e+00,1.274210643768310547e+01,4.000000000000000000e+00
3.160000000000000142e+01,1.758007965087890625e+02,8.700911521911621094e+00,1.272197341918945312e+01,4.000000000000000000e+00
3.162000000000000099e+01,1.757532958984375000e+02,8.376574516296386719e+00,1.270279121398925781e+01,4.000000000000000000e+00
3.164000000000000057e+01,1.757023315429687500e+02,8.052719116210937500e+00,1.268454360961914062e+01,4.000000000000000000e+00
3.166000000000000014e+01,1.756479949951171875e+02,7.729387283325195312e+00,1.266721725463867188e+01,4.000000000000000000e+00
3.167999999999999972e+01,1.755903472900390625e+02,7.406614303588867188e+00,1.265079402923583984e+01,4.000000000000000000e+00
3.169999999999999929e+01,1.755294952392578125e+02,7.084433078765869141e+00,1.263525772094726562e+01,4.000000000000000000e+00
3.172000000000000242e+01,1.754654846191406250e+02,6.762872695922851562e+00,1.262058734893798828e+01,4.000000000000000000e+00
3.174000000000000199e+01,1.753984222412109375e+02,6.441962242126464844e+00,1.260676574707031250e+01,4.000000000000000000e+00
3.176000000000000156e+01,1.753283386230468750e+02,6.121726512908935547e+00,1.259377288818359375e+01,4.000000000000000000e+00
3.178000000000000114e+01,1.752553405761718750e+02,5.802189350128173828e+00,1.258158874511718750e+01,4.000000000000000000e+00
3.180000000000000071e+01,1.751794891357421875e+02,5.483371734619140625e+00,1.257019329071044922e+01,4.000000000000000000e+00
3.182000000000000028e+01,1.751008453369140625e+02,5.165293216705322266e+00,1.255956363677978516e+01,4.000000000000000000e+00
3.183999999999999986e+01,1.750195159912109375e+02,4.847970485687255859e+00,1.254967880249023438e+01,4.000000000000000000e+00
3.185999999999999943e+01,1.749355163574218750e+02,4.531421184539794922e+00,1.254051876068115234e+01,4.000000000000000000e+00
3.187999999999999901e+01,1.748489379882812500e+02,4.215658664703369141e+00,1.253206062316894531e+01,4.000000000000000000e+00
3.190000000000000213e+01,1.747598419189453125e+02,3.900697708129882812e+00,1.252428531646728516e+01,4.000000000000000000e+00
3.192000000000000171e+01,1.746682891845703125e+02,3.586549997329711914e+00,1.251717185974121094e+01,4.000000000000000000e+00
3.194000000000000128e+01,1.745743255615234375e+02,3.273227691650390625e+00,1.251070117950439453e+01,4.000000000000000000e+00
3.196000000000000085e+01,1.744780426025390625e+02,2.960741758346557617e+00,1.250485229492187500e+01,4.000000000000000000e+00
3.198000000000000043e+01,1.743794708251953125e+02,2.649102926254272461e+00,1.249960803985595703e+01,4.000000000000000000e+00
3.200000000000000000e+01,1.742786407470703125e+02,2.338321447372436523e+00,1.249495124816894531e+01,4.000000000000000000e+00
3.202000000000000313e+01,1.741756439208984375e+02,2.028406143188476562e+00,1.249086189270019531e+01,4.000000000000000000e+00
3.203999999999999915e+01,1.740704956054687500e+02,1.719366312026977539e+00,1.248732471466064453e+01,4.000000000000000000e+00
3.206000000000000227e+01,1.739632720947265625e+02,1.411210179328918457e+00,1.248432350158691406e+01,4.000000000000000000e+00
3.207999999999999829e+01,1.738540039062500000e+02,1.103946208953857422e+00,1.248184490203857422e+01,4.000000000000000000e+00
3.210000000000000142e+01,1.737427368164062500e+02,7.975820899009704590e-01,1.247987270355224609e+01,4.000000000000000000e+00
3.211999999999999744e+01,1.736295166015625000e+02,4.921257793903350830e-01,1.247839641571044922e+01,4.000000000000000000e+00
3.214000000000000057e+01,1.735143890380859375e+02,1.875849664211273193e-01,1.247740077972412109e+01,4.000000000000000000e+00
3.216000000000000369e+01,1.733973846435546875e+02,-1.160326674580574036e-01,1.247687625885009766e+01,4.000000000000000000e+00
3.217999999999999972e+01,1.732785491943359375e+02,-4.187194108963012695e-01,1.247681140899658203e+01,4.000000000000000000e+00
3.220000000000000284e+01,1.731579132080078125e+02,-7.204675674438476562e-01,1.247719860076904297e+01,4.000000000000000000e+00
3.221999999999999886e+01,1.730355224609375000e+02,-1.021269559860229492e+00,1.247802543640136719e+01,4.000000000000000000e+00
3.224000000000000199e+01,1.729114074707031250e+02,-1.321117758750915527e+00,1.247928428649902344e+01,4.000000000000000000e+00
3.225999999999999801e+01,1.727855987548828125e+02,-1.620004177093505859e+00,1.248096847534179688e+01,4.000000000000000000e+00
3.228000000000000114e+01,1.726581268310546875e+02,-1.917920112609863281e+00,1.248307037353515625e+01,4.000000000000000000e+00
3.229999999999999716e+01,1.725290222167968750e+02,-2.214857816696166992e+00,1.248558425903320312e+01,4.000000000000000000e+00
3.232000000000000028e+01,1.723983306884765625e+02,-2.510808944702148438e+00,1.248850250244140625e+01,4.000000000000000000e+00
3.234000000000000341e+01,1.722660675048828125e+02,-2.805765867233276367e+00,1.249182033538818359e+01,4.000000000000000000e+00
3.235999999999999943e+01,1.721322479248046875e+02,-3.099721193313598633e+00,1.249553108215332031e+01,4.000000000000000000e+00
3.238000000000000256e+01,1.719969787597656250e+02,-3.392667293548583984e+00,1.249962997436523438e+01,4.000000000000000000e+00
3.239999999999999858e+01,1.718602142333984375e+02,-3.684597253799438477e+00,1.250411224365234375e+01,4.000000000000000000e+00
3.242000000000000171e+01,1.717220153808593750e+02,-3.975504636764526367e+00,1.250897312164306641e+01,4.000000000000000000e+00
3.243999999999999773e+01,1.715824127197265625e+02,-4.265383720397949219e+00,1.251420593261718750e+01,4.000000000000000000e+00
3.246000000000000085e+01,1.714414367675781250e+02,-4.554231166839599609e+00,1.251980781555175781e+01,4.000000000000000000e+00
3.248000000000000398e+01,1.712991180419921875e+02,-4.842042922973632812e+00,1.252577495574951172e+01,4.000000000000000000e+00
3.250000000000000000e+01,1.711554870605468750e+02,-5.128819465637207031e+00,1.253210258483886719e+01,4.000000000000000000e+00
3.252000000000000313e+01,1.710105743408203125e+02,-5.414557933807373047e+00,1.253878784179687500e+01,4.000000000000000000e+00
3.253999999999999915e+01,1.708644256591796875e+02,-5.699258327484130859e+00,1.254582309722900391e+01,4.000000000000000000e+00
3.256000000000000227e+01,1.707170562744140625e+02,-5.982920646667480469e+00,1.255320358276367188e+01,4.000000000000000000e+00
3.257999999999999829e+01,1.705685119628906250e+02,-6.265544414520263672e+00,1.256092453002929688e+01,4.000000000000000000e+00
3.260000000000000142e+01,1.704188232421875000e+02,-6.547133445739746094e+00,1.256897830963134766e+01,4.000000000000000000e+00
3.261999999999999744e+01,1.702680053710937500e+02,-6.827688217163085938e+00,1.257736110687255859e+01,4.000000000000000000e+00
3.264000000000000057e+01,1.701161041259765625e+02,-7.107211589813232422e+00,1.258606433868408203e+01,4.000000000000000000e+00
3.266000000000000369e+01,1.699631652832031250e+02,-7.385707855224609375e+00,1.259508132934570312e+01,4.000000000000000000e+00
3.267999999999999972e+01,1.698091888427734375e+02,-7.663180351257324219e+00,1.260440349578857422e+01,4.000000000000000000e+00
3.270000000000000284e+01,1.696542205810546875e+02,-7.939634323120117188e+00,1.261402320861816406e+01,4.000000000000000000e+00
3.271999999999999886e+01,1.694982910156250000e+02,-8.215074539184570312e+00,1.262393188476562500e+01,4.000000000000000000e+00
3.274000000000000199e+01,1.693414306640625000e+02,-8.489508628845214844e+00,1.263411903381347656e+01,4.000000000000000000e+00
3.275999999999999801e+01,1.691836547851562500e+02,-8.762943267822265625e+00,1.264457702636718750e+01,4.000000000000000000e+00
3.278000000000000114e+01,1.690250091552734375e+02,-9.035385131835937500e+00,1.265529632568359375e+01,4.000000000000000000e+00
3.279999999999999716e+01,1.688655242919921875e+02,-9.306843757629394531e+00,1.266626834869384766e+01,4.000000000000000000e+00
3.282000000000000028e+01,1.687052307128906250e+02,-9.577326774597167969e+00,1.267748355865478516e+01,4.000000000000000000e+00
3.284000000000000341e+01,1.685441131591796875e+02,-9.846845626831054688e+00,1.268892860412597656e+01,4.000000000000000000e+00
3.285999999999999943e+01,1.683822326660156250e+02,-1.011540985107421875e+01,1.270059680938720703e+01,4.000000000000000000e+00
3.288000000000000256e+01,1.682196502685546875e+02,-1.038302898406982422e+01,1.271247673034667969e+01,4.000000000000000000e+00
3.289999999999999858e+01,1.680563354492187500e+02,-1.064971542358398438e+01,1.272455692291259766e+01,4.000000000000000000e+00
3.292000000000000171e+01,1.678923339843750000e+02,-1.091548061370849609e+01,1.273682785034179688e+01,4.000000000000000000e+00
3.293999999999999773e+01,1.677276763916015625e+02,-1.118033790588378906e+01,1.274927902221679688e+01,4.000000000000000000e+00
3.296000000000000085e+01,1.675623931884765625e+02,-1.144429874420166016e+01,1.276190090179443359e+01,4.000000000000000000e+00
3.298000000000000398e+01,1.673964996337890625e+02,-1.170737648010253906e+01,1.277468109130859375e+01,4.000000000000000000e+00
3.300000000000000000e+01,1.672300109863281250e+02,-1.196958541870117188e+01,1.278760910034179688e+01,4.000000000000000000e+00
3.302000000000000313e+01,1.670629882812500000e+02,-1.223093891143798828e+01,1.280067634582519531e+01,4.000000000000000000e+00
3.303999999999999915e+01,1.668954162597656250e+02,-1.249144935607910156e+01,1.281387138366699219e+01,4.000000000000000000e+00
3.306000000000000227e+01,1.667273406982421875e+02,-1.275113487243652344e+01,1.282718372344970703e+01,4.000000000000000000e+00
3.307999999999999829e+01,1.665587768554687500e+02,-1.301000976562500000e+01,1.284060478210449219e+01,4.000000000000000000e+00
3.310000000000000142e+01,1.663897399902343750e+02,-1.326808834075927734e+01,1.285412311553955078e+01,4.000000000000000000e+00
3.311999999999999744e+01,1.662202758789062500e+02,-1.352538681030273438e+01,1.286773109436035156e+01,4.000000000000000000e+00
3.314000000000000057e+01,1.660503692626953125e+02,-1.378192234039306641e+01,1.288141918182373047e+01,4.000000000000000000e+00
3.316000000000000369e+01,1.658800811767578125e+02,-1.403771209716796875e+01,1.289517688751220703e+01,4.000000000000000000e+00
3.317999999999999972e+01,1.657094116210937500e+02,-1.429277038574218750e+01,1.290899562835693359e+01,4.000000000000000000e+00
3.320000000000000284e+01,1.655384063720703125e+02,-1.454711723327636719e+01,1.292286682128906250e+01,4.000000000000000000e+00
3.321999999999999886e+01,1.653670654296875000e+02,-1.480076885223388672e+01,1.293678188323974609e+01,4.000000000000000000e+00
3.324000000000000199e+01,1.651954193115234375e+02,-1.505374526977539062e+01,1.295073223114013672e+01,4.000000000000000000e+00
3.325999999999999801e+01,1.650234985351562500e+02,-1.530606365203857422e+01,1.296470832824707031e+01,4.000000000000000000e+00
3.328000000000000114e+01,1.648513031005859375e+02,-1.555774211883544922e+01,1.297870635986328125e+01,4.000000000000000000e+00
3.329999999999999716e+01,1.646788787841796875e+02,-1.580880069732666016e+01,1.299271678924560547e+01,4.000000000000000000e+00
3.332000000000000028e+01,1.645062408447265625e+02,-1.605925750732421875e+01,1.300673103332519531e+01,4.000000000000000000e+00
3.334000000000000341e+01,1.643334197998046875e+02,-1.630913162231445312e+01,1.302074432373046875e+01,4.000000000000000000e+00
3.335999999999999943e+01,1.641604156494140625e+02,-1.655844879150390625e+01,1.303474998474121094e+01,4.000000000000000000e+00
3.338000000000000256e+01,1.639872589111328125e+02,-1.680722427368164062e+01,1.304874229431152344e+01,4.000000000000000000e+00
3.339999999999999858e+01,1.638139648437500000e+02,-1.705547714233398438e+01,1.306271362304687500e+01,4.000000000000000000e+00
3.342000000000000171e+01,1.636405639648437500e+02,-1.730322837829589844e+01,1.307665824890136719e+01,4.000000000000000000e+00
3.343999999999999773e+01,1.634670715332031250e+02,-1.755050086975097656e+01,1.309056949615478516e+01,4.000000000000000000e+00
3.346000000000000085e+01,1.632935028076171875e+02,-1.779731559753417969e+01,1.310444355010986328e+01,4.000000000000000000e+00
3.348000000000000398e+01,1.631198883056640625e+02,-1.804369354248046875e+01,1.311827182769775391e+01,4.000000000000000000e+00
3.350000000000000000e+01,1.629462432861328125e+02,-1.828965568542480469e+01,1.313205242156982422e+01,4.000000000000000000e+00
3.352000000000000313e+01,1.627725982666015625e+02,-1.853522682189941406e+01,1.314578056335449219e+01,4.000000000000000000e+00
3.353999999999999915e+01,1.625989532470703125e+02,-1.878042793273925781e+01,1.315944957733154297e+01,4.000000000000000000e+00
3.356000000000000227e+01,1.624253082275390625e+02,-1.902528381347656250e+01,1.317305564880371094e+01,4.000000000000000000e+00
3.357999999999999829e+01,1.622517395019531250e+02,-1.926981353759765625e+01,1.318659305572509766e+01,4.000000000000000000e+00
3.360000000000000142e+01,1.620782165527343750e+02,-1.951404190063476562e+01,1.320005893707275391e+01,4.000000000000000000e+00
3.361999999999999744e+01,1.619047698974609375e+02,-1.975799751281738281e+01,1.321345043182373047e+01,4.000000000000000000e+00
3.364000000000000057e+01,1.617314300537109375e+02,-2.000169944763183594e+01,1.322676181793212891e+01,4.000000000000000000e+00
3.366000000000000369e+01,1.615582122802734375e+02,-2.024517631530761719e+01,1.323998928070068359e+01,4.000000000000000000e+00
3.367999999999999972e+01,1.613851318359375000e+02,-2.048844909667968750e+01,1.325312995910644531e+01,4.000000000000000000e+00
3.370000000000000284e+01,1.612122039794921875e+02,-2.073154830932617188e+01,1.326618003845214844e+01,4.000000000000000000e+00
3.371999999999999886e+01,1.610394592285156250e+02,-2.097449684143066406e+01,1.327913570404052734e+01,4.000000000000000000e+00
3.374000000000000199e+01,1.608668975830078125e+02,-2.121732139587402344e+01,1.329199504852294922e+01,4.000000000000000000e+00
3.375999999999999801e+01,1.606945495605468750e+02,-2.146004486083984375e+01,1.330475330352783203e+01,4.000000000000000000e+00
3.378000000000000114e+01,1.605224304199218750e+02,-2.170269966125488281e+01,1.331741142272949219e+01,4.000000000000000000e+00
3.379999999999999716e+01,1.603505401611328125e+02,-2.194530677795410156e+01,1.332996654510498047e+01,4.000000000000000000e+00
3.382000000000000028e+01,1.601789245605468750e+02,-2.218789482116699219e+01,1.334241676330566406e+01,4.000000000000000000e+00
3.384000000000000341e+01,1.600075836181640625e+02,-2.243048477172851562e+01,1.335476112365722656e+01,4.000000000000000000e+00
3.385999999999999943e+01,1.598365478515625000e+02,-2.267310333251953125e+01,1.336700057983398438e+01,4.000000000000000000e+00
3.388000000000000256e+01,1.596658172607421875e+02,-2.291577720642089844e+01,1.337913513183593750e+01,4.000000000000000000e+00
3.389999999999999858e+01,1.594954376220703125e+02,-2.315852737426757812e+01,1.339116764068603516e+01,4.000000000000000000e+00
3.392000000000000171e+01,1.593253784179687500e+02,-2.340137481689453125e+01,1.340309906005859375e+01,4.000000000000000000e+00
3.393999999999999773e+01,1.591557006835937500e+02,-2.364434432983398438e+01,1.341493320465087891e+01,4.000000000000000000e+00
3.396000000000000085e+01,1.589864044189453125e+02,-2.388745689392089844e+01,1.342667293548583984e+01,4.000000000000000000e+00
3.398000000000000398e+01,1.588175201416015625e+02,-2.413073539733886719e+01,1.343832015991210938e+01,4.000000000000000000e+00
3.400000000000000000e+01,1.586490631103515625e+02,-2.437420082092285156e+01,1.344987869262695312e+01,4.000000000000000000e+00
3.402000000000000313e+01,1.584810485839843750e+02,-2.461787605285644531e+01,1.346135234832763672e+01,4.000000000000000000e+00
3.403999999999999915e+01,1.583134918212890625e+02,-2.486177825927734375e+01,1.347274589538574219e+01,4.000000000000000000e+00
3.406000000000000227e+01,1.581464233398437500e+02,-2.510593605041503906e+01,1.348406028747558594e+01,4.000000000000000000e+00
3.407999999999999829e+01,1.579798431396484375e+02,-2.535036277770996094e+01,1.349529933929443359e+01,4.000000000000000000e+00
3.410000000000000142e+01,1.578137817382812500e+02,-2.559508323669433594e+01,1.350646686553955078e+01,4.000000000000000000e+00
3.411999999999999744e+01,1.576482543945312500e+02,-2.584011459350585938e+01,1.351756763458251953e+01,4.000000000000000000e+00
3.414000000000000057e+01,1.574832916259765625e+02,-2.608547973632812500e+01,1.352860069274902344e+01,4.000000000000000000e+00
3.416000000000000369e+01,1.573188934326171875e+02,-2.633119773864746094e+01,1.353957080841064453e+01,4.000000000000000000e+00
3.417999999999999972e+01,1.571550903320312500e+02,-2.657728767395019531e+01,1.355047988891601562e+01,4.000000000000000000e+00
3.420000000000000284e+01,1.569918975830078125e+02,-2.682377243041992188e+01,1.356132888793945312e+01,4.000000000000000000e+00
3.421999999999999886e+01,1.568293457031250000e+02,-2.707066917419433594e+01,1.357211971282958984e+01,4.000000000000000000e+00
3.424000000000000199e+01,1.566674194335937500e+02,-2.731799697875976562e+01,1.358285331726074219e+01,4.000000000000000000e+00
3.425999999999999801e+01,1.565061645507812500e+02,-2.756577491760253906e+01,1.359353446960449219e+01,4.000000000000000000e+00
3.428000000000000114e+01,1.563455963134765625e+02,-2.781402587890625000e+01,1.360417175292968750e+01,4.000000000000000000e+00
3.430000000000000426e+01,1.561857604980468750e+02,-2.806277084350585938e+01,1.361477184295654297e+01,4.000000000000000000e+00
3.432000000000000028e+01,1.560266113281250000e+02,-2.831203269958496094e+01,1.362534332275390625e+01,4.000000000000000000e+00
3.434000000000000341e+01,1.558682250976562500e+02,-2.856183624267578125e+01,1.363589477539062500e+01,4.000000000000000000e+00
3.435999999999999943e+01,1.557106018066406250e+02,-2.881220436096191406e+01,1.364643192291259766e+01,4.000000000000000000e+00
3.438000000000000256e+01,1.555538024902343750e+02,-2.906315612792968750e+01,1.365696048736572266e+01,4.000000000000000000e+00
3.439999999999999858e+01,1.553977966308593750e+02,-2.931471633911132812e+01,1.366748142242431641e+01,4.000000000000000000e+00
3.442000000000000171e+01,1.552426300048828125e+02,-2.956690406799316406e+01,1.367799663543701172e+01,4.000000000000000000e+00
3.443999999999999773e+01,1.550883178710937500e+02,-2.981974220275878906e+01,1.368850421905517578e+01,4.000000000000000000e+00
3.446000000000000085e+01,1.549348907470703125e+02,-3.007325172424316406e+01,1.369900417327880859e+01,4.000000000000000000e+00
3.448000000000000398e+01,1.547823486328125000e+02,-3.032745170593261719e+01,1.370949268341064453e+01,4.000000000000000000e+00
3.450000000000000000e+01,1.546307067871093750e+02,-3.058236503601074219e+01,1.371996402740478516e+01,4.000000000000000000e+00
3.452000000000000313e+01,1.544800109863281250e+02,-3.083801460266113281e+01,1.373041152954101562e+01,4.000000000000000000e+00
3.453999999999999915e+01,1.543302307128906250e+02,-3.109441947937011719e+01,1.374082756042480469e+01,4.000000000000000000e+00
3.456000000000000227e+01,1.541814422607421875e+02,-3.135159492492675781e+01,1.375120544433593750e+01,4.000000000000000000e+00
3.457999999999999829e+01,1.540336151123046875e+02,-3.160956382751464844e+01,1.376153564453125000e+01,4.000000000000000000e+00
3.460000000000000142e+01,1.538867797851562500e+02,-3.186834526062011719e+01,1.377180767059326172e+01,4.000000000000000000e+00
3.461999999999999744e+01,1.537409515380859375e+02,-3.212796020507812500e+01,1.378201198577880859e+01,4.000000000000000000e+00
3.464000000000000057e+01,1.535961456298828125e+02,-3.238841629028320312e+01,1.379213809967041016e+01,4.000000000000000000e+00
3.466000000000000369e+01,1.534523620605468750e+02,-3.264973831176757812e+01,1.380217552185058594e+01,4.000000000000000000e+00
3.467999999999999972e+01,1.533096160888671875e+02,-3.291193389892578125e+01,1.381211376190185547e+01,4.000000000000000000e+00
3.470000000000000284e+01,1.531679077148437500e+02,-3.317502975463867188e+01,1.382194137573242188e+01,4.000000000000000000e+00
3.471999999999999886e+01,1.530272521972656250e+02,-3.343903350830078125e+01,1.383164978027343750e+01,4.000000000000000000e+00
3.474000000000000199e+01,1.528876647949218750e+02,-3.370396041870117188e+01,1.384123134613037109e+01,4.000000000000000000e+00
3.475999999999999801e+01,1.527491455078125000e+02,-3.396982574462890625e+01,1.385067749023437500e+01,4.000000000000000000e+00
3.478000000000000114e+01,1.526117095947265625e+02,-3.423664474487304688e+01,1.385997867584228516e+01,4.000000000000000000e+00
3.480000000000000426e+01,1.524753570556640625e+02,-3.450443267822265625e+01,1.386912727355957031e+01,4.000000000000000000e+00
3.482000000000000028e+01,1.523400878906250000e+02,-3.477320861816406250e+01,1.387811565399169922e+01,4.000000000000000000e+00
3.484000000000000341e+01,1.522059173583984375e+02,-3.504298019409179688e+01,1.388694000244140625e+01,4.000000000000000000e+00
3.485999999999999943e+01,1.520728607177734375e+02,-3.531376647949218750e+01,1.389559078216552734e+01,4.000000000000000000e+00
3.488000000000000256e+01,1.519409027099609375e+02,-3.558558273315429688e+01,1.390406131744384766e+01,4.000000000000000000e+00
3.489999999999999858e+01,1.518100585937500000e+02,-3.585842895507812500e+01,1.391234397888183594e+01,4.000000000000000000e+00
3.492000000000000171e+01,1.516803588867187500e+02,-3.613233947753906250e+01,1.392043399810791016e+01,4.000000000000000000e+00
3.493999999999999773e+01,1.515518035888671875e+02,-3.640731430053710938e+01,1.392832660675048828e+01,4.000000000000000000e+00
3.496000000000000085e+01,1.514243316650390625e+02,-3.668336868286132812e+01,1.393601226806640625e+01,4.000000000000000000e+00
3.498000000000000398e+01,1.512979888916015625e+02,-3.696052169799804688e+01,1.394348907470703125e+01,4.000000000000000000e+00
3.500000000000000000e+01,1.511727905273437500e+02,-3.723877716064453125e+01,1.395075225830078125e+01,4.000000000000000000e+00
3.502000000000000313e+01,1.510487365722656250e+02,-3.751818084716796875e+01,1.395780754089355469e+01,4.000000000000000000e+00
3.503999999999999915e+01,1.509258270263671875e+02,-3.779876708984375000e+01,1.396466541290283203e+01,4.000000000000000000e+00
3.506000000000000227e+01,1.508040924072265625e+02,-3.808054733276367188e+01,1.397132301330566406e+01,4.000000000000000000e+00
3.507999999999999829e+01,1.506835479736328125e+02,-3.836353683471679688e+01,1.397777652740478516e+01,4.000000000000000000e+00
3.510000000000000142e+01,1.505641479492187500e+02,-3.864775085449218750e+01,1.398401832580566406e+01,4.000000000000000000e+00
3.511999999999999744e+01,1.504458923339843750e+02,-3.893320465087890625e+01,1.399004650115966797e+01,4.000000000000000000e+00
3.514000000000000057e+01,1.503288269042968750e+02,-3.921990585327148438e+01,1.399585533142089844e+01,4.000000000000000000e+00
3.516000000000000369e+01,1.502129364013671875e+02,-3.950786972045898438e+01,1.400144100189208984e+01,4.000000000000000000e+00
3.517999999999999972e+01,1.500982055664062500e+02,-3.979711532592773438e+01,1.400679969787597656e+01,4.000000000000000000e+00
3.520000000000000284e+01,1.499846801757812500e+02,-4.008764648437500000e+01,1.401192569732666016e+01,4.000000000000000000e+00
3.521999999999999886e+01,1.498723297119140625e+02,-4.037948226928710938e+01,1.401681804656982422e+01,4.000000000000000000e+00
3.524000000000000199e+01,1.497611694335937500e+02,-4.067263412475585938e+01,1.402147102355957031e+01,4.000000000000000000e+00
3.525999999999999801e+01,1.496512145996093750e+02,-4.096710968017578125e+01,1.402588081359863281e+01,4.000000000000000000e+00
3.528000000000000114e+01,1.495424499511718750e+02,-4.126293563842773438e+01,1.403004455566406250e+01,4.000000000000000000e+00
3.530000000000000426e+01,1.494348754882812500e+02,-4.156011199951171875e+01,1.403395938873291016e+01,4.000000000000000000e+00
3.532000000000000028e+01,1.493285217285156250e+02,-4.185865783691406250e+01,1.403762054443359375e+01,4.000000000000000000e+00
3.534000000000000341e+01,1.492233734130859375e+02,-4.215858459472656250e+01,1.404102802276611328e+01,4.000000000000000000e+00
3.535999999999999943e+01,1.491194305419921875e+02,-4.245989990234375000e+01,1.404417514801025391e+01,4.000000000000000000e+00
3.538000000000000256e+01,1.490166931152343750e+02,-4.276261901855468750e+01,1.404706382751464844e+01,4.000000000000000000e+00
3.539999999999999858e+01,1.489151611328125000e+02,-4.306675338745117188e+01,1.404968929290771484e+01,4.000000000000000000e+00
3.542000000000000171e+01,1.488148498535156250e+02,-4.337231063842773438e+01,1.405204772949218750e+01,4.000000000000000000e+00
3.543999999999999773e+01,1.487157440185546875e+02,-4.367931365966796875e+01,1.405413722991943359e+01,4.000000000000000000e+00
3.546000000000000085e+01,1.486178588867187500e+02,-4.398776245117187500e+01,1.405595684051513672e+01,4.000000000000000000e+00
3.548000000000000398e+01,1.485211944580078125e+02,-4.429767608642578125e+01,1.405750370025634766e+01,4.000000000000000000e+00
3.550000000000000000e+01,1.484257507324218750e+02,-4.460906600952148438e+01,1.405877590179443359e+01,4.000000000000000000e+00
3.552000000000000313e+01,1.483315124511718750e+02,-4.492193603515625000e+01,1.405977153778076172e+01,4.000000000000000000e+00
3.553999999999999915e+01,1.482384948730468750e+02,-4.523629760742187500e+01,1.406048965454101562e+01,4.000000000000000000e+00
3.556000000000000227e+01,1.481466979980468750e+02,-4.555216598510742188e+01,1.406092739105224609e+01,4.000000000000000000e+00
3.557999999999999829e+01,1.480561218261718750e+02,-4.586954879760742188e+01,1.406108379364013672e+01,4.000000000000000000e+00
3.560000000000000142e+01,1.479667663574218750e+02,-4.618845748901367188e+01,1.406095504760742188e+01,4.000000000000000000e+00
3.561999999999999744e+01,1.478786315917968750e+02,-4.650890731811523438e+01,1.406054306030273438e+01,4.000000000000000000e+00
3.564000000000000057e+01,1.477917175292968750e+02,-4.683090209960937500e+01,1.405984592437744141e+01,4.000000000000000000e+00
3.566000000000000369e+01,1.477060241699218750e+02,-4.715445327758789062e+01,1.405885982513427734e+01,4.000000000000000000e+00
3.567999999999999972e+01,1.476215515136718750e+02,-4.747957611083984375e+01,1.405758571624755859e+01,4.000000000000000000e+00
3.570000000000000284e+01,1.475382995605468750e+02,-4.780627059936523438e+01,1.405602073669433594e+01,4.000000000000000000e+00
3.571999999999999886e+01,1.474562530517578125e+02,-4.813455200195312500e+01,1.405416584014892578e+01,4.000000000000000000e+00
3.574000000000000199e+01,1.473754272460937500e+02,-4.846443176269531250e+01,1.405201911926269531e+01,4.000000000000000000e+00
3.575999999999999801e+01,1.472958221435546875e+02,-4.879590988159179688e+01,1.404958057403564453e+01,4.000000000000000000e+00
3.578000000000000114e+01,1.472174224853515625e+02,-4.912900924682617188e+01,1.404684925079345703e+01,4.000000000000000000e+00
3.580000000000000426e+01,1.471402435302734375e+02,-4.946372985839843750e+01,1.404382324218750000e+01,4.000000000000000000e+00
3.582000000000000028e+01,1.470642700195312500e+02,-4.980007553100585938e+01,1.404050254821777344e+01,4.000000000000000000e+00
3.584000000000000341e+01,1.469895019531250000e+02,-5.013806533813476562e+01,1.403688716888427734e+01,4.000000000000000000e+00
