time_s,north_m,east_m,altitude_m,phase
0.000000000000000000e+00,0.000000000000000000e+00,0.000000000000000000e+00,9.377412497997283936e-02,0.000000000000000000e+00
2.000000000000000042e-02,0.000000000000000000e+00,0.000000000000000000e+00,9.474229812622070312e-02,0.000000000000000000e+00
4.000000000000000083e-02,0.000000000000000000e+00,0.000000000000000000e+00,9.584950655698776245e-02,0.000000000000000000e+00
5.999999999999999778e-02,0.000000000000000000e+00,0.000000000000000000e+00,9.725560247898101807e-02,0.000000000000000000e+00
8.000000000000000167e-02,0.000000000000000000e+00,0.000000000000000000e+00,9.913198649883270264e-02,0.000000000000000000e+00
1.000000000000000056e-01,0.000000000000000000e+00,0.000000000000000000e+00,1.015153154730796814e-01,0.000000000000000000e+00
1.199999999999999956e-01,0.000000000000000000e+00,0.000000000000000000e+00,1.044117733836174011e-01,0.000000000000000000e+00
1.400000000000000133e-01,0.000000000000000000e+00,0.000000000000000000e+00,1.078208759427070618e-01,0.000000000000000000e+00
1.600000000000000033e-01,0.000000000000000000e+00,0.000000000000000000e+00,1.117397695779800415e-01,0.000000000000000000e+00
1.799999999999999933e-01,0.000000000000000000e+00,0.000000000000000000e+00,1.161646842956542969e-01,0.000000000000000000e+00
2.000000000000000111e-01,0.000000000000000000e+00,0.000000000000000000e+00,1.210909336805343628e-01,0.000000000000000000e+00
2.200000000000000011e-01,0.000000000000000000e+00,0.000000000000000000e+00,1.265139877796173096e-01,0.000000000000000000e+00
2.399999999999999911e-01,0.000000000000000000e+00,0.000000000000000000e+00,1.324300318956375122e-01,0.000000000000000000e+00
2.600000000000000089e-01,0.000000000000000000e+00,0.000000000000000000e+00,1.388354003429412842e-01,0.000000000000000000e+00
2.800000000000000266e-01,0.000000000000000000e+00,0.000000000000000000e+00,1.457266807556152344e-01,0.000000000000000000e+00
2.999999999999999889e-01,0.000000000000000000e+00,0.000000000000000000e+00,1.530993729829788208e-01,0.000000000000000000e+00
3.200000000000000067e-01,0.000000000000000000e+00,0.000000000000000000e+00,1.609489619731903076e-01,0.000000000000000000e+00
3.400000000000000244e-01,0.000000000000000000e+00,0.000000000000000000e+00,1.692716330289840698e-01,0.000000000000000000e+00
3.599999999999999867e-01,0.000000000000000000e+00,0.000000000000000000e+00,1.780640780925750732e-01,0.000000000000000000e+00
3.800000000000000044e-01,0.000000000000000000e+00,0.000000000000000000e+00,1.873229146003723145e-01,0.000000000000000000e+00
4.000000000000000222e-01,0.000000000000000000e+00,0.000000000000000000e+00,1.970434337854385376e-01,0.000000000000000000e+00
4.199999999999999845e-01,0.000000000000000000e+00,0.000000000000000000e+00,2.072205096483230591e-01,0.000000000000000000e+00
4.400000000000000022e-01,0.000000000000000000e+00,0.000000000000000000e+00,2.178553044795989990e-01,0.000000000000000000e+00
4.600000000000000200e-01,0.000000000000000000e+00,0.000000000000000000e+00,2.289496660232543945e-01,0.000000000000000000e+00
4.799999999999999822e-01,0.000000000000000000e+00,0.000000000000000000e+00,2.405014634132385254e-01,0.000000000000000000e+00
5.000000000000000000e-01,0.000000000000000000e+00,0.000000000000000000e+00,2.525067925453186035e-01,0.000000000000000000e+00
5.200000000000000178e-01,0.000000000000000000e+00,0.000000000000000000e+00,2.649606764316558838e-01,0.000000000000000000e+00
5.400000000000000355e-01,0.000000000000000000e+00,0.000000000000000000e+00,2.778580188751220703e-01,0.000000000000000000e+00
5.600000000000000533e-01,0.000000000000000000e+00,0.000000000000000000e+00,2.911944091320037842e-01,0.000000000000000000e+00
5.799999999999999600e-01,0.000000000000000000e+00,0.000000000000000000e+00,3.049660325050354004e-01,0.000000000000000000e+00
5.999999999999999778e-01,0.000000000000000000e+00,0.000000000000000000e+00,3.191690146923065186e-01,0.000000000000000000e+00
6.199999999999999956e-01,0.000000000000000000e+00,0.000000000000000000e+00,3.337992429733276367e-01,0.000000000000000000e+00
6.400000000000000133e-01,0.000000000000000000e+00,0.000000000000000000e+00,3.488526940345764160e-01,0.000000000000000000e+00
6.600000000000000311e-01,0.000000000000000000e+00,0.000000000000000000e+00,3.643256425857543945e-01,0.000000000000000000e+00
6.800000000000000488e-01,0.000000000000000000e+00,0.000000000000000000e+00,3.802145719528198242e-01,0.000000000000000000e+00
7.000000000000000666e-01,0.000000000000000000e+00,0.000000000000000000e+00,3.965156972408294678e-01,0.000000000000000000e+00
7.199999999999999734e-01,0.000000000000000000e+00,0.000000000000000000e+00,4.132250249385833740e-01,0.000000000000000000e+00
7.399999999999999911e-01,0.000000000000000000e+00,0.000000000000000000e+00,4.303390085697174072e-01,0.000000000000000000e+00
7.600000000000000089e-01,0.000000000000000000e+00,0.000000000000000000e+00,4.478543102741241455e-01,0.000000000000000000e+00
7.800000000000000266e-01,0.000000000000000000e+00,0.000000000000000000e+00,4.657676219940185547e-01,0.000000000000000000e+00
8.000000000000000444e-01,0.000000000000000000e+00,0.000000000000000000e+00,4.840752184391021729e-01,0.000000000000000000e+00
8.200000000000000622e-01,0.000000000000000000e+00,0.000000000000000000e+00,5.027729868888854980e-01,0.000000000000000000e+00
8.399999999999999689e-01,0.000000000000000000e+00,0.000000000000000000e+00,5.218571424484252930e-01,0.000000000000000000e+00
8.599999999999999867e-01,0.000000000000000000e+00,0.000000000000000000e+00,5.413242578506469727e-01,0.000000000000000000e+00
8.800000000000000044e-01,0.000000000000000000e+00,0.000000000000000000e+00,5.611711740493774414e-01,0.000000000000000000e+00
9.000000000000000222e-01,0.000000000000000000e+00,0.000000000000000000e+00,5.813945531845092773e-01,0.000000000000000000e+00
9.200000000000000400e-01,0.000000000000000000e+00,0.000000000000000000e+00,6.019909977912902832e-01,0.000000000000000000e+00
9.400000000000000577e-01,0.000000000000000000e+00,0.000000000000000000e+00,6.229573488235473633e-01,0.000000000000000000e+00
9.599999999999999645e-01,0.000000000000000000e+00,0.000000000000000000e+00,6.442906856536865234e-01,0.000000000000000000e+00
9.799999999999999822e-01,0.000000000000000000e+00,0.000000000000000000e+00,6.659880876541137695e-01,0.000000000000000000e+00
1.000000000000000000e+00,0.000000000000000000e+00,0.000000000000000000e+00,6.880461573600769043e-01,0.000000000000000000e+00
1.020000000000000018e+00,0.000000000000000000e+00,0.000000000000000000e+00,7.104610800743103027e-01,0.000000000000000000e+00
1.040000000000000036e+00,0.000000000000000000e+00,0.000000000000000000e+00,7.332293987274169922e-01,0.000000000000000000e+00
1.060000000000000053e+00,0.000000000000000000e+00,0.000000000000000000e+00,7.563481926918029785e-01,0.000000000000000000e+00
1.080000000000000071e+00,0.000000000000000000e+00,0.000000000000000000e+00,7.798146605491638184e-01,0.000000000000000000e+00
1.100000000000000089e+00,0.000000000000000000e+00,0.000000000000000000e+00,8.036257028579711914e-01,0.000000000000000000e+00
1.120000000000000107e+00,0.000000000000000000e+00,0.000000000000000000e+00,8.277776241302490234e-01,0.000000000000000000e+00
1.140000000000000124e+00,0.000000000000000000e+00,0.000000000000000000e+00,8.522671461105346680e-01,0.000000000000000000e+00
1.159999999999999920e+00,0.000000000000000000e+00,0.000000000000000000e+00,8.770915269851684570e-01,0.000000000000000000e+00
1.179999999999999938e+00,0.000000000000000000e+00,0.000000000000000000e+00,9.022481441497802734e-01,0.000000000000000000e+00
1.199999999999999956e+00,0.000000000000000000e+00,0.000000000000000000e+00,9.277340173721313477e-01,0.000000000000000000e+00
1.219999999999999973e+00,0.000000000000000000e+00,0.000000000000000000e+00,9.535458683967590332e-01,0.000000000000000000e+00
1.239999999999999991e+00,0.000000000000000000e+00,0.000000000000000000e+00,9.796805381774902344e-01,0.000000000000000000e+00
1.260000000000000009e+00,0.000000000000000000e+00,0.000000000000000000e+00,1.006135225296020508e+00,1.000000000000000000e+00
1.280000000000000027e+00,0.000000000000000000e+00,0.000000000000000000e+00,1.032874822616577148e+00,1.000000000000000000e+00
1.300000000000000044e+00,0.000000000000000000e+00,0.000000000000000000e+00,1.059838771820068359e+00,1.000000000000000000e+00
1.320000000000000062e+00,0.000000000000000000e+00,0.000000000000000000e+00,1.086979985237121582e+00,1.000000000000000000e+00
1.340000000000000080e+00,0.000000000000000000e+00,0.000000000000000000e+00,1.114269614219665527e+00,1.000000000000000000e+00
1.360000000000000098e+00,0.000000000000000000e+00,0.000000000000000000e+00,1.141689896583557129e+00,1.000000000000000000e+00
1.380000000000000115e+00,0.000000000000000000e+00,0.000000000000000000e+00,1.169228315353393555e+00,1.000000000000000000e+00
1.400000000000000133e+00,0.000000000000000000e+00,0.000000000000000000e+00,1.196873664855957031e+00,1.000000000000000000e+00
1.419999999999999929e+00,0.000000000000000000e+00,0.000000000000000000e+00,1.224620819091796875e+00,1.000000000000000000e+00
1.439999999999999947e+00,0.000000000000000000e+00,0.000000000000000000e+00,1.252468585968017578e+00,1.000000000000000000e+00
1.459999999999999964e+00,0.000000000000000000e+00,0.000000000000000000e+00,1.280415415763854980e+00,1.000000000000000000e+00
1.479999999999999982e+00,0.000000000000000000e+00,0.000000000000000000e+00,1.308458209037780762e+00,1.000000000000000000e+00
1.500000000000000000e+00,0.000000000000000000e+00,0.000000000000000000e+00,1.336592078208923340e+00,1.000000000000000000e+00
1.520000000000000018e+00,0.000000000000000000e+00,0.000000000000000000e+00,1.364812612533569336e+00,1.000000000000000000e+00
1.540000000000000036e+00,0.000000000000000000e+00,0.000000000000000000e+00,1.393116831779479980e+00,1.000000000000000000e+00
1.560000000000000053e+00,0.000000000000000000e+00,0.000000000000000000e+00,1.421501517295837402e+00,1.000000000000000000e+00
1.580000000000000071e+00,0.000000000000000000e+00,0.000000000000000000e+00,1.449962735176086426e+00,1.000000000000000000e+00
1.600000000000000089e+00,0.000000000000000000e+00,0.000000000000000000e+00,1.478495359420776367e+00,1.000000000000000000e+00
1.620000000000000107e+00,0.000000000000000000e+00,0.000000000000000000e+00,1.507102489471435547e+00,1.000000000000000000e+00
1.640000000000000124e+00,0.000000000000000000e+00,0.000000000000000000e+00,1.535791397094726562e+00,1.000000000000000000e+00
1.660000000000000142e+00,0.000000000000000000e+00,0.000000000000000000e+00,1.564564585685729980e+00,1.000000000000000000e+00
1.679999999999999938e+00,0.000000000000000000e+00,0.000000000000000000e+00,1.593420743942260742e+00,1.000000000000000000e+00
1.699999999999999956e+00,0.000000000000000000e+00,0.000000000000000000e+00,1.622356772422790527e+00,1.000000000000000000e+00
1.719999999999999973e+00,0.000000000000000000e+00,0.000000000000000000e+00,1.651372313499450684e+00,1.000000000000000000e+00
1.739999999999999991e+00,0.000000000000000000e+00,0.000000000000000000e+00,1.680468916893005371e+00,1.000000000000000000e+00
1.760000000000000009e+00,0.000000000000000000e+00,0.000000000000000000e+00,1.709645748138427734e+00,1.000000000000000000e+00
1.780000000000000027e+00,0.000000000000000000e+00,0.000000000000000000e+00,1.738900899887084961e+00,1.000000000000000000e+00
1.800000000000000044e+00,0.000000000000000000e+00,0.000000000000000000e+00,1.768230319023132324e+00,1.000000000000000000e+00
1.820000000000000062e+00,0.000000000000000000e+00,0.000000000000000000e+00,1.797630786895751953e+00,1.000000000000000000e+00
1.840000000000000080e+00,0.000000000000000000e+00,0.000000000000000000e+00,1.827099442481994629e+00,1.000000000000000000e+00
1.860000000000000098e+00,0.000000000000000000e+00,0.000000000000000000e+00,1.856633663177490234e+00,1.000000000000000000e+00
1.880000000000000115e+00,0.000000000000000000e+00,0.000000000000000000e+00,1.886229515075683594e+00,1.000000000000000000e+00
1.900000000000000133e+00,0.000000000000000000e+00,0.000000000000000000e+00,1.915882349014282227e+00,1.000000000000000000e+00
1.919999999999999929e+00,0.000000000000000000e+00,0.000000000000000000e+00,1.945590734481811523e+00,1.000000000000000000e+00
1.939999999999999947e+00,0.000000000000000000e+00,0.000000000000000000e+00,1.975354909896850586e+00,1.000000000000000000e+00
1.959999999999999964e+00,0.000000000000000000e+00,0.000000000000000000e+00,2.005174398422241211e+00,1.000000000000000000e+00
1.979999999999999982e+00,0.000000000000000000e+00,0.000000000000000000e+00,2.035046577453613281e+00,1.000000000000000000e+00
2.000000000000000000e+00,0.000000000000000000e+00,0.000000000000000000e+00,2.064968109130859375e+00,1.000000000000000000e+00
2.020000000000000018e+00,0.000000000000000000e+00,0.000000000000000000e+00,2.094943284988403320e+00,1.000000000000000000e+00
2.040000000000000036e+00,0.000000000000000000e+00,0.000000000000000000e+00,2.124979734420776367e+00,1.000000000000000000e+00
2.060000000000000053e+00,0.000000000000000000e+00,0.000000000000000000e+00,2.155081272125244141e+00,1.000000000000000000e+00
2.080000000000000071e+00,0.000000000000000000e+00,0.000000000000000000e+00,2.185247182846069336e+00,1.000000000000000000e+00
2.100000000000000089e+00,0.000000000000000000e+00,0.000000000000000000e+00,2.215474605560302734e+00,1.000000000000000000e+00
2.120000000000000107e+00,0.000000000000000000e+00,0.000000000000000000e+00,2.245763301849365234e+00,1.000000000000000000e+00
2.140000000000000124e+00,0.000000000000000000e+00,0.000000000000000000e+00,2.276115179061889648e+00,1.000000000000000000e+00
2.160000000000000142e+00,0.000000000000000000e+00,0.000000000000000000e+00,2.306529998779296875e+00,1.000000000000000000e+00
2.180000000000000160e+00,0.000000000000000000e+00,0.000000000000000000e+00,2.337005853652954102e+00,1.000000000000000000e+00
2.200000000000000178e+00,0.000000000000000000e+00,0.000000000000000000e+00,2.367538928985595703e+00,1.000000000000000000e+00
2.220000000000000195e+00,0.000000000000000000e+00,0.000000000000000000e+00,2.398125171661376953e+00,1.000000000000000000e+00
2.240000000000000213e+00,0.000000000000000000e+00,0.000000000000000000e+00,2.428761720657348633e+00,1.000000000000000000e+00
2.260000000000000231e+00,0.000000000000000000e+00,0.000000000000000000e+00,2.459445476531982422e+00,1.000000000000000000e+00
2.280000000000000249e+00,0.000000000000000000e+00,0.000000000000000000e+00,2.490172863006591797e+00,1.000000000000000000e+00
2.300000000000000266e+00,0.000000000000000000e+00,0.000000000000000000e+00,2.520938873291015625e+00,1.000000000000000000e+00
2.319999999999999840e+00,0.000000000000000000e+00,0.000000000000000000e+00,2.551746129989624023e+00,1.000000000000000000e+00
2.339999999999999858e+00,0.000000000000000000e+00,0.000000000000000000e+00,2.582599878311157227e+00,1.000000000000000000e+00
2.359999999999999876e+00,0.000000000000000000e+00,0.000000000000000000e+00,2.613502025604248047e+00,1.000000000000000000e+00
2.379999999999999893e+00,0.000000000000000000e+00,0.000000000000000000e+00,2.644451141357421875e+00,1.000000000000000000e+00
2.399999999999999911e+00,0.000000000000000000e+00,0.000000000000000000e+00,2.675444364547729492e+00,1.000000000000000000e+00
2.419999999999999929e+00,0.000000000000000000e+00,0.000000000000000000e+00,2.706481695175170898e+00,1.000000000000000000e+00
2.439999999999999947e+00,0.000000000000000000e+00,0.000000000000000000e+00,2.737565517425537109e+00,1.000000000000000000e+00
2.459999999999999964e+00,0.000000000000000000e+00,0.000000000000000000e+00,2.768695831298828125e+00,1.000000000000000000e+00
2.479999999999999982e+00,0.000000000000000000e+00,0.000000000000000000e+00,2.799870729446411133e+00,1.000000000000000000e+00
2.500000000000000000e+00,0.000000000000000000e+00,0.000000000000000000e+00,2.831086635589599609e+00,1.000000000000000000e+00
2.520000000000000018e+00,0.000000000000000000e+00,0.000000000000000000e+00,2.862342596054077148e+00,1.000000000000000000e+00
2.540000000000000036e+00,0.000000000000000000e+00,0.000000000000000000e+00,2.893638849258422852e+00,1.000000000000000000e+00
2.560000000000000053e+00,0.000000000000000000e+00,0.000000000000000000e+00,2.924974918365478516e+00,1.000000000000000000e+00
2.580000000000000071e+00,0.000000000000000000e+00,0.000000000000000000e+00,2.956348657608032227e+00,1.000000000000000000e+00
2.600000000000000089e+00,0.000000000000000000e+00,0.000000000000000000e+00,2.987756967544555664e+00,1.000000000000000000e+00
2.620000000000000107e+00,0.000000000000000000e+00,0.000000000000000000e+00,3.019200563430786133e+00,1.000000000000000000e+00
2.640000000000000124e+00,0.000000000000000000e+00,0.000000000000000000e+00,3.050683021545410156e+00,1.000000000000000000e+00
2.660000000000000142e+00,0.000000000000000000e+00,0.000000000000000000e+00,3.082205057144165039e+00,1.000000000000000000e+00
2.680000000000000160e+00,0.000000000000000000e+00,0.000000000000000000e+00,3.113765239715576172e+00,1.000000000000000000e+00
2.700000000000000178e+00,0.000000000000000000e+00,0.000000000000000000e+00,3.145360231399536133e+00,1.000000000000000000e+00
2.720000000000000195e+00,0.000000000000000000e+00,0.000000000000000000e+00,3.176987409591674805e+00,1.000000000000000000e+00
2.740000000000000213e+00,0.000000000000000000e+00,0.000000000000000000e+00,3.208645820617675781e+00,1.000000000000000000e+00
2.760000000000000231e+00,0.000000000000000000e+00,0.000000000000000000e+00,3.240332841873168945e+00,1.000000000000000000e+00
2.780000000000000249e+00,0.000000000000000000e+00,0.000000000000000000e+00,3.272045850753784180e+00,1.000000000000000000e+00
2.800000000000000266e+00,0.000000000000000000e+00,0.000000000000000000e+00,3.303780794143676758e+00,1.000000000000000000e+00
2.819999999999999840e+00,0.000000000000000000e+00,0.000000000000000000e+00,3.335540056228637695e+00,1.000000000000000000e+00
2.839999999999999858e+00,0.000000000000000000e+00,0.000000000000000000e+00,3.367327690124511719e+00,1.000000000000000000e+00
2.859999999999999876e+00,0.000000000000000000e+00,0.000000000000000000e+00,3.399145841598510742e+00,1.000000000000000000e+00
2.879999999999999893e+00,0.000000000000000000e+00,0.000000000000000000e+00,3.430992126464843750e+00,1.000000000000000000e+00
2.899999999999999911e+00,0.000000000000000000e+00,0.000000000000000000e+00,3.462863922119140625e+00,1.000000000000000000e+00
2.919999999999999929e+00,0.000000000000000000e+00,0.000000000000000000e+00,3.494762659072875977e+00,1.000000000000000000e+00
2.939999999999999947e+00,0.000000000000000000e+00,0.000000000000000000e+00,3.526690483093261719e+00,1.000000000000000000e+00
2.959999999999999964e+00,0.000000000000000000e+00,0.000000000000000000e+00,3.558648824691772461e+00,1.000000000000000000e+00
2.979999999999999982e+00,0.000000000000000000e+00,0.000000000000000000e+00,3.590635776519775391e+00,1.000000000000000000e+00
3.000000000000000000e+00,0.000000000000000000e+00,0.000000000000000000e+00,3.622648239135742188e+00,1.000000000000000000e+00
3.020000000000000018e+00,0.000000000000000000e+00,0.000000000000000000e+00,3.654685258865356445e+00,1.000000000000000000e+00
3.040000000000000036e+00,0.000000000000000000e+00,0.000000000000000000e+00,3.686746835708618164e+00,1.000000000000000000e+00
3.060000000000000053e+00,0.000000000000000000e+00,0.000000000000000000e+00,3.718832015991210938e+00,1.000000000000000000e+00
3.080000000000000071e+00,0.000000000000000000e+00,0.000000000000000000e+00,3.750939130783081055e+00,1.000000000000000000e+00
3.100000000000000089e+00,0.000000000000000000e+00,0.000000000000000000e+00,3.783064603805541992e+00,1.000000000000000000e+00
3.120000000000000107e+00,0.000000000000000000e+00,0.000000000000000000e+00,3.815209865570068359e+00,1.000000000000000000e+00
3.140000000000000124e+00,0.000000000000000000e+00,0.000000000000000000e+00,3.847379684448242188e+00,1.000000000000000000e+00
3.160000000000000142e+00,0.000000000000000000e+00,0.000000000000000000e+00,3.879575729370117188e+00,1.000000000000000000e+00
3.180000000000000160e+00,0.000000000000000000e+00,0.000000000000000000e+00,3.911796808242797852e+00,1.000000000000000000e+00
3.200000000000000178e+00,0.000000000000000000e+00,0.000000000000000000e+00,3.944040536880493164e+00,1.000000000000000000e+00
3.220000000000000195e+00,0.000000000000000000e+00,0.000000000000000000e+00,3.976306200027465820e+00,1.000000000000000000e+00
3.240000000000000213e+00,0.000000000000000000e+00,0.000000000000000000e+00,4.008594036102294922e+00,1.000000000000000000e+00
3.260000000000000231e+00,0.000000000000000000e+00,0.000000000000000000e+00,4.040903568267822266e+00,1.000000000000000000e+00
3.280000000000000249e+00,0.000000000000000000e+00,0.000000000000000000e+00,4.073232650756835938e+00,1.000000000000000000e+00
3.300000000000000266e+00,0.000000000000000000e+00,0.000000000000000000e+00,4.105578422546386719e+00,1.000000000000000000e+00
3.320000000000000284e+00,0.000000000000000000e+00,0.000000000000000000e+00,4.137943267822265625e+00,1.000000000000000000e+00
3.339999999999999858e+00,0.000000000000000000e+00,0.000000000000000000e+00,4.170332431793212891e+00,1.000000000000000000e+00
3.359999999999999876e+00,0.000000000000000000e+00,0.000000000000000000e+00,4.202746391296386719e+00,1.000000000000000000e+00
3.379999999999999893e+00,0.000000000000000000e+00,0.000000000000000000e+00,4.235185623168945312e+00,1.000000000000000000e+00
3.399999999999999911e+00,0.000000000000000000e+00,0.000000000000000000e+00,4.267645359039306641e+00,1.000000000000000000e+00
3.419999999999999929e+00,0.000000000000000000e+00,0.000000000000000000e+00,4.300124645233154297e+00,1.000000000000000000e+00
3.439999999999999947e+00,0.000000000000000000e+00,0.000000000000000000e+00,4.332619667053222656e+00,1.000000000000000000e+00
3.459999999999999964e+00,0.000000000000000000e+00,0.000000000000000000e+00,4.365128040313720703e+00,1.000000000000000000e+00
3.479999999999999982e+00,0.000000000000000000e+00,0.000000000000000000e+00,4.397647857666015625e+00,1.000000000000000000e+00
3.500000000000000000e+00,0.000000000000000000e+00,0.000000000000000000e+00,4.430174827575683594e+00,1.000000000000000000e+00
3.520000000000000018e+00,0.000000000000000000e+00,0.000000000000000000e+00,4.462708473205566406e+00,1.000000000000000000e+00
3.540000000000000036e+00,0.000000000000000000e+00,0.000000000000000000e+00,4.495251178741455078e+00,1.000000000000000000e+00
3.560000000000000053e+00,0.000000000000000000e+00,0.000000000000000000e+00,4.527803421020507812e+00,1.000000000000000000e+00
3.580000000000000071e+00,0.000000000000000000e+00,0.000000000000000000e+00,4.560364246368408203e+00,1.000000000000000000e+00
3.600000000000000089e+00,0.000000000000000000e+00,0.000000000000000000e+00,4.592930793762207031e+00,1.000000000000000000e+00
3.620000000000000107e+00,0.000000000000000000e+00,0.000000000000000000e+00,4.625505924224853516e+00,1.000000000000000000e+00
3.640000000000000124e+00,0.000000000000000000e+00,0.000000000000000000e+00,4.658095359802246094e+00,1.000000000000000000e+00
3.660000000000000142e+00,0.000000000000000000e+00,0.000000000000000000e+00,4.690701484680175781e+00,1.000000000000000000e+00
3.680000000000000160e+00,0.000000000000000000e+00,0.000000000000000000e+00,4.723323345184326172e+00,1.000000000000000000e+00
3.700000000000000178e+00,0.000000000000000000e+00,0.000000000000000000e+00,4.755958080291748047e+00,1.000000000000000000e+00
3.720000000000000195e+00,0.000000000000000000e+00,0.000000000000000000e+00,4.788604736328125000e+00,1.000000000000000000e+00
3.740000000000000213e+00,0.000000000000000000e+00,0.000000000000000000e+00,4.821260452270507812e+00,1.000000000000000000e+00
3.760000000000000231e+00,0.000000000000000000e+00,0.000000000000000000e+00,4.853923320770263672e+00,1.000000000000000000e+00
3.780000000000000249e+00,0.000000000000000000e+00,0.000000000000000000e+00,4.886590003967285156e+00,1.000000000000000000e+00
3.800000000000000266e+00,0.000000000000000000e+00,0.000000000000000000e+00,4.919258117675781250e+00,1.000000000000000000e+00
3.820000000000000284e+00,0.000000000000000000e+00,0.000000000000000000e+00,4.951923847198486328e+00,1.000000000000000000e+00
3.839999999999999858e+00,0.000000000000000000e+00,0.000000000000000000e+00,4.984589576721191406e+00,1.000000000000000000e+00
3.859999999999999876e+00,0.000000000000000000e+00,0.000000000000000000e+00,5.017252922058105469e+00,1.000000000000000000e+00
3.879999999999999893e+00,0.000000000000000000e+00,0.000000000000000000e+00,5.049912929534912109e+00,1.000000000000000000e+00
3.899999999999999911e+00,0.000000000000000000e+00,0.000000000000000000e+00,5.082566738128662109e+00,1.000000000000000000e+00
3.919999999999999929e+00,0.000000000000000000e+00,0.000000000000000000e+00,5.115216255187988281e+00,1.000000000000000000e+00
3.939999999999999947e+00,0.000000000000000000e+00,0.000000000000000000e+00,5.147865295410156250e+00,1.000000000000000000e+00
3.959999999999999964e+00,0.000000000000000000e+00,0.000000000000000000e+00,5.180516719818115234e+00,1.000000000000000000e+00
3.979999999999999982e+00,0.000000000000000000e+00,0.000000000000000000e+00,5.213168144226074219e+00,1.000000000000000000e+00
4.000000000000000000e+00,0.000000000000000000e+00,0.000000000000000000e+00,5.245818138122558594e+00,1.000000000000000000e+00
4.020000000000000462e+00,0.000000000000000000e+00,0.000000000000000000e+00,5.278467178344726562e+00,1.000000000000000000e+00
4.040000000000000036e+00,0.000000000000000000e+00,0.000000000000000000e+00,5.311113834381103516e+00,1.000000000000000000e+00
4.060000000000000497e+00,0.000000000000000000e+00,0.000000000000000000e+00,5.343760013580322266e+00,1.000000000000000000e+00
4.080000000000000071e+00,0.000000000000000000e+00,0.000000000000000000e+00,5.376403331756591797e+00,1.000000000000000000e+00
4.099999999999999645e+00,0.000000000000000000e+00,0.000000000000000000e+00,5.409040927886962891e+00,1.000000000000000000e+00
4.120000000000000107e+00,0.000000000000000000e+00,0.000000000000000000e+00,5.441672801971435547e+00,1.000000000000000000e+00
4.139999999999999680e+00,0.000000000000000000e+00,0.000000000000000000e+00,5.474297046661376953e+00,1.000000000000000000e+00
4.160000000000000142e+00,0.000000000000000000e+00,0.000000000000000000e+00,5.506912231445312500e+00,1.000000000000000000e+00
4.179999999999999716e+00,0.000000000000000000e+00,0.000000000000000000e+00,5.539516448974609375e+00,1.000000000000000000e+00
4.200000000000000178e+00,0.000000000000000000e+00,0.000000000000000000e+00,5.572108268737792969e+00,1.000000000000000000e+00
4.219999999999999751e+00,0.000000000000000000e+00,0.000000000000000000e+00,5.604690551757812500e+00,1.000000000000000000e+00
4.240000000000000213e+00,0.000000000000000000e+00,0.000000000000000000e+00,5.637266159057617188e+00,1.000000000000000000e+00
4.259999999999999787e+00,0.000000000000000000e+00,0.000000000000000000e+00,5.669836044311523438e+00,1.000000000000000000e+00
4.280000000000000249e+00,0.000000000000000000e+00,0.000000000000000000e+00,5.702400207519531250e+00,1.000000000000000000e+00
4.299999999999999822e+00,0.000000000000000000e+00,0.000000000000000000e+00,5.734957218170166016e+00,1.000000000000000000e+00
4.320000000000000284e+00,0.000000000000000000e+00,0.000000000000000000e+00,5.767503738403320312e+00,1.000000000000000000e+00
4.339999999999999858e+00,0.000000000000000000e+00,0.000000000000000000e+00,5.800035953521728516e+00,1.000000000000000000e+00
4.360000000000000320e+00,0.000000000000000000e+00,0.000000000000000000e+00,5.832551002502441406e+00,1.000000000000000000e+00
4.379999999999999893e+00,0.000000000000000000e+00,0.000000000000000000e+00,5.865046024322509766e+00,1.000000000000000000e+00
4.400000000000000355e+00,0.000000000000000000e+00,0.000000000000000000e+00,5.897520542144775391e+00,1.000000000000000000e+00
4.419999999999999929e+00,0.000000000000000000e+00,0.000000000000000000e+00,5.929975032806396484e+00,1.000000000000000000e+00
4.440000000000000391e+00,0.000000000000000000e+00,0.000000000000000000e+00,5.962411403656005859e+00,1.000000000000000000e+00
4.459999999999999964e+00,0.000000000000000000e+00,0.000000000000000000e+00,5.994829654693603516e+00,1.000000000000000000e+00
4.480000000000000426e+00,0.000000000000000000e+00,0.000000000000000000e+00,6.027230262756347656e+00,1.000000000000000000e+00
4.500000000000000000e+00,0.000000000000000000e+00,0.000000000000000000e+00,6.059611797332763672e+00,1.000000000000000000e+00
4.520000000000000462e+00,0.000000000000000000e+00,0.000000000000000000e+00,6.091976642608642578e+00,1.000000000000000000e+00
4.540000000000000036e+00,0.000000000000000000e+00,0.000000000000000000e+00,6.124327659606933594e+00,1.000000000000000000e+00
4.560000000000000497e+00,0.000000000000000000e+00,0.000000000000000000e+00,6.156666755676269531e+00,1.000000000000000000e+00
4.580000000000000071e+00,0.000000000000000000e+00,0.000000000000000000e+00,6.188993930816650391e+00,1.000000000000000000e+00
4.600000000000000533e+00,0.000000000000000000e+00,0.000000000000000000e+00,6.221306324005126953e+00,1.000000000000000000e+00
4.620000000000000107e+00,0.000000000000000000e+00,0.000000000000000000e+00,6.253607273101806641e+00,1.000000000000000000e+00
4.639999999999999680e+00,0.000000000000000000e+00,0.000000000000000000e+00,6.285899639129638672e+00,1.000000000000000000e+00
4.660000000000000142e+00,0.000000000000000000e+00,0.000000000000000000e+00,6.318184852600097656e+00,1.000000000000000000e+00
4.679999999999999716e+00,0.000000000000000000e+00,0.000000000000000000e+00,6.350462913513183594e+00,1.000000000000000000e+00
4.700000000000000178e+00,0.000000000000000000e+00,0.000000000000000000e+00,6.382731914520263672e+00,1.000000000000000000e+00
4.719999999999999751e+00,0.000000000000000000e+00,0.000000000000000000e+00,6.414989948272705078e+00,1.000000000000000000e+00
4.740000000000000213e+00,0.000000000000000000e+00,0.000000000000000000e+00,6.447236061096191406e+00,1.000000000000000000e+00
4.759999999999999787e+00,0.000000000000000000e+00,0.000000000000000000e+00,6.479467391967773438e+00,1.000000000000000000e+00
4.780000000000000249e+00,0.000000000000000000e+00,0.000000000000000000e+00,6.511682987213134766e+00,1.000000000000000000e+00
4.799999999999999822e+00,0.000000000000000000e+00,0.000000000000000000e+00,6.543881893157958984e+00,1.000000000000000000e+00
4.820000000000000284e+00,0.000000000000000000e+00,0.000000000000000000e+00,6.576064586639404297e+00,1.000000000000000000e+00
4.839999999999999858e+00,0.000000000000000000e+00,0.000000000000000000e+00,6.608232975006103516e+00,1.000000000000000000e+00
4.860000000000000320e+00,0.000000000000000000e+00,0.000000000000000000e+00,6.640388011932373047e+00,1.000000000000000000e+00
4.879999999999999893e+00,0.000000000000000000e+00,0.000000000000000000e+00,6.672529220581054688e+00,1.000000000000000000e+00
4.900000000000000355e+00,0.000000000000000000e+00,0.000000000000000000e+00,6.704655647277832031e+00,1.000000000000000000e+00
4.919999999999999929e+00,0.000000000000000000e+00,0.000000000000000000e+00,6.736767292022705078e+00,1.000000000000000000e+00
4.940000000000000391e+00,0.000000000000000000e+00,0.000000000000000000e+00,6.768864154815673828e+00,1.000000000000000000e+00
4.959999999999999964e+00,0.000000000000000000e+00,0.000000000000000000e+00,6.800945281982421875e+00,1.000000000000000000e+00
4.980000000000000426e+00,0.000000000000000000e+00,0.000000000000000000e+00,6.833010196685791016e+00,1.000000000000000000e+00
5.000000000000000000e+00,0.000000000000000000e+00,0.000000000000000000e+00,6.865058422088623047e+00,1.000000000000000000e+00
5.020000000000000462e+00,0.000000000000000000e+00,0.000000000000000000e+00,6.897090911865234375e+00,1.000000000000000000e+00
5.040000000000000036e+00,0.000000000000000000e+00,0.000000000000000000e+00,6.929108142852783203e+00,1.000000000000000000e+00
5.060000000000000497e+00,0.000000000000000000e+00,0.000000000000000000e+00,6.961110115051269531e+00,1.000000000000000000e+00
5.080000000000000071e+00,0.000000000000000000e+00,0.000000000000000000e+00,6.993096351623535156e+00,1.000000000000000000e+00
5.100000000000000533e+00,0.000000000000000000e+00,0.000000000000000000e+00,7.025066852569580078e+00,1.000000000000000000e+00
5.120000000000000107e+00,0.000000000000000000e+00,0.000000000000000000e+00,7.057019710540771484e+00,1.000000000000000000e+00
5.139999999999999680e+00,0.000000000000000000e+00,0.000000000000000000e+00,7.088953018188476562e+00,1.000000000000000000e+00
5.160000000000000142e+00,0.000000000000000000e+00,0.000000000000000000e+00,7.120865345001220703e+00,1.000000000000000000e+00
5.179999999999999716e+00,0.000000000000000000e+00,0.000000000000000000e+00,7.152755737304687500e+00,1.000000000000000000e+00
5.200000000000000178e+00,0.000000000000000000e+00,0.000000000000000000e+00,7.184622764587402344e+00,1.000000000000000000e+00
5.219999999999999751e+00,0.000000000000000000e+00,0.000000000000000000e+00,7.216468811035156250e+00,1.000000000000000000e+00
5.240000000000000213e+00,0.000000000000000000e+00,0.000000000000000000e+00,7.248294353485107422e+00,1.000000000000000000e+00
5.259999999999999787e+00,0.000000000000000000e+00,0.000000000000000000e+00,7.280100345611572266e+00,1.000000000000000000e+00
5.280000000000000249e+00,0.000000000000000000e+00,0.000000000000000000e+00,7.311885356903076172e+00,1.000000000000000000e+00
5.299999999999999822e+00,0.000000000000000000e+00,0.000000000000000000e+00,7.343650817871093750e+00,1.000000000000000000e+00
5.320000000000000284e+00,0.000000000000000000e+00,0.000000000000000000e+00,7.375397682189941406e+00,1.000000000000000000e+00
5.339999999999999858e+00,0.000000000000000000e+00,0.000000000000000000e+00,7.407128810882568359e+00,1.000000000000000000e+00
5.360000000000000320e+00,0.000000000000000000e+00,0.000000000000000000e+00,7.438844680786132812e+00,1.000000000000000000e+00
5.379999999999999893e+00,0.000000000000000000e+00,0.000000000000000000e+00,7.470546245574951172e+00,1.000000000000000000e+00
5.400000000000000355e+00,0.000000000000000000e+00,0.000000000000000000e+00,7.502233028411865234e+00,1.000000000000000000e+00
5.419999999999999929e+00,0.000000000000000000e+00,0.000000000000000000e+00,7.533902168273925781e+00,1.000000000000000000e+00
5.440000000000000391e+00,0.000000000000000000e+00,0.000000000000000000e+00,7.565547466278076172e+00,1.000000000000000000e+00
5.459999999999999964e+00,0.000000000000000000e+00,0.000000000000000000e+00,7.597165584564208984e+00,1.000000000000000000e+00
5.480000000000000426e+00,0.000000000000000000e+00,0.000000000000000000e+00,7.628754615783691406e+00,1.000000000000000000e+00
5.500000000000000000e+00,0.000000000000000000e+00,0.000000000000000000e+00,7.660314559936523438e+00,1.000000000000000000e+00
5.520000000000000462e+00,0.000000000000000000e+00,0.000000000000000000e+00,7.691844940185546875e+00,1.000000000000000000e+00
5.540000000000000036e+00,0.000000000000000000e+00,0.000000000000000000e+00,7.723346710205078125e+00,1.000000000000000000e+00
5.560000000000000497e+00,0.000000000000000000e+00,0.000000000000000000e+00,7.754821300506591797e+00,1.000000000000000000e+00
5.580000000000000071e+00,0.000000000000000000e+00,0.000000000000000000e+00,7.786269187927246094e+00,1.000000000000000000e+00
5.600000000000000533e+00,0.000000000000000000e+00,0.000000000000000000e+00,7.817691326141357422e+00,1.000000000000000000e+00
5.620000000000000107e+00,0.000000000000000000e+00,0.000000000000000000e+00,7.849088668823242188e+00,1.000000000000000000e+00
5.639999999999999680e+00,0.000000000000000000e+00,0.000000000000000000e+00,7.880460262298583984e+00,1.000000000000000000e+00
5.660000000000000142e+00,0.000000000000000000e+00,0.000000000000000000e+00,7.911807537078857422e+00,1.000000000000000000e+00
5.679999999999999716e+00,0.000000000000000000e+00,0.000000000000000000e+00,7.943128585815429688e+00,1.000000000000000000e+00
5.700000000000000178e+00,0.000000000000000000e+00,0.000000000000000000e+00,7.974425792694091797e+00,1.000000000000000000e+00
5.719999999999999751e+00,0.000000000000000000e+00,0.000000000000000000e+00,8.005699157714843750e+00,1.000000000000000000e+00
5.740000000000000213e+00,0.000000000000000000e+00,0.000000000000000000e+00,8.036946296691894531e+00,1.000000000000000000e+00
5.759999999999999787e+00,0.000000000000000000e+00,0.000000000000000000e+00,8.068168640136718750e+00,1.000000000000000000e+00
5.780000000000000249e+00,0.000000000000000000e+00,0.000000000000000000e+00,8.099363327026367188e+00,1.000000000000000000e+00
5.799999999999999822e+00,0.000000000000000000e+00,0.000000000000000000e+00,8.130534172058105469e+00,1.000000000000000000e+00
5.820000000000000284e+00,0.000000000000000000e+00,0.000000000000000000e+00,8.161681175231933594e+00,1.000000000000000000e+00
5.839999999999999858e+00,0.000000000000000000e+00,0.000000000000000000e+00,8.192800521850585938e+00,1.000000000000000000e+00
5.860000000000000320e+00,0.000000000000000000e+00,0.000000000000000000e+00,8.223893165588378906e+00,1.000000000000000000e+00
5.879999999999999893e+00,0.000000000000000000e+00,0.000000000000000000e+00,8.254959106445312500e+00,1.000000000000000000e+00
5.900000000000000355e+00,0.000000000000000000e+00,0.000000000000000000e+00,8.285999298095703125e+00,1.000000000000000000e+00
5.919999999999999929e+00,0.000000000000000000e+00,0.000000000000000000e+00,8.317012786865234375e+00,1.000000000000000000e+00
5.940000000000000391e+00,0.000000000000000000e+00,0.000000000000000000e+00,8.348002433776855469e+00,1.000000000000000000e+00
5.959999999999999964e+00,0.000000000000000000e+00,0.000000000000000000e+00,8.378968238830566406e+00,1.000000000000000000e+00
5.980000000000000426e+00,0.000000000000000000e+00,0.000000000000000000e+00,8.409910202026367188e+00,1.000000000000000000e+00
6.000000000000000000e+00,0.000000000000000000e+00,0.000000000000000000e+00,8.440832138061523438e+00,1.000000000000000000e+00
6.020000000000000462e+00,0.000000000000000000e+00,0.000000000000000000e+00,8.471731185913085938e+00,1.000000000000000000e+00
6.040000000000000036e+00,0.000000000000000000e+00,0.000000000000000000e+00,8.502606391906738281e+00,1.000000000000000000e+00
6.060000000000000497e+00,0.000000000000000000e+00,0.000000000000000000e+00,8.533452987670898438e+00,1.000000000000000000e+00
6.080000000000000071e+00,0.000000000000000000e+00,0.000000000000000000e+00,8.564275741577148438e+00,1.000000000000000000e+00
6.100000000000000533e+00,0.000000000000000000e+00,0.000000000000000000e+00,8.595074653625488281e+00,1.000000000000000000e+00
6.120000000000000107e+00,0.000000000000000000e+00,0.000000000000000000e+00,8.625845909118652344e+00,1.000000000000000000e+00
6.140000000000000568e+00,0.000000000000000000e+00,0.000000000000000000e+00,8.656589508056640625e+00,1.000000000000000000e+00
6.160000000000000142e+00,0.000000000000000000e+00,0.000000000000000000e+00,8.687303543090820312e+00,1.000000000000000000e+00
6.179999999999999716e+00,0.000000000000000000e+00,0.000000000000000000e+00,8.717988014221191406e+00,1.000000000000000000e+00
6.200000000000000178e+00,0.000000000000000000e+00,0.000000000000000000e+00,8.748643875122070312e+00,1.000000000000000000e+00
6.219999999999999751e+00,0.000000000000000000e+00,0.000000000000000000e+00,8.779272079467773438e+00,1.000000000000000000e+00
6.240000000000000213e+00,0.000000000000000000e+00,0.000000000000000000e+00,8.809868812561035156e+00,1.000000000000000000e+00
6.259999999999999787e+00,0.000000000000000000e+00,0.000000000000000000e+00,8.840434074401855469e+00,1.000000000000000000e+00
6.280000000000000249e+00,0.000000000000000000e+00,0.000000000000000000e+00,8.870968818664550781e+00,1.000000000000000000e+00
6.299999999999999822e+00,0.000000000000000000e+00,0.000000000000000000e+00,8.901473045349121094e+00,1.000000000000000000e+00
6.320000000000000284e+00,0.000000000000000000e+00,0.000000000000000000e+00,8.931946754455566406e+00,1.000000000000000000e+00
6.339999999999999858e+00,0.000000000000000000e+00,0.000000000000000000e+00,8.962390899658203125e+00,1.000000000000000000e+00
6.360000000000000320e+00,0.000000000000000000e+00,0.000000000000000000e+00,8.992805480957031250e+00,1.000000000000000000e+00
6.379999999999999893e+00,0.000000000000000000e+00,0.000000000000000000e+00,9.023190498352050781e+00,1.000000000000000000e+00
6.400000000000000355e+00,0.000000000000000000e+00,0.000000000000000000e+00,9.053548812866210938e+00,1.000000000000000000e+00
6.419999999999999929e+00,0.000000000000000000e+00,0.000000000000000000e+00,9.083880424499511719e+00,1.000000000000000000e+00
6.440000000000000391e+00,0.000000000000000000e+00,0.000000000000000000e+00,9.114184379577636719e+00,1.000000000000000000e+00
6.459999999999999964e+00,0.000000000000000000e+00,0.000000000000000000e+00,9.144461631774902344e+00,1.000000000000000000e+00
6.480000000000000426e+00,0.000000000000000000e+00,0.000000000000000000e+00,9.174712181091308594e+00,1.000000000000000000e+00
6.500000000000000000e+00,0.000000000000000000e+00,0.000000000000000000e+00,9.204938888549804688e+00,1.000000000000000000e+00
6.520000000000000462e+00,0.000000000000000000e+00,0.000000000000000000e+00,9.235141754150390625e+00,1.000000000000000000e+00
6.540000000000000036e+00,0.000000000000000000e+00,0.000000000000000000e+00,9.265320777893066406e+00,1.000000000000000000e+00
6.560000000000000497e+00,0.000000000000000000e+00,0.000000000000000000e+00,9.295477867126464844e+00,1.000000000000000000e+00
6.580000000000000071e+00,0.000000000000000000e+00,0.000000000000000000e+00,9.325613975524902344e+00,1.000000000000000000e+00
6.600000000000000533e+00,0.000000000000000000e+00,0.000000000000000000e+00,9.355730056762695312e+00,1.000000000000000000e+00
6.620000000000000107e+00,0.000000000000000000e+00,0.000000000000000000e+00,9.385824203491210938e+00,1.000000000000000000e+00
6.640000000000000568e+00,0.000000000000000000e+00,0.000000000000000000e+00,9.415893554687500000e+00,1.000000000000000000e+00
6.660000000000000142e+00,0.000000000000000000e+00,0.000000000000000000e+00,9.445939064025878906e+00,1.000000000000000000e+00
6.679999999999999716e+00,0.000000000000000000e+00,0.000000000000000000e+00,9.475960731506347656e+00,1.000000000000000000e+00
6.700000000000000178e+00,0.000000000000000000e+00,0.000000000000000000e+00,9.505958557128906250e+00,1.000000000000000000e+00
6.719999999999999751e+00,0.000000000000000000e+00,0.000000000000000000e+00,9.535927772521972656e+00,1.000000000000000000e+00
6.740000000000000213e+00,0.000000000000000000e+00,0.000000000000000000e+00,9.565873146057128906e+00,1.000000000000000000e+00
6.759999999999999787e+00,0.000000000000000000e+00,0.000000000000000000e+00,9.595789909362792969e+00,1.000000000000000000e+00
6.780000000000000249e+00,0.000000000000000000e+00,0.000000000000000000e+00,9.625679969787597656e+00,1.000000000000000000e+00
6.799999999999999822e+00,0.000000000000000000e+00,0.000000000000000000e+00,9.655544281005859375e+00,1.000000000000000000e+00
6.820000000000000284e+00,0.000000000000000000e+00,0.000000000000000000e+00,9.685383796691894531e+00,1.000000000000000000e+00
6.839999999999999858e+00,0.000000000000000000e+00,0.000000000000000000e+00,9.715194702148437500e+00,1.000000000000000000e+00
6.860000000000000320e+00,0.000000000000000000e+00,0.000000000000000000e+00,9.744976043701171875e+00,1.000000000000000000e+00
6.879999999999999893e+00,0.000000000000000000e+00,0.000000000000000000e+00,9.774727821350097656e+00,1.000000000000000000e+00
6.900000000000000355e+00,0.000000000000000000e+00,0.000000000000000000e+00,9.804450035095214844e+00,1.000000000000000000e+00
6.919999999999999929e+00,0.000000000000000000e+00,0.000000000000000000e+00,9.834144592285156250e+00,1.000000000000000000e+00
6.940000000000000391e+00,0.000000000000000000e+00,0.000000000000000000e+00,9.863812446594238281e+00,1.000000000000000000e+00
6.959999999999999964e+00,0.000000000000000000e+00,0.000000000000000000e+00,9.893452644348144531e+00,1.000000000000000000e+00
6.980000000000000426e+00,0.000000000000000000e+00,0.000000000000000000e+00,9.923069000244140625e+00,1.000000000000000000e+00
7.000000000000000000e+00,0.000000000000000000e+00,0.000000000000000000e+00,9.952661514282226562e+00,1.000000000000000000e+00
7.020000000000000462e+00,0.000000000000000000e+00,0.000000000000000000e+00,9.982230186462402344e+00,1.000000000000000000e+00
7.040000000000000036e+00,0.000000000000000000e+00,0.000000000000000000e+00,1.001177215576171875e+01,1.000000000000000000e+00
7.060000000000000497e+00,0.000000000000000000e+00,0.000000000000000000e+00,1.004128837585449219e+01,1.000000000000000000e+00
7.080000000000000071e+00,0.000000000000000000e+00,0.000000000000000000e+00,1.007077693939208984e+01,1.000000000000000000e+00
7.100000000000000533e+00,0.000000000000000000e+00,0.000000000000000000e+00,1.010024070739746094e+01,1.000000000000000000e+00
7.120000000000000107e+00,0.000000000000000000e+00,0.000000000000000000e+00,1.012968063354492188e+01,1.000000000000000000e+00
7.140000000000000568e+00,0.000000000000000000e+00,0.000000000000000000e+00,1.015909671783447266e+01,1.000000000000000000e+00
7.160000000000000142e+00,0.000000000000000000e+00,0.000000000000000000e+00,1.018848896026611328e+01,1.000000000000000000e+00
7.179999999999999716e+00,0.000000000000000000e+00,0.000000000000000000e+00,1.021785736083984375e+01,1.000000000000000000e+00
7.200000000000000178e+00,0.000000000000000000e+00,0.000000000000000000e+00,1.024720191955566406e+01,1.000000000000000000e+00
7.219999999999999751e+00,0.000000000000000000e+00,0.000000000000000000e+00,1.027652263641357422e+01,1.000000000000000000e+00
7.240000000000000213e+00,0.000000000000000000e+00,0.000000000000000000e+00,1.030581951141357422e+01,1.000000000000000000e+00
7.259999999999999787e+00,0.000000000000000000e+00,0.000000000000000000e+00,1.033509254455566406e+01,1.000000000000000000e+00
7.280000000000000249e+00,0.000000000000000000e+00,0.000000000000000000e+00,1.036434173583984375e+01,1.000000000000000000e+00
7.299999999999999822e+00,0.000000000000000000e+00,0.000000000000000000e+00,1.039356708526611328e+01,1.000000000000000000e+00
7.320000000000000284e+00,0.000000000000000000e+00,0.000000000000000000e+00,1.042276859283447266e+01,1.000000000000000000e+00
7.339999999999999858e+00,0.000000000000000000e+00,0.000000000000000000e+00,1.045194625854492188e+01,1.000000000000000000e+00
7.360000000000000320e+00,0.000000000000000000e+00,0.000000000000000000e+00,1.048109531402587891e+01,1.000000000000000000e+00
7.379999999999999893e+00,0.000000000000000000e+00,0.000000000000000000e+00,1.051021575927734375e+01,1.000000000000000000e+00
7.400000000000000355e+00,0.000000000000000000e+00,0.000000000000000000e+00,1.053930759429931641e+01,1.000000000000000000e+00
7.419999999999999929e+00,0.000000000000000000e+00,0.000000000000000000e+00,1.056837272644042969e+01,1.000000000000000000e+00
7.440000000000000391e+00,0.000000000000000000e+00,0.000000000000000000e+00,1.059741020202636719e+01,1.000000000000000000e+00
7.459999999999999964e+00,0.000000000000000000e+00,0.000000000000000000e+00,1.062641906738281250e+01,1.000000000000000000e+00
7.480000000000000426e+00,0.000000000000000000e+00,0.000000000000000000e+00,1.065540122985839844e+01,1.000000000000000000e+00
7.500000000000000000e+00,0.000000000000000000e+00,0.000000000000000000e+00,1.068435764312744141e+01,1.000000000000000000e+00
7.520000000000000462e+00,0.000000000000000000e+00,0.000000000000000000e+00,1.071328735351562500e+01,1.000000000000000000e+00
7.540000000000000036e+00,0.000000000000000000e+00,0.000000000000000000e+00,1.074218940734863281e+01,1.000000000000000000e+00
7.560000000000000497e+00,0.000000000000000000e+00,0.000000000000000000e+00,1.077106094360351562e+01,1.000000000000000000e+00
7.580000000000000071e+00,0.000000000000000000e+00,0.000000000000000000e+00,1.079990291595458984e+01,1.000000000000000000e+00
7.600000000000000533e+00,0.000000000000000000e+00,0.000000000000000000e+00,1.082871532440185547e+01,1.000000000000000000e+00
7.620000000000000107e+00,0.000000000000000000e+00,0.000000000000000000e+00,1.085749912261962891e+01,1.000000000000000000e+00
7.640000000000000568e+00,0.000000000000000000e+00,0.000000000000000000e+00,1.088625431060791016e+01,1.000000000000000000e+00
7.660000000000000142e+00,0.000000000000000000e+00,0.000000000000000000e+00,1.091498088836669922e+01,1.000000000000000000e+00
7.679999999999999716e+00,0.000000000000000000e+00,0.000000000000000000e+00,1.094367885589599609e+01,1.000000000000000000e+00
7.700000000000000178e+00,0.000000000000000000e+00,0.000000000000000000e+00,1.097235107421875000e+01,1.000000000000000000e+00
7.719999999999999751e+00,0.000000000000000000e+00,0.000000000000000000e+00,1.100099754333496094e+01,1.000000000000000000e+00
7.740000000000000213e+00,0.000000000000000000e+00,0.000000000000000000e+00,1.102961730957031250e+01,1.000000000000000000e+00
7.759999999999999787e+00,0.000000000000000000e+00,0.000000000000000000e+00,1.105820846557617188e+01,1.000000000000000000e+00
7.780000000000000249e+00,0.000000000000000000e+00,0.000000000000000000e+00,1.108677101135253906e+01,1.000000000000000000e+00
7.799999999999999822e+00,0.000000000000000000e+00,0.000000000000000000e+00,1.111530780792236328e+01,1.000000000000000000e+00
7.820000000000000284e+00,0.000000000000000000e+00,0.000000000000000000e+00,1.114381790161132812e+01,1.000000000000000000e+00
7.839999999999999858e+00,0.000000000000000000e+00,0.000000000000000000e+00,1.117230415344238281e+01,1.000000000000000000e+00
7.860000000000000320e+00,0.000000000000000000e+00,0.000000000000000000e+00,1.120076274871826172e+01,1.000000000000000000e+00
7.879999999999999893e+00,0.000000000000000000e+00,0.000000000000000000e+00,1.122919654846191406e+01,1.000000000000000000e+00
7.900000000000000355e+00,0.000000000000000000e+00,0.000000000000000000e+00,1.125760841369628906e+01,1.000000000000000000e+00
7.919999999999999929e+00,0.000000000000000000e+00,0.000000000000000000e+00,1.128599929809570312e+01,1.000000000000000000e+00
7.940000000000000391e+00,0.000000000000000000e+00,0.000000000000000000e+00,1.131436252593994141e+01,1.000000000000000000e+00
7.959999999999999964e+00,0.000000000000000000e+00,0.000000000000000000e+00,1.134270095825195312e+01,1.000000000000000000e+00
7.980000000000000426e+00,0.000000000000000000e+00,0.000000000000000000e+00,1.137101078033447266e+01,1.000000000000000000e+00
8.000000000000000000e+00,0.000000000000000000e+00,0.000000000000000000e+00,1.139929676055908203e+01,1.000000000000000000e+00
8.019999999999999574e+00,0.000000000000000000e+00,0.000000000000000000e+00,1.142755508422851562e+01,1.000000000000000000e+00
8.040000000000000924e+00,0.000000000000000000e+00,0.000000000000000000e+00,1.145578861236572266e+01,1.000000000000000000e+00
8.060000000000000497e+00,0.000000000000000000e+00,0.000000000000000000e+00,1.148399353027343750e+01,1.000000000000000000e+00
8.080000000000000071e+00,0.000000000000000000e+00,0.000000000000000000e+00,1.151217460632324219e+01,1.000000000000000000e+00
8.099999999999999645e+00,0.000000000000000000e+00,0.000000000000000000e+00,1.154033184051513672e+01,1.000000000000000000e+00
8.120000000000000995e+00,0.000000000000000000e+00,0.000000000000000000e+00,1.156846523284912109e+01,1.000000000000000000e+00
8.140000000000000568e+00,0.000000000000000000e+00,0.000000000000000000e+00,1.159657478332519531e+01,1.000000000000000000e+00
8.160000000000000142e+00,0.000000000000000000e+00,0.000000000000000000e+00,1.162465763092041016e+01,1.000000000000000000e+00
8.179999999999999716e+00,0.000000000000000000e+00,0.000000000000000000e+00,1.165271472930908203e+01,1.000000000000000000e+00
8.199999999999999289e+00,0.000000000000000000e+00,0.000000000000000000e+00,1.168075275421142578e+01,1.000000000000000000e+00
8.220000000000000639e+00,0.000000000000000000e+00,0.000000000000000000e+00,1.170876693725585938e+01,1.000000000000000000e+00
8.240000000000000213e+00,0.000000000000000000e+00,0.000000000000000000e+00,1.173675727844238281e+01,1.000000000000000000e+00
8.259999999999999787e+00,0.000000000000000000e+00,0.000000000000000000e+00,1.176472187042236328e+01,1.000000000000000000e+00
8.279999999999999361e+00,0.000000000000000000e+00,0.000000000000000000e+00,1.179265975952148438e+01,1.000000000000000000e+00
8.300000000000000711e+00,0.000000000000000000e+00,0.000000000000000000e+00,1.182057380676269531e+01,1.000000000000000000e+00
8.320000000000000284e+00,0.000000000000000000e+00,0.000000000000000000e+00,1.184846401214599609e+01,1.000000000000000000e+00
8.339999999999999858e+00,0.000000000000000000e+00,0.000000000000000000e+00,1.187632942199707031e+01,1.000000000000000000e+00
8.359999999999999432e+00,0.000000000000000000e+00,0.000000000000000000e+00,1.190416717529296875e+01,1.000000000000000000e+00
8.380000000000000782e+00,0.000000000000000000e+00,0.000000000000000000e+00,1.193198108673095703e+01,1.000000000000000000e+00
8.400000000000000355e+00,0.000000000000000000e+00,0.000000000000000000e+00,1.195977115631103516e+01,1.000000000000000000e+00
8.419999999999999929e+00,0.000000000000000000e+00,0.000000000000000000e+00,1.198753738403320312e+01,1.000000000000000000e+00
8.439999999999999503e+00,0.000000000000000000e+00,0.000000000000000000e+00,1.201527976989746094e+01,1.000000000000000000e+00
8.460000000000000853e+00,0.000000000000000000e+00,0.000000000000000000e+00,1.204299831390380859e+01,1.000000000000000000e+00
8.480000000000000426e+00,0.000000000000000000e+00,0.000000000000000000e+00,1.207069301605224609e+01,1.000000000000000000e+00
8.500000000000000000e+00,0.000000000000000000e+00,0.000000000000000000e+00,1.209836673736572266e+01,1.000000000000000000e+00
8.519999999999999574e+00,0.000000000000000000e+00,0.000000000000000000e+00,1.212601852416992188e+01,1.000000000000000000e+00
8.540000000000000924e+00,0.000000000000000000e+00,0.000000000000000000e+00,1.215365028381347656e+01,1.000000000000000000e+00
8.560000000000000497e+00,0.000000000000000000e+00,0.000000000000000000e+00,1.218125915527343750e+01,1.000000000000000000e+00
8.580000000000000071e+00,0.000000000000000000e+00,0.000000000000000000e+00,1.220884799957275391e+01,1.000000000000000000e+00
8.599999999999999645e+00,0.000000000000000000e+00,0.000000000000000000e+00,1.223641681671142578e+01,1.000000000000000000e+00
8.620000000000000995e+00,0.000000000000000000e+00,0.000000000000000000e+00,1.226396751403808594e+01,1.000000000000000000e+00
8.640000000000000568e+00,0.000000000000000000e+00,0.000000000000000000e+00,1.229149818420410156e+01,1.000000000000000000e+00
8.660000000000000142e+00,0.000000000000000000e+00,0.000000000000000000e+00,1.231900691986083984e+01,1.000000000000000000e+00
8.679999999999999716e+00,0.000000000000000000e+00,0.000000000000000000e+00,1.234649467468261719e+01,1.000000000000000000e+00
8.700000000000001066e+00,0.000000000000000000e+00,0.000000000000000000e+00,1.237396240234375000e+01,1.000000000000000000e+00
8.720000000000000639e+00,0.000000000000000000e+00,0.000000000000000000e+00,1.240140914916992188e+01,1.000000000000000000e+00
8.740000000000000213e+00,0.000000000000000000e+00,0.000000000000000000e+00,1.242883682250976562e+01,1.000000000000000000e+00
8.759999999999999787e+00,0.000000000000000000e+00,0.000000000000000000e+00,1.245624065399169922e+01,1.000000000000000000e+00
8.779999999999999361e+00,0.000000000000000000e+00,0.000000000000000000e+00,1.248362064361572266e+01,1.000000000000000000e+00
8.800000000000000711e+00,0.000000000000000000e+00,0.000000000000000000e+00,1.251097965240478516e+01,1.000000000000000000e+00
8.820000000000000284e+00,0.000000000000000000e+00,0.000000000000000000e+00,1.253831672668457031e+01,1.000000000000000000e+00
8.839999999999999858e+00,0.000000000000000000e+00,0.000000000000000000e+00,1.256562995910644531e+01,1.000000000000000000e+00
8.859999999999999432e+00,0.000000000000000000e+00,0.000000000000000000e+00,1.259291934967041016e+01,1.000000000000000000e+00
8.880000000000000782e+00,0.000000000000000000e+00,0.000000000000000000e+00,1.262018489837646484e+01,1.000000000000000000e+00
8.900000000000000355e+00,0.000000000000000000e+00,0.000000000000000000e+00,1.264742660522460938e+01,1.000000000000000000e+00
8.919999999999999929e+00,0.000000000000000000e+00,0.000000000000000000e+00,1.267464447021484375e+01,1.000000000000000000e+00
8.939999999999999503e+00,0.000000000000000000e+00,0.000000000000000000e+00,1.270183849334716797e+01,1.000000000000000000e+00
8.960000000000000853e+00,0.000000000000000000e+00,0.000000000000000000e+00,1.272900867462158203e+01,1.000000000000000000e+00
8.980000000000000426e+00,0.000000000000000000e+00,0.000000000000000000e+00,1.275615501403808594e+01,1.000000000000000000e+00
9.000000000000000000e+00,0.000000000000000000e+00,0.000000000000000000e+00,1.278328227996826172e+01,1.000000000000000000e+00
9.019999999999999574e+00,0.000000000000000000e+00,0.000000000000000000e+00,1.281038665771484375e+01,1.000000000000000000e+00
9.040000000000000924e+00,0.000000000000000000e+00,0.000000000000000000e+00,1.283747100830078125e+01,1.000000000000000000e+00
9.060000000000000497e+00,0.000000000000000000e+00,0.000000000000000000e+00,1.286453151702880859e+01,1.000000000000000000e+00
9.080000000000000071e+00,0.000000000000000000e+00,0.000000000000000000e+00,1.289156913757324219e+01,1.000000000000000000e+00
9.099999999999999645e+00,0.000000000000000000e+00,0.000000000000000000e+00,1.291858673095703125e+01,1.000000000000000000e+00
9.120000000000000995e+00,0.000000000000000000e+00,0.000000000000000000e+00,1.294558525085449219e+01,1.000000000000000000e+00
9.140000000000000568e+00,0.000000000000000000e+00,0.000000000000000000e+00,1.297256088256835938e+01,1.000000000000000000e+00
9.160000000000000142e+00,0.000000000000000000e+00,0.000000000000000000e+00,1.299951648712158203e+01,1.000000000000000000e+00
9.179999999999999716e+00,0.000000000000000000e+00,0.000000000000000000e+00,1.302644824981689453e+01,1.000000000000000000e+00
9.200000000000001066e+00,0.000000000000000000e+00,0.000000000000000000e+00,1.305335998535156250e+01,1.000000000000000000e+00
9.220000000000000639e+00,0.000000000000000000e+00,0.000000000000000000e+00,1.308025169372558594e+01,1.000000000000000000e+00
9.240000000000000213e+00,0.000000000000000000e+00,0.000000000000000000e+00,1.310712242126464844e+01,1.000000000000000000e+00
9.259999999999999787e+00,0.000000000000000000e+00,0.000000000000000000e+00,1.313397312164306641e+01,1.000000000000000000e+00
9.279999999999999361e+00,0.000000000000000000e+00,0.000000000000000000e+00,1.316080474853515625e+01,1.000000000000000000e+00
9.300000000000000711e+00,0.000000000000000000e+00,0.000000000000000000e+00,1.318761825561523438e+01,1.000000000000000000e+00
9.320000000000000284e+00,0.000000000000000000e+00,0.000000000000000000e+00,1.321441364288330078e+01,1.000000000000000000e+00
9.339999999999999858e+00,0.000000000000000000e+00,0.000000000000000000e+00,1.324118900299072266e+01,1.000000000000000000e+00
9.359999999999999432e+00,0.000000000000000000e+00,0.000000000000000000e+00,1.326794433593750000e+01,1.000000000000000000e+00
9.380000000000000782e+00,0.000000000000000000e+00,0.000000000000000000e+00,1.329467773437500000e+01,1.000000000000000000e+00
9.400000000000000355e+00,0.000000000000000000e+00,0.000000000000000000e+00,1.332139110565185547e+01,1.000000000000000000e+00
9.419999999999999929e+00,0.000000000000000000e+00,0.000000000000000000e+00,1.334808444976806641e+01,1.000000000000000000e+00
9.439999999999999503e+00,0.000000000000000000e+00,0.000000000000000000e+00,1.337475585937500000e+01,1.000000000000000000e+00
9.460000000000000853e+00,0.000000000000000000e+00,0.000000000000000000e+00,1.340140628814697266e+01,1.000000000000000000e+00
9.480000000000000426e+00,0.000000000000000000e+00,0.000000000000000000e+00,1.342803287506103516e+01,1.000000000000000000e+00
9.500000000000000000e+00,0.000000000000000000e+00,0.000000000000000000e+00,1.345464038848876953e+01,1.000000000000000000e+00
9.519999999999999574e+00,0.000000000000000000e+00,0.000000000000000000e+00,1.348122882843017578e+01,1.000000000000000000e+00
9.540000000000000924e+00,0.000000000000000000e+00,0.000000000000000000e+00,1.350779438018798828e+01,1.000000000000000000e+00
9.560000000000000497e+00,0.000000000000000000e+00,0.000000000000000000e+00,1.353433990478515625e+01,1.000000000000000000e+00
9.580000000000000071e+00,0.000000000000000000e+00,0.000000000000000000e+00,1.356086158752441406e+01,1.000000000000000000e+00
9.599999999999999645e+00,0.000000000000000000e+00,0.000000000000000000e+00,1.358736515045166016e+01,1.000000000000000000e+00
9.620000000000000995e+00,0.000000000000000000e+00,0.000000000000000000e+00,1.361384963989257812e+01,1.000000000000000000e+00
9.640000000000000568e+00,0.000000000000000000e+00,0.000000000000000000e+00,1.364031410217285156e+01,1.000000000000000000e+00
9.660000000000000142e+00,0.000000000000000000e+00,0.000000000000000000e+00,1.366675758361816406e+01,1.000000000000000000e+00
9.679999999999999716e+00,0.000000000000000000e+00,0.000000000000000000e+00,1.369317913055419922e+01,1.000000000000000000e+00
9.700000000000001066e+00,0.000000000000000000e+00,0.000000000000000000e+00,1.371958351135253906e+01,1.000000000000000000e+00
9.720000000000000639e+00,0.000000000000000000e+00,0.000000000000000000e+00,1.374596881866455078e+01,1.000000000000000000e+00
9.740000000000000213e+00,0.000000000000000000e+00,0.000000000000000000e+00,1.377233600616455078e+01,1.000000000000000000e+00
9.759999999999999787e+00,0.000000000000000000e+00,0.000000000000000000e+00,1.379868412017822266e+01,1.000000000000000000e+00
9.779999999999999361e+00,0.000000000000000000e+00,0.000000000000000000e+00,1.382501411437988281e+01,1.000000000000000000e+00
9.800000000000000711e+00,0.000000000000000000e+00,0.000000000000000000e+00,1.385132789611816406e+01,1.000000000000000000e+00
9.820000000000000284e+00,0.000000000000000000e+00,0.000000000000000000e+00,1.387762546539306641e+01,1.000000000000000000e+00
9.839999999999999858e+00,0.000000000000000000e+00,0.000000000000000000e+00,1.390390682220458984e+01,1.000000000000000000e+00
9.859999999999999432e+00,0.000000000000000000e+00,0.000000000000000000e+00,1.393017196655273438e+01,1.000000000000000000e+00
9.880000000000000782e+00,0.000000000000000000e+00,0.000000000000000000e+00,1.395641994476318359e+01,1.000000000000000000e+00
9.900000000000000355e+00,0.000000000000000000e+00,0.000000000000000000e+00,1.398265266418457031e+01,1.000000000000000000e+00
9.919999999999999929e+00,0.000000000000000000e+00,0.000000000000000000e+00,1.400886917114257812e+01,1.000000000000000000e+00
9.939999999999999503e+00,0.000000000000000000e+00,0.000000000000000000e+00,1.403506946563720703e+01,1.000000000000000000e+00
9.960000000000000853e+00,0.000000000000000000e+00,0.000000000000000000e+00,1.406125354766845703e+01,1.000000000000000000e+00
9.980000000000000426e+00,0.000000000000000000e+00,0.000000000000000000e+00,1.408741950988769531e+01,1.000000000000000000e+00
1.000000000000000000e+01,0.000000000000000000e+00,0.000000000000000000e+00,1.411356925964355469e+01,1.000000000000000000e+00
1.001999999999999957e+01,0.000000000000000000e+00,0.000000000000000000e+00,1.413970279693603516e+01,1.000000000000000000e+00
1.004000000000000092e+01,0.000000000000000000e+00,0.000000000000000000e+00,1.416581916809082031e+01,1.000000000000000000e+00
1.006000000000000050e+01,0.000000000000000000e+00,0.000000000000000000e+00,1.419191646575927734e+01,1.000000000000000000e+00
1.008000000000000007e+01,0.000000000000000000e+00,0.000000000000000000e+00,1.421799564361572266e+01,1.000000000000000000e+00
1.009999999999999964e+01,0.000000000000000000e+00,0.000000000000000000e+00,1.424405765533447266e+01,1.000000000000000000e+00
1.012000000000000099e+01,0.000000000000000000e+00,0.000000000000000000e+00,1.427010440826416016e+01,1.000000000000000000e+00
1.014000000000000057e+01,0.000000000000000000e+00,0.000000000000000000e+00,1.429613208770751953e+01,1.000000000000000000e+00
1.016000000000000014e+01,0.000000000000000000e+00,0.000000000000000000e+00,1.432214164733886719e+01,1.000000000000000000e+00
1.017999999999999972e+01,0.000000000000000000e+00,0.000000000000000000e+00,1.434813308715820312e+01,1.000000000000000000e+00
1.020000000000000107e+01,0.000000000000000000e+00,0.000000000000000000e+00,1.437410831451416016e+01,1.000000000000000000e+00
1.022000000000000064e+01,0.000000000000000000e+00,0.000000000000000000e+00,1.440006923675537109e+01,1.000000000000000000e+00
1.024000000000000021e+01,0.000000000000000000e+00,0.000000000000000000e+00,1.442601203918457031e+01,1.000000000000000000e+00
1.025999999999999979e+01,0.000000000000000000e+00,0.000000000000000000e+00,1.445193862915039062e+01,1.000000000000000000e+00
1.027999999999999936e+01,0.000000000000000000e+00,0.000000000000000000e+00,1.447784709930419922e+01,1.000000000000000000e+00
1.030000000000000071e+01,0.000000000000000000e+00,0.000000000000000000e+00,1.450374031066894531e+01,1.000000000000000000e+00
1.032000000000000028e+01,0.000000000000000000e+00,0.000000000000000000e+00,1.452962017059326172e+01,1.000000000000000000e+00
1.033999999999999986e+01,0.000000000000000000e+00,0.000000000000000000e+00,1.455548381805419922e+01,1.000000000000000000e+00
1.035999999999999943e+01,0.000000000000000000e+00,0.000000000000000000e+00,1.458133125305175781e+01,1.000000000000000000e+00
1.038000000000000078e+01,0.000000000000000000e+00,0.000000000000000000e+00,1.460716247558593750e+01,1.000000000000000000e+00
1.040000000000000036e+01,0.000000000000000000e+00,0.000000000000000000e+00,1.463297939300537109e+01,1.000000000000000000e+00
1.041999999999999993e+01,0.000000000000000000e+00,0.000000000000000000e+00,1.465878295898437500e+01,1.000000000000000000e+00
1.043999999999999950e+01,0.000000000000000000e+00,0.000000000000000000e+00,1.468457221984863281e+01,1.000000000000000000e+00
1.046000000000000085e+01,0.000000000000000000e+00,0.000000000000000000e+00,1.471034336090087891e+01,1.000000000000000000e+00
1.048000000000000043e+01,0.000000000000000000e+00,0.000000000000000000e+00,1.473609924316406250e+01,1.000000000000000000e+00
1.050000000000000000e+01,0.000000000000000000e+00,0.000000000000000000e+00,1.476184272766113281e+01,1.000000000000000000e+00
1.051999999999999957e+01,0.000000000000000000e+00,0.000000000000000000e+00,1.478757190704345703e+01,1.000000000000000000e+00
1.054000000000000092e+01,0.000000000000000000e+00,0.000000000000000000e+00,1.481328582763671875e+01,1.000000000000000000e+00
1.056000000000000050e+01,0.000000000000000000e+00,0.000000000000000000e+00,1.483898448944091797e+01,1.000000000000000000e+00
1.058000000000000007e+01,0.000000000000000000e+00,0.000000000000000000e+00,1.486466693878173828e+01,1.000000000000000000e+00
1.059999999999999964e+01,0.000000000000000000e+00,0.000000000000000000e+00,1.489033603668212891e+01,1.000000000000000000e+00
1.062000000000000099e+01,0.000000000000000000e+00,0.000000000000000000e+00,1.491599273681640625e+01,1.000000000000000000e+00
1.064000000000000057e+01,0.000000000000000000e+00,0.000000000000000000e+00,1.494163417816162109e+01,1.000000000000000000e+00
1.066000000000000014e+01,0.000000000000000000e+00,0.000000000000000000e+00,1.496725940704345703e+01,1.000000000000000000e+00
1.067999999999999972e+01,0.000000000000000000e+00,0.000000000000000000e+00,1.499287033081054688e+01,1.000000000000000000e+00
1.070000000000000107e+01,0.000000000000000000e+00,0.000000000000000000e+00,1.501846790313720703e+01,1.000000000000000000e+00
1.072000000000000064e+01,0.000000000000000000e+00,0.000000000000000000e+00,1.504405403137207031e+01,1.000000000000000000e+00
1.074000000000000021e+01,0.000000000000000000e+00,0.000000000000000000e+00,1.506962490081787109e+01,1.000000000000000000e+00
1.075999999999999979e+01,0.000000000000000000e+00,0.000000000000000000e+00,1.509518051147460938e+01,1.000000000000000000e+00
1.077999999999999936e+01,0.000000000000000000e+00,0.000000000000000000e+00,1.512071990966796875e+01,1.000000000000000000e+00
1.080000000000000071e+01,0.000000000000000000e+00,0.000000000000000000e+00,1.514624595642089844e+01,1.000000000000000000e+00
1.082000000000000028e+01,0.000000000000000000e+00,0.000000000000000000e+00,1.517175865173339844e+01,1.000000000000000000e+00
1.083999999999999986e+01,0.000000000000000000e+00,0.000000000000000000e+00,1.519725704193115234e+01,1.000000000000000000e+00
1.085999999999999943e+01,0.000000000000000000e+00,0.000000000000000000e+00,1.522273921966552734e+01,1.000000000000000000e+00
1.088000000000000078e+01,0.000000000000000000e+00,0.000000000000000000e+00,1.524820613861083984e+01,1.000000000000000000e+00
1.090000000000000036e+01,0.000000000000000000e+00,0.000000000000000000e+00,1.527366065979003906e+01,1.000000000000000000e+00
1.091999999999999993e+01,0.000000000000000000e+00,0.000000000000000000e+00,1.529910373687744141e+01,1.000000000000000000e+00
1.093999999999999950e+01,0.000000000000000000e+00,0.000000000000000000e+00,1.532453155517578125e+01,1.000000000000000000e+00
1.096000000000000085e+01,0.000000000000000000e+00,0.000000000000000000e+00,1.534994506835937500e+01,1.000000000000000000e+00
1.098000000000000043e+01,0.000000000000000000e+00,0.000000000000000000e+00,1.537534427642822266e+01,1.000000000000000000e+00
1.100000000000000000e+01,0.000000000000000000e+00,0.000000000000000000e+00,1.540073204040527344e+01,1.000000000000000000e+00
1.101999999999999957e+01,0.000000000000000000e+00,0.000000000000000000e+00,1.542610740661621094e+01,1.000000000000000000e+00
1.104000000000000092e+01,0.000000000000000000e+00,0.000000000000000000e+00,1.545146846771240234e+01,1.000000000000000000e+00
1.106000000000000050e+01,0.000000000000000000e+00,0.000000000000000000e+00,1.547681427001953125e+01,1.000000000000000000e+00
1.108000000000000007e+01,0.000000000000000000e+00,0.000000000000000000e+00,1.550214576721191406e+01,1.000000000000000000e+00
1.109999999999999964e+01,0.000000000000000000e+00,0.000000000000000000e+00,1.552746582031250000e+01,1.000000000000000000e+00
1.112000000000000099e+01,0.000000000000000000e+00,0.000000000000000000e+00,1.555277442932128906e+01,1.000000000000000000e+00
1.114000000000000057e+01,0.000000000000000000e+00,0.000000000000000000e+00,1.557806777954101562e+01,1.000000000000000000e+00
1.116000000000000014e+01,0.000000000000000000e+00,0.000000000000000000e+00,1.560334491729736328e+01,1.000000000000000000e+00
1.117999999999999972e+01,0.000000000000000000e+00,0.000000000000000000e+00,1.562860774993896484e+01,1.000000000000000000e+00
1.120000000000000107e+01,0.000000000000000000e+00,0.000000000000000000e+00,1.565385818481445312e+01,1.000000000000000000e+00
1.122000000000000064e+01,0.000000000000000000e+00,0.000000000000000000e+00,1.567909717559814453e+01,1.000000000000000000e+00
1.124000000000000021e+01,0.000000000000000000e+00,0.000000000000000000e+00,1.570432186126708984e+01,1.000000000000000000e+00
1.125999999999999979e+01,0.000000000000000000e+00,0.000000000000000000e+00,1.572953224182128906e+01,1.000000000000000000e+00
1.127999999999999936e+01,0.000000000000000000e+00,0.000000000000000000e+00,1.575472831726074219e+01,1.000000000000000000e+00
1.130000000000000071e+01,0.000000000000000000e+00,0.000000000000000000e+00,1.577991294860839844e+01,1.000000000000000000e+00
1.132000000000000028e+01,0.000000000000000000e+00,0.000000000000000000e+00,1.580508613586425781e+01,1.000000000000000000e+00
1.133999999999999986e+01,0.000000000000000000e+00,0.000000000000000000e+00,1.583024597167968750e+01,1.000000000000000000e+00
1.135999999999999943e+01,0.000000000000000000e+00,0.000000000000000000e+00,1.585539150238037109e+01,1.000000000000000000e+00
1.138000000000000078e+01,0.000000000000000000e+00,0.000000000000000000e+00,1.588052272796630859e+01,1.000000000000000000e+00
1.140000000000000036e+01,0.000000000000000000e+00,0.000000000000000000e+00,1.590564346313476562e+01,1.000000000000000000e+00
1.141999999999999993e+01,0.000000000000000000e+00,0.000000000000000000e+00,1.593075275421142578e+01,1.000000000000000000e+00
1.143999999999999950e+01,0.000000000000000000e+00,0.000000000000000000e+00,1.595584869384765625e+01,1.000000000000000000e+00
1.146000000000000085e+01,0.000000000000000000e+00,0.000000000000000000e+00,1.598093032836914062e+01,1.000000000000000000e+00
1.148000000000000043e+01,0.000000000000000000e+00,0.000000000000000000e+00,1.600599861145019531e+01,1.000000000000000000e+00
1.150000000000000000e+01,0.000000000000000000e+00,0.000000000000000000e+00,1.603105735778808594e+01,1.000000000000000000e+00
1.151999999999999957e+01,0.000000000000000000e+00,0.000000000000000000e+00,1.605610466003417969e+01,1.000000000000000000e+00
1.154000000000000092e+01,0.000000000000000000e+00,0.000000000000000000e+00,1.608114051818847656e+01,1.000000000000000000e+00
1.156000000000000050e+01,0.000000000000000000e+00,0.000000000000000000e+00,1.610616111755371094e+01,1.000000000000000000e+00
1.158000000000000007e+01,0.000000000000000000e+00,0.000000000000000000e+00,1.613117027282714844e+01,1.000000000000000000e+00
1.159999999999999964e+01,0.000000000000000000e+00,0.000000000000000000e+00,1.615616989135742188e+01,1.000000000000000000e+00
1.162000000000000099e+01,0.000000000000000000e+00,0.000000000000000000e+00,1.618115997314453125e+01,1.000000000000000000e+00
1.164000000000000057e+01,0.000000000000000000e+00,0.000000000000000000e+00,1.620613670349121094e+01,1.000000000000000000e+00
1.166000000000000014e+01,0.000000000000000000e+00,0.000000000000000000e+00,1.623110008239746094e+01,1.000000000000000000e+00
1.167999999999999972e+01,0.000000000000000000e+00,0.000000000000000000e+00,1.625605010986328125e+01,1.000000000000000000e+00
1.170000000000000107e+01,0.000000000000000000e+00,0.000000000000000000e+00,1.628099060058593750e+01,1.000000000000000000e+00
1.172000000000000064e+01,0.000000000000000000e+00,0.000000000000000000e+00,1.630592155456542969e+01,1.000000000000000000e+00
1.174000000000000021e+01,0.000000000000000000e+00,0.000000000000000000e+00,1.633084297180175781e+01,1.000000000000000000e+00
1.175999999999999979e+01,0.000000000000000000e+00,0.000000000000000000e+00,1.635575103759765625e+01,1.000000000000000000e+00
1.177999999999999936e+01,0.000000000000000000e+00,0.000000000000000000e+00,1.638064765930175781e+01,1.000000000000000000e+00
1.180000000000000071e+01,0.000000000000000000e+00,0.000000000000000000e+00,1.640553665161132812e+01,1.000000000000000000e+00
1.182000000000000028e+01,0.000000000000000000e+00,0.000000000000000000e+00,1.643041610717773438e+01,1.000000000000000000e+00
1.183999999999999986e+01,0.000000000000000000e+00,0.000000000000000000e+00,1.645528411865234375e+01,1.000000000000000000e+00
1.185999999999999943e+01,0.000000000000000000e+00,0.000000000000000000e+00,1.648014068603515625e+01,1.000000000000000000e+00
1.188000000000000078e+01,0.000000000000000000e+00,0.000000000000000000e+00,1.650498390197753906e+01,1.000000000000000000e+00
1.190000000000000036e+01,0.000000000000000000e+00,0.000000000000000000e+00,1.652981758117675781e+01,1.000000000000000000e+00
1.191999999999999993e+01,0.000000000000000000e+00,0.000000000000000000e+00,1.655464363098144531e+01,1.000000000000000000e+00
1.193999999999999950e+01,0.000000000000000000e+00,0.000000000000000000e+00,1.657946014404296875e+01,1.000000000000000000e+00
1.196000000000000085e+01,0.000000000000000000e+00,0.000000000000000000e+00,1.660426330566406250e+01,1.000000000000000000e+00
1.198000000000000043e+01,0.000000000000000000e+00,0.000000000000000000e+00,1.662905502319335938e+01,1.000000000000000000e+00
1.200000000000000000e+01,0.000000000000000000e+00,0.000000000000000000e+00,1.665384101867675781e+01,1.000000000000000000e+00
1.201999999999999957e+01,0.000000000000000000e+00,0.000000000000000000e+00,1.667861747741699219e+01,1.000000000000000000e+00
1.204000000000000092e+01,0.000000000000000000e+00,0.000000000000000000e+00,1.670338249206542969e+01,1.000000000000000000e+00
1.206000000000000050e+01,0.000000000000000000e+00,0.000000000000000000e+00,1.672813606262207031e+01,1.000000000000000000e+00
1.208000000000000007e+01,0.000000000000000000e+00,0.000000000000000000e+00,1.675288009643554688e+01,1.000000000000000000e+00
1.209999999999999964e+01,0.000000000000000000e+00,0.000000000000000000e+00,1.677761840820312500e+01,1.000000000000000000e+00
1.212000000000000099e+01,0.000000000000000000e+00,0.000000000000000000e+00,1.680234718322753906e+01,1.000000000000000000e+00
1.214000000000000057e+01,0.000000000000000000e+00,0.000000000000000000e+00,1.682706451416015625e+01,1.000000000000000000e+00
1.216000000000000014e+01,0.000000000000000000e+00,0.000000000000000000e+00,1.685177040100097656e+01,1.000000000000000000e+00
1.217999999999999972e+01,0.000000000000000000e+00,0.000000000000000000e+00,1.687646484375000000e+01,1.000000000000000000e+00
1.220000000000000107e+01,0.000000000000000000e+00,0.000000000000000000e+00,1.690115356445312500e+01,1.000000000000000000e+00
1.222000000000000064e+01,0.000000000000000000e+00,0.000000000000000000e+00,1.692583274841308594e+01,1.000000000000000000e+00
1.224000000000000021e+01,0.000000000000000000e+00,0.000000000000000000e+00,1.695050239562988281e+01,1.000000000000000000e+00
1.225999999999999979e+01,0.000000000000000000e+00,0.000000000000000000e+00,1.697516059875488281e+01,1.000000000000000000e+00
1.228000000000000114e+01,0.000000000000000000e+00,0.000000000000000000e+00,1.699980926513671875e+01,1.000000000000000000e+00
1.230000000000000071e+01,0.000000000000000000e+00,0.000000000000000000e+00,1.702445220947265625e+01,1.000000000000000000e+00
1.232000000000000028e+01,0.000000000000000000e+00,0.000000000000000000e+00,1.704908752441406250e+01,1.000000000000000000e+00
1.233999999999999986e+01,0.000000000000000000e+00,0.000000000000000000e+00,1.707371330261230469e+01,1.000000000000000000e+00
1.235999999999999943e+01,0.000000000000000000e+00,0.000000000000000000e+00,1.709832572937011719e+01,1.000000000000000000e+00
1.238000000000000078e+01,0.000000000000000000e+00,0.000000000000000000e+00,1.712292861938476562e+01,1.000000000000000000e+00
1.240000000000000036e+01,0.000000000000000000e+00,0.000000000000000000e+00,1.714752388000488281e+01,1.000000000000000000e+00
1.241999999999999993e+01,0.000000000000000000e+00,0.000000000000000000e+00,1.717211341857910156e+01,1.000000000000000000e+00
1.243999999999999950e+01,0.000000000000000000e+00,0.000000000000000000e+00,1.719669342041015625e+01,1.000000000000000000e+00
1.246000000000000085e+01,0.000000000000000000e+00,0.000000000000000000e+00,1.722126197814941406e+01,1.000000000000000000e+00
1.248000000000000043e+01,0.000000000000000000e+00,0.000000000000000000e+00,1.724581909179687500e+01,1.000000000000000000e+00
1.250000000000000000e+01,0.000000000000000000e+00,0.000000000000000000e+00,1.727037048339843750e+01,1.000000000000000000e+00
1.251999999999999957e+01,0.000000000000000000e+00,0.000000000000000000e+00,1.729491615295410156e+01,1.000000000000000000e+00
1.254000000000000092e+01,0.000000000000000000e+00,0.000000000000000000e+00,1.731945228576660156e+01,1.000000000000000000e+00
1.256000000000000050e+01,0.000000000000000000e+00,0.000000000000000000e+00,1.734397697448730469e+01,1.000000000000000000e+00
1.258000000000000007e+01,0.000000000000000000e+00,0.000000000000000000e+00,1.736849212646484375e+01,1.000000000000000000e+00
1.259999999999999964e+01,0.000000000000000000e+00,0.000000000000000000e+00,1.739300155639648438e+01,1.000000000000000000e+00
1.262000000000000099e+01,0.000000000000000000e+00,0.000000000000000000e+00,1.741750335693359375e+01,1.000000000000000000e+00
1.264000000000000057e+01,0.000000000000000000e+00,0.000000000000000000e+00,1.744199752807617188e+01,1.000000000000000000e+00
1.266000000000000014e+01,0.000000000000000000e+00,0.000000000000000000e+00,1.746648216247558594e+01,1.000000000000000000e+00
1.267999999999999972e+01,0.000000000000000000e+00,0.000000000000000000e+00,1.749095726013183594e+01,1.000000000000000000e+00
1.270000000000000107e+01,0.000000000000000000e+00,0.000000000000000000e+00,1.751542854309082031e+01,1.000000000000000000e+00
1.272000000000000064e+01,0.000000000000000000e+00,0.000000000000000000e+00,1.753989028930664062e+01,1.000000000000000000e+00
1.274000000000000021e+01,0.000000000000000000e+00,0.000000000000000000e+00,1.756434440612792969e+01,1.000000000000000000e+00
1.275999999999999979e+01,0.000000000000000000e+00,0.000000000000000000e+00,1.758878898620605469e+01,1.000000000000000000e+00
1.278000000000000114e+01,0.000000000000000000e+00,0.000000000000000000e+00,1.761322402954101562e+01,1.000000000000000000e+00
1.280000000000000071e+01,0.000000000000000000e+00,0.000000000000000000e+00,1.763765716552734375e+01,1.000000000000000000e+00
1.282000000000000028e+01,0.000000000000000000e+00,0.000000000000000000e+00,1.766208076477050781e+01,1.000000000000000000e+00
1.283999999999999986e+01,0.000000000000000000e+00,0.000000000000000000e+00,1.768649673461914062e+01,1.000000000000000000e+00
1.285999999999999943e+01,0.000000000000000000e+00,0.000000000000000000e+00,1.771090316772460938e+01,1.000000000000000000e+00
1.288000000000000078e+01,0.000000000000000000e+00,0.000000000000000000e+00,1.773530197143554688e+01,1.000000000000000000e+00
1.290000000000000036e+01,0.000000000000000000e+00,0.000000000000000000e+00,1.775969696044921875e+01,1.000000000000000000e+00
1.291999999999999993e+01,0.000000000000000000e+00,0.000000000000000000e+00,1.778408432006835938e+01,1.000000000000000000e+00
1.293999999999999950e+01,0.000000000000000000e+00,0.000000000000000000e+00,1.780846405029296875e+01,1.000000000000000000e+00
1.296000000000000085e+01,0.000000000000000000e+00,0.000000000000000000e+00,1.783283424377441406e+01,1.000000000000000000e+00
1.298000000000000043e+01,0.000000000000000000e+00,0.000000000000000000e+00,1.785719490051269531e+01,1.000000000000000000e+00
1.300000000000000000e+01,0.000000000000000000e+00,0.000000000000000000e+00,1.788155174255371094e+01,1.000000000000000000e+00
1.301999999999999957e+01,0.000000000000000000e+00,0.000000000000000000e+00,1.790590095520019531e+01,1.000000000000000000e+00
1.304000000000000092e+01,0.000000000000000000e+00,0.000000000000000000e+00,1.793024253845214844e+01,1.000000000000000000e+00
1.306000000000000050e+01,0.000000000000000000e+00,0.000000000000000000e+00,1.795457458496093750e+01,1.000000000000000000e+00
1.308000000000000007e+01,0.000000000000000000e+00,0.000000000000000000e+00,1.797889900207519531e+01,1.000000000000000000e+00
1.309999999999999964e+01,0.000000000000000000e+00,0.000000000000000000e+00,1.800321769714355469e+01,1.000000000000000000e+00
1.312000000000000099e+01,0.000000000000000000e+00,0.000000000000000000e+00,1.802753257751464844e+01,1.000000000000000000e+00
1.314000000000000057e+01,0.000000000000000000e+00,0.000000000000000000e+00,1.805183982849121094e+01,1.000000000000000000e+00
1.316000000000000014e+01,0.000000000000000000e+00,0.000000000000000000e+00,1.807613754272460938e+01,1.000000000000000000e+00
1.317999999999999972e+01,0.000000000000000000e+00,0.000000000000000000e+00,1.810042762756347656e+01,1.000000000000000000e+00
1.320000000000000107e+01,0.000000000000000000e+00,0.000000000000000000e+00,1.812471008300781250e+01,1.000000000000000000e+00
1.322000000000000064e+01,0.000000000000000000e+00,0.000000000000000000e+00,1.814899063110351562e+01,1.000000000000000000e+00
1.324000000000000021e+01,0.000000000000000000e+00,0.000000000000000000e+00,1.817326164245605469e+01,1.000000000000000000e+00
1.325999999999999979e+01,0.000000000000000000e+00,0.000000000000000000e+00,1.819752311706542969e+01,1.000000000000000000e+00
1.328000000000000114e+01,0.000000000000000000e+00,0.000000000000000000e+00,1.822177696228027344e+01,1.000000000000000000e+00
1.330000000000000071e+01,0.000000000000000000e+00,0.000000000000000000e+00,1.824602890014648438e+01,1.000000000000000000e+00
1.332000000000000028e+01,0.000000000000000000e+00,0.000000000000000000e+00,1.827027130126953125e+01,1.000000000000000000e+00
1.333999999999999986e+01,0.000000000000000000e+00,0.000000000000000000e+00,1.829450798034667969e+01,1.000000000000000000e+00
1.335999999999999943e+01,0.000000000000000000e+00,0.000000000000000000e+00,1.831873512268066406e+01,1.000000000000000000e+00
1.338000000000000078e+01,0.000000000000000000e+00,0.000000000000000000e+00,1.834295463562011719e+01,1.000000000000000000e+00
1.340000000000000036e+01,0.000000000000000000e+00,0.000000000000000000e+00,1.836716842651367188e+01,1.000000000000000000e+00
1.341999999999999993e+01,0.000000000000000000e+00,0.000000000000000000e+00,1.839138031005859375e+01,1.000000000000000000e+00
1.343999999999999950e+01,0.000000000000000000e+00,0.000000000000000000e+00,1.841558456420898438e+01,1.000000000000000000e+00
1.346000000000000085e+01,0.000000000000000000e+00,0.000000000000000000e+00,1.843978118896484375e+01,1.000000000000000000e+00
1.348000000000000043e+01,0.000000000000000000e+00,0.000000000000000000e+00,1.846397209167480469e+01,1.000000000000000000e+00
1.350000000000000000e+01,0.000000000000000000e+00,0.000000000000000000e+00,1.848815727233886719e+01,1.000000000000000000e+00
1.351999999999999957e+01,0.000000000000000000e+00,0.000000000000000000e+00,1.851234054565429688e+01,1.000000000000000000e+00
1.354000000000000092e+01,0.000000000000000000e+00,0.000000000000000000e+00,1.853651618957519531e+01,1.000000000000000000e+00
1.356000000000000050e+01,0.000000000000000000e+00,0.000000000000000000e+00,1.856068229675292969e+01,1.000000000000000000e+00
1.358000000000000007e+01,0.000000000000000000e+00,0.000000000000000000e+00,1.858484268188476562e+01,1.000000000000000000e+00
1.359999999999999964e+01,0.000000000000000000e+00,0.000000000000000000e+00,1.860899925231933594e+01,1.000000000000000000e+00
1.362000000000000099e+01,0.000000000000000000e+00,0.000000000000000000e+00,1.863315200805664062e+01,1.000000000000000000e+00
1.364000000000000057e+01,0.000000000000000000e+00,0.000000000000000000e+00,1.865729713439941406e+01,1.000000000000000000e+00
1.366000000000000014e+01,0.000000000000000000e+00,0.000000000000000000e+00,1.868143463134765625e+01,1.000000000000000000e+00
1.367999999999999972e+01,0.000000000000000000e+00,0.000000000000000000e+00,1.870556259155273438e+01,1.000000000000000000e+00
1.370000000000000107e+01,0.000000000000000000e+00,0.000000000000000000e+00,1.872969055175781250e+01,1.000000000000000000e+00
1.372000000000000064e+01,0.000000000000000000e+00,0.000000000000000000e+00,1.875381088256835938e+01,1.000000000000000000e+00
1.374000000000000021e+01,0.000000000000000000e+00,0.000000000000000000e+00,1.877792549133300781e+01,1.000000000000000000e+00
1.375999999999999979e+01,0.000000000000000000e+00,0.000000000000000000e+00,1.880203247070312500e+01,1.000000000000000000e+00
1.378000000000000114e+01,0.000000000000000000e+00,0.000000000000000000e+00,1.882613182067871094e+01,1.000000000000000000e+00
1.380000000000000071e+01,0.000000000000000000e+00,0.000000000000000000e+00,1.885022544860839844e+01,1.000000000000000000e+00
1.382000000000000028e+01,0.000000000000000000e+00,0.000000000000000000e+00,1.887431526184082031e+01,1.000000000000000000e+00
1.383999999999999986e+01,0.000000000000000000e+00,0.000000000000000000e+00,1.889839744567871094e+01,1.000000000000000000e+00
1.385999999999999943e+01,0.000000000000000000e+00,0.000000000000000000e+00,1.892247200012207031e+01,1.000000000000000000e+00
1.388000000000000078e+01,0.000000000000000000e+00,0.000000000000000000e+00,1.894654273986816406e+01,1.000000000000000000e+00
1.390000000000000036e+01,0.000000000000000000e+00,0.000000000000000000e+00,1.897060585021972656e+01,1.000000000000000000e+00
1.391999999999999993e+01,0.000000000000000000e+00,0.000000000000000000e+00,1.899466705322265625e+01,1.000000000000000000e+00
1.393999999999999950e+01,0.000000000000000000e+00,0.000000000000000000e+00,1.901872253417968750e+01,1.000000000000000000e+00
1.396000000000000085e+01,0.000000000000000000e+00,0.000000000000000000e+00,1.904277038574218750e+01,1.000000000000000000e+00
1.398000000000000043e+01,0.000000000000000000e+00,0.000000000000000000e+00,1.906681251525878906e+01,1.000000000000000000e+00
1.400000000000000000e+01,0.000000000000000000e+00,0.000000000000000000e+00,1.909085083007812500e+01,1.000000000000000000e+00
1.401999999999999957e+01,0.000000000000000000e+00,0.000000000000000000e+00,1.911488342285156250e+01,1.000000000000000000e+00
1.404000000000000092e+01,0.000000000000000000e+00,0.000000000000000000e+00,1.913891220092773438e+01,1.000000000000000000e+00
1.406000000000000050e+01,0.000000000000000000e+00,0.000000000000000000e+00,1.916293525695800781e+01,1.000000000000000000e+00
1.408000000000000007e+01,0.000000000000000000e+00,0.000000000000000000e+00,1.918694877624511719e+01,1.000000000000000000e+00
1.409999999999999964e+01,0.000000000000000000e+00,0.000000000000000000e+00,1.921096229553222656e+01,1.000000000000000000e+00
1.412000000000000099e+01,0.000000000000000000e+00,0.000000000000000000e+00,1.923497581481933594e+01,1.000000000000000000e+00
1.414000000000000057e+01,0.000000000000000000e+00,0.000000000000000000e+00,1.925897979736328125e+01,1.000000000000000000e+00
1.416000000000000014e+01,0.000000000000000000e+00,0.000000000000000000e+00,1.928297805786132812e+01,1.000000000000000000e+00
1.417999999999999972e+01,0.000000000000000000e+00,0.000000000000000000e+00,1.930697250366210938e+01,1.000000000000000000e+00
1.420000000000000107e+01,0.000000000000000000e+00,0.000000000000000000e+00,1.933095741271972656e+01,1.000000000000000000e+00
1.422000000000000064e+01,0.000000000000000000e+00,0.000000000000000000e+00,1.935494232177734375e+01,1.000000000000000000e+00
1.424000000000000021e+01,0.000000000000000000e+00,0.000000000000000000e+00,1.937892341613769531e+01,1.000000000000000000e+00
1.425999999999999979e+01,0.000000000000000000e+00,0.000000000000000000e+00,1.940289878845214844e+01,1.000000000000000000e+00
1.428000000000000114e+01,0.000000000000000000e+00,0.000000000000000000e+00,1.942686843872070312e+01,1.000000000000000000e+00
1.430000000000000071e+01,0.000000000000000000e+00,0.000000000000000000e+00,1.945083427429199219e+01,1.000000000000000000e+00
1.432000000000000028e+01,0.000000000000000000e+00,0.000000000000000000e+00,1.947480010986328125e+01,1.000000000000000000e+00
1.433999999999999986e+01,0.000000000000000000e+00,0.000000000000000000e+00,1.949876022338867188e+01,1.000000000000000000e+00
1.435999999999999943e+01,0.000000000000000000e+00,0.000000000000000000e+00,1.952271270751953125e+01,1.000000000000000000e+00
1.438000000000000078e+01,0.000000000000000000e+00,0.000000000000000000e+00,1.954665946960449219e+01,1.000000000000000000e+00
1.440000000000000036e+01,0.000000000000000000e+00,0.000000000000000000e+00,1.957060623168945312e+01,1.000000000000000000e+00
1.441999999999999993e+01,0.000000000000000000e+00,0.000000000000000000e+00,1.959454917907714844e+01,1.000000000000000000e+00
1.443999999999999950e+01,0.000000000000000000e+00,0.000000000000000000e+00,1.961848640441894531e+01,1.000000000000000000e+00
1.446000000000000085e+01,0.000000000000000000e+00,0.000000000000000000e+00,1.964241981506347656e+01,1.000000000000000000e+00
1.448000000000000043e+01,0.000000000000000000e+00,0.000000000000000000e+00,1.966634750366210938e+01,1.000000000000000000e+00
1.450000000000000000e+01,0.000000000000000000e+00,0.000000000000000000e+00,1.969027519226074219e+01,1.000000000000000000e+00
1.451999999999999957e+01,0.000000000000000000e+00,0.000000000000000000e+00,1.971420288085937500e+01,1.000000000000000000e+00
1.454000000000000092e+01,0.000000000000000000e+00,0.000000000000000000e+00,1.973812103271484375e+01,1.000000000000000000e+00
1.456000000000000050e+01,0.000000000000000000e+00,0.000000000000000000e+00,1.976203346252441406e+01,1.000000000000000000e+00
1.458000000000000007e+01,0.000000000000000000e+00,0.000000000000000000e+00,1.978594207763671875e+01,1.000000000000000000e+00
1.459999999999999964e+01,0.000000000000000000e+00,0.000000000000000000e+00,1.980984878540039062e+01,1.000000000000000000e+00
1.462000000000000099e+01,0.000000000000000000e+00,0.000000000000000000e+00,1.983374786376953125e+01,1.000000000000000000e+00
1.464000000000000057e+01,0.000000000000000000e+00,0.000000000000000000e+00,1.985764312744140625e+01,1.000000000000000000e+00
1.466000000000000014e+01,0.000000000000000000e+00,0.000000000000000000e+00,1.988153266906738281e+01,1.000000000000000000e+00
1.467999999999999972e+01,0.000000000000000000e+00,0.000000000000000000e+00,1.990541267395019531e+01,1.000000000000000000e+00
1.470000000000000107e+01,0.000000000000000000e+00,0.000000000000000000e+00,1.992929267883300781e+01,1.000000000000000000e+00
1.472000000000000064e+01,0.000000000000000000e+00,0.000000000000000000e+00,1.995317268371582031e+01,1.000000000000000000e+00
1.474000000000000021e+01,0.000000000000000000e+00,0.000000000000000000e+00,1.997704505920410156e+01,1.000000000000000000e+00
1.475999999999999979e+01,0.000000000000000000e+00,0.000000000000000000e+00,2.000091361999511719e+01,1.000000000000000000e+00
1.478000000000000114e+01,0.000000000000000000e+00,0.000000000000000000e+00,2.002477455139160156e+01,1.000000000000000000e+00
1.480000000000000071e+01,0.000000000000000000e+00,0.000000000000000000e+00,2.004863548278808594e+01,1.000000000000000000e+00
1.482000000000000028e+01,0.000000000000000000e+00,0.000000000000000000e+00,2.007249641418457031e+01,1.000000000000000000e+00
1.483999999999999986e+01,0.000000000000000000e+00,0.000000000000000000e+00,2.009635162353515625e+01,1.000000000000000000e+00
1.485999999999999943e+01,0.000000000000000000e+00,0.000000000000000000e+00,2.012020301818847656e+01,1.000000000000000000e+00
1.488000000000000078e+01,0.000000000000000000e+00,0.000000000000000000e+00,2.014404678344726562e+01,1.000000000000000000e+00
1.490000000000000036e+01,0.000000000000000000e+00,0.000000000000000000e+00,2.016788864135742188e+01,1.000000000000000000e+00
1.491999999999999993e+01,0.000000000000000000e+00,0.000000000000000000e+00,2.019173049926757812e+01,1.000000000000000000e+00
1.493999999999999950e+01,0.000000000000000000e+00,0.000000000000000000e+00,2.021556854248046875e+01,1.000000000000000000e+00
1.496000000000000085e+01,0.000000000000000000e+00,0.000000000000000000e+00,2.023940086364746094e+01,1.000000000000000000e+00
1.498000000000000043e+01,0.000000000000000000e+00,0.000000000000000000e+00,2.026322937011718750e+01,1.000000000000000000e+00
1.500000000000000000e+01,0.000000000000000000e+00,0.000000000000000000e+00,2.028705406188964844e+01,1.000000000000000000e+00
1.501999999999999957e+01,0.000000000000000000e+00,0.000000000000000000e+00,2.031087684631347656e+01,1.000000000000000000e+00
1.504000000000000092e+01,0.000000000000000000e+00,0.000000000000000000e+00,2.033469963073730469e+01,1.000000000000000000e+00
1.506000000000000050e+01,0.000000000000000000e+00,0.000000000000000000e+00,2.035851669311523438e+01,1.000000000000000000e+00
1.508000000000000007e+01,0.000000000000000000e+00,0.000000000000000000e+00,2.038232994079589844e+01,1.000000000000000000e+00
1.509999999999999964e+01,0.000000000000000000e+00,0.000000000000000000e+00,2.040614318847656250e+01,1.000000000000000000e+00
1.512000000000000099e+01,0.000000000000000000e+00,0.000000000000000000e+00,2.042995643615722656e+01,1.000000000000000000e+00
1.514000000000000057e+01,0.000000000000000000e+00,0.000000000000000000e+00,2.045376586914062500e+01,1.000000000000000000e+00
1.516000000000000014e+01,0.000000000000000000e+00,0.000000000000000000e+00,2.047756767272949219e+01,1.000000000000000000e+00
1.517999999999999972e+01,0.000000000000000000e+00,0.000000000000000000e+00,2.050136184692382812e+01,1.000000000000000000e+00
1.520000000000000107e+01,0.000000000000000000e+00,0.000000000000000000e+00,2.052515602111816406e+01,1.000000000000000000e+00
1.522000000000000064e+01,0.000000000000000000e+00,0.000000000000000000e+00,2.054895019531250000e+01,1.000000000000000000e+00
1.524000000000000021e+01,0.000000000000000000e+00,0.000000000000000000e+00,2.057273674011230469e+01,1.000000000000000000e+00
1.525999999999999979e+01,0.000000000000000000e+00,0.000000000000000000e+00,2.059652137756347656e+01,1.000000000000000000e+00
1.528000000000000114e+01,0.000000000000000000e+00,0.000000000000000000e+00,2.062029647827148438e+01,1.000000000000000000e+00
1.530000000000000071e+01,0.000000000000000000e+00,0.000000000000000000e+00,2.064407157897949219e+01,1.000000000000000000e+00
1.532000000000000028e+01,0.000000000000000000e+00,0.000000000000000000e+00,2.066784667968750000e+01,1.000000000000000000e+00
1.533999999999999986e+01,0.000000000000000000e+00,0.000000000000000000e+00,2.069162178039550781e+01,1.000000000000000000e+00
1.535999999999999943e+01,0.000000000000000000e+00,0.000000000000000000e+00,2.071538925170898438e+01,1.000000000000000000e+00
1.538000000000000078e+01,0.000000000000000000e+00,0.000000000000000000e+00,2.073915481567382812e+01,1.000000000000000000e+00
1.540000000000000036e+01,0.000000000000000000e+00,0.000000000000000000e+00,2.076292037963867188e+01,1.000000000000000000e+00
1.541999999999999993e+01,0.000000000000000000e+00,0.000000000000000000e+00,2.078668594360351562e+01,1.000000000000000000e+00
1.543999999999999950e+01,0.000000000000000000e+00,0.000000000000000000e+00,2.081044578552246094e+01,1.000000000000000000e+00
1.546000000000000085e+01,0.000000000000000000e+00,0.000000000000000000e+00,2.083420181274414062e+01,1.000000000000000000e+00
1.548000000000000043e+01,0.000000000000000000e+00,0.000000000000000000e+00,2.085794830322265625e+01,1.000000000000000000e+00
1.550000000000000000e+01,0.000000000000000000e+00,0.000000000000000000e+00,2.088169479370117188e+01,1.000000000000000000e+00
1.551999999999999957e+01,0.000000000000000000e+00,0.000000000000000000e+00,2.090544128417968750e+01,1.000000000000000000e+00
1.554000000000000092e+01,0.000000000000000000e+00,0.000000000000000000e+00,2.092918777465820312e+01,1.000000000000000000e+00
1.556000000000000050e+01,0.000000000000000000e+00,0.000000000000000000e+00,2.095292472839355469e+01,1.000000000000000000e+00
1.558000000000000007e+01,0.000000000000000000e+00,0.000000000000000000e+00,2.097666168212890625e+01,1.000000000000000000e+00
1.559999999999999964e+01,0.000000000000000000e+00,0.000000000000000000e+00,2.100039863586425781e+01,1.000000000000000000e+00
1.562000000000000099e+01,0.000000000000000000e+00,0.000000000000000000e+00,2.102413558959960938e+01,1.000000000000000000e+00
1.564000000000000057e+01,0.000000000000000000e+00,0.000000000000000000e+00,2.104786682128906250e+01,1.000000000000000000e+00
1.566000000000000014e+01,0.000000000000000000e+00,0.000000000000000000e+00,2.107159423828125000e+01,1.000000000000000000e+00
1.567999999999999972e+01,0.000000000000000000e+00,0.000000000000000000e+00,2.109531974792480469e+01,1.000000000000000000e+00
1.570000000000000107e+01,0.000000000000000000e+00,0.000000000000000000e+00,2.111904716491699219e+01,1.000000000000000000e+00
1.572000000000000064e+01,0.000000000000000000e+00,0.000000000000000000e+00,2.114277076721191406e+01,1.000000000000000000e+00
1.574000000000000021e+01,0.000000000000000000e+00,0.000000000000000000e+00,2.116648864746093750e+01,1.000000000000000000e+00
1.575999999999999979e+01,0.000000000000000000e+00,0.000000000000000000e+00,2.119020271301269531e+01,1.000000000000000000e+00
1.578000000000000114e+01,0.000000000000000000e+00,0.000000000000000000e+00,2.121391105651855469e+01,1.000000000000000000e+00
1.580000000000000071e+01,0.000000000000000000e+00,0.000000000000000000e+00,2.123761940002441406e+01,1.000000000000000000e+00
1.582000000000000028e+01,0.000000000000000000e+00,0.000000000000000000e+00,2.126132774353027344e+01,1.000000000000000000e+00
1.583999999999999986e+01,0.000000000000000000e+00,0.000000000000000000e+00,2.128503608703613281e+01,1.000000000000000000e+00
1.586000000000000121e+01,0.000000000000000000e+00,0.000000000000000000e+00,2.130873870849609375e+01,1.000000000000000000e+00
1.588000000000000078e+01,0.000000000000000000e+00,0.000000000000000000e+00,2.133243751525878906e+01,1.000000000000000000e+00
1.590000000000000036e+01,0.000000000000000000e+00,0.000000000000000000e+00,2.135613632202148438e+01,1.000000000000000000e+00
1.591999999999999993e+01,0.000000000000000000e+00,0.000000000000000000e+00,2.137983512878417969e+01,1.000000000000000000e+00
1.593999999999999950e+01,0.000000000000000000e+00,0.000000000000000000e+00,2.140353393554687500e+01,1.000000000000000000e+00
1.596000000000000085e+01,0.000000000000000000e+00,0.000000000000000000e+00,2.142722702026367188e+01,1.000000000000000000e+00
1.598000000000000043e+01,0.000000000000000000e+00,0.000000000000000000e+00,2.145091629028320312e+01,1.000000000000000000e+00
1.600000000000000000e+01,0.000000000000000000e+00,0.000000000000000000e+00,2.147460556030273438e+01,1.000000000000000000e+00
1.601999999999999957e+01,0.000000000000000000e+00,0.000000000000000000e+00,2.149829483032226562e+01,1.000000000000000000e+00
1.603999999999999915e+01,0.000000000000000000e+00,0.000000000000000000e+00,2.152198410034179688e+01,1.000000000000000000e+00
1.605999999999999872e+01,0.000000000000000000e+00,0.000000000000000000e+00,2.154566764831542969e+01,1.000000000000000000e+00
1.608000000000000185e+01,0.000000000000000000e+00,0.000000000000000000e+00,2.156934738159179688e+01,1.000000000000000000e+00
1.610000000000000142e+01,0.000000000000000000e+00,0.000000000000000000e+00,2.159302711486816406e+01,1.000000000000000000e+00
1.612000000000000099e+01,0.000000000000000000e+00,0.000000000000000000e+00,2.161670684814453125e+01,1.000000000000000000e+00
1.614000000000000057e+01,0.000000000000000000e+00,0.000000000000000000e+00,2.164038658142089844e+01,1.000000000000000000e+00
1.616000000000000014e+01,0.000000000000000000e+00,0.000000000000000000e+00,2.166406250000000000e+01,1.000000000000000000e+00
1.617999999999999972e+01,0.000000000000000000e+00,0.000000000000000000e+00,2.168773269653320312e+01,1.000000000000000000e+00
1.619999999999999929e+01,0.000000000000000000e+00,0.000000000000000000e+00,2.171140289306640625e+01,1.000000000000000000e+00
1.621999999999999886e+01,0.000000000000000000e+00,0.000000000000000000e+00,2.173507308959960938e+01,1.000000000000000000e+00
1.624000000000000199e+01,0.000000000000000000e+00,0.000000000000000000e+00,2.175874328613281250e+01,1.000000000000000000e+00
1.626000000000000156e+01,0.000000000000000000e+00,0.000000000000000000e+00,2.178241348266601562e+01,1.000000000000000000e+00
1.628000000000000114e+01,0.000000000000000000e+00,0.000000000000000000e+00,2.180607604980468750e+01,1.000000000000000000e+00
1.630000000000000071e+01,0.000000000000000000e+00,0.000000000000000000e+00,2.182974433898925781e+01,1.000000000000000000e+00
1.632000000000000028e+01,0.000000000000000000e+00,0.000000000000000000e+00,2.185341453552246094e+01,1.000000000000000000e+00
1.633999999999999986e+01,0.000000000000000000e+00,0.000000000000000000e+00,2.187707901000976562e+01,1.000000000000000000e+00
1.635999999999999943e+01,0.000000000000000000e+00,0.000000000000000000e+00,2.190073966979980469e+01,1.000000000000000000e+00
1.637999999999999901e+01,0.000000000000000000e+00,0.000000000000000000e+00,2.192440032958984375e+01,1.000000000000000000e+00
1.639999999999999858e+01,0.000000000000000000e+00,0.000000000000000000e+00,2.194806098937988281e+01,1.000000000000000000e+00
1.642000000000000171e+01,0.000000000000000000e+00,0.000000000000000000e+00,2.197172164916992188e+01,1.000000000000000000e+00
1.644000000000000128e+01,0.000000000000000000e+00,0.000000000000000000e+00,2.199537658691406250e+01,1.000000000000000000e+00
1.646000000000000085e+01,0.000000000000000000e+00,0.000000000000000000e+00,2.201902770996093750e+01,1.000000000000000000e+00
1.648000000000000043e+01,0.000000000000000000e+00,0.000000000000000000e+00,2.204267883300781250e+01,1.000000000000000000e+00
1.650000000000000000e+01,0.000000000000000000e+00,0.000000000000000000e+00,2.206632995605468750e+01,1.000000000000000000e+00
1.651999999999999957e+01,0.000000000000000000e+00,0.000000000000000000e+00,2.208998107910156250e+01,1.000000000000000000e+00
1.653999999999999915e+01,0.000000000000000000e+00,0.000000000000000000e+00,2.211363220214843750e+01,1.000000000000000000e+00
1.655999999999999872e+01,0.000000000000000000e+00,0.000000000000000000e+00,2.213727378845214844e+01,1.000000000000000000e+00
1.658000000000000185e+01,0.000000000000000000e+00,0.000000000000000000e+00,2.216091537475585938e+01,1.000000000000000000e+00
1.660000000000000142e+01,0.000000000000000000e+00,0.000000000000000000e+00,2.218455696105957031e+01,1.000000000000000000e+00
1.662000000000000099e+01,0.000000000000000000e+00,0.000000000000000000e+00,2.220819854736328125e+01,1.000000000000000000e+00
1.664000000000000057e+01,0.000000000000000000e+00,0.000000000000000000e+00,2.223184013366699219e+01,1.000000000000000000e+00
1.666000000000000014e+01,0.000000000000000000e+00,0.000000000000000000e+00,2.225547599792480469e+01,1.000000000000000000e+00
1.667999999999999972e+01,0.000000000000000000e+00,0.000000000000000000e+00,2.227910804748535156e+01,1.000000000000000000e+00
1.669999999999999929e+01,0.000000000000000000e+00,0.000000000000000000e+00,2.230274391174316406e+01,1.000000000000000000e+00
1.671999999999999886e+01,0.000000000000000000e+00,0.000000000000000000e+00,2.232638359069824219e+01,1.000000000000000000e+00
1.674000000000000199e+01,0.000000000000000000e+00,0.000000000000000000e+00,2.235001564025878906e+01,1.000000000000000000e+00
1.676000000000000156e+01,0.000000000000000000e+00,0.000000000000000000e+00,2.237364768981933594e+01,1.000000000000000000e+00
1.678000000000000114e+01,0.000000000000000000e+00,0.000000000000000000e+00,2.239727973937988281e+01,1.000000000000000000e+00
1.680000000000000071e+01,0.000000000000000000e+00,0.000000000000000000e+00,2.242091178894042969e+01,1.000000000000000000e+00
1.682000000000000028e+01,0.000000000000000000e+00,0.000000000000000000e+00,2.244454383850097656e+01,1.000000000000000000e+00
1.683999999999999986e+01,0.000000000000000000e+00,0.000000000000000000e+00,2.246817588806152344e+01,1.000000000000000000e+00
1.685999999999999943e+01,0.000000000000000000e+00,0.000000000000000000e+00,2.249180030822753906e+01,1.000000000000000000e+00
1.687999999999999901e+01,0.000000000000000000e+00,0.000000000000000000e+00,2.251542282104492188e+01,1.000000000000000000e+00
1.689999999999999858e+01,0.000000000000000000e+00,0.000000000000000000e+00,2.253904914855957031e+01,1.000000000000000000e+00
1.692000000000000171e+01,0.000000000000000000e+00,0.000000000000000000e+00,2.256268119812011719e+01,1.000000000000000000e+00
1.694000000000000128e+01,0.000000000000000000e+00,0.000000000000000000e+00,2.258630371093750000e+01,1.000000000000000000e+00
1.696000000000000085e+01,0.000000000000000000e+00,0.000000000000000000e+00,2.260992622375488281e+01,1.000000000000000000e+00
1.698000000000000043e+01,0.000000000000000000e+00,0.000000000000000000e+00,2.263354873657226562e+01,1.000000000000000000e+00
1.700000000000000000e+01,0.000000000000000000e+00,0.000000000000000000e+00,2.265717124938964844e+01,1.000000000000000000e+00
1.701999999999999957e+01,0.000000000000000000e+00,0.000000000000000000e+00,2.268079376220703125e+01,1.000000000000000000e+00
1.703999999999999915e+01,0.000000000000000000e+00,0.000000000000000000e+00,2.270441627502441406e+01,1.000000000000000000e+00
1.705999999999999872e+01,0.000000000000000000e+00,0.000000000000000000e+00,2.272803497314453125e+01,1.000000000000000000e+00
1.708000000000000185e+01,0.000000000000000000e+00,0.000000000000000000e+00,2.275164794921875000e+01,1.000000000000000000e+00
1.710000000000000142e+01,0.000000000000000000e+00,0.000000000000000000e+00,2.277526664733886719e+01,1.000000000000000000e+00
1.712000000000000099e+01,0.000000000000000000e+00,0.000000000000000000e+00,2.279888916015625000e+01,1.000000000000000000e+00
1.714000000000000057e+01,0.000000000000000000e+00,0.000000000000000000e+00,2.282250976562500000e+01,1.000000000000000000e+00
1.716000000000000014e+01,0.000000000000000000e+00,0.000000000000000000e+00,2.284612274169921875e+01,1.000000000000000000e+00
1.717999999999999972e+01,0.000000000000000000e+00,0.000000000000000000e+00,2.286973571777343750e+01,1.000000000000000000e+00
1.719999999999999929e+01,0.000000000000000000e+00,0.000000000000000000e+00,2.289335250854492188e+01,1.000000000000000000e+00
1.721999999999999886e+01,0.000000000000000000e+00,0.000000000000000000e+00,2.291697502136230469e+01,1.000000000000000000e+00
1.724000000000000199e+01,0.000000000000000000e+00,0.000000000000000000e+00,2.294059753417968750e+01,1.000000000000000000e+00
1.726000000000000156e+01,0.000000000000000000e+00,0.000000000000000000e+00,2.296421432495117188e+01,1.000000000000000000e+00
1.728000000000000114e+01,0.000000000000000000e+00,0.000000000000000000e+00,2.298783302307128906e+01,1.000000000000000000e+00
1.730000000000000071e+01,0.000000000000000000e+00,0.000000000000000000e+00,2.301145553588867188e+01,1.000000000000000000e+00
1.732000000000000028e+01,0.000000000000000000e+00,0.000000000000000000e+00,2.303508758544921875e+01,1.000000000000000000e+00
1.733999999999999986e+01,0.000000000000000000e+00,0.000000000000000000e+00,2.305871963500976562e+01,1.000000000000000000e+00
1.735999999999999943e+01,0.000000000000000000e+00,0.000000000000000000e+00,2.308235168457031250e+01,1.000000000000000000e+00
1.737999999999999901e+01,0.000000000000000000e+00,0.000000000000000000e+00,2.310598373413085938e+01,1.000000000000000000e+00
1.740000000000000213e+01,0.000000000000000000e+00,0.000000000000000000e+00,2.312962150573730469e+01,1.000000000000000000e+00
1.742000000000000171e+01,0.000000000000000000e+00,0.000000000000000000e+00,2.315326309204101562e+01,1.000000000000000000e+00
1.744000000000000128e+01,0.000000000000000000e+00,0.000000000000000000e+00,2.317690467834472656e+01,1.000000000000000000e+00
1.746000000000000085e+01,0.000000000000000000e+00,0.000000000000000000e+00,2.320054054260253906e+01,1.000000000000000000e+00
1.748000000000000043e+01,0.000000000000000000e+00,0.000000000000000000e+00,2.322417259216308594e+01,1.000000000000000000e+00
1.750000000000000000e+01,0.000000000000000000e+00,0.000000000000000000e+00,2.324780654907226562e+01,1.000000000000000000e+00
1.751999999999999957e+01,0.000000000000000000e+00,0.000000000000000000e+00,2.327144050598144531e+01,1.000000000000000000e+00
1.753999999999999915e+01,0.000000000000000000e+00,0.000000000000000000e+00,2.329507255554199219e+01,1.000000000000000000e+00
1.755999999999999872e+01,0.000000000000000000e+00,0.000000000000000000e+00,2.331870460510253906e+01,1.000000000000000000e+00
1.758000000000000185e+01,0.000000000000000000e+00,0.000000000000000000e+00,2.334233665466308594e+01,1.000000000000000000e+00
1.760000000000000142e+01,0.000000000000000000e+00,0.000000000000000000e+00,2.336597061157226562e+01,1.000000000000000000e+00
1.762000000000000099e+01,0.000000000000000000e+00,0.000000000000000000e+00,2.338961219787597656e+01,1.000000000000000000e+00
1.764000000000000057e+01,0.000000000000000000e+00,0.000000000000000000e+00,2.341324424743652344e+01,1.000000000000000000e+00
1.766000000000000014e+01,0.000000000000000000e+00,0.000000000000000000e+00,2.343687629699707031e+01,1.000000000000000000e+00
1.767999999999999972e+01,0.000000000000000000e+00,0.000000000000000000e+00,2.346050834655761719e+01,1.000000000000000000e+00
1.769999999999999929e+01,0.000000000000000000e+00,0.000000000000000000e+00,2.348414230346679688e+01,1.000000000000000000e+00
1.771999999999999886e+01,0.000000000000000000e+00,0.000000000000000000e+00,2.350778388977050781e+01,2.000000000000000000e+00
1.774000000000000199e+01,1.110300072468817234e-03,8.488912328630249249e-08,2.353144454956054688e+01,2.000000000000000000e+00
1.776000000000000156e+01,4.555665422230958939e-03,1.273282578040380031e-06,2.355516815185546875e+01,2.000000000000000000e+00
1.778000000000000114e+01,1.075818482786417007e-02,6.369807124428916723e-06,2.357899856567382812e+01,2.000000000000000000e+00
1.780000000000000071e+01,1.979461126029491425e-02,1.996701757889240980e-05,2.360296440124511719e+01,2.000000000000000000e+00
1.782000000000000028e+01,3.166503459215164185e-02,4.813882696907967329e-05,2.362707328796386719e+01,2.000000000000000000e+00
1.783999999999999986e+01,4.635431617498397827e-02,9.827430767472833395e-05,2.365133285522460938e+01,2.000000000000000000e+00
1.785999999999999943e+01,6.384492665529251099e-02,1.790169626474380493e-04,2.367575073242187500e+01,2.000000000000000000e+00
1.787999999999999901e+01,8.411972969770431519e-02,3.001514996867626905e-04,2.370032310485839844e+01,2.000000000000000000e+00
1.790000000000000213e+01,1.071627736091613770e-01,4.724467871710658073e-04,2.372504997253417969e+01,2.000000000000000000e+00
1.792000000000000171e+01,1.329615265130996704e-01,7.075698231346905231e-04,2.374992752075195312e+01,2.000000000000000000e+00
1.794000000000000128e+01,1.615078896284103394e-01,1.018003560602664948e-03,2.377495002746582031e+01,2.000000000000000000e+00
1.796000000000000085e+01,1.927958577871322632e-01,1.416988205164670944e-03,2.380010223388671875e+01,2.000000000000000000e+00
1.798000000000000043e+01,2.268212884664535522e-01,1.918419497087597847e-03,2.382537078857421875e+01,2.000000000000000000e+00
1.800000000000000000e+01,2.635810375213623047e-01,2.536656800657510757e-03,2.385073661804199219e+01,2.000000000000000000e+00
1.801999999999999957e+01,3.030723035335540771e-01,3.286542836576700211e-03,2.387618255615234375e+01,2.000000000000000000e+00
1.803999999999999915e+01,3.452931046485900879e-01,4.183182492852210999e-03,2.390169334411621094e+01,2.000000000000000000e+00
1.805999999999999872e+01,3.902431130409240723e-01,5.241715349256992340e-03,2.392724037170410156e+01,2.000000000000000000e+00
1.808000000000000185e+01,4.379231929779052734e-01,6.477319635450839996e-03,2.395279502868652344e+01,2.000000000000000000e+00
1.810000000000000142e+01,4.883354306221008301e-01,7.905106060206890106e-03,2.397832489013671875e+01,2.000000000000000000e+00
1.812000000000000099e+01,5.414828658103942871e-01,9.540279395878314972e-03,2.400380325317382812e+01,2.000000000000000000e+00
1.814000000000000057e+01,5.973694920539855957e-01,1.139779761433601379e-02,2.402920150756835938e+01,2.000000000000000000e+00
1.816000000000000014e+01,6.559998393058776855e-01,1.349218934774398804e-02,2.405448913574218750e+01,2.000000000000000000e+00
1.817999999999999972e+01,7.173790931701660156e-01,1.583756506443023682e-02,2.407962417602539062e+01,2.000000000000000000e+00
1.819999999999999929e+01,7.815124392509460449e-01,1.844749785959720612e-02,2.410456848144531250e+01,2.000000000000000000e+00
1.821999999999999886e+01,8.484054207801818848e-01,2.133531868457794189e-02,2.412928771972656250e+01,2.000000000000000000e+00
1.824000000000000199e+01,9.180625677108764648e-01,2.451396547257900238e-02,2.415374755859375000e+01,2.000000000000000000e+00
1.826000000000000156e+01,9.904880523681640625e-01,2.799581922590732574e-02,2.417790985107421875e+01,2.000000000000000000e+00
1.828000000000000114e+01,1.065685391426086426e+00,3.179287165403366089e-02,2.420174026489257812e+01,2.000000000000000000e+00
1.830000000000000071e+01,1.143656969070434570e+00,3.591663762927055359e-02,2.422521018981933594e+01,2.000000000000000000e+00
1.832000000000000028e+01,1.224405169486999512e+00,4.037829115986824036e-02,2.424829101562500000e+01,2.000000000000000000e+00
1.833999999999999986e+01,1.307932019233703613e+00,4.518825560808181763e-02,2.427095603942871094e+01,2.000000000000000000e+00
1.835999999999999943e+01,1.394238471984863281e+00,5.035607516765594482e-02,2.429317283630371094e+01,2.000000000000000000e+00
1.837999999999999901e+01,1.483325362205505371e+00,5.589066818356513977e-02,2.431491279602050781e+01,2.000000000000000000e+00
1.840000000000000213e+01,1.575192809104919434e+00,6.180028244853019714e-02,2.433614158630371094e+01,2.000000000000000000e+00
1.842000000000000171e+01,1.669840812683105469e+00,6.809308379888534546e-02,2.435683441162109375e+01,2.000000000000000000e+00
1.844000000000000128e+01,1.767268657684326172e+00,7.477673888206481934e-02,2.437696647644042969e+01,2.000000000000000000e+00
1.846000000000000085e+01,1.867474198341369629e+00,8.185800164937973022e-02,2.439651107788085938e+01,2.000000000000000000e+00
1.848000000000000043e+01,1.970454692840576172e+00,8.934310823678970337e-02,2.441543579101562500e+01,2.000000000000000000e+00
1.850000000000000000e+01,2.076206445693969727e+00,9.723782539367675781e-02,2.443370819091796875e+01,2.000000000000000000e+00
1.851999999999999957e+01,2.184724807739257812e+00,1.055477038025856018e-01,2.445130729675292969e+01,2.000000000000000000e+00
1.853999999999999915e+01,2.296005010604858398e+00,1.142779961228370667e-01,2.446820640563964844e+01,2.000000000000000000e+00
1.855999999999999872e+01,2.410040140151977539e+00,1.234336122870445251e-01,2.448437690734863281e+01,2.000000000000000000e+00
1.858000000000000185e+01,2.526823043823242188e+00,1.330193728208541870e-01,2.449979782104492188e+01,2.000000000000000000e+00
1.860000000000000142e+01,2.646345615386962891e+00,1.430400609970092773e-01,2.451444244384765625e+01,2.000000000000000000e+00
1.862000000000000099e+01,2.768598794937133789e+00,1.535010188817977905e-01,2.452829551696777344e+01,2.000000000000000000e+00
1.864000000000000057e+01,2.893573760986328125e+00,1.644076853990554810e-01,2.454135131835937500e+01,2.000000000000000000e+00
1.866000000000000014e+01,3.021259784698486328e+00,1.757653504610061646e-01,2.455359077453613281e+01,2.000000000000000000e+00
1.867999999999999972e+01,3.151645660400390625e+00,1.875791847705841064e-01,2.456499862670898438e+01,2.000000000000000000e+00
1.869999999999999929e+01,3.284718751907348633e+00,1.998544335365295410e-01,2.457556152343750000e+01,2.000000000000000000e+00
1.871999999999999886e+01,3.420467376708984375e+00,2.125969380140304565e-01,2.458526992797851562e+01,2.000000000000000000e+00
1.874000000000000199e+01,3.558878183364868164e+00,2.258127629756927490e-01,2.459411239624023438e+01,2.000000000000000000e+00
1.876000000000000156e+01,3.699936866760253906e+00,2.395080924034118652e-01,2.460208129882812500e+01,2.000000000000000000e+00
1.878000000000000114e+01,3.843629360198974609e+00,2.536895871162414551e-01,2.460916900634765625e+01,2.000000000000000000e+00
1.880000000000000071e+01,3.989940404891967773e+00,2.683644592761993408e-01,2.461537170410156250e+01,2.000000000000000000e+00
1.882000000000000028e+01,4.138854503631591797e+00,2.835405766963958740e-01,2.462068748474121094e+01,2.000000000000000000e+00
1.883999999999999986e+01,4.290356159210205078e+00,2.992261648178100586e-01,2.462511634826660156e+01,2.000000000000000000e+00
1.885999999999999943e+01,4.444427967071533203e+00,3.154297173023223877e-01,2.462865638732910156e+01,2.000000000000000000e+00
1.887999999999999901e+01,4.601052761077880859e+00,3.321604728698730469e-01,2.463130950927734375e+01,2.000000000000000000e+00
1.890000000000000213e+01,4.760212898254394531e+00,3.494283258914947510e-01,2.463308143615722656e+01,2.000000000000000000e+00
1.892000000000000171e+01,4.921889781951904297e+00,3.672438561916351318e-01,2.463397407531738281e+01,2.000000000000000000e+00
1.894000000000000128e+01,5.086064338684082031e+00,3.856182694435119629e-01,2.463400268554687500e+01,2.000000000000000000e+00
1.896000000000000085e+01,5.252718448638916016e+00,4.045630693435668945e-01,2.463317298889160156e+01,2.000000000000000000e+00
1.898000000000000043e+01,5.421832084655761719e+00,4.240905046463012695e-01,2.463148880004882812e+01,2.000000000000000000e+00
1.900000000000000000e+01,5.593385696411132812e+00,4.442136585712432861e-01,2.462896537780761719e+01,2.000000000000000000e+00
1.901999999999999957e+01,5.767359256744384766e+00,4.649463593959808350e-01,2.462561798095703125e+01,2.000000000000000000e+00
1.903999999999999915e+01,5.943732261657714844e+00,4.863030612468719482e-01,2.462146377563476562e+01,2.000000000000000000e+00
1.905999999999999872e+01,6.122483730316162109e+00,5.082984566688537598e-01,2.461651611328125000e+01,2.000000000000000000e+00
1.908000000000000185e+01,6.303595066070556641e+00,5.309479832649230957e-01,2.461078834533691406e+01,2.000000000000000000e+00
1.910000000000000142e+01,6.487043857574462891e+00,5.542677640914916992e-01,2.460429763793945312e+01,2.000000000000000000e+00
1.912000000000000099e+01,6.672811031341552734e+00,5.782744884490966797e-01,2.459706306457519531e+01,2.000000000000000000e+00
1.914000000000000057e+01,6.860875129699707031e+00,6.029853224754333496e-01,2.458909988403320312e+01,2.000000000000000000e+00
1.916000000000000014e+01,7.051215171813964844e+00,6.284175515174865723e-01,2.458042716979980469e+01,2.000000000000000000e+00
1.917999999999999972e+01,7.243810653686523438e+00,6.545894145965576172e-01,2.457106208801269531e+01,2.000000000000000000e+00
1.919999999999999929e+01,7.438641071319580078e+00,6.815193891525268555e-01,2.456101989746093750e+01,2.000000000000000000e+00
1.921999999999999886e+01,7.635685920715332031e+00,7.092268466949462891e-01,2.455032157897949219e+01,2.000000000000000000e+00
1.924000000000000199e+01,7.834924697875976562e+00,7.377315163612365723e-01,2.453898429870605469e+01,2.000000000000000000e+00
1.926000000000000156e+01,8.036336898803710938e+00,7.670527696609497070e-01,2.452702522277832031e+01,2.000000000000000000e+00
1.928000000000000114e+01,8.239903450012207031e+00,7.972105741500854492e-01,2.451445960998535156e+01,2.000000000000000000e+00
1.930000000000000071e+01,8.445603370666503906e+00,8.282249569892883301e-01,2.450130271911621094e+01,2.000000000000000000e+00
1.932000000000000028e+01,8.653417587280273438e+00,8.601163625717163086e-01,2.448756980895996094e+01,2.000000000000000000e+00
1.933999999999999986e+01,8.863327026367187500e+00,8.929054141044616699e-01,2.447327423095703125e+01,2.000000000000000000e+00
1.935999999999999943e+01,9.075310707092285156e+00,9.266121387481689453e-01,2.445842933654785156e+01,2.000000000000000000e+00
1.937999999999999901e+01,9.289351463317871094e+00,9.612565636634826660e-01,2.444304275512695312e+01,2.000000000000000000e+00
1.940000000000000213e+01,9.505430221557617188e+00,9.968586564064025879e-01,2.442712020874023438e+01,3.000000000000000000e+00
1.942000000000000171e+01,9.723046302795410156e+00,1.033203244209289551e+00,2.440992355346679688e+01,3.000000000000000000e+00
1.944000000000000128e+01,9.941737174987792969e+00,1.070138812065124512e+00,2.439100646972656250e+01,3.000000000000000000e+00
1.946000000000000085e+01,1.016136455535888672e+01,1.107682347297668457e+00,2.437048149108886719e+01,3.000000000000000000e+00
1.948000000000000043e+01,1.038188648223876953e+01,1.145882129669189453e+00,2.434854698181152344e+01,3.000000000000000000e+00
1.950000000000000000e+01,1.060330200195312500e+01,1.184798598289489746e+00,2.432542610168457031e+01,3.000000000000000000e+00
1.951999999999999957e+01,1.082559871673583984e+01,1.224492192268371582e+00,2.430135154724121094e+01,3.000000000000000000e+00
1.953999999999999915e+01,1.104874229431152344e+01,1.265018582344055176e+00,2.427654838562011719e+01,3.000000000000000000e+00
1.955999999999999872e+01,1.127269363403320312e+01,1.306429266929626465e+00,2.425122451782226562e+01,3.000000000000000000e+00
1.958000000000000185e+01,1.149742126464843750e+01,1.348771214485168457e+00,2.422556686401367188e+01,3.000000000000000000e+00
1.960000000000000142e+01,1.172289180755615234e+01,1.392085790634155273e+00,2.419973564147949219e+01,3.000000000000000000e+00
1.962000000000000099e+01,1.194907760620117188e+01,1.436409115791320801e+00,2.417387008666992188e+01,3.000000000000000000e+00
1.964000000000000057e+01,1.217594814300537109e+01,1.481772065162658691e+00,2.414808845520019531e+01,3.000000000000000000e+00
1.966000000000000014e+01,1.240347766876220703e+01,1.528200149536132812e+00,2.412248802185058594e+01,3.000000000000000000e+00
1.967999999999999972e+01,1.263164234161376953e+01,1.575712442398071289e+00,2.409713172912597656e+01,3.000000000000000000e+00
1.969999999999999929e+01,1.286041831970214844e+01,1.624323487281799316e+00,2.407206344604492188e+01,3.000000000000000000e+00
1.971999999999999886e+01,1.308978748321533203e+01,1.674043297767639160e+00,2.404730987548828125e+01,3.000000000000000000e+00
1.974000000000000199e+01,1.331973171234130859e+01,1.724878430366516113e+00,2.402288055419921875e+01,3.000000000000000000e+00
1.976000000000000156e+01,1.355023765563964844e+01,1.776832103729248047e+00,2.399876785278320312e+01,3.000000000000000000e+00
1.978000000000000114e+01,1.378129291534423828e+01,1.829904079437255859e+00,2.397495079040527344e+01,3.000000000000000000e+00
1.980000000000000071e+01,1.401288795471191406e+01,1.884091854095458984e+00,2.395139503479003906e+01,3.000000000000000000e+00
1.982000000000000028e+01,1.424501514434814453e+01,1.939391136169433594e+00,2.392805099487304688e+01,3.000000000000000000e+00
1.983999999999999986e+01,1.447766876220703125e+01,1.995796442031860352e+00,2.390487480163574219e+01,3.000000000000000000e+00
1.985999999999999943e+01,1.471084690093994141e+01,2.053301811218261719e+00,2.388180541992187500e+01,3.000000000000000000e+00
1.987999999999999901e+01,1.494454956054687500e+01,2.111901521682739258e+00,2.385878753662109375e+01,3.000000000000000000e+00
1.990000000000000213e+01,1.517877578735351562e+01,2.171588420867919922e+00,2.383576393127441406e+01,3.000000000000000000e+00
1.992000000000000171e+01,1.541352272033691406e+01,2.232356548309326172e+00,2.381266975402832031e+01,3.000000000000000000e+00
1.994000000000000128e+01,1.564879417419433594e+01,2.294200658798217773e+00,2.378944587707519531e+01,3.000000000000000000e+00
1.996000000000000085e+01,1.588459300994873047e+01,2.357116699218750000e+00,2.376603889465332031e+01,3.000000000000000000e+00
1.998000000000000043e+01,1.612092018127441406e+01,2.421101093292236328e+00,2.374239921569824219e+01,3.000000000000000000e+00
2.000000000000000000e+01,1.635777473449707031e+01,2.486151933670043945e+00,2.371847343444824219e+01,3.000000000000000000e+00
2.001999999999999957e+01,1.659516143798828125e+01,2.552267789840698242e+00,2.369421768188476562e+01,3.000000000000000000e+00
2.003999999999999915e+01,1.683307647705078125e+01,2.619449377059936523e+00,2.366958999633789062e+01,3.000000000000000000e+00
2.005999999999999872e+01,1.707152366638183594e+01,2.687698125839233398e+00,2.364455604553222656e+01,3.000000000000000000e+00
2.008000000000000185e+01,1.731050300598144531e+01,2.757017612457275391e+00,2.361908721923828125e+01,3.000000000000000000e+00
2.010000000000000142e+01,1.755000877380371094e+01,2.827412128448486328e+00,2.359315681457519531e+01,3.000000000000000000e+00
2.012000000000000099e+01,1.779004287719726562e+01,2.898887157440185547e+00,2.356674385070800781e+01,3.000000000000000000e+00
2.014000000000000057e+01,1.803060340881347656e+01,2.971450090408325195e+00,2.353983306884765625e+01,3.000000000000000000e+00
2.016000000000000014e+01,1.827168273925781250e+01,3.045109748840332031e+00,2.351241302490234375e+01,3.000000000000000000e+00
2.017999999999999972e+01,1.851328086853027344e+01,3.119875192642211914e+00,2.348447036743164062e+01,3.000000000000000000e+00
2.019999999999999929e+01,1.875539016723632812e+01,3.195756196975708008e+00,2.345600318908691406e+01,3.000000000000000000e+00
2.021999999999999886e+01,1.899800682067871094e+01,3.272763490676879883e+00,2.342700386047363281e+01,3.000000000000000000e+00
2.024000000000000199e+01,1.924112510681152344e+01,3.350908517837524414e+00,2.339747047424316406e+01,3.000000000000000000e+00
2.026000000000000156e+01,1.948473739624023438e+01,3.430203914642333984e+00,2.336740303039550781e+01,3.000000000000000000e+00
2.028000000000000114e+01,1.972883415222167969e+01,3.510662794113159180e+00,2.333680343627929688e+01,3.000000000000000000e+00
2.030000000000000071e+01,1.997340965270996094e+01,3.592298030853271484e+00,2.330567550659179688e+01,3.000000000000000000e+00
2.032000000000000028e+01,2.021845245361328125e+01,3.675122737884521484e+00,2.327402305603027344e+01,3.000000000000000000e+00
2.033999999999999986e+01,2.046395492553710938e+01,3.759150743484497070e+00,2.324184799194335938e+01,3.000000000000000000e+00
2.035999999999999943e+01,2.070990753173828125e+01,3.844396352767944336e+00,2.320915794372558594e+01,3.000000000000000000e+00
2.037999999999999901e+01,2.095629882812500000e+01,3.930873632431030273e+00,2.317595863342285156e+01,3.000000000000000000e+00
2.040000000000000213e+01,2.120311927795410156e+01,4.018598079681396484e+00,2.314225769042968750e+01,3.000000000000000000e+00
2.042000000000000171e+01,2.145035934448242188e+01,4.107582569122314453e+00,2.310805892944335938e+01,3.000000000000000000e+00
2.044000000000000128e+01,2.169800758361816406e+01,4.197842121124267578e+00,2.307336807250976562e+01,3.000000000000000000e+00
2.046000000000000085e+01,2.194605255126953125e+01,4.289390563964843750e+00,2.303819656372070312e+01,3.000000000000000000e+00
2.048000000000000043e+01,2.219448471069335938e+01,4.382242679595947266e+00,2.300254440307617188e+01,3.000000000000000000e+00
2.050000000000000000e+01,2.244328880310058594e+01,4.476412296295166016e+00,2.296641921997070312e+01,3.000000000000000000e+00
2.051999999999999957e+01,2.269245719909667969e+01,4.571913242340087891e+00,2.292981910705566406e+01,3.000000000000000000e+00
2.053999999999999915e+01,2.294197463989257812e+01,4.668757915496826172e+00,2.289275169372558594e+01,3.000000000000000000e+00
2.055999999999999872e+01,2.319182777404785156e+01,4.766959667205810547e+00,2.285521888732910156e+01,3.000000000000000000e+00
2.058000000000000185e+01,2.344201087951660156e+01,4.866533279418945312e+00,2.281722068786621094e+01,3.000000000000000000e+00
2.060000000000000142e+01,2.369251060485839844e+01,4.967490196228027344e+00,2.277876281738281250e+01,3.000000000000000000e+00
2.062000000000000099e+01,2.394331169128417969e+01,5.069842815399169922e+00,2.273984336853027344e+01,3.000000000000000000e+00
2.064000000000000057e+01,2.419440460205078125e+01,5.173603534698486328e+00,2.270046234130859375e+01,3.000000000000000000e+00
2.066000000000000014e+01,2.444577407836914062e+01,5.278784751892089844e+00,2.266062164306640625e+01,3.000000000000000000e+00
2.067999999999999972e+01,2.469740867614746094e+01,5.385398387908935547e+00,2.262032318115234375e+01,3.000000000000000000e+00
2.069999999999999929e+01,2.494929885864257812e+01,5.493455410003662109e+00,2.257956695556640625e+01,3.000000000000000000e+00
2.071999999999999886e+01,2.520143127441406250e+01,5.602966785430908203e+00,2.253835296630859375e+01,3.000000000000000000e+00
2.074000000000000199e+01,2.545378875732421875e+01,5.713942527770996094e+00,2.249667739868164062e+01,3.000000000000000000e+00
2.076000000000000156e+01,2.570636367797851562e+01,5.826393604278564453e+00,2.245454216003417969e+01,3.000000000000000000e+00
2.078000000000000114e+01,2.595914268493652344e+01,5.940331935882568359e+00,2.241194915771484375e+01,3.000000000000000000e+00
2.080000000000000071e+01,2.621211242675781250e+01,6.055767059326171875e+00,2.236889839172363281e+01,3.000000000000000000e+00
2.082000000000000028e+01,2.646525764465332031e+01,6.172707080841064453e+00,2.232538986206054688e+01,3.000000000000000000e+00
2.083999999999999986e+01,2.671856880187988281e+01,6.291162014007568359e+00,2.228142166137695312e+01,3.000000000000000000e+00
2.085999999999999943e+01,2.697203063964843750e+01,6.411142349243164062e+00,2.223699760437011719e+01,3.000000000000000000e+00
2.087999999999999901e+01,2.722562980651855469e+01,6.532657146453857422e+00,2.219211578369140625e+01,3.000000000000000000e+00
2.090000000000000213e+01,2.747935676574707031e+01,6.655715465545654297e+00,2.214678192138671875e+01,3.000000000000000000e+00
2.092000000000000171e+01,2.773319435119628906e+01,6.780326843261718750e+00,2.210099601745605469e+01,3.000000000000000000e+00
2.094000000000000128e+01,2.798712921142578125e+01,6.906499862670898438e+00,2.205475997924804688e+01,3.000000000000000000e+00
2.096000000000000085e+01,2.824114990234375000e+01,7.034243583679199219e+00,2.200807952880859375e+01,3.000000000000000000e+00
2.098000000000000043e+01,2.849524307250976562e+01,7.163567066192626953e+00,2.196095466613769531e+01,3.000000000000000000e+00
2.100000000000000000e+01,2.874939346313476562e+01,7.294479846954345703e+00,2.191339492797851562e+01,3.000000000000000000e+00
2.101999999999999957e+01,2.900358390808105469e+01,7.426989078521728516e+00,2.186539649963378906e+01,3.000000000000000000e+00
2.103999999999999915e+01,2.925780677795410156e+01,7.561102867126464844e+00,2.181696891784667969e+01,3.000000000000000000e+00
2.105999999999999872e+01,2.951204490661621094e+01,7.696830272674560547e+00,2.176810646057128906e+01,3.000000000000000000e+00
2.108000000000000185e+01,2.976628303527832031e+01,7.834179401397705078e+00,2.171882057189941406e+01,3.000000000000000000e+00
2.110000000000000142e+01,3.002050590515136719e+01,7.973158359527587891e+00,2.166911697387695312e+01,3.000000000000000000e+00
2.112000000000000099e+01,3.027469825744628906e+01,8.113773345947265625e+00,2.161899375915527344e+01,3.000000000000000000e+00
2.114000000000000057e+01,3.052884864807128906e+01,8.256033897399902344e+00,2.156845664978027344e+01,3.000000000000000000e+00
2.116000000000000014e+01,3.078293800354003906e+01,8.399947166442871094e+00,2.151750946044921875e+01,3.000000000000000000e+00
2.117999999999999972e+01,3.103695297241210938e+01,8.545521736145019531e+00,2.146615982055664062e+01,3.000000000000000000e+00
2.119999999999999929e+01,3.129087829589843750e+01,8.692765235900878906e+00,2.141441154479980469e+01,3.000000000000000000e+00
2.121999999999999886e+01,3.154469490051269531e+01,8.841685295104980469e+00,2.136226844787597656e+01,3.000000000000000000e+00
2.124000000000000199e+01,3.179838943481445312e+01,8.992289543151855469e+00,2.130973434448242188e+01,3.000000000000000000e+00
2.126000000000000156e+01,3.205194473266601562e+01,9.144584655761718750e+00,2.125681495666503906e+01,3.000000000000000000e+00
2.128000000000000114e+01,3.230534744262695312e+01,9.298579216003417969e+00,2.120351600646972656e+01,3.000000000000000000e+00
2.130000000000000071e+01,3.255857467651367188e+01,9.454281806945800781e+00,2.114984512329101562e+01,3.000000000000000000e+00
2.132000000000000028e+01,3.281161499023437500e+01,9.611700057983398438e+00,2.109580421447753906e+01,3.000000000000000000e+00
2.133999999999999986e+01,3.306444549560546875e+01,9.770838737487792969e+00,2.104139709472656250e+01,3.000000000000000000e+00
2.135999999999999943e+01,3.331705093383789062e+01,9.931707382202148438e+00,2.098662948608398438e+01,3.000000000000000000e+00
2.137999999999999901e+01,3.356941223144531250e+01,1.009431362152099609e+01,2.093151092529296875e+01,3.000000000000000000e+00
2.140000000000000213e+01,3.382151412963867188e+01,1.025866699218750000e+01,2.087604522705078125e+01,3.000000000000000000e+00
2.142000000000000171e+01,3.407334136962890625e+01,1.042477416992187500e+01,2.082023620605468750e+01,3.000000000000000000e+00
2.144000000000000128e+01,3.432485961914062500e+01,1.059264087677001953e+01,2.076408576965332031e+01,3.000000000000000000e+00
2.146000000000000085e+01,3.457606124877929688e+01,1.076227760314941406e+01,2.070760345458984375e+01,3.000000000000000000e+00
2.148000000000000043e+01,3.482692337036132812e+01,1.093369197845458984e+01,2.065079689025878906e+01,3.000000000000000000e+00
2.150000000000000000e+01,3.507742691040039062e+01,1.110689353942871094e+01,2.059366798400878906e+01,3.000000000000000000e+00
2.151999999999999957e+01,3.532755279541015625e+01,1.128188705444335938e+01,2.053622245788574219e+01,3.000000000000000000e+00
2.153999999999999915e+01,3.557727432250976562e+01,1.145868110656738281e+01,2.047846412658691406e+01,3.000000000000000000e+00
2.155999999999999872e+01,3.582656860351562500e+01,1.163728523254394531e+01,2.042039871215820312e+01,3.000000000000000000e+00
2.158000000000000185e+01,3.607542037963867188e+01,1.181770706176757812e+01,2.036203384399414062e+01,3.000000000000000000e+00
2.160000000000000142e+01,3.632379531860351562e+01,1.199995613098144531e+01,2.030337333679199219e+01,3.000000000000000000e+00
2.162000000000000099e+01,3.657168579101562500e+01,1.218404006958007812e+01,2.024442672729492188e+01,3.000000000000000000e+00
2.164000000000000057e+01,3.681905364990234375e+01,1.236996746063232422e+01,2.018519401550292969e+01,3.000000000000000000e+00
2.166000000000000014e+01,3.706588363647460938e+01,1.255774879455566406e+01,2.012568092346191406e+01,3.000000000000000000e+00
2.167999999999999972e+01,3.731214141845703125e+01,1.274739265441894531e+01,2.006589889526367188e+01,3.000000000000000000e+00
2.169999999999999929e+01,3.755780792236328125e+01,1.293890857696533203e+01,2.000585365295410156e+01,3.000000000000000000e+00
2.171999999999999886e+01,3.780285644531250000e+01,1.313230514526367188e+01,1.994554710388183594e+01,3.000000000000000000e+00
2.174000000000000199e+01,3.804724884033203125e+01,1.332759284973144531e+01,1.988498878479003906e+01,3.000000000000000000e+00
2.176000000000000156e+01,3.829096603393554688e+01,1.352477931976318359e+01,1.982418251037597656e+01,3.000000000000000000e+00
2.178000000000000114e+01,3.853397750854492188e+01,1.372387695312500000e+01,1.976313781738281250e+01,3.000000000000000000e+00
2.180000000000000071e+01,3.877624893188476562e+01,1.392489528656005859e+01,1.970185470581054688e+01,3.000000000000000000e+00
2.182000000000000028e+01,3.901775360107421875e+01,1.412784385681152344e+01,1.964033889770507812e+01,3.000000000000000000e+00
2.183999999999999986e+01,3.925846481323242188e+01,1.433273315429687500e+01,1.957859802246093750e+01,3.000000000000000000e+00
2.185999999999999943e+01,3.949834442138671875e+01,1.453957557678222656e+01,1.951663589477539062e+01,3.000000000000000000e+00
2.187999999999999901e+01,3.973735046386718750e+01,1.474837970733642578e+01,1.945445442199707031e+01,3.000000000000000000e+00
2.190000000000000213e+01,3.997545623779296875e+01,1.495915889739990234e+01,1.939205932617187500e+01,3.000000000000000000e+00
2.192000000000000171e+01,4.021262359619140625e+01,1.517192363739013672e+01,1.932945060729980469e+01,3.000000000000000000e+00
2.194000000000000128e+01,4.044881439208984375e+01,1.538668727874755859e+01,1.926663208007812500e+01,3.000000000000000000e+00
2.196000000000000085e+01,4.068399047851562500e+01,1.560346126556396484e+01,1.920360565185546875e+01,3.000000000000000000e+00
2.198000000000000043e+01,4.091810607910156250e+01,1.582225894927978516e+01,1.914037132263183594e+01,3.000000000000000000e+00
2.200000000000000000e+01,4.115111923217773438e+01,1.604309463500976562e+01,1.907693290710449219e+01,3.000000000000000000e+00
2.201999999999999957e+01,4.138298797607421875e+01,1.626597976684570312e+01,1.901328849792480469e+01,3.000000000000000000e+00
2.203999999999999915e+01,4.161365890502929688e+01,1.649093055725097656e+01,1.894943809509277344e+01,3.000000000000000000e+00
2.205999999999999872e+01,4.184309005737304688e+01,1.671796417236328125e+01,1.888538360595703125e+01,3.000000000000000000e+00
2.208000000000000185e+01,4.207122421264648438e+01,1.694709396362304688e+01,1.882112884521484375e+01,3.000000000000000000e+00
2.210000000000000142e+01,4.229801177978515625e+01,1.717833900451660156e+01,1.875667190551757812e+01,3.000000000000000000e+00
2.212000000000000099e+01,4.252339172363281250e+01,1.741171264648437500e+01,1.869201469421386719e+01,3.000000000000000000e+00
2.214000000000000057e+01,4.274730682373046875e+01,1.764723587036132812e+01,1.862715721130371094e+01,3.000000000000000000e+00
2.216000000000000014e+01,4.296969223022460938e+01,1.788493156433105469e+01,1.856210708618164062e+01,3.000000000000000000e+00
2.217999999999999972e+01,4.319047927856445312e+01,1.812482261657714844e+01,1.849687004089355469e+01,3.000000000000000000e+00
2.219999999999999929e+01,4.340959548950195312e+01,1.836694145202636719e+01,1.843146133422851562e+01,3.000000000000000000e+00
2.221999999999999886e+01,4.362695312500000000e+01,1.861130905151367188e+01,1.836588859558105469e+01,3.000000000000000000e+00
2.224000000000000199e+01,4.384249114990234375e+01,1.885795021057128906e+01,1.830014228820800781e+01,3.000000000000000000e+00
2.226000000000000156e+01,4.405612945556640625e+01,1.910688781738281250e+01,1.823421478271484375e+01,3.000000000000000000e+00
2.228000000000000114e+01,4.426780319213867188e+01,1.935813713073730469e+01,1.816807937622070312e+01,3.000000000000000000e+00
2.230000000000000071e+01,4.447742080688476562e+01,1.961170959472656250e+01,1.810170936584472656e+01,3.000000000000000000e+00
2.232000000000000028e+01,4.468491744995117188e+01,1.986762046813964844e+01,1.803506278991699219e+01,3.000000000000000000e+00
2.233999999999999986e+01,4.489021301269531250e+01,2.012587928771972656e+01,1.796809387207031250e+01,3.000000000000000000e+00
2.235999999999999943e+01,4.509322738647460938e+01,2.038649177551269531e+01,1.790075683593750000e+01,3.000000000000000000e+00
2.237999999999999901e+01,4.529389190673828125e+01,2.064946556091308594e+01,1.783299064636230469e+01,3.000000000000000000e+00
2.240000000000000213e+01,4.549211502075195312e+01,2.091480445861816406e+01,1.776473236083984375e+01,3.000000000000000000e+00
2.242000000000000171e+01,4.568780899047851562e+01,2.118251228332519531e+01,1.769591712951660156e+01,3.000000000000000000e+00
2.244000000000000128e+01,4.588090133666992188e+01,2.145259094238281250e+01,1.762647628784179688e+01,3.000000000000000000e+00
2.246000000000000085e+01,4.607128906250000000e+01,2.172504234313964844e+01,1.755633544921875000e+01,3.000000000000000000e+00
2.248000000000000043e+01,4.625888442993164062e+01,2.199986648559570312e+01,1.748541450500488281e+01,3.000000000000000000e+00
2.250000000000000000e+01,4.644358825683593750e+01,2.227706336975097656e+01,1.741363525390625000e+01,3.000000000000000000e+00
2.251999999999999957e+01,4.662529373168945312e+01,2.255662918090820312e+01,1.734091186523437500e+01,3.000000000000000000e+00
2.253999999999999915e+01,4.680389404296875000e+01,2.283856201171875000e+01,1.726715469360351562e+01,3.000000000000000000e+00
2.255999999999999872e+01,4.697927856445312500e+01,2.312285232543945312e+01,1.719227218627929688e+01,3.000000000000000000e+00
2.258000000000000185e+01,4.715132904052734375e+01,2.340948867797851562e+01,1.711616706848144531e+01,3.000000000000000000e+00
2.260000000000000142e+01,4.731993484497070312e+01,2.369846153259277344e+01,1.703873634338378906e+01,3.000000000000000000e+00
2.262000000000000099e+01,4.748496627807617188e+01,2.398974990844726562e+01,1.695987510681152344e+01,3.000000000000000000e+00
