time_s,north_m,east_m,altitude_m,phase
0.000000000000000000e+00,0.000000000000000000e+00,0.000000000000000000e+00,9.377412497997283936e-02,0.000000000000000000e+00
2.000000000000000042e-02,0.000000000000000000e+00,0.000000000000000000e+00,9.474229812622070312e-02,0.000000000000000000e+00
4.000000000000000083e-02,0.000000000000000000e+00,0.000000000000000000e+00,9.584950655698776245e-02,0.000000000000000000e+00
5.999999999999999778e-02,0.000000000000000000e+00,0.000000000000000000e+00,9.725560247898101807e-02,0.000000000000000000e+00
8.000000000000000167e-02,0.000000000000000000e+00,0.000000000000000000e+00,9.913198649883270264e-02,0.000000000000000000e+00
1.000000000000000056e-01,0.000000000000000000e+00,0.000000000000000000e+00,1.015153154730796814e-01,0.000000000000000000e+00
1.199999999999999956e-01,0.000000000000000000e+00,0.000000000000000000e+00,1.044117733836174011e-01,0.000000000000000000e+00
1.400000000000000133e-01,0.000000000000000000e+00,0.000000000000000000e+00,1.078208759427070618e-01,0.000000000000000000e+00
1.600000000000000033e-01,0.000000000000000000e+00,0.000000000000000000e+00,1.117397695779800415e-01,0.000000000000000000e+00
1.799999999999999933e-01,0.000000000000000000e+00,0.000000000000000000e+00,1.161646842956542969e-01,0.000000000000000000e+00
2.000000000000000111e-01,0.000000000000000000e+00,0.000000000000000000e+00,1.210909336805343628e-01,0.000000000000000000e+00
2.200000000000000011e-01,0.000000000000000000e+00,0.000000000000000000e+00,1.265139877796173096e-01,0.000000000000000000e+00
2.399999999999999911e-01,0.000000000000000000e+00,0.000000000000000000e+00,1.324300318956375122e-01,0.000000000000000000e+00
2.600000000000000089e-01,0.000000000000000000e+00,0.000000000000000000e+00,1.388354003429412842e-01,0.000000000000000000e+00
2.800000000000000266e-01,0.000000000000000000e+00,0.000000000000000000e+00,1.457266807556152344e-01,0.000000000000000000e+00
2.999999999999999889e-01,0.000000000000000000e+00,0.000000000000000000e+00,1.530993729829788208e-01,0.000000000000000000e+00
3.200000000000000067e-01,0.000000000000000000e+00,0.000000000000000000e+00,1.609489619731903076e-01,0.000000000000000000e+00
3.400000000000000244e-01,0.000000000000000000e+00,0.000000000000000000e+00,1.692716330289840698e-01,0.000000000000000000e+00
3.599999999999999867e-01,0.000000000000000000e+00,0.000000000000000000e+00,1.780640780925750732e-01,0.000000000000000000e+00
3.800000000000000044e-01,0.000000000000000000e+00,0.000000000000000000e+00,1.873229146003723145e-01,0.000000000000000000e+00
4.000000000000000222e-01,0.000000000000000000e+00,0.000000000000000000e+00,1.970434337854385376e-01,0.000000000000000000e+00
4.199999999999999845e-01,0.000000000000000000e+00,0.000000000000000000e+00,2.072205096483230591e-01,0.000000000000000000e+00
4.400000000000000022e-01,0.000000000000000000e+00,0.000000000000000000e+00,2.178553044795989990e-01,0.000000000000000000e+00
4.600000000000000200e-01,0.000000000000000000e+00,0.000000000000000000e+00,2.289496660232543945e-01,0.000000000000000000e+00
4.799999999999999822e-01,0.000000000000000000e+00,0.000000000000000000e+00,2.405014634132385254e-01,0.000000000000000000e+00
5.000000000000000000e-01,0.000000000000000000e+00,0.000000000000000000e+00,2.525067925453186035e-01,0.000000000000000000e+00
5.200000000000000178e-01,0.000000000000000000e+00,0.000000000000000000e+00,2.649606764316558838e-01,0.000000000000000000e+00
5.400000000000000355e-01,0.000000000000000000e+00,0.000000000000000000e+00,2.778580188751220703e-01,0.000000000000000000e+00
5.600000000000000533e-01,0.000000000000000000e+00,0.000000000000000000e+00,2.911944091320037842e-01,0.000000000000000000e+00
5.799999999999999600e-01,0.000000000000000000e+00,0.000000000000000000e+00,3.049660325050354004e-01,0.000000000000000000e+00
5.999999999999999778e-01,0.000000000000000000e+00,0.000000000000000000e+00,3.191690146923065186e-01,0.000000000000000000e+00
6.199999999999999956e-01,0.000000000000000000e+00,0.000000000000000000e+00,3.337992429733276367e-01,0.000000000000000000e+00
6.400000000000000133e-01,0.000000000000000000e+00,0.000000000000000000e+00,3.488526940345764160e-01,0.000000000000000000e+00
6.600000000000000311e-01,0.000000000000000000e+00,0.000000000000000000e+00,3.643256425857543945e-01,0.000000000000000000e+00
6.800000000000000488e-01,0.000000000000000000e+00,0.000000000000000000e+00,3.802145719528198242e-01,0.000000000000000000e+00
7.000000000000000666e-01,0.000000000000000000e+00,0.000000000000000000e+00,3.965156972408294678e-01,0.000000000000000000e+00
7.199999999999999734e-01,0.000000000000000000e+00,0.000000000000000000e+00,4.132250249385833740e-01,0.000000000000000000e+00
7.399999999999999911e-01,0.000000000000000000e+00,0.000000000000000000e+00,4.303390085697174072e-01,0.000000000000000000e+00
7.600000000000000089e-01,0.000000000000000000e+00,0.000000000000000000e+00,4.478543102741241455e-01,0.000000000000000000e+00
7.800000000000000266e-01,0.000000000000000000e+00,0.000000000000000000e+00,4.657676219940185547e-01,0.000000000000000000e+00
8.000000000000000444e-01,0.000000000000000000e+00,0.000000000000000000e+00,4.840752184391021729e-01,0.000000000000000000e+00
8.200000000000000622e-01,0.000000000000000000e+00,0.000000000000000000e+00,5.027729868888854980e-01,0.000000000000000000e+00
8.399999999999999689e-01,0.000000000000000000e+00,0.000000000000000000e+00,5.218571424484252930e-01,0.000000000000000000e+00
8.599999999999999867e-01,0.000000000000000000e+00,0.000000000000000000e+00,5.413242578506469727e-01,0.000000000000000000e+00
8.800000000000000044e-01,0.000000000000000000e+00,0.000000000000000000e+00,5.611711740493774414e-01,0.000000000000000000e+00
9.000000000000000222e-01,0.000000000000000000e+00,0.000000000000000000e+00,5.813945531845092773e-01,0.000000000000000000e+00
9.200000000000000400e-01,0.000000000000000000e+00,0.000000000000000000e+00,6.019909977912902832e-01,0.000000000000000000e+00
9.400000000000000577e-01,0.000000000000000000e+00,0.000000000000000000e+00,6.229573488235473633e-01,0.000000000000000000e+00
9.599999999999999645e-01,0.000000000000000000e+00,0.000000000000000000e+00,6.442906856536865234e-01,0.000000000000000000e+00
9.799999999999999822e-01,0.000000000000000000e+00,0.000000000000000000e+00,6.659880876541137695e-01,0.000000000000000000e+00
1.000000000000000000e+00,0.000000000000000000e+00,0.000000000000000000e+00,6.880461573600769043e-01,0.000000000000000000e+00
1.020000000000000018e+00,0.000000000000000000e+00,0.000000000000000000e+00,7.104610800743103027e-01,0.000000000000000000e+00
1.040000000000000036e+00,0.000000000000000000e+00,0.000000000000000000e+00,7.332293987274169922e-01,0.000000000000000000e+00
1.060000000000000053e+00,0.000000000000000000e+00,0.000000000000000000e+00,7.563481926918029785e-01,0.000000000000000000e+00
1.080000000000000071e+00,0.000000000000000000e+00,0.000000000000000000e+00,7.798146605491638184e-01,0.000000000000000000e+00
1.100000000000000089e+00,0.000000000000000000e+00,0.000000000000000000e+00,8.036257028579711914e-01,0.000000000000000000e+00
1.120000000000000107e+00,0.000000000000000000e+00,0.000000000000000000e+00,8.277776241302490234e-01,0.000000000000000000e+00
1.140000000000000124e+00,0.000000000000000000e+00,0.000000000000000000e+00,8.522671461105346680e-01,0.000000000000000000e+00
1.159999999999999920e+00,0.000000000000000000e+00,0.000000000000000000e+00,8.770915269851684570e-01,0.000000000000000000e+00
1.179999999999999938e+00,0.000000000000000000e+00,0.000000000000000000e+00,9.022481441497802734e-01,0.000000000000000000e+00
1.199999999999999956e+00,0.000000000000000000e+00,0.000000000000000000e+00,9.277340173721313477e-01,0.000000000000000000e+00
1.219999999999999973e+00,0.000000000000000000e+00,0.000000000000000000e+00,9.535458683967590332e-01,0.000000000000000000e+00
1.239999999999999991e+00,0.000000000000000000e+00,0.000000000000000000e+00,9.796805381774902344e-01,0.000000000000000000e+00
1.260000000000000009e+00,0.000000000000000000e+00,0.000000000000000000e+00,1.006135225296020508e+00,1.000000000000000000e+00
1.280000000000000027e+00,0.000000000000000000e+00,0.000000000000000000e+00,1.032874822616577148e+00,1.000000000000000000e+00
1.300000000000000044e+00,0.000000000000000000e+00,0.000000000000000000e+00,1.059838771820068359e+00,1.000000000000000000e+00
1.320000000000000062e+00,0.000000000000000000e+00,0.000000000000000000e+00,1.086979985237121582e+00,1.000000000000000000e+00
1.340000000000000080e+00,0.000000000000000000e+00,0.000000000000000000e+00,1.114269614219665527e+00,1.000000000000000000e+00
1.360000000000000098e+00,0.000000000000000000e+00,0.000000000000000000e+00,1.141689896583557129e+00,1.000000000000000000e+00
1.380000000000000115e+00,0.000000000000000000e+00,0.000000000000000000e+00,1.169228315353393555e+00,1.000000000000000000e+00
1.400000000000000133e+00,0.000000000000000000e+00,0.000000000000000000e+00,1.196873664855957031e+00,1.000000000000000000e+00
1.419999999999999929e+00,0.000000000000000000e+00,0.000000000000000000e+00,1.224620819091796875e+00,1.000000000000000000e+00
1.439999999999999947e+00,0.000000000000000000e+00,0.000000000000000000e+00,1.252468585968017578e+00,1.000000000000000000e+00
1.459999999999999964e+00,0.000000000000000000e+00,0.000000000000000000e+00,1.280415415763854980e+00,1.000000000000000000e+00
1.479999999999999982e+00,0.000000000000000000e+00,0.000000000000000000e+00,1.308458209037780762e+00,1.000000000000000000e+00
1.500000000000000000e+00,0.000000000000000000e+00,0.000000000000000000e+00,1.336592078208923340e+00,1.000000000000000000e+00
1.520000000000000018e+00,0.000000000000000000e+00,0.000000000000000000e+00,1.364812612533569336e+00,1.000000000000000000e+00
1.540000000000000036e+00,0.000000000000000000e+00,0.000000000000000000e+00,1.393116831779479980e+00,1.000000000000000000e+00
1.560000000000000053e+00,0.000000000000000000e+00,0.000000000000000000e+00,1.421501517295837402e+00,1.000000000000000000e+00
1.580000000000000071e+00,0.000000000000000000e+00,0.000000000000000000e+00,1.449962735176086426e+00,1.000000000000000000e+00
1.600000000000000089e+00,0.000000000000000000e+00,0.000000000000000000e+00,1.478495359420776367e+00,1.000000000000000000e+00
1.620000000000000107e+00,0.000000000000000000e+00,0.000000000000000000e+00,1.507102489471435547e+00,1.000000000000000000e+00
1.640000000000000124e+00,0.000000000000000000e+00,0.000000000000000000e+00,1.535791397094726562e+00,1.000000000000000000e+00
1.660000000000000142e+00,0.000000000000000000e+00,0.000000000000000000e+00,1.564564585685729980e+00,1.000000000000000000e+00
1.679999999999999938e+00,0.000000000000000000e+00,0.000000000000000000e+00,1.593420743942260742e+00,1.000000000000000000e+00
1.699999999999999956e+00,0.000000000000000000e+00,0.000000000000000000e+00,1.622356772422790527e+00,1.000000000000000000e+00
1.719999999999999973e+00,0.000000000000000000e+00,0.000000000000000000e+00,1.651372313499450684e+00,1.000000000000000000e+00
1.739999999999999991e+00,0.000000000000000000e+00,0.000000000000000000e+00,1.680468916893005371e+00,1.000000000000000000e+00
1.760000000000000009e+00,0.000000000000000000e+00,0.000000000000000000e+00,1.709645748138427734e+00,1.000000000000000000e+00
1.780000000000000027e+00,0.000000000000000000e+00,0.000000000000000000e+00,1.738900899887084961e+00,1.000000000000000000e+00
1.800000000000000044e+00,0.000000000000000000e+00,0.000000000000000000e+00,1.768230319023132324e+00,1.000000000000000000e+00
1.820000000000000062e+00,0.000000000000000000e+00,0.000000000000000000e+00,1.797630786895751953e+00,1.000000000000000000e+00
1.840000000000000080e+00,0.000000000000000000e+00,0.000000000000000000e+00,1.827099442481994629e+00,1.000000000000000000e+00
1.860000000000000098e+00,0.000000000000000000e+00,0.000000000000000000e+00,1.856633663177490234e+00,1.000000000000000000e+00
1.880000000000000115e+00,0.000000000000000000e+00,0.000000000000000000e+00,1.886229515075683594e+00,1.000000000000000000e+00
1.900000000000000133e+00,0.000000000000000000e+00,0.000000000000000000e+00,1.915882349014282227e+00,1.000000000000000000e+00
1.919999999999999929e+00,0.000000000000000000e+00,0.000000000000000000e+00,1.945590734481811523e+00,1.000000000000000000e+00
1.939999999999999947e+00,0.000000000000000000e+00,0.000000000000000000e+00,1.975354909896850586e+00,1.000000000000000000e+00
1.959999999999999964e+00,0.000000000000000000e+00,0.000000000000000000e+00,2.005174398422241211e+00,1.000000000000000000e+00
1.979999999999999982e+00,0.000000000000000000e+00,0.000000000000000000e+00,2.035046577453613281e+00,1.000000000000000000e+00
2.000000000000000000e+00,0.000000000000000000e+00,0.000000000000000000e+00,2.064968109130859375e+00,1.000000000000000000e+00
2.020000000000000018e+00,0.000000000000000000e+00,0.000000000000000000e+00,2.094943284988403320e+00,1.000000000000000000e+00
2.040000000000000036e+00,0.000000000000000000e+00,0.000000000000000000e+00,2.124979734420776367e+00,1.000000000000000000e+00
2.060000000000000053e+00,0.000000000000000000e+00,0.000000000000000000e+00,2.155081272125244141e+00,1.000000000000000000e+00
2.080000000000000071e+00,0.000000000000000000e+00,0.000000000000000000e+00,2.185247182846069336e+00,1.000000000000000000e+00
2.100000000000000089e+00,0.000000000000000000e+00,0.000000000000000000e+00,2.215474605560302734e+00,1.000000000000000000e+00
2.120000000000000107e+00,0.000000000000000000e+00,0.000000000000000000e+00,2.245763301849365234e+00,1.000000000000000000e+00
2.140000000000000124e+00,0.000000000000000000e+00,0.000000000000000000e+00,2.276115179061889648e+00,1.000000000000000000e+00
2.160000000000000142e+00,0.000000000000000000e+00,0.000000000000000000e+00,2.306529998779296875e+00,1.000000000000000000e+00
2.180000000000000160e+00,0.000000000000000000e+00,0.000000000000000000e+00,2.337005853652954102e+00,1.000000000000000000e+00
2.200000000000000178e+00,0.000000000000000000e+00,0.000000000000000000e+00,2.367538928985595703e+00,1.000000000000000000e+00
2.220000000000000195e+00,0.000000000000000000e+00,0.000000000000000000e+00,2.398125171661376953e+00,1.000000000000000000e+00
2.240000000000000213e+00,0.000000000000000000e+00,0.000000000000000000e+00,2.428761720657348633e+00,1.000000000000000000e+00
2.260000000000000231e+00,0.000000000000000000e+00,0.000000000000000000e+00,2.459445476531982422e+00,1.000000000000000000e+00
2.280000000000000249e+00,0.000000000000000000e+00,0.000000000000000000e+00,2.490172863006591797e+00,1.000000000000000000e+00
2.300000000000000266e+00,0.000000000000000000e+00,0.000000000000000000e+00,2.520938873291015625e+00,1.000000000000000000e+00
2.319999999999999840e+00,0.000000000000000000e+00,0.000000000000000000e+00,2.551746129989624023e+00,1.000000000000000000e+00
2.339999999999999858e+00,0.000000000000000000e+00,0.000000000000000000e+00,2.582599878311157227e+00,1.000000000000000000e+00
2.359999999999999876e+00,0.000000000000000000e+00,0.000000000000000000e+00,2.613502025604248047e+00,1.000000000000000000e+00
2.379999999999999893e+00,0.000000000000000000e+00,0.000000000000000000e+00,2.644451141357421875e+00,1.000000000000000000e+00
2.399999999999999911e+00,0.000000000000000000e+00,0.000000000000000000e+00,2.675444364547729492e+00,1.000000000000000000e+00
2.419999999999999929e+00,0.000000000000000000e+00,0.000000000000000000e+00,2.706481695175170898e+00,1.000000000000000000e+00
2.439999999999999947e+00,0.000000000000000000e+00,0.000000000000000000e+00,2.737565517425537109e+00,1.000000000000000000e+00
2.459999999999999964e+00,0.000000000000000000e+00,0.000000000000000000e+00,2.768695831298828125e+00,1.000000000000000000e+00
2.479999999999999982e+00,0.000000000000000000e+00,0.000000000000000000e+00,2.799870729446411133e+00,1.000000000000000000e+00
2.500000000000000000e+00,0.000000000000000000e+00,0.000000000000000000e+00,2.831086635589599609e+00,1.000000000000000000e+00
2.520000000000000018e+00,0.000000000000000000e+00,0.000000000000000000e+00,2.862342596054077148e+00,1.000000000000000000e+00
2.540000000000000036e+00,0.000000000000000000e+00,0.000000000000000000e+00,2.893638849258422852e+00,1.000000000000000000e+00
2.560000000000000053e+00,0.000000000000000000e+00,0.000000000000000000e+00,2.924974918365478516e+00,1.000000000000000000e+00
2.580000000000000071e+00,0.000000000000000000e+00,0.000000000000000000e+00,2.956348657608032227e+00,1.000000000000000000e+00
2.600000000000000089e+00,0.000000000000000000e+00,0.000000000000000000e+00,2.987756967544555664e+00,1.000000000000000000e+00
2.620000000000000107e+00,0.000000000000000000e+00,0.000000000000000000e+00,3.019200563430786133e+00,1.000000000000000000e+00
2.640000000000000124e+00,0.000000000000000000e+00,0.000000000000000000e+00,3.050683021545410156e+00,1.000000000000000000e+00
2.660000000000000142e+00,0.000000000000000000e+00,0.000000000000000000e+00,3.082205057144165039e+00,1.000000000000000000e+00
2.680000000000000160e+00,0.000000000000000000e+00,0.000000000000000000e+00,3.113765239715576172e+00,1.000000000000000000e+00
2.700000000000000178e+00,0.000000000000000000e+00,0.000000000000000000e+00,3.145360231399536133e+00,1.000000000000000000e+00
2.720000000000000195e+00,0.000000000000000000e+00,0.000000000000000000e+00,3.176987409591674805e+00,1.000000000000000000e+00
2.740000000000000213e+00,0.000000000000000000e+00,0.000000000000000000e+00,3.208645820617675781e+00,1.000000000000000000e+00
2.760000000000000231e+00,0.000000000000000000e+00,0.000000000000000000e+00,3.240332841873168945e+00,1.000000000000000000e+00
2.780000000000000249e+00,0.000000000000000000e+00,0.000000000000000000e+00,3.272045850753784180e+00,1.000000000000000000e+00
2.800000000000000266e+00,0.000000000000000000e+00,0.000000000000000000e+00,3.303780794143676758e+00,1.000000000000000000e+00
2.819999999999999840e+00,0.000000000000000000e+00,0.000000000000000000e+00,3.335540056228637695e+00,1.000000000000000000e+00
2.839999999999999858e+00,0.000000000000000000e+00,0.000000000000000000e+00,3.367327690124511719e+00,1.000000000000000000e+00
2.859999999999999876e+00,0.000000000000000000e+00,0.000000000000000000e+00,3.399145841598510742e+00,1.000000000000000000e+00
2.879999999999999893e+00,0.000000000000000000e+00,0.000000000000000000e+00,3.430992126464843750e+00,1.000000000000000000e+00
2.899999999999999911e+00,0.000000000000000000e+00,0.000000000000000000e+00,3.462863922119140625e+00,1.000000000000000000e+00
2.919999999999999929e+00,0.000000000000000000e+00,0.000000000000000000e+00,3.494762659072875977e+00,1.000000000000000000e+00
2.939999999999999947e+00,0.000000000000000000e+00,0.000000000000000000e+00,3.526690483093261719e+00,1.000000000000000000e+00
2.959999999999999964e+00,0.000000000000000000e+00,0.000000000000000000e+00,3.558648824691772461e+00,1.000000000000000000e+00
2.979999999999999982e+00,0.000000000000000000e+00,0.000000000000000000e+00,3.590635776519775391e+00,1.000000000000000000e+00
3.000000000000000000e+00,0.000000000000000000e+00,0.000000000000000000e+00,3.622648239135742188e+00,1.000000000000000000e+00
3.020000000000000018e+00,0.000000000000000000e+00,0.000000000000000000e+00,3.654685258865356445e+00,1.000000000000000000e+00
3.040000000000000036e+00,0.000000000000000000e+00,0.000000000000000000e+00,3.686746835708618164e+00,1.000000000000000000e+00
3.060000000000000053e+00,0.000000000000000000e+00,0.000000000000000000e+00,3.718832015991210938e+00,1.000000000000000000e+00
3.080000000000000071e+00,0.000000000000000000e+00,0.000000000000000000e+00,3.750939130783081055e+00,1.000000000000000000e+00
3.100000000000000089e+00,0.000000000000000000e+00,0.000000000000000000e+00,3.783064603805541992e+00,1.000000000000000000e+00
3.120000000000000107e+00,0.000000000000000000e+00,0.000000000000000000e+00,3.815209865570068359e+00,1.000000000000000000e+00
3.140000000000000124e+00,0.000000000000000000e+00,0.000000000000000000e+00,3.847379684448242188e+00,1.000000000000000000e+00
3.160000000000000142e+00,0.000000000000000000e+00,0.000000000000000000e+00,3.879575729370117188e+00,1.000000000000000000e+00
3.180000000000000160e+00,0.000000000000000000e+00,0.000000000000000000e+00,3.911796808242797852e+00,1.000000000000000000e+00
3.200000000000000178e+00,0.000000000000000000e+00,0.000000000000000000e+00,3.944040536880493164e+00,1.000000000000000000e+00
3.220000000000000195e+00,0.000000000000000000e+00,0.000000000000000000e+00,3.976306200027465820e+00,1.000000000000000000e+00
3.240000000000000213e+00,0.000000000000000000e+00,0.000000000000000000e+00,4.008594036102294922e+00,1.000000000000000000e+00
3.260000000000000231e+00,0.000000000000000000e+00,0.000000000000000000e+00,4.040903568267822266e+00,1.000000000000000000e+00
3.280000000000000249e+00,0.000000000000000000e+00,0.000000000000000000e+00,4.073232650756835938e+00,1.000000000000000000e+00
3.300000000000000266e+00,0.000000000000000000e+00,0.000000000000000000e+00,4.105578422546386719e+00,1.000000000000000000e+00
3.320000000000000284e+00,0.000000000000000000e+00,0.000000000000000000e+00,4.137943267822265625e+00,1.000000000000000000e+00
3.339999999999999858e+00,0.000000000000000000e+00,0.000000000000000000e+00,4.170332431793212891e+00,1.000000000000000000e+00
3.359999999999999876e+00,0.000000000000000000e+00,0.000000000000000000e+00,4.202746391296386719e+00,1.000000000000000000e+00
3.379999999999999893e+00,0.000000000000000000e+00,0.000000000000000000e+00,4.235185623168945312e+00,1.000000000000000000e+00
3.399999999999999911e+00,0.000000000000000000e+00,0.000000000000000000e+00,4.267645359039306641e+00,1.000000000000000000e+00
3.419999999999999929e+00,0.000000000000000000e+00,0.000000000000000000e+00,4.300124645233154297e+00,1.000000000000000000e+00
3.439999999999999947e+00,0.000000000000000000e+00,0.000000000000000000e+00,4.332619667053222656e+00,1.000000000000000000e+00
3.459999999999999964e+00,0.000000000000000000e+00,0.000000000000000000e+00,4.365128040313720703e+00,1.000000000000000000e+00
3.479999999999999982e+00,0.000000000000000000e+00,0.000000000000000000e+00,4.397647857666015625e+00,1.000000000000000000e+00
3.500000000000000000e+00,0.000000000000000000e+00,0.000000000000000000e+00,4.430174827575683594e+00,1.000000000000000000e+00
3.520000000000000018e+00,0.000000000000000000e+00,0.000000000000000000e+00,4.462708473205566406e+00,1.000000000000000000e+00
3.540000000000000036e+00,0.000000000000000000e+00,0.000000000000000000e+00,4.495251178741455078e+00,1.000000000000000000e+00
3.560000000000000053e+00,0.000000000000000000e+00,0.000000000000000000e+00,4.527803421020507812e+00,1.000000000000000000e+00
3.580000000000000071e+00,0.000000000000000000e+00,0.000000000000000000e+00,4.560364246368408203e+00,1.000000000000000000e+00
3.600000000000000089e+00,0.000000000000000000e+00,0.000000000000000000e+00,4.592930793762207031e+00,1.000000000000000000e+00
3.620000000000000107e+00,0.000000000000000000e+00,0.000000000000000000e+00,4.625505924224853516e+00,1.000000000000000000e+00
3.640000000000000124e+00,0.000000000000000000e+00,0.000000000000000000e+00,4.658095359802246094e+00,1.000000000000000000e+00
3.660000000000000142e+00,0.000000000000000000e+00,0.000000000000000000e+00,4.690701484680175781e+00,1.000000000000000000e+00
3.680000000000000160e+00,0.000000000000000000e+00,0.000000000000000000e+00,4.723323345184326172e+00,1.000000000000000000e+00
3.700000000000000178e+00,0.000000000000000000e+00,0.000000000000000000e+00,4.755958080291748047e+00,1.000000000000000000e+00
3.720000000000000195e+00,0.000000000000000000e+00,0.000000000000000000e+00,4.788604736328125000e+00,1.000000000000000000e+00
3.740000000000000213e+00,0.000000000000000000e+00,0.000000000000000000e+00,4.821260452270507812e+00,1.000000000000000000e+00
3.760000000000000231e+00,0.000000000000000000e+00,0.000000000000000000e+00,4.853923320770263672e+00,1.000000000000000000e+00
3.780000000000000249e+00,0.000000000000000000e+00,0.000000000000000000e+00,4.886590003967285156e+00,1.000000000000000000e+00
3.800000000000000266e+00,0.000000000000000000e+00,0.000000000000000000e+00,4.919258117675781250e+00,1.000000000000000000e+00
3.820000000000000284e+00,0.000000000000000000e+00,0.000000000000000000e+00,4.951923847198486328e+00,1.000000000000000000e+00
3.839999999999999858e+00,0.000000000000000000e+00,0.000000000000000000e+00,4.984589576721191406e+00,1.000000000000000000e+00
3.859999999999999876e+00,0.000000000000000000e+00,0.000000000000000000e+00,5.017252922058105469e+00,1.000000000000000000e+00
3.879999999999999893e+00,0.000000000000000000e+00,0.000000000000000000e+00,5.049912929534912109e+00,1.000000000000000000e+00
3.899999999999999911e+00,0.000000000000000000e+00,0.000000000000000000e+00,5.082566738128662109e+00,1.000000000000000000e+00
3.919999999999999929e+00,0.000000000000000000e+00,0.000000000000000000e+00,5.115216255187988281e+00,1.000000000000000000e+00
3.939999999999999947e+00,0.000000000000000000e+00,0.000000000000000000e+00,5.147865295410156250e+00,1.000000000000000000e+00
3.959999999999999964e+00,0.000000000000000000e+00,0.000000000000000000e+00,5.180516719818115234e+00,1.000000000000000000e+00
3.979999999999999982e+00,0.000000000000000000e+00,0.000000000000000000e+00,5.213168144226074219e+00,1.000000000000000000e+00
4.000000000000000000e+00,0.000000000000000000e+00,0.000000000000000000e+00,5.245818138122558594e+00,1.000000000000000000e+00
4.020000000000000462e+00,0.000000000000000000e+00,0.000000000000000000e+00,5.278467178344726562e+00,1.000000000000000000e+00
4.040000000000000036e+00,0.000000000000000000e+00,0.000000000000000000e+00,5.311113834381103516e+00,1.000000000000000000e+00
4.060000000000000497e+00,0.000000000000000000e+00,0.000000000000000000e+00,5.343760013580322266e+00,1.000000000000000000e+00
4.080000000000000071e+00,0.000000000000000000e+00,0.000000000000000000e+00,5.376403331756591797e+00,1.000000000000000000e+00
4.099999999999999645e+00,0.000000000000000000e+00,0.000000000000000000e+00,5.409040927886962891e+00,1.000000000000000000e+00
4.120000000000000107e+00,0.000000000000000000e+00,0.000000000000000000e+00,5.441672801971435547e+00,1.000000000000000000e+00
4.139999999999999680e+00,0.000000000000000000e+00,0.000000000000000000e+00,5.474297046661376953e+00,1.000000000000000000e+00
4.160000000000000142e+00,0.000000000000000000e+00,0.000000000000000000e+00,5.506912231445312500e+00,1.000000000000000000e+00
4.179999999999999716e+00,0.000000000000000000e+00,0.000000000000000000e+00,5.539516448974609375e+00,1.000000000000000000e+00
4.200000000000000178e+00,0.000000000000000000e+00,0.000000000000000000e+00,5.572108268737792969e+00,1.000000000000000000e+00
4.219999999999999751e+00,0.000000000000000000e+00,0.000000000000000000e+00,5.604690551757812500e+00,1.000000000000000000e+00
4.240000000000000213e+00,0.000000000000000000e+00,0.000000000000000000e+00,5.637266159057617188e+00,1.000000000000000000e+00
4.259999999999999787e+00,0.000000000000000000e+00,0.000000000000000000e+00,5.669836044311523438e+00,1.000000000000000000e+00
4.280000000000000249e+00,0.000000000000000000e+00,0.000000000000000000e+00,5.702400207519531250e+00,1.000000000000000000e+00
4.299999999999999822e+00,0.000000000000000000e+00,0.000000000000000000e+00,5.734957218170166016e+00,1.000000000000000000e+00
4.320000000000000284e+00,0.000000000000000000e+00,0.000000000000000000e+00,5.767503738403320312e+00,1.000000000000000000e+00
4.339999999999999858e+00,0.000000000000000000e+00,0.000000000000000000e+00,5.800035953521728516e+00,1.000000000000000000e+00
4.360000000000000320e+00,0.000000000000000000e+00,0.000000000000000000e+00,5.832551002502441406e+00,1.000000000000000000e+00
4.379999999999999893e+00,0.000000000000000000e+00,0.000000000000000000e+00,5.865046024322509766e+00,1.000000000000000000e+00
4.400000000000000355e+00,0.000000000000000000e+00,0.000000000000000000e+00,5.897520542144775391e+00,1.000000000000000000e+00
4.419999999999999929e+00,0.000000000000000000e+00,0.000000000000000000e+00,5.929975032806396484e+00,1.000000000000000000e+00
4.440000000000000391e+00,0.000000000000000000e+00,0.000000000000000000e+00,5.962411403656005859e+00,1.000000000000000000e+00
4.459999999999999964e+00,0.000000000000000000e+00,0.000000000000000000e+00,5.994829654693603516e+00,1.000000000000000000e+00
4.480000000000000426e+00,0.000000000000000000e+00,0.000000000000000000e+00,6.027230262756347656e+00,1.000000000000000000e+00
4.500000000000000000e+00,0.000000000000000000e+00,0.000000000000000000e+00,6.059611797332763672e+00,1.000000000000000000e+00
4.520000000000000462e+00,0.000000000000000000e+00,0.000000000000000000e+00,6.091976642608642578e+00,1.000000000000000000e+00
4.540000000000000036e+00,0.000000000000000000e+00,0.000000000000000000e+00,6.124327659606933594e+00,1.000000000000000000e+00
4.560000000000000497e+00,0.000000000000000000e+00,0.000000000000000000e+00,6.156666755676269531e+00,1.000000000000000000e+00
4.580000000000000071e+00,0.000000000000000000e+00,0.000000000000000000e+00,6.188993930816650391e+00,1.000000000000000000e+00
4.600000000000000533e+00,0.000000000000000000e+00,0.000000000000000000e+00,6.221306324005126953e+00,1.000000000000000000e+00
4.620000000000000107e+00,0.000000000000000000e+00,0.000000000000000000e+00,6.253607273101806641e+00,1.000000000000000000e+00
4.639999999999999680e+00,0.000000000000000000e+00,0.000000000000000000e+00,6.285899639129638672e+00,1.000000000000000000e+00
4.660000000000000142e+00,0.000000000000000000e+00,0.000000000000000000e+00,6.318184852600097656e+00,1.000000000000000000e+00
4.679999999999999716e+00,0.000000000000000000e+00,0.000000000000000000e+00,6.350462913513183594e+00,1.000000000000000000e+00
4.700000000000000178e+00,0.000000000000000000e+00,0.000000000000000000e+00,6.382731914520263672e+00,1.000000000000000000e+00
4.719999999999999751e+00,0.000000000000000000e+00,0.000000000000000000e+00,6.414989948272705078e+00,1.000000000000000000e+00
4.740000000000000213e+00,0.000000000000000000e+00,0.000000000000000000e+00,6.447236061096191406e+00,1.000000000000000000e+00
4.759999999999999787e+00,0.000000000000000000e+00,0.000000000000000000e+00,6.479467391967773438e+00,1.000000000000000000e+00
4.780000000000000249e+00,0.000000000000000000e+00,0.000000000000000000e+00,6.511682987213134766e+00,1.000000000000000000e+00
4.799999999999999822e+00,0.000000000000000000e+00,0.000000000000000000e+00,6.543881893157958984e+00,1.000000000000000000e+00
4.820000000000000284e+00,0.000000000000000000e+00,0.000000000000000000e+00,6.576064586639404297e+00,1.000000000000000000e+00
4.839999999999999858e+00,0.000000000000000000e+00,0.000000000000000000e+00,6.608232975006103516e+00,1.000000000000000000e+00
4.860000000000000320e+00,0.000000000000000000e+00,0.000000000000000000e+00,6.640388011932373047e+00,1.000000000000000000e+00
4.879999999999999893e+00,0.000000000000000000e+00,0.000000000000000000e+00,6.672529220581054688e+00,1.000000000000000000e+00
4.900000000000000355e+00,0.000000000000000000e+00,0.000000000000000000e+00,6.704655647277832031e+00,1.000000000000000000e+00
4.919999999999999929e+00,0.000000000000000000e+00,0.000000000000000000e+00,6.736767292022705078e+00,1.000000000000000000e+00
4.940000000000000391e+00,0.000000000000000000e+00,0.000000000000000000e+00,6.768864154815673828e+00,1.000000000000000000e+00
4.959999999999999964e+00,0.000000000000000000e+00,0.000000000000000000e+00,6.800945281982421875e+00,1.000000000000000000e+00
4.980000000000000426e+00,0.000000000000000000e+00,0.000000000000000000e+00,6.833010196685791016e+00,1.000000000000000000e+00
5.000000000000000000e+00,0.000000000000000000e+00,0.000000000000000000e+00,6.865058422088623047e+00,1.000000000000000000e+00
5.020000000000000462e+00,0.000000000000000000e+00,0.000000000000000000e+00,6.897090911865234375e+00,1.000000000000000000e+00
5.040000000000000036e+00,0.000000000000000000e+00,0.000000000000000000e+00,6.929108142852783203e+00,1.000000000000000000e+00
5.060000000000000497e+00,0.000000000000000000e+00,0.000000000000000000e+00,6.961110115051269531e+00,1.000000000000000000e+00
5.080000000000000071e+00,0.000000000000000000e+00,0.000000000000000000e+00,6.993096351623535156e+00,1.000000000000000000e+00
5.100000000000000533e+00,0.000000000000000000e+00,0.000000000000000000e+00,7.025066852569580078e+00,1.000000000000000000e+00
5.120000000000000107e+00,0.000000000000000000e+00,0.000000000000000000e+00,7.057019710540771484e+00,1.000000000000000000e+00
5.139999999999999680e+00,0.000000000000000000e+00,0.000000000000000000e+00,7.088953018188476562e+00,1.000000000000000000e+00
5.160000000000000142e+00,0.000000000000000000e+00,0.000000000000000000e+00,7.120865345001220703e+00,1.000000000000000000e+00
5.179999999999999716e+00,0.000000000000000000e+00,0.000000000000000000e+00,7.152755737304687500e+00,1.000000000000000000e+00
5.200000000000000178e+00,0.000000000000000000e+00,0.000000000000000000e+00,7.184622764587402344e+00,1.000000000000000000e+00
5.219999999999999751e+00,0.000000000000000000e+00,0.000000000000000000e+00,7.216468811035156250e+00,1.000000000000000000e+00
5.240000000000000213e+00,0.000000000000000000e+00,0.000000000000000000e+00,7.248294353485107422e+00,1.000000000000000000e+00
5.259999999999999787e+00,0.000000000000000000e+00,0.000000000000000000e+00,7.280100345611572266e+00,1.000000000000000000e+00
5.280000000000000249e+00,0.000000000000000000e+00,0.000000000000000000e+00,7.311885356903076172e+00,1.000000000000000000e+00
5.299999999999999822e+00,0.000000000000000000e+00,0.000000000000000000e+00,7.343650817871093750e+00,1.000000000000000000e+00
5.320000000000000284e+00,0.000000000000000000e+00,0.000000000000000000e+00,7.375397682189941406e+00,1.000000000000000000e+00
5.339999999999999858e+00,0.000000000000000000e+00,0.000000000000000000e+00,7.407128810882568359e+00,1.000000000000000000e+00
5.360000000000000320e+00,0.000000000000000000e+00,0.000000000000000000e+00,7.438844680786132812e+00,1.000000000000000000e+00
5.379999999999999893e+00,0.000000000000000000e+00,0.000000000000000000e+00,7.470546245574951172e+00,1.000000000000000000e+00
5.400000000000000355e+00,0.000000000000000000e+00,0.000000000000000000e+00,7.502233028411865234e+00,1.000000000000000000e+00
5.419999999999999929e+00,0.000000000000000000e+00,0.000000000000000000e+00,7.533902168273925781e+00,1.000000000000000000e+00
5.440000000000000391e+00,0.000000000000000000e+00,0.000000000000000000e+00,7.565547466278076172e+00,1.000000000000000000e+00
5.459999999999999964e+00,0.000000000000000000e+00,0.000000000000000000e+00,7.597165584564208984e+00,1.000000000000000000e+00
5.480000000000000426e+00,0.000000000000000000e+00,0.000000000000000000e+00,7.628754615783691406e+00,1.000000000000000000e+00
5.500000000000000000e+00,0.000000000000000000e+00,0.000000000000000000e+00,7.660314559936523438e+00,1.000000000000000000e+00
5.520000000000000462e+00,0.000000000000000000e+00,0.000000000000000000e+00,7.691844940185546875e+00,1.000000000000000000e+00
5.540000000000000036e+00,0.000000000000000000e+00,0.000000000000000000e+00,7.723346710205078125e+00,1.000000000000000000e+00
5.560000000000000497e+00,0.000000000000000000e+00,0.000000000000000000e+00,7.754821300506591797e+00,1.000000000000000000e+00
5.580000000000000071e+00,0.000000000000000000e+00,0.000000000000000000e+00,7.786269187927246094e+00,1.000000000000000000e+00
5.600000000000000533e+00,0.000000000000000000e+00,0.000000000000000000e+00,7.817691326141357422e+00,1.000000000000000000e+00
5.620000000000000107e+00,0.000000000000000000e+00,0.000000000000000000e+00,7.849088668823242188e+00,1.000000000000000000e+00
5.639999999999999680e+00,0.000000000000000000e+00,0.000000000000000000e+00,7.880460262298583984e+00,1.000000000000000000e+00
5.660000000000000142e+00,0.000000000000000000e+00,0.000000000000000000e+00,7.911807537078857422e+00,1.000000000000000000e+00
5.679999999999999716e+00,0.000000000000000000e+00,0.000000000000000000e+00,7.943128585815429688e+00,1.000000000000000000e+00
5.700000000000000178e+00,0.000000000000000000e+00,0.000000000000000000e+00,7.974425792694091797e+00,1.000000000000000000e+00
5.719999999999999751e+00,0.000000000000000000e+00,0.000000000000000000e+00,8.005699157714843750e+00,1.000000000000000000e+00
5.740000000000000213e+00,0.000000000000000000e+00,0.000000000000000000e+00,8.036946296691894531e+00,1.000000000000000000e+00
5.759999999999999787e+00,0.000000000000000000e+00,0.000000000000000000e+00,8.068168640136718750e+00,1.000000000000000000e+00
5.780000000000000249e+00,0.000000000000000000e+00,0.000000000000000000e+00,8.099363327026367188e+00,1.000000000000000000e+00
5.799999999999999822e+00,0.000000000000000000e+00,0.000000000000000000e+00,8.130534172058105469e+00,1.000000000000000000e+00
5.820000000000000284e+00,0.000000000000000000e+00,0.000000000000000000e+00,8.161681175231933594e+00,1.000000000000000000e+00
5.839999999999999858e+00,0.000000000000000000e+00,0.000000000000000000e+00,8.192800521850585938e+00,1.000000000000000000e+00
5.860000000000000320e+00,0.000000000000000000e+00,0.000000000000000000e+00,8.223893165588378906e+00,1.000000000000000000e+00
5.879999999999999893e+00,0.000000000000000000e+00,0.000000000000000000e+00,8.254959106445312500e+00,1.000000000000000000e+00
5.900000000000000355e+00,0.000000000000000000e+00,0.000000000000000000e+00,8.285999298095703125e+00,1.000000000000000000e+00
5.919999999999999929e+00,0.000000000000000000e+00,0.000000000000000000e+00,8.317012786865234375e+00,1.000000000000000000e+00
5.940000000000000391e+00,0.000000000000000000e+00,0.000000000000000000e+00,8.348002433776855469e+00,1.000000000000000000e+00
5.959999999999999964e+00,0.000000000000000000e+00,0.000000000000000000e+00,8.378968238830566406e+00,1.000000000000000000e+00
5.980000000000000426e+00,0.000000000000000000e+00,0.000000000000000000e+00,8.409910202026367188e+00,1.000000000000000000e+00
6.000000000000000000e+00,0.000000000000000000e+00,0.000000000000000000e+00,8.440832138061523438e+00,1.000000000000000000e+00
6.020000000000000462e+00,0.000000000000000000e+00,0.000000000000000000e+00,8.471731185913085938e+00,1.000000000000000000e+00
6.040000000000000036e+00,0.000000000000000000e+00,0.000000000000000000e+00,8.502606391906738281e+00,1.000000000000000000e+00
6.060000000000000497e+00,0.000000000000000000e+00,0.000000000000000000e+00,8.533452987670898438e+00,1.000000000000000000e+00
6.080000000000000071e+00,0.000000000000000000e+00,0.000000000000000000e+00,8.564275741577148438e+00,1.000000000000000000e+00
6.100000000000000533e+00,0.000000000000000000e+00,0.000000000000000000e+00,8.595074653625488281e+00,1.000000000000000000e+00
6.120000000000000107e+00,0.000000000000000000e+00,0.000000000000000000e+00,8.625845909118652344e+00,1.000000000000000000e+00
6.140000000000000568e+00,0.000000000000000000e+00,0.000000000000000000e+00,8.656589508056640625e+00,1.000000000000000000e+00
6.160000000000000142e+00,0.000000000000000000e+00,0.000000000000000000e+00,8.687303543090820312e+00,1.000000000000000000e+00
6.179999999999999716e+00,0.000000000000000000e+00,0.000000000000000000e+00,8.717988014221191406e+00,1.000000000000000000e+00
6.200000000000000178e+00,0.000000000000000000e+00,0.000000000000000000e+00,8.748643875122070312e+00,1.000000000000000000e+00
6.219999999999999751e+00,0.000000000000000000e+00,0.000000000000000000e+00,8.779272079467773438e+00,1.000000000000000000e+00
6.240000000000000213e+00,0.000000000000000000e+00,0.000000000000000000e+00,8.809868812561035156e+00,1.000000000000000000e+00
6.259999999999999787e+00,0.000000000000000000e+00,0.000000000000000000e+00,8.840434074401855469e+00,1.000000000000000000e+00
6.280000000000000249e+00,0.000000000000000000e+00,0.000000000000000000e+00,8.870968818664550781e+00,1.000000000000000000e+00
6.299999999999999822e+00,0.000000000000000000e+00,0.000000000000000000e+00,8.901473045349121094e+00,1.000000000000000000e+00
6.320000000000000284e+00,0.000000000000000000e+00,0.000000000000000000e+00,8.931946754455566406e+00,1.000000000000000000e+00
6.339999999999999858e+00,0.000000000000000000e+00,0.000000000000000000e+00,8.962390899658203125e+00,1.000000000000000000e+00
6.360000000000000320e+00,0.000000000000000000e+00,0.000000000000000000e+00,8.992805480957031250e+00,1.000000000000000000e+00
6.379999999999999893e+00,0.000000000000000000e+00,0.000000000000000000e+00,9.023190498352050781e+00,1.000000000000000000e+00
6.400000000000000355e+00,0.000000000000000000e+00,0.000000000000000000e+00,9.053548812866210938e+00,1.000000000000000000e+00
6.419999999999999929e+00,0.000000000000000000e+00,0.000000000000000000e+00,9.083880424499511719e+00,1.000000000000000000e+00
6.440000000000000391e+00,0.000000000000000000e+00,0.000000000000000000e+00,9.114184379577636719e+00,1.000000000000000000e+00
6.459999999999999964e+00,0.000000000000000000e+00,0.000000000000000000e+00,9.144461631774902344e+00,1.000000000000000000e+00
6.480000000000000426e+00,0.000000000000000000e+00,0.000000000000000000e+00,9.174712181091308594e+00,1.000000000000000000e+00
6.500000000000000000e+00,0.000000000000000000e+00,0.000000000000000000e+00,9.204938888549804688e+00,1.000000000000000000e+00
6.520000000000000462e+00,0.000000000000000000e+00,0.000000000000000000e+00,9.235141754150390625e+00,1.000000000000000000e+00
6.540000000000000036e+00,0.000000000000000000e+00,0.000000000000000000e+00,9.265320777893066406e+00,1.000000000000000000e+00
6.560000000000000497e+00,0.000000000000000000e+00,0.000000000000000000e+00,9.295477867126464844e+00,1.000000000000000000e+00
6.580000000000000071e+00,0.000000000000000000e+00,0.000000000000000000e+00,9.325613975524902344e+00,1.000000000000000000e+00
6.600000000000000533e+00,0.000000000000000000e+00,0.000000000000000000e+00,9.355730056762695312e+00,1.000000000000000000e+00
6.620000000000000107e+00,0.000000000000000000e+00,0.000000000000000000e+00,9.385824203491210938e+00,1.000000000000000000e+00
6.640000000000000568e+00,0.000000000000000000e+00,0.000000000000000000e+00,9.415893554687500000e+00,1.000000000000000000e+00
6.660000000000000142e+00,0.000000000000000000e+00,0.000000000000000000e+00,9.445939064025878906e+00,1.000000000000000000e+00
6.679999999999999716e+00,0.000000000000000000e+00,0.000000000000000000e+00,9.475960731506347656e+00,1.000000000000000000e+00
6.700000000000000178e+00,0.000000000000000000e+00,0.000000000000000000e+00,9.505958557128906250e+00,1.000000000000000000e+00
6.719999999999999751e+00,0.000000000000000000e+00,0.000000000000000000e+00,9.535927772521972656e+00,1.000000000000000000e+00
6.740000000000000213e+00,0.000000000000000000e+00,0.000000000000000000e+00,9.565873146057128906e+00,1.000000000000000000e+00
6.759999999999999787e+00,0.000000000000000000e+00,0.000000000000000000e+00,9.595789909362792969e+00,1.000000000000000000e+00
6.780000000000000249e+00,0.000000000000000000e+00,0.000000000000000000e+00,9.625679969787597656e+00,1.000000000000000000e+00
6.799999999999999822e+00,0.000000000000000000e+00,0.000000000000000000e+00,9.655544281005859375e+00,1.000000000000000000e+00
6.820000000000000284e+00,0.000000000000000000e+00,0.000000000000000000e+00,9.685383796691894531e+00,1.000000000000000000e+00
6.839999999999999858e+00,0.000000000000000000e+00,0.000000000000000000e+00,9.715194702148437500e+00,1.000000000000000000e+00
6.860000000000000320e+00,0.000000000000000000e+00,0.000000000000000000e+00,9.744976043701171875e+00,1.000000000000000000e+00
6.879999999999999893e+00,0.000000000000000000e+00,0.000000000000000000e+00,9.774727821350097656e+00,1.000000000000000000e+00
6.900000000000000355e+00,0.000000000000000000e+00,0.000000000000000000e+00,9.804450035095214844e+00,1.000000000000000000e+00
6.919999999999999929e+00,0.000000000000000000e+00,0.000000000000000000e+00,9.834144592285156250e+00,1.000000000000000000e+00
6.940000000000000391e+00,0.000000000000000000e+00,0.000000000000000000e+00,9.863812446594238281e+00,1.000000000000000000e+00
6.959999999999999964e+00,0.000000000000000000e+00,0.000000000000000000e+00,9.893452644348144531e+00,1.000000000000000000e+00
6.980000000000000426e+00,0.000000000000000000e+00,0.000000000000000000e+00,9.923069000244140625e+00,1.000000000000000000e+00
7.000000000000000000e+00,0.000000000000000000e+00,0.000000000000000000e+00,9.952661514282226562e+00,1.000000000000000000e+00
7.020000000000000462e+00,0.000000000000000000e+00,0.000000000000000000e+00,9.982230186462402344e+00,1.000000000000000000e+00
7.040000000000000036e+00,0.000000000000000000e+00,0.000000000000000000e+00,1.001177215576171875e+01,1.000000000000000000e+00
7.060000000000000497e+00,0.000000000000000000e+00,0.000000000000000000e+00,1.004128837585449219e+01,1.000000000000000000e+00
7.080000000000000071e+00,0.000000000000000000e+00,0.000000000000000000e+00,1.007077693939208984e+01,1.000000000000000000e+00
7.100000000000000533e+00,0.000000000000000000e+00,0.000000000000000000e+00,1.010024070739746094e+01,1.000000000000000000e+00
7.120000000000000107e+00,0.000000000000000000e+00,0.000000000000000000e+00,1.012968063354492188e+01,1.000000000000000000e+00
7.140000000000000568e+00,0.000000000000000000e+00,0.000000000000000000e+00,1.015909671783447266e+01,1.000000000000000000e+00
7.160000000000000142e+00,0.000000000000000000e+00,0.000000000000000000e+00,1.018848896026611328e+01,1.000000000000000000e+00
7.179999999999999716e+00,0.000000000000000000e+00,0.000000000000000000e+00,1.021785736083984375e+01,1.000000000000000000e+00
7.200000000000000178e+00,0.000000000000000000e+00,0.000000000000000000e+00,1.024720191955566406e+01,1.000000000000000000e+00
7.219999999999999751e+00,0.000000000000000000e+00,0.000000000000000000e+00,1.027652263641357422e+01,1.000000000000000000e+00
7.240000000000000213e+00,0.000000000000000000e+00,0.000000000000000000e+00,1.030581951141357422e+01,1.000000000000000000e+00
7.259999999999999787e+00,0.000000000000000000e+00,0.000000000000000000e+00,1.033509254455566406e+01,1.000000000000000000e+00
7.280000000000000249e+00,0.000000000000000000e+00,0.000000000000000000e+00,1.036434173583984375e+01,1.000000000000000000e+00
7.299999999999999822e+00,0.000000000000000000e+00,0.000000000000000000e+00,1.039356708526611328e+01,1.000000000000000000e+00
7.320000000000000284e+00,0.000000000000000000e+00,0.000000000000000000e+00,1.042276859283447266e+01,1.000000000000000000e+00
7.339999999999999858e+00,0.000000000000000000e+00,0.000000000000000000e+00,1.045194625854492188e+01,1.000000000000000000e+00
7.360000000000000320e+00,0.000000000000000000e+00,0.000000000000000000e+00,1.048109531402587891e+01,1.000000000000000000e+00
7.379999999999999893e+00,0.000000000000000000e+00,0.000000000000000000e+00,1.051021575927734375e+01,1.000000000000000000e+00
7.400000000000000355e+00,0.000000000000000000e+00,0.000000000000000000e+00,1.053930759429931641e+01,1.000000000000000000e+00
7.419999999999999929e+00,0.000000000000000000e+00,0.000000000000000000e+00,1.056837272644042969e+01,1.000000000000000000e+00
7.440000000000000391e+00,0.000000000000000000e+00,0.000000000000000000e+00,1.059741020202636719e+01,1.000000000000000000e+00
7.459999999999999964e+00,0.000000000000000000e+00,0.000000000000000000e+00,1.062641906738281250e+01,1.000000000000000000e+00
7.480000000000000426e+00,0.000000000000000000e+00,0.000000000000000000e+00,1.065540122985839844e+01,1.000000000000000000e+00
7.500000000000000000e+00,0.000000000000000000e+00,0.000000000000000000e+00,1.068435764312744141e+01,1.000000000000000000e+00
7.520000000000000462e+00,0.000000000000000000e+00,0.000000000000000000e+00,1.071328735351562500e+01,1.000000000000000000e+00
7.540000000000000036e+00,0.000000000000000000e+00,0.000000000000000000e+00,1.074218940734863281e+01,1.000000000000000000e+00
7.560000000000000497e+00,0.000000000000000000e+00,0.000000000000000000e+00,1.077106094360351562e+01,1.000000000000000000e+00
7.580000000000000071e+00,0.000000000000000000e+00,0.000000000000000000e+00,1.079990291595458984e+01,1.000000000000000000e+00
7.600000000000000533e+00,0.000000000000000000e+00,0.000000000000000000e+00,1.082871532440185547e+01,1.000000000000000000e+00
7.620000000000000107e+00,0.000000000000000000e+00,0.000000000000000000e+00,1.085749912261962891e+01,1.000000000000000000e+00
7.640000000000000568e+00,0.000000000000000000e+00,0.000000000000000000e+00,1.088625431060791016e+01,1.000000000000000000e+00
7.660000000000000142e+00,0.000000000000000000e+00,0.000000000000000000e+00,1.091498088836669922e+01,1.000000000000000000e+00
7.679999999999999716e+00,0.000000000000000000e+00,0.000000000000000000e+00,1.094367885589599609e+01,1.000000000000000000e+00
7.700000000000000178e+00,0.000000000000000000e+00,0.000000000000000000e+00,1.097235107421875000e+01,1.000000000000000000e+00
7.719999999999999751e+00,0.000000000000000000e+00,0.000000000000000000e+00,1.100099754333496094e+01,1.000000000000000000e+00
7.740000000000000213e+00,0.000000000000000000e+00,0.000000000000000000e+00,1.102961730957031250e+01,1.000000000000000000e+00
7.759999999999999787e+00,0.000000000000000000e+00,0.000000000000000000e+00,1.105820846557617188e+01,1.000000000000000000e+00
7.780000000000000249e+00,0.000000000000000000e+00,0.000000000000000000e+00,1.108677101135253906e+01,1.000000000000000000e+00
7.799999999999999822e+00,0.000000000000000000e+00,0.000000000000000000e+00,1.111530780792236328e+01,1.000000000000000000e+00
7.820000000000000284e+00,0.000000000000000000e+00,0.000000000000000000e+00,1.114381790161132812e+01,1.000000000000000000e+00
7.839999999999999858e+00,0.000000000000000000e+00,0.000000000000000000e+00,1.117230415344238281e+01,1.000000000000000000e+00
7.860000000000000320e+00,0.000000000000000000e+00,0.000000000000000000e+00,1.120076274871826172e+01,1.000000000000000000e+00
7.879999999999999893e+00,0.000000000000000000e+00,0.000000000000000000e+00,1.122919654846191406e+01,1.000000000000000000e+00
7.900000000000000355e+00,0.000000000000000000e+00,0.000000000000000000e+00,1.125760841369628906e+01,1.000000000000000000e+00
7.919999999999999929e+00,0.000000000000000000e+00,0.000000000000000000e+00,1.128599929809570312e+01,1.000000000000000000e+00
7.940000000000000391e+00,0.000000000000000000e+00,0.000000000000000000e+00,1.131436252593994141e+01,1.000000000000000000e+00
7.959999999999999964e+00,0.000000000000000000e+00,0.000000000000000000e+00,1.134270095825195312e+01,1.000000000000000000e+00
7.980000000000000426e+00,0.000000000000000000e+00,0.000000000000000000e+00,1.137101078033447266e+01,1.000000000000000000e+00
8.000000000000000000e+00,0.000000000000000000e+00,0.000000000000000000e+00,1.139929676055908203e+01,1.000000000000000000e+00
8.019999999999999574e+00,0.000000000000000000e+00,0.000000000000000000e+00,1.142755508422851562e+01,1.000000000000000000e+00
8.040000000000000924e+00,0.000000000000000000e+00,0.000000000000000000e+00,1.145578861236572266e+01,1.000000000000000000e+00
8.060000000000000497e+00,0.000000000000000000e+00,0.000000000000000000e+00,1.148399353027343750e+01,1.000000000000000000e+00
8.080000000000000071e+00,0.000000000000000000e+00,0.000000000000000000e+00,1.151217460632324219e+01,1.000000000000000000e+00
8.099999999999999645e+00,0.000000000000000000e+00,0.000000000000000000e+00,1.154033184051513672e+01,1.000000000000000000e+00
8.120000000000000995e+00,0.000000000000000000e+00,0.000000000000000000e+00,1.156846523284912109e+01,1.000000000000000000e+00
8.140000000000000568e+00,0.000000000000000000e+00,0.000000000000000000e+00,1.159657478332519531e+01,1.000000000000000000e+00
8.160000000000000142e+00,0.000000000000000000e+00,0.000000000000000000e+00,1.162465763092041016e+01,1.000000000000000000e+00
8.179999999999999716e+00,0.000000000000000000e+00,0.000000000000000000e+00,1.165271472930908203e+01,1.000000000000000000e+00
8.199999999999999289e+00,0.000000000000000000e+00,0.000000000000000000e+00,1.168075275421142578e+01,1.000000000000000000e+00
8.220000000000000639e+00,0.000000000000000000e+00,0.000000000000000000e+00,1.170876693725585938e+01,1.000000000000000000e+00
8.240000000000000213e+00,0.000000000000000000e+00,0.000000000000000000e+00,1.173675727844238281e+01,1.000000000000000000e+00
8.259999999999999787e+00,0.000000000000000000e+00,0.000000000000000000e+00,1.176472187042236328e+01,1.000000000000000000e+00
8.279999999999999361e+00,0.000000000000000000e+00,0.000000000000000000e+00,1.179265975952148438e+01,1.000000000000000000e+00
8.300000000000000711e+00,0.000000000000000000e+00,0.000000000000000000e+00,1.182057380676269531e+01,1.000000000000000000e+00
8.320000000000000284e+00,0.000000000000000000e+00,0.000000000000000000e+00,1.184846401214599609e+01,1.000000000000000000e+00
8.339999999999999858e+00,0.000000000000000000e+00,0.000000000000000000e+00,1.187632942199707031e+01,1.000000000000000000e+00
8.359999999999999432e+00,0.000000000000000000e+00,0.000000000000000000e+00,1.190416717529296875e+01,1.000000000000000000e+00
8.380000000000000782e+00,0.000000000000000000e+00,0.000000000000000000e+00,1.193198108673095703e+01,1.000000000000000000e+00
8.400000000000000355e+00,0.000000000000000000e+00,0.000000000000000000e+00,1.195977115631103516e+01,1.000000000000000000e+00
8.419999999999999929e+00,0.000000000000000000e+00,0.000000000000000000e+00,1.198753738403320312e+01,1.000000000000000000e+00
8.439999999999999503e+00,0.000000000000000000e+00,0.000000000000000000e+00,1.201527976989746094e+01,1.000000000000000000e+00
8.460000000000000853e+00,0.000000000000000000e+00,0.000000000000000000e+00,1.204299831390380859e+01,1.000000000000000000e+00
8.480000000000000426e+00,0.000000000000000000e+00,0.000000000000000000e+00,1.207069301605224609e+01,1.000000000000000000e+00
8.500000000000000000e+00,0.000000000000000000e+00,0.000000000000000000e+00,1.209836673736572266e+01,1.000000000000000000e+00
8.519999999999999574e+00,0.000000000000000000e+00,0.000000000000000000e+00,1.212601852416992188e+01,1.000000000000000000e+00
8.540000000000000924e+00,0.000000000000000000e+00,0.000000000000000000e+00,1.215365028381347656e+01,1.000000000000000000e+00
8.560000000000000497e+00,0.000000000000000000e+00,0.000000000000000000e+00,1.218125915527343750e+01,1.000000000000000000e+00
8.580000000000000071e+00,0.000000000000000000e+00,0.000000000000000000e+00,1.220884799957275391e+01,1.000000000000000000e+00
8.599999999999999645e+00,0.000000000000000000e+00,0.000000000000000000e+00,1.223641681671142578e+01,1.000000000000000000e+00
8.620000000000000995e+00,0.000000000000000000e+00,0.000000000000000000e+00,1.226396751403808594e+01,1.000000000000000000e+00
8.640000000000000568e+00,0.000000000000000000e+00,0.000000000000000000e+00,1.229149818420410156e+01,1.000000000000000000e+00
8.660000000000000142e+00,0.000000000000000000e+00,0.000000000000000000e+00,1.231900691986083984e+01,1.000000000000000000e+00
8.679999999999999716e+00,0.000000000000000000e+00,0.000000000000000000e+00,1.234649467468261719e+01,1.000000000000000000e+00
8.700000000000001066e+00,0.000000000000000000e+00,0.000000000000000000e+00,1.237396240234375000e+01,1.000000000000000000e+00
8.720000000000000639e+00,0.000000000000000000e+00,0.000000000000000000e+00,1.240140914916992188e+01,1.000000000000000000e+00
8.740000000000000213e+00,0.000000000000000000e+00,0.000000000000000000e+00,1.242883682250976562e+01,1.000000000000000000e+00
8.759999999999999787e+00,0.000000000000000000e+00,0.000000000000000000e+00,1.245624065399169922e+01,1.000000000000000000e+00
8.779999999999999361e+00,0.000000000000000000e+00,0.000000000000000000e+00,1.248362064361572266e+01,1.000000000000000000e+00
8.800000000000000711e+00,0.000000000000000000e+00,0.000000000000000000e+00,1.251097965240478516e+01,1.000000000000000000e+00
8.820000000000000284e+00,0.000000000000000000e+00,0.000000000000000000e+00,1.253831672668457031e+01,1.000000000000000000e+00
8.839999999999999858e+00,0.000000000000000000e+00,0.000000000000000000e+00,1.256562995910644531e+01,1.000000000000000000e+00
8.859999999999999432e+00,0.000000000000000000e+00,0.000000000000000000e+00,1.259291934967041016e+01,1.000000000000000000e+00
8.880000000000000782e+00,0.000000000000000000e+00,0.000000000000000000e+00,1.262018489837646484e+01,1.000000000000000000e+00
8.900000000000000355e+00,0.000000000000000000e+00,0.000000000000000000e+00,1.264742660522460938e+01,1.000000000000000000e+00
8.919999999999999929e+00,0.000000000000000000e+00,0.000000000000000000e+00,1.267464447021484375e+01,1.000000000000000000e+00
8.939999999999999503e+00,0.000000000000000000e+00,0.000000000000000000e+00,1.270183849334716797e+01,1.000000000000000000e+00
8.960000000000000853e+00,0.000000000000000000e+00,0.000000000000000000e+00,1.272900867462158203e+01,1.000000000000000000e+00
8.980000000000000426e+00,0.000000000000000000e+00,0.000000000000000000e+00,1.275615501403808594e+01,1.000000000000000000e+00
9.000000000000000000e+00,0.000000000000000000e+00,0.000000000000000000e+00,1.278328227996826172e+01,1.000000000000000000e+00
9.019999999999999574e+00,0.000000000000000000e+00,0.000000000000000000e+00,1.281038665771484375e+01,1.000000000000000000e+00
9.040000000000000924e+00,0.000000000000000000e+00,0.000000000000000000e+00,1.283747100830078125e+01,1.000000000000000000e+00
9.060000000000000497e+00,0.000000000000000000e+00,0.000000000000000000e+00,1.286453151702880859e+01,1.000000000000000000e+00
9.080000000000000071e+00,0.000000000000000000e+00,0.000000000000000000e+00,1.289156913757324219e+01,1.000000000000000000e+00
9.099999999999999645e+00,0.000000000000000000e+00,0.000000000000000000e+00,1.291858673095703125e+01,1.000000000000000000e+00
9.120000000000000995e+00,0.000000000000000000e+00,0.000000000000000000e+00,1.294558525085449219e+01,1.000000000000000000e+00
9.140000000000000568e+00,0.000000000000000000e+00,0.000000000000000000e+00,1.297256088256835938e+01,1.000000000000000000e+00
9.160000000000000142e+00,0.000000000000000000e+00,0.000000000000000000e+00,1.299951648712158203e+01,1.000000000000000000e+00
9.179999999999999716e+00,0.000000000000000000e+00,0.000000000000000000e+00,1.302644824981689453e+01,1.000000000000000000e+00
9.200000000000001066e+00,0.000000000000000000e+00,0.000000000000000000e+00,1.305335998535156250e+01,1.000000000000000000e+00
9.220000000000000639e+00,0.000000000000000000e+00,0.000000000000000000e+00,1.308025169372558594e+01,1.000000000000000000e+00
9.240000000000000213e+00,0.000000000000000000e+00,0.000000000000000000e+00,1.310712242126464844e+01,1.000000000000000000e+00
9.259999999999999787e+00,0.000000000000000000e+00,0.000000000000000000e+00,1.313397312164306641e+01,1.000000000000000000e+00
9.279999999999999361e+00,0.000000000000000000e+00,0.000000000000000000e+00,1.316080474853515625e+01,1.000000000000000000e+00
9.300000000000000711e+00,0.000000000000000000e+00,0.000000000000000000e+00,1.318761825561523438e+01,1.000000000000000000e+00
9.320000000000000284e+00,0.000000000000000000e+00,0.000000000000000000e+00,1.321441364288330078e+01,1.000000000000000000e+00
9.339999999999999858e+00,0.000000000000000000e+00,0.000000000000000000e+00,1.324118900299072266e+01,1.000000000000000000e+00
9.359999999999999432e+00,0.000000000000000000e+00,0.000000000000000000e+00,1.326794433593750000e+01,1.000000000000000000e+00
9.380000000000000782e+00,0.000000000000000000e+00,0.000000000000000000e+00,1.329467773437500000e+01,1.000000000000000000e+00
9.400000000000000355e+00,0.000000000000000000e+00,0.000000000000000000e+00,1.332139110565185547e+01,1.000000000000000000e+00
9.419999999999999929e+00,0.000000000000000000e+00,0.000000000000000000e+00,1.334808444976806641e+01,1.000000000000000000e+00
9.439999999999999503e+00,0.000000000000000000e+00,0.000000000000000000e+00,1.337475585937500000e+01,1.000000000000000000e+00
9.460000000000000853e+00,0.000000000000000000e+00,0.000000000000000000e+00,1.340140628814697266e+01,1.000000000000000000e+00
9.480000000000000426e+00,0.000000000000000000e+00,0.000000000000000000e+00,1.342803287506103516e+01,1.000000000000000000e+00
9.500000000000000000e+00,0.000000000000000000e+00,0.000000000000000000e+00,1.345464038848876953e+01,1.000000000000000000e+00
9.519999999999999574e+00,0.000000000000000000e+00,0.000000000000000000e+00,1.348122882843017578e+01,1.000000000000000000e+00
9.540000000000000924e+00,0.000000000000000000e+00,0.000000000000000000e+00,1.350779438018798828e+01,1.000000000000000000e+00
9.560000000000000497e+00,0.000000000000000000e+00,0.000000000000000000e+00,1.353433990478515625e+01,1.000000000000000000e+00
9.580000000000000071e+00,0.000000000000000000e+00,0.000000000000000000e+00,1.356086158752441406e+01,1.000000000000000000e+00
9.599999999999999645e+00,0.000000000000000000e+00,0.000000000000000000e+00,1.358736515045166016e+01,1.000000000000000000e+00
9.620000000000000995e+00,0.000000000000000000e+00,0.000000000000000000e+00,1.361384963989257812e+01,1.000000000000000000e+00
9.640000000000000568e+00,0.000000000000000000e+00,0.000000000000000000e+00,1.364031410217285156e+01,1.000000000000000000e+00
9.660000000000000142e+00,0.000000000000000000e+00,0.000000000000000000e+00,1.366675758361816406e+01,1.000000000000000000e+00
9.679999999999999716e+00,0.000000000000000000e+00,0.000000000000000000e+00,1.369317913055419922e+01,1.000000000000000000e+00
9.700000000000001066e+00,0.000000000000000000e+00,0.000000000000000000e+00,1.371958351135253906e+01,1.000000000000000000e+00
9.720000000000000639e+00,0.000000000000000000e+00,0.000000000000000000e+00,1.374596881866455078e+01,1.000000000000000000e+00
9.740000000000000213e+00,0.000000000000000000e+00,0.000000000000000000e+00,1.377233600616455078e+01,1.000000000000000000e+00
9.759999999999999787e+00,0.000000000000000000e+00,0.000000000000000000e+00,1.379868412017822266e+01,1.000000000000000000e+00
9.779999999999999361e+00,0.000000000000000000e+00,0.000000000000000000e+00,1.382501411437988281e+01,1.000000000000000000e+00
9.800000000000000711e+00,0.000000000000000000e+00,0.000000000000000000e+00,1.385132789611816406e+01,1.000000000000000000e+00
9.820000000000000284e+00,0.000000000000000000e+00,0.000000000000000000e+00,1.387762546539306641e+01,1.000000000000000000e+00
9.839999999999999858e+00,0.000000000000000000e+00,0.000000000000000000e+00,1.390390682220458984e+01,1.000000000000000000e+00
9.859999999999999432e+00,0.000000000000000000e+00,0.000000000000000000e+00,1.393017196655273438e+01,1.000000000000000000e+00
9.880000000000000782e+00,0.000000000000000000e+00,0.000000000000000000e+00,1.395641994476318359e+01,1.000000000000000000e+00
9.900000000000000355e+00,0.000000000000000000e+00,0.000000000000000000e+00,1.398265266418457031e+01,1.000000000000000000e+00
9.919999999999999929e+00,0.000000000000000000e+00,0.000000000000000000e+00,1.400886917114257812e+01,1.000000000000000000e+00
9.939999999999999503e+00,0.000000000000000000e+00,0.000000000000000000e+00,1.403506946563720703e+01,1.000000000000000000e+00
9.960000000000000853e+00,0.000000000000000000e+00,0.000000000000000000e+00,1.406125354766845703e+01,1.000000000000000000e+00
9.980000000000000426e+00,0.000000000000000000e+00,0.000000000000000000e+00,1.408741950988769531e+01,1.000000000000000000e+00
1.000000000000000000e+01,0.000000000000000000e+00,0.000000000000000000e+00,1.411356925964355469e+01,1.000000000000000000e+00
1.001999999999999957e+01,0.000000000000000000e+00,0.000000000000000000e+00,1.413970279693603516e+01,1.000000000000000000e+00
1.004000000000000092e+01,0.000000000000000000e+00,0.000000000000000000e+00,1.416581916809082031e+01,1.000000000000000000e+00
1.006000000000000050e+01,0.000000000000000000e+00,0.000000000000000000e+00,1.419191646575927734e+01,1.000000000000000000e+00
1.008000000000000007e+01,0.000000000000000000e+00,0.000000000000000000e+00,1.421799564361572266e+01,1.000000000000000000e+00
1.009999999999999964e+01,0.000000000000000000e+00,0.000000000000000000e+00,1.424405765533447266e+01,1.000000000000000000e+00
1.012000000000000099e+01,0.000000000000000000e+00,0.000000000000000000e+00,1.427010440826416016e+01,1.000000000000000000e+00
1.014000000000000057e+01,0.000000000000000000e+00,0.000000000000000000e+00,1.429613208770751953e+01,1.000000000000000000e+00
1.016000000000000014e+01,0.000000000000000000e+00,0.000000000000000000e+00,1.432214164733886719e+01,1.000000000000000000e+00
1.017999999999999972e+01,0.000000000000000000e+00,0.000000000000000000e+00,1.434813308715820312e+01,1.000000000000000000e+00
1.020000000000000107e+01,0.000000000000000000e+00,0.000000000000000000e+00,1.437410831451416016e+01,1.000000000000000000e+00
1.022000000000000064e+01,0.000000000000000000e+00,0.000000000000000000e+00,1.440006923675537109e+01,1.000000000000000000e+00
1.024000000000000021e+01,0.000000000000000000e+00,0.000000000000000000e+00,1.442601203918457031e+01,1.000000000000000000e+00
1.025999999999999979e+01,0.000000000000000000e+00,0.000000000000000000e+00,1.445193862915039062e+01,1.000000000000000000e+00
1.027999999999999936e+01,0.000000000000000000e+00,0.000000000000000000e+00,1.447784709930419922e+01,1.000000000000000000e+00
1.030000000000000071e+01,0.000000000000000000e+00,0.000000000000000000e+00,1.450374031066894531e+01,1.000000000000000000e+00
1.032000000000000028e+01,0.000000000000000000e+00,0.000000000000000000e+00,1.452962017059326172e+01,1.000000000000000000e+00
1.033999999999999986e+01,0.000000000000000000e+00,0.000000000000000000e+00,1.455548381805419922e+01,1.000000000000000000e+00
1.035999999999999943e+01,0.000000000000000000e+00,0.000000000000000000e+00,1.458133125305175781e+01,1.000000000000000000e+00
1.038000000000000078e+01,0.000000000000000000e+00,0.000000000000000000e+00,1.460716247558593750e+01,1.000000000000000000e+00
1.040000000000000036e+01,0.000000000000000000e+00,0.000000000000000000e+00,1.463297939300537109e+01,1.000000000000000000e+00
1.041999999999999993e+01,0.000000000000000000e+00,0.000000000000000000e+00,1.465878295898437500e+01,1.000000000000000000e+00
1.043999999999999950e+01,0.000000000000000000e+00,0.000000000000000000e+00,1.468457221984863281e+01,1.000000000000000000e+00
1.046000000000000085e+01,0.000000000000000000e+00,0.000000000000000000e+00,1.471034336090087891e+01,1.000000000000000000e+00
1.048000000000000043e+01,0.000000000000000000e+00,0.000000000000000000e+00,1.473609924316406250e+01,1.000000000000000000e+00
1.050000000000000000e+01,0.000000000000000000e+00,0.000000000000000000e+00,1.476184272766113281e+01,1.000000000000000000e+00
1.051999999999999957e+01,0.000000000000000000e+00,0.000000000000000000e+00,1.478757190704345703e+01,1.000000000000000000e+00
1.054000000000000092e+01,0.000000000000000000e+00,0.000000000000000000e+00,1.481328582763671875e+01,1.000000000000000000e+00
1.056000000000000050e+01,0.000000000000000000e+00,0.000000000000000000e+00,1.483898448944091797e+01,1.000000000000000000e+00
1.058000000000000007e+01,0.000000000000000000e+00,0.000000000000000000e+00,1.486466693878173828e+01,1.000000000000000000e+00
1.059999999999999964e+01,0.000000000000000000e+00,0.000000000000000000e+00,1.489033603668212891e+01,1.000000000000000000e+00
1.062000000000000099e+01,0.000000000000000000e+00,0.000000000000000000e+00,1.491599273681640625e+01,1.000000000000000000e+00
1.064000000000000057e+01,0.000000000000000000e+00,0.000000000000000000e+00,1.494163417816162109e+01,1.000000000000000000e+00
1.066000000000000014e+01,0.000000000000000000e+00,0.000000000000000000e+00,1.496725940704345703e+01,1.000000000000000000e+00
1.067999999999999972e+01,0.000000000000000000e+00,0.000000000000000000e+00,1.499287033081054688e+01,1.000000000000000000e+00
1.070000000000000107e+01,0.000000000000000000e+00,0.000000000000000000e+00,1.501846790313720703e+01,1.000000000000000000e+00
1.072000000000000064e+01,0.000000000000000000e+00,0.000000000000000000e+00,1.504405403137207031e+01,1.000000000000000000e+00
1.074000000000000021e+01,0.000000000000000000e+00,0.000000000000000000e+00,1.506962490081787109e+01,1.000000000000000000e+00
1.075999999999999979e+01,0.000000000000000000e+00,0.000000000000000000e+00,1.509518051147460938e+01,1.000000000000000000e+00
1.077999999999999936e+01,0.000000000000000000e+00,0.000000000000000000e+00,1.512071990966796875e+01,1.000000000000000000e+00
1.080000000000000071e+01,0.000000000000000000e+00,0.000000000000000000e+00,1.514624595642089844e+01,1.000000000000000000e+00
1.082000000000000028e+01,0.000000000000000000e+00,0.000000000000000000e+00,1.517175865173339844e+01,1.000000000000000000e+00
1.083999999999999986e+01,0.000000000000000000e+00,0.000000000000000000e+00,1.519725704193115234e+01,1.000000000000000000e+00
1.085999999999999943e+01,0.000000000000000000e+00,0.000000000000000000e+00,1.522273921966552734e+01,1.000000000000000000e+00
1.088000000000000078e+01,0.000000000000000000e+00,0.000000000000000000e+00,1.524820613861083984e+01,1.000000000000000000e+00
1.090000000000000036e+01,0.000000000000000000e+00,0.000000000000000000e+00,1.527366065979003906e+01,1.000000000000000000e+00
1.091999999999999993e+01,0.000000000000000000e+00,0.000000000000000000e+00,1.529910373687744141e+01,1.000000000000000000e+00
1.093999999999999950e+01,0.000000000000000000e+00,0.000000000000000000e+00,1.532453155517578125e+01,1.000000000000000000e+00
1.096000000000000085e+01,0.000000000000000000e+00,0.000000000000000000e+00,1.534994506835937500e+01,1.000000000000000000e+00
1.098000000000000043e+01,0.000000000000000000e+00,0.000000000000000000e+00,1.537534427642822266e+01,1.000000000000000000e+00
1.100000000000000000e+01,0.000000000000000000e+00,0.000000000000000000e+00,1.540073204040527344e+01,1.000000000000000000e+00
1.101999999999999957e+01,0.000000000000000000e+00,0.000000000000000000e+00,1.542610740661621094e+01,1.000000000000000000e+00
1.104000000000000092e+01,0.000000000000000000e+00,0.000000000000000000e+00,1.545146846771240234e+01,1.000000000000000000e+00
1.106000000000000050e+01,0.000000000000000000e+00,0.000000000000000000e+00,1.547681427001953125e+01,1.000000000000000000e+00
1.108000000000000007e+01,0.000000000000000000e+00,0.000000000000000000e+00,1.550214576721191406e+01,1.000000000000000000e+00
1.109999999999999964e+01,0.000000000000000000e+00,0.000000000000000000e+00,1.552746582031250000e+01,1.000000000000000000e+00
1.112000000000000099e+01,0.000000000000000000e+00,0.000000000000000000e+00,1.555277442932128906e+01,1.000000000000000000e+00
1.114000000000000057e+01,0.000000000000000000e+00,0.000000000000000000e+00,1.557806777954101562e+01,1.000000000000000000e+00
1.116000000000000014e+01,0.000000000000000000e+00,0.000000000000000000e+00,1.560334491729736328e+01,1.000000000000000000e+00
1.117999999999999972e+01,0.000000000000000000e+00,0.000000000000000000e+00,1.562860774993896484e+01,1.000000000000000000e+00
1.120000000000000107e+01,0.000000000000000000e+00,0.000000000000000000e+00,1.565385818481445312e+01,1.000000000000000000e+00
1.122000000000000064e+01,0.000000000000000000e+00,0.000000000000000000e+00,1.567909717559814453e+01,1.000000000000000000e+00
1.124000000000000021e+01,0.000000000000000000e+00,0.000000000000000000e+00,1.570432186126708984e+01,1.000000000000000000e+00
1.125999999999999979e+01,0.000000000000000000e+00,0.000000000000000000e+00,1.572953224182128906e+01,1.000000000000000000e+00
1.127999999999999936e+01,0.000000000000000000e+00,0.000000000000000000e+00,1.575472831726074219e+01,1.000000000000000000e+00
1.130000000000000071e+01,0.000000000000000000e+00,0.000000000000000000e+00,1.577991294860839844e+01,1.000000000000000000e+00
1.132000000000000028e+01,0.000000000000000000e+00,0.000000000000000000e+00,1.580508613586425781e+01,1.000000000000000000e+00
1.133999999999999986e+01,0.000000000000000000e+00,0.000000000000000000e+00,1.583024597167968750e+01,1.000000000000000000e+00
1.135999999999999943e+01,0.000000000000000000e+00,0.000000000000000000e+00,1.585539150238037109e+01,1.000000000000000000e+00
1.138000000000000078e+01,0.000000000000000000e+00,0.000000000000000000e+00,1.588052272796630859e+01,1.000000000000000000e+00
1.140000000000000036e+01,0.000000000000000000e+00,0.000000000000000000e+00,1.590564346313476562e+01,1.000000000000000000e+00
1.141999999999999993e+01,0.000000000000000000e+00,0.000000000000000000e+00,1.593075275421142578e+01,1.000000000000000000e+00
1.143999999999999950e+01,0.000000000000000000e+00,0.000000000000000000e+00,1.595584869384765625e+01,1.000000000000000000e+00
1.146000000000000085e+01,0.000000000000000000e+00,0.000000000000000000e+00,1.598093032836914062e+01,1.000000000000000000e+00
1.148000000000000043e+01,0.000000000000000000e+00,0.000000000000000000e+00,1.600599861145019531e+01,1.000000000000000000e+00
1.150000000000000000e+01,0.000000000000000000e+00,0.000000000000000000e+00,1.603105735778808594e+01,1.000000000000000000e+00
1.151999999999999957e+01,0.000000000000000000e+00,0.000000000000000000e+00,1.605610466003417969e+01,1.000000000000000000e+00
1.154000000000000092e+01,0.000000000000000000e+00,0.000000000000000000e+00,1.608114051818847656e+01,1.000000000000000000e+00
1.156000000000000050e+01,0.000000000000000000e+00,0.000000000000000000e+00,1.610616111755371094e+01,1.000000000000000000e+00
1.158000000000000007e+01,0.000000000000000000e+00,0.000000000000000000e+00,1.613117027282714844e+01,1.000000000000000000e+00
1.159999999999999964e+01,0.000000000000000000e+00,0.000000000000000000e+00,1.615616989135742188e+01,1.000000000000000000e+00
1.162000000000000099e+01,0.000000000000000000e+00,0.000000000000000000e+00,1.618115997314453125e+01,1.000000000000000000e+00
1.164000000000000057e+01,0.000000000000000000e+00,0.000000000000000000e+00,1.620613670349121094e+01,1.000000000000000000e+00
1.166000000000000014e+01,0.000000000000000000e+00,0.000000000000000000e+00,1.623110008239746094e+01,1.000000000000000000e+00
1.167999999999999972e+01,0.000000000000000000e+00,0.000000000000000000e+00,1.625605010986328125e+01,1.000000000000000000e+00
1.170000000000000107e+01,0.000000000000000000e+00,0.000000000000000000e+00,1.628099060058593750e+01,1.000000000000000000e+00
1.172000000000000064e+01,0.000000000000000000e+00,0.000000000000000000e+00,1.630592155456542969e+01,1.000000000000000000e+00
1.174000000000000021e+01,0.000000000000000000e+00,0.000000000000000000e+00,1.633084297180175781e+01,1.000000000000000000e+00
1.175999999999999979e+01,0.000000000000000000e+00,0.000000000000000000e+00,1.635575103759765625e+01,1.000000000000000000e+00
1.177999999999999936e+01,0.000000000000000000e+00,0.000000000000000000e+00,1.638064765930175781e+01,1.000000000000000000e+00
1.180000000000000071e+01,0.000000000000000000e+00,0.000000000000000000e+00,1.640553665161132812e+01,1.000000000000000000e+00
1.182000000000000028e+01,0.000000000000000000e+00,0.000000000000000000e+00,1.643041610717773438e+01,1.000000000000000000e+00
1.183999999999999986e+01,0.000000000000000000e+00,0.000000000000000000e+00,1.645528411865234375e+01,1.000000000000000000e+00
1.185999999999999943e+01,0.000000000000000000e+00,0.000000000000000000e+00,1.648014068603515625e+01,1.000000000000000000e+00
1.188000000000000078e+01,0.000000000000000000e+00,0.000000000000000000e+00,1.650498390197753906e+01,1.000000000000000000e+00
1.190000000000000036e+01,0.000000000000000000e+00,0.000000000000000000e+00,1.652981758117675781e+01,1.000000000000000000e+00
1.191999999999999993e+01,0.000000000000000000e+00,0.000000000000000000e+00,1.655464363098144531e+01,1.000000000000000000e+00
1.193999999999999950e+01,0.000000000000000000e+00,0.000000000000000000e+00,1.657946014404296875e+01,1.000000000000000000e+00
1.196000000000000085e+01,0.000000000000000000e+00,0.000000000000000000e+00,1.660426330566406250e+01,1.000000000000000000e+00
1.198000000000000043e+01,0.000000000000000000e+00,0.000000000000000000e+00,1.662905502319335938e+01,1.000000000000000000e+00
1.200000000000000000e+01,0.000000000000000000e+00,0.000000000000000000e+00,1.665384101867675781e+01,1.000000000000000000e+00
1.201999999999999957e+01,0.000000000000000000e+00,0.000000000000000000e+00,1.667861747741699219e+01,1.000000000000000000e+00
1.204000000000000092e+01,0.000000000000000000e+00,0.000000000000000000e+00,1.670338249206542969e+01,1.000000000000000000e+00
1.206000000000000050e+01,0.000000000000000000e+00,0.000000000000000000e+00,1.672813606262207031e+01,1.000000000000000000e+00
1.208000000000000007e+01,0.000000000000000000e+00,0.000000000000000000e+00,1.675288009643554688e+01,1.000000000000000000e+00
1.209999999999999964e+01,0.000000000000000000e+00,0.000000000000000000e+00,1.677761840820312500e+01,1.000000000000000000e+00
1.212000000000000099e+01,0.000000000000000000e+00,0.000000000000000000e+00,1.680234718322753906e+01,1.000000000000000000e+00
1.214000000000000057e+01,0.000000000000000000e+00,0.000000000000000000e+00,1.682706451416015625e+01,1.000000000000000000e+00
1.216000000000000014e+01,0.000000000000000000e+00,0.000000000000000000e+00,1.685177040100097656e+01,1.000000000000000000e+00
1.217999999999999972e+01,0.000000000000000000e+00,0.000000000000000000e+00,1.687646484375000000e+01,1.000000000000000000e+00
1.220000000000000107e+01,0.000000000000000000e+00,0.000000000000000000e+00,1.690115356445312500e+01,1.000000000000000000e+00
1.222000000000000064e+01,0.000000000000000000e+00,0.000000000000000000e+00,1.692583274841308594e+01,1.000000000000000000e+00
1.224000000000000021e+01,0.000000000000000000e+00,0.000000000000000000e+00,1.695050239562988281e+01,1.000000000000000000e+00
1.225999999999999979e+01,0.000000000000000000e+00,0.000000000000000000e+00,1.697516059875488281e+01,1.000000000000000000e+00
1.228000000000000114e+01,0.000000000000000000e+00,0.000000000000000000e+00,1.699980926513671875e+01,1.000000000000000000e+00
1.230000000000000071e+01,0.000000000000000000e+00,0.000000000000000000e+00,1.702445220947265625e+01,1.000000000000000000e+00
1.232000000000000028e+01,0.000000000000000000e+00,0.000000000000000000e+00,1.704908752441406250e+01,1.000000000000000000e+00
1.233999999999999986e+01,0.000000000000000000e+00,0.000000000000000000e+00,1.707371330261230469e+01,1.000000000000000000e+00
1.235999999999999943e+01,0.000000000000000000e+00,0.000000000000000000e+00,1.709832572937011719e+01,1.000000000000000000e+00
1.238000000000000078e+01,0.000000000000000000e+00,0.000000000000000000e+00,1.712292861938476562e+01,1.000000000000000000e+00
1.240000000000000036e+01,0.000000000000000000e+00,0.000000000000000000e+00,1.714752388000488281e+01,1.000000000000000000e+00
1.241999999999999993e+01,0.000000000000000000e+00,0.000000000000000000e+00,1.717211341857910156e+01,1.000000000000000000e+00
1.243999999999999950e+01,0.000000000000000000e+00,0.000000000000000000e+00,1.719669342041015625e+01,1.000000000000000000e+00
1.246000000000000085e+01,0.000000000000000000e+00,0.000000000000000000e+00,1.722126197814941406e+01,1.000000000000000000e+00
1.248000000000000043e+01,0.000000000000000000e+00,0.000000000000000000e+00,1.724581909179687500e+01,1.000000000000000000e+00
1.250000000000000000e+01,0.000000000000000000e+00,0.000000000000000000e+00,1.727037048339843750e+01,1.000000000000000000e+00
1.251999999999999957e+01,0.000000000000000000e+00,0.000000000000000000e+00,1.729491615295410156e+01,1.000000000000000000e+00
1.254000000000000092e+01,0.000000000000000000e+00,0.000000000000000000e+00,1.731945228576660156e+01,1.000000000000000000e+00
1.256000000000000050e+01,0.000000000000000000e+00,0.000000000000000000e+00,1.734397697448730469e+01,1.000000000000000000e+00
1.258000000000000007e+01,0.000000000000000000e+00,0.000000000000000000e+00,1.736849212646484375e+01,1.000000000000000000e+00
1.259999999999999964e+01,0.000000000000000000e+00,0.000000000000000000e+00,1.739300155639648438e+01,1.000000000000000000e+00
1.262000000000000099e+01,0.000000000000000000e+00,0.000000000000000000e+00,1.741750335693359375e+01,1.000000000000000000e+00
1.264000000000000057e+01,0.000000000000000000e+00,0.000000000000000000e+00,1.744199752807617188e+01,1.000000000000000000e+00
1.266000000000000014e+01,0.000000000000000000e+00,0.000000000000000000e+00,1.746648216247558594e+01,1.000000000000000000e+00
1.267999999999999972e+01,0.000000000000000000e+00,0.000000000000000000e+00,1.749095726013183594e+01,1.000000000000000000e+00
1.270000000000000107e+01,0.000000000000000000e+00,0.000000000000000000e+00,1.751542854309082031e+01,1.000000000000000000e+00
1.272000000000000064e+01,0.000000000000000000e+00,0.000000000000000000e+00,1.753989028930664062e+01,1.000000000000000000e+00
1.274000000000000021e+01,0.000000000000000000e+00,0.000000000000000000e+00,1.756434440612792969e+01,1.000000000000000000e+00
1.275999999999999979e+01,0.000000000000000000e+00,0.000000000000000000e+00,1.758878898620605469e+01,1.000000000000000000e+00
1.278000000000000114e+01,0.000000000000000000e+00,0.000000000000000000e+00,1.761322402954101562e+01,1.000000000000000000e+00
1.280000000000000071e+01,0.000000000000000000e+00,0.000000000000000000e+00,1.763765716552734375e+01,1.000000000000000000e+00
1.282000000000000028e+01,0.000000000000000000e+00,0.000000000000000000e+00,1.766208076477050781e+01,1.000000000000000000e+00
1.283999999999999986e+01,0.000000000000000000e+00,0.000000000000000000e+00,1.768649673461914062e+01,1.000000000000000000e+00
1.285999999999999943e+01,0.000000000000000000e+00,0.000000000000000000e+00,1.771090316772460938e+01,1.000000000000000000e+00
1.288000000000000078e+01,0.000000000000000000e+00,0.000000000000000000e+00,1.773530197143554688e+01,1.000000000000000000e+00
1.290000000000000036e+01,0.000000000000000000e+00,0.000000000000000000e+00,1.775969696044921875e+01,1.000000000000000000e+00
1.291999999999999993e+01,0.000000000000000000e+00,0.000000000000000000e+00,1.778408432006835938e+01,1.000000000000000000e+00
1.293999999999999950e+01,0.000000000000000000e+00,0.000000000000000000e+00,1.780846405029296875e+01,1.000000000000000000e+00
1.296000000000000085e+01,0.000000000000000000e+00,0.000000000000000000e+00,1.783283424377441406e+01,1.000000000000000000e+00
1.298000000000000043e+01,0.000000000000000000e+00,0.000000000000000000e+00,1.785719490051269531e+01,1.000000000000000000e+00
1.300000000000000000e+01,0.000000000000000000e+00,0.000000000000000000e+00,1.788155174255371094e+01,1.000000000000000000e+00
1.301999999999999957e+01,0.000000000000000000e+00,0.000000000000000000e+00,1.790590095520019531e+01,1.000000000000000000e+00
1.304000000000000092e+01,0.000000000000000000e+00,0.000000000000000000e+00,1.793024253845214844e+01,1.000000000000000000e+00
1.306000000000000050e+01,0.000000000000000000e+00,0.000000000000000000e+00,1.795457458496093750e+01,1.000000000000000000e+00
1.308000000000000007e+01,0.000000000000000000e+00,0.000000000000000000e+00,1.797889900207519531e+01,1.000000000000000000e+00
1.309999999999999964e+01,0.000000000000000000e+00,0.000000000000000000e+00,1.800321769714355469e+01,1.000000000000000000e+00
1.312000000000000099e+01,0.000000000000000000e+00,0.000000000000000000e+00,1.802753257751464844e+01,1.000000000000000000e+00
1.314000000000000057e+01,0.000000000000000000e+00,0.000000000000000000e+00,1.805183982849121094e+01,1.000000000000000000e+00
1.316000000000000014e+01,0.000000000000000000e+00,0.000000000000000000e+00,1.807613754272460938e+01,1.000000000000000000e+00
1.317999999999999972e+01,0.000000000000000000e+00,0.000000000000000000e+00,1.810042762756347656e+01,1.000000000000000000e+00
1.320000000000000107e+01,0.000000000000000000e+00,0.000000000000000000e+00,1.812471008300781250e+01,1.000000000000000000e+00
1.322000000000000064e+01,0.000000000000000000e+00,0.000000000000000000e+00,1.814899063110351562e+01,1.000000000000000000e+00
1.324000000000000021e+01,0.000000000000000000e+00,0.000000000000000000e+00,1.817326164245605469e+01,1.000000000000000000e+00
1.325999999999999979e+01,0.000000000000000000e+00,0.000000000000000000e+00,1.819752311706542969e+01,1.000000000000000000e+00
1.328000000000000114e+01,0.000000000000000000e+00,0.000000000000000000e+00,1.822177696228027344e+01,1.000000000000000000e+00
1.330000000000000071e+01,0.000000000000000000e+00,0.000000000000000000e+00,1.824602890014648438e+01,1.000000000000000000e+00
1.332000000000000028e+01,0.000000000000000000e+00,0.000000000000000000e+00,1.827027130126953125e+01,1.000000000000000000e+00
1.333999999999999986e+01,0.000000000000000000e+00,0.000000000000000000e+00,1.829450798034667969e+01,1.000000000000000000e+00
1.335999999999999943e+01,0.000000000000000000e+00,0.000000000000000000e+00,1.831873512268066406e+01,1.000000000000000000e+00
1.338000000000000078e+01,0.000000000000000000e+00,0.000000000000000000e+00,1.834295463562011719e+01,1.000000000000000000e+00
1.340000000000000036e+01,0.000000000000000000e+00,0.000000000000000000e+00,1.836716842651367188e+01,1.000000000000000000e+00
1.341999999999999993e+01,0.000000000000000000e+00,0.000000000000000000e+00,1.839138031005859375e+01,1.000000000000000000e+00
1.343999999999999950e+01,0.000000000000000000e+00,0.000000000000000000e+00,1.841558456420898438e+01,1.000000000000000000e+00
1.346000000000000085e+01,0.000000000000000000e+00,0.000000000000000000e+00,1.843978118896484375e+01,1.000000000000000000e+00
1.348000000000000043e+01,0.000000000000000000e+00,0.000000000000000000e+00,1.846397209167480469e+01,1.000000000000000000e+00
1.350000000000000000e+01,0.000000000000000000e+00,0.000000000000000000e+00,1.848815727233886719e+01,1.000000000000000000e+00
1.351999999999999957e+01,0.000000000000000000e+00,0.000000000000000000e+00,1.851234054565429688e+01,1.000000000000000000e+00
1.354000000000000092e+01,0.000000000000000000e+00,0.000000000000000000e+00,1.853651618957519531e+01,1.000000000000000000e+00
1.356000000000000050e+01,0.000000000000000000e+00,0.000000000000000000e+00,1.856068229675292969e+01,1.000000000000000000e+00
1.358000000000000007e+01,0.000000000000000000e+00,0.000000000000000000e+00,1.858484268188476562e+01,1.000000000000000000e+00
1.359999999999999964e+01,0.000000000000000000e+00,0.000000000000000000e+00,1.860899925231933594e+01,1.000000000000000000e+00
1.362000000000000099e+01,0.000000000000000000e+00,0.000000000000000000e+00,1.863315200805664062e+01,1.000000000000000000e+00
1.364000000000000057e+01,0.000000000000000000e+00,0.000000000000000000e+00,1.865729713439941406e+01,1.000000000000000000e+00
1.366000000000000014e+01,0.000000000000000000e+00,0.000000000000000000e+00,1.868143463134765625e+01,1.000000000000000000e+00
1.367999999999999972e+01,0.000000000000000000e+00,0.000000000000000000e+00,1.870556259155273438e+01,1.000000000000000000e+00
1.370000000000000107e+01,0.000000000000000000e+00,0.000000000000000000e+00,1.872969055175781250e+01,1.000000000000000000e+00
1.372000000000000064e+01,0.000000000000000000e+00,0.000000000000000000e+00,1.875381088256835938e+01,1.000000000000000000e+00
1.374000000000000021e+01,0.000000000000000000e+00,0.000000000000000000e+00,1.877792549133300781e+01,1.000000000000000000e+00
1.375999999999999979e+01,0.000000000000000000e+00,0.000000000000000000e+00,1.880203247070312500e+01,1.000000000000000000e+00
1.378000000000000114e+01,0.000000000000000000e+00,0.000000000000000000e+00,1.882613182067871094e+01,1.000000000000000000e+00
1.380000000000000071e+01,0.000000000000000000e+00,0.000000000000000000e+00,1.885022544860839844e+01,1.000000000000000000e+00
1.382000000000000028e+01,0.000000000000000000e+00,0.000000000000000000e+00,1.887431526184082031e+01,1.000000000000000000e+00
1.383999999999999986e+01,0.000000000000000000e+00,0.000000000000000000e+00,1.889839744567871094e+01,1.000000000000000000e+00
1.385999999999999943e+01,0.000000000000000000e+00,0.000000000000000000e+00,1.892247200012207031e+01,1.000000000000000000e+00
1.388000000000000078e+01,0.000000000000000000e+00,0.000000000000000000e+00,1.894654273986816406e+01,1.000000000000000000e+00
1.390000000000000036e+01,0.000000000000000000e+00,0.000000000000000000e+00,1.897060585021972656e+01,1.000000000000000000e+00
1.391999999999999993e+01,0.000000000000000000e+00,0.000000000000000000e+00,1.899466705322265625e+01,1.000000000000000000e+00
1.393999999999999950e+01,0.000000000000000000e+00,0.000000000000000000e+00,1.901872253417968750e+01,1.000000000000000000e+00
1.396000000000000085e+01,0.000000000000000000e+00,0.000000000000000000e+00,1.904277038574218750e+01,1.000000000000000000e+00
1.398000000000000043e+01,0.000000000000000000e+00,0.000000000000000000e+00,1.906681251525878906e+01,1.000000000000000000e+00
1.400000000000000000e+01,0.000000000000000000e+00,0.000000000000000000e+00,1.909085083007812500e+01,1.000000000000000000e+00
1.401999999999999957e+01,0.000000000000000000e+00,0.000000000000000000e+00,1.911488342285156250e+01,1.000000000000000000e+00
1.404000000000000092e+01,0.000000000000000000e+00,0.000000000000000000e+00,1.913891220092773438e+01,1.000000000000000000e+00
1.406000000000000050e+01,0.000000000000000000e+00,0.000000000000000000e+00,1.916293525695800781e+01,1.000000000000000000e+00
1.408000000000000007e+01,0.000000000000000000e+00,0.000000000000000000e+00,1.918694877624511719e+01,1.000000000000000000e+00
1.409999999999999964e+01,0.000000000000000000e+00,0.000000000000000000e+00,1.921096229553222656e+01,1.000000000000000000e+00
1.412000000000000099e+01,0.000000000000000000e+00,0.000000000000000000e+00,1.923497581481933594e+01,1.000000000000000000e+00
1.414000000000000057e+01,0.000000000000000000e+00,0.000000000000000000e+00,1.925897979736328125e+01,1.000000000000000000e+00
1.416000000000000014e+01,0.000000000000000000e+00,0.000000000000000000e+00,1.928297805786132812e+01,1.000000000000000000e+00
1.417999999999999972e+01,0.000000000000000000e+00,0.000000000000000000e+00,1.930697250366210938e+01,1.000000000000000000e+00
1.420000000000000107e+01,0.000000000000000000e+00,0.000000000000000000e+00,1.933095741271972656e+01,1.000000000000000000e+00
1.422000000000000064e+01,0.000000000000000000e+00,0.000000000000000000e+00,1.935494232177734375e+01,1.000000000000000000e+00
1.424000000000000021e+01,0.000000000000000000e+00,0.000000000000000000e+00,1.937892341613769531e+01,1.000000000000000000e+00
1.425999999999999979e+01,0.000000000000000000e+00,0.000000000000000000e+00,1.940289878845214844e+01,1.000000000000000000e+00
1.428000000000000114e+01,0.000000000000000000e+00,0.000000000000000000e+00,1.942686843872070312e+01,1.000000000000000000e+00
1.430000000000000071e+01,0.000000000000000000e+00,0.000000000000000000e+00,1.945083427429199219e+01,1.000000000000000000e+00
1.432000000000000028e+01,0.000000000000000000e+00,0.000000000000000000e+00,1.947480010986328125e+01,1.000000000000000000e+00
1.433999999999999986e+01,0.000000000000000000e+00,0.000000000000000000e+00,1.949876022338867188e+01,1.000000000000000000e+00
1.435999999999999943e+01,0.000000000000000000e+00,0.000000000000000000e+00,1.952271270751953125e+01,1.000000000000000000e+00
1.438000000000000078e+01,0.000000000000000000e+00,0.000000000000000000e+00,1.954665946960449219e+01,1.000000000000000000e+00
1.440000000000000036e+01,0.000000000000000000e+00,0.000000000000000000e+00,1.957060623168945312e+01,1.000000000000000000e+00
1.441999999999999993e+01,0.000000000000000000e+00,0.000000000000000000e+00,1.959454917907714844e+01,1.000000000000000000e+00
1.443999999999999950e+01,0.000000000000000000e+00,0.000000000000000000e+00,1.961848640441894531e+01,1.000000000000000000e+00
1.446000000000000085e+01,0.000000000000000000e+00,0.000000000000000000e+00,1.964241981506347656e+01,1.000000000000000000e+00
1.448000000000000043e+01,0.000000000000000000e+00,0.000000000000000000e+00,1.966634750366210938e+01,1.000000000000000000e+00
1.450000000000000000e+01,0.000000000000000000e+00,0.000000000000000000e+00,1.969027519226074219e+01,1.000000000000000000e+00
1.451999999999999957e+01,0.000000000000000000e+00,0.000000000000000000e+00,1.971420288085937500e+01,1.000000000000000000e+00
1.454000000000000092e+01,0.000000000000000000e+00,0.000000000000000000e+00,1.973812103271484375e+01,1.000000000000000000e+00
1.456000000000000050e+01,0.000000000000000000e+00,0.000000000000000000e+00,1.976203346252441406e+01,1.000000000000000000e+00
1.458000000000000007e+01,0.000000000000000000e+00,0.000000000000000000e+00,1.978594207763671875e+01,1.000000000000000000e+00
1.459999999999999964e+01,0.000000000000000000e+00,0.000000000000000000e+00,1.980984878540039062e+01,1.000000000000000000e+00
1.462000000000000099e+01,0.000000000000000000e+00,0.000000000000000000e+00,1.983374786376953125e+01,1.000000000000000000e+00
1.464000000000000057e+01,0.000000000000000000e+00,0.000000000000000000e+00,1.985764312744140625e+01,1.000000000000000000e+00
1.466000000000000014e+01,0.000000000000000000e+00,0.000000000000000000e+00,1.988153266906738281e+01,1.000000000000000000e+00
1.467999999999999972e+01,0.000000000000000000e+00,0.000000000000000000e+00,1.990541267395019531e+01,1.000000000000000000e+00
1.470000000000000107e+01,0.000000000000000000e+00,0.000000000000000000e+00,1.992929267883300781e+01,1.000000000000000000e+00
1.472000000000000064e+01,0.000000000000000000e+00,0.000000000000000000e+00,1.995317268371582031e+01,1.000000000000000000e+00
1.474000000000000021e+01,0.000000000000000000e+00,0.000000000000000000e+00,1.997704505920410156e+01,1.000000000000000000e+00
1.475999999999999979e+01,0.000000000000000000e+00,0.000000000000000000e+00,2.000091361999511719e+01,1.000000000000000000e+00
1.478000000000000114e+01,0.000000000000000000e+00,0.000000000000000000e+00,2.002477455139160156e+01,1.000000000000000000e+00
1.480000000000000071e+01,0.000000000000000000e+00,0.000000000000000000e+00,2.004863548278808594e+01,1.000000000000000000e+00
1.482000000000000028e+01,0.000000000000000000e+00,0.000000000000000000e+00,2.007249641418457031e+01,1.000000000000000000e+00
1.483999999999999986e+01,0.000000000000000000e+00,0.000000000000000000e+00,2.009635162353515625e+01,1.000000000000000000e+00
1.485999999999999943e+01,0.000000000000000000e+00,0.000000000000000000e+00,2.012020301818847656e+01,1.000000000000000000e+00
1.488000000000000078e+01,0.000000000000000000e+00,0.000000000000000000e+00,2.014404678344726562e+01,1.000000000000000000e+00
1.490000000000000036e+01,0.000000000000000000e+00,0.000000000000000000e+00,2.016788864135742188e+01,1.000000000000000000e+00
1.491999999999999993e+01,0.000000000000000000e+00,0.000000000000000000e+00,2.019173049926757812e+01,1.000000000000000000e+00
1.493999999999999950e+01,0.000000000000000000e+00,0.000000000000000000e+00,2.021556854248046875e+01,1.000000000000000000e+00
1.496000000000000085e+01,0.000000000000000000e+00,0.000000000000000000e+00,2.023940086364746094e+01,1.000000000000000000e+00
1.498000000000000043e+01,0.000000000000000000e+00,0.000000000000000000e+00,2.026322937011718750e+01,1.000000000000000000e+00
1.500000000000000000e+01,0.000000000000000000e+00,0.000000000000000000e+00,2.028705406188964844e+01,1.000000000000000000e+00
1.501999999999999957e+01,0.000000000000000000e+00,0.000000000000000000e+00,2.031087684631347656e+01,1.000000000000000000e+00
1.504000000000000092e+01,0.000000000000000000e+00,0.000000000000000000e+00,2.033469963073730469e+01,1.000000000000000000e+00
1.506000000000000050e+01,0.000000000000000000e+00,0.000000000000000000e+00,2.035851669311523438e+01,1.000000000000000000e+00
1.508000000000000007e+01,0.000000000000000000e+00,0.000000000000000000e+00,2.038232994079589844e+01,1.000000000000000000e+00
1.509999999999999964e+01,0.000000000000000000e+00,0.000000000000000000e+00,2.040614318847656250e+01,1.000000000000000000e+00
1.512000000000000099e+01,0.000000000000000000e+00,0.000000000000000000e+00,2.042995643615722656e+01,1.000000000000000000e+00
1.514000000000000057e+01,0.000000000000000000e+00,0.000000000000000000e+00,2.045376586914062500e+01,1.000000000000000000e+00
1.516000000000000014e+01,0.000000000000000000e+00,0.000000000000000000e+00,2.047756767272949219e+01,1.000000000000000000e+00
1.517999999999999972e+01,0.000000000000000000e+00,0.000000000000000000e+00,2.050136184692382812e+01,1.000000000000000000e+00
1.520000000000000107e+01,0.000000000000000000e+00,0.000000000000000000e+00,2.052515602111816406e+01,1.000000000000000000e+00
1.522000000000000064e+01,0.000000000000000000e+00,0.000000000000000000e+00,2.054895019531250000e+01,1.000000000000000000e+00
1.524000000000000021e+01,0.000000000000000000e+00,0.000000000000000000e+00,2.057273674011230469e+01,1.000000000000000000e+00
1.525999999999999979e+01,0.000000000000000000e+00,0.000000000000000000e+00,2.059652137756347656e+01,1.000000000000000000e+00
1.528000000000000114e+01,0.000000000000000000e+00,0.000000000000000000e+00,2.062029647827148438e+01,1.000000000000000000e+00
1.530000000000000071e+01,0.000000000000000000e+00,0.000000000000000000e+00,2.064407157897949219e+01,1.000000000000000000e+00
1.532000000000000028e+01,0.000000000000000000e+00,0.000000000000000000e+00,2.066784667968750000e+01,1.000000000000000000e+00
1.533999999999999986e+01,0.000000000000000000e+00,0.000000000000000000e+00,2.069162178039550781e+01,1.000000000000000000e+00
1.535999999999999943e+01,0.000000000000000000e+00,0.000000000000000000e+00,2.071538925170898438e+01,1.000000000000000000e+00
1.538000000000000078e+01,0.000000000000000000e+00,0.000000000000000000e+00,2.073915481567382812e+01,1.000000000000000000e+00
1.540000000000000036e+01,0.000000000000000000e+00,0.000000000000000000e+00,2.076292037963867188e+01,1.000000000000000000e+00
1.541999999999999993e+01,0.000000000000000000e+00,0.000000000000000000e+00,2.078668594360351562e+01,1.000000000000000000e+00
1.543999999999999950e+01,0.000000000000000000e+00,0.000000000000000000e+00,2.081044578552246094e+01,1.000000000000000000e+00
1.546000000000000085e+01,0.000000000000000000e+00,0.000000000000000000e+00,2.083420181274414062e+01,1.000000000000000000e+00
1.548000000000000043e+01,0.000000000000000000e+00,0.000000000000000000e+00,2.085794830322265625e+01,1.000000000000000000e+00
1.550000000000000000e+01,0.000000000000000000e+00,0.000000000000000000e+00,2.088169479370117188e+01,1.000000000000000000e+00
1.551999999999999957e+01,0.000000000000000000e+00,0.000000000000000000e+00,2.090544128417968750e+01,1.000000000000000000e+00
1.554000000000000092e+01,0.000000000000000000e+00,0.000000000000000000e+00,2.092918777465820312e+01,1.000000000000000000e+00
1.556000000000000050e+01,0.000000000000000000e+00,0.000000000000000000e+00,2.095292472839355469e+01,1.000000000000000000e+00
1.558000000000000007e+01,0.000000000000000000e+00,0.000000000000000000e+00,2.097666168212890625e+01,1.000000000000000000e+00
1.559999999999999964e+01,0.000000000000000000e+00,0.000000000000000000e+00,2.100039863586425781e+01,1.000000000000000000e+00
1.562000000000000099e+01,0.000000000000000000e+00,0.000000000000000000e+00,2.102413558959960938e+01,1.000000000000000000e+00
1.564000000000000057e+01,0.000000000000000000e+00,0.000000000000000000e+00,2.104786682128906250e+01,1.000000000000000000e+00
1.566000000000000014e+01,0.000000000000000000e+00,0.000000000000000000e+00,2.107159423828125000e+01,1.000000000000000000e+00
1.567999999999999972e+01,0.000000000000000000e+00,0.000000000000000000e+00,2.109531974792480469e+01,1.000000000000000000e+00
1.570000000000000107e+01,0.000000000000000000e+00,0.000000000000000000e+00,2.111904716491699219e+01,1.000000000000000000e+00
1.572000000000000064e+01,0.000000000000000000e+00,0.000000000000000000e+00,2.114277076721191406e+01,1.000000000000000000e+00
1.574000000000000021e+01,0.000000000000000000e+00,0.000000000000000000e+00,2.116648864746093750e+01,1.000000000000000000e+00
1.575999999999999979e+01,0.000000000000000000e+00,0.000000000000000000e+00,2.119020271301269531e+01,1.000000000000000000e+00
1.578000000000000114e+01,0.000000000000000000e+00,0.000000000000000000e+00,2.121391105651855469e+01,1.000000000000000000e+00
1.580000000000000071e+01,0.000000000000000000e+00,0.000000000000000000e+00,2.123761940002441406e+01,1.000000000000000000e+00
1.582000000000000028e+01,0.000000000000000000e+00,0.000000000000000000e+00,2.126132774353027344e+01,1.000000000000000000e+00
1.583999999999999986e+01,0.000000000000000000e+00,0.000000000000000000e+00,2.128503608703613281e+01,1.000000000000000000e+00
1.586000000000000121e+01,0.000000000000000000e+00,0.000000000000000000e+00,2.130873870849609375e+01,1.000000000000000000e+00
1.588000000000000078e+01,0.000000000000000000e+00,0.000000000000000000e+00,2.133243751525878906e+01,1.000000000000000000e+00
1.590000000000000036e+01,0.000000000000000000e+00,0.000000000000000000e+00,2.135613632202148438e+01,1.000000000000000000e+00
1.591999999999999993e+01,0.000000000000000000e+00,0.000000000000000000e+00,2.137983512878417969e+01,1.000000000000000000e+00
1.593999999999999950e+01,0.000000000000000000e+00,0.000000000000000000e+00,2.140353393554687500e+01,1.000000000000000000e+00
1.596000000000000085e+01,0.000000000000000000e+00,0.000000000000000000e+00,2.142722702026367188e+01,1.000000000000000000e+00
1.598000000000000043e+01,0.000000000000000000e+00,0.000000000000000000e+00,2.145091629028320312e+01,1.000000000000000000e+00
1.600000000000000000e+01,0.000000000000000000e+00,0.000000000000000000e+00,2.147460556030273438e+01,1.000000000000000000e+00
1.601999999999999957e+01,0.000000000000000000e+00,0.000000000000000000e+00,2.149829483032226562e+01,1.000000000000000000e+00
1.603999999999999915e+01,0.000000000000000000e+00,0.000000000000000000e+00,2.152198410034179688e+01,1.000000000000000000e+00
1.605999999999999872e+01,0.000000000000000000e+00,0.000000000000000000e+00,2.154566764831542969e+01,1.000000000000000000e+00
1.608000000000000185e+01,0.000000000000000000e+00,0.000000000000000000e+00,2.156934738159179688e+01,1.000000000000000000e+00
1.610000000000000142e+01,0.000000000000000000e+00,0.000000000000000000e+00,2.159302711486816406e+01,1.000000000000000000e+00
1.612000000000000099e+01,0.000000000000000000e+00,0.000000000000000000e+00,2.161670684814453125e+01,1.000000000000000000e+00
1.614000000000000057e+01,0.000000000000000000e+00,0.000000000000000000e+00,2.164038658142089844e+01,1.000000000000000000e+00
1.616000000000000014e+01,0.000000000000000000e+00,0.000000000000000000e+00,2.166406250000000000e+01,1.000000000000000000e+00
1.617999999999999972e+01,0.000000000000000000e+00,0.000000000000000000e+00,2.168773269653320312e+01,1.000000000000000000e+00
1.619999999999999929e+01,0.000000000000000000e+00,0.000000000000000000e+00,2.171140289306640625e+01,1.000000000000000000e+00
1.621999999999999886e+01,0.000000000000000000e+00,0.000000000000000000e+00,2.173507308959960938e+01,1.000000000000000000e+00
1.624000000000000199e+01,0.000000000000000000e+00,0.000000000000000000e+00,2.175874328613281250e+01,1.000000000000000000e+00
1.626000000000000156e+01,0.000000000000000000e+00,0.000000000000000000e+00,2.178241348266601562e+01,1.000000000000000000e+00
1.628000000000000114e+01,0.000000000000000000e+00,0.000000000000000000e+00,2.180607604980468750e+01,1.000000000000000000e+00
1.630000000000000071e+01,0.000000000000000000e+00,0.000000000000000000e+00,2.182974433898925781e+01,1.000000000000000000e+00
1.632000000000000028e+01,0.000000000000000000e+00,0.000000000000000000e+00,2.185341453552246094e+01,1.000000000000000000e+00
1.633999999999999986e+01,0.000000000000000000e+00,0.000000000000000000e+00,2.187707901000976562e+01,1.000000000000000000e+00
1.635999999999999943e+01,0.000000000000000000e+00,0.000000000000000000e+00,2.190073966979980469e+01,1.000000000000000000e+00
1.637999999999999901e+01,0.000000000000000000e+00,0.000000000000000000e+00,2.192440032958984375e+01,1.000000000000000000e+00
1.639999999999999858e+01,0.000000000000000000e+00,0.000000000000000000e+00,2.194806098937988281e+01,1.000000000000000000e+00
1.642000000000000171e+01,0.000000000000000000e+00,0.000000000000000000e+00,2.197172164916992188e+01,1.000000000000000000e+00
1.644000000000000128e+01,0.000000000000000000e+00,0.000000000000000000e+00,2.199537658691406250e+01,1.000000000000000000e+00
1.646000000000000085e+01,0.000000000000000000e+00,0.000000000000000000e+00,2.201902770996093750e+01,1.000000000000000000e+00
1.648000000000000043e+01,0.000000000000000000e+00,0.000000000000000000e+00,2.204267883300781250e+01,1.000000000000000000e+00
1.650000000000000000e+01,0.000000000000000000e+00,0.000000000000000000e+00,2.206632995605468750e+01,1.000000000000000000e+00
1.651999999999999957e+01,0.000000000000000000e+00,0.000000000000000000e+00,2.208998107910156250e+01,1.000000000000000000e+00
1.653999999999999915e+01,0.000000000000000000e+00,0.000000000000000000e+00,2.211363220214843750e+01,1.000000000000000000e+00
1.655999999999999872e+01,0.000000000000000000e+00,0.000000000000000000e+00,2.213727378845214844e+01,1.000000000000000000e+00
1.658000000000000185e+01,0.000000000000000000e+00,0.000000000000000000e+00,2.216091537475585938e+01,1.000000000000000000e+00
1.660000000000000142e+01,0.000000000000000000e+00,0.000000000000000000e+00,2.218455696105957031e+01,1.000000000000000000e+00
1.662000000000000099e+01,0.000000000000000000e+00,0.000000000000000000e+00,2.220819854736328125e+01,1.000000000000000000e+00
1.664000000000000057e+01,0.000000000000000000e+00,0.000000000000000000e+00,2.223184013366699219e+01,1.000000000000000000e+00
1.666000000000000014e+01,0.000000000000000000e+00,0.000000000000000000e+00,2.225547599792480469e+01,1.000000000000000000e+00
1.667999999999999972e+01,0.000000000000000000e+00,0.000000000000000000e+00,2.227910804748535156e+01,1.000000000000000000e+00
1.669999999999999929e+01,0.000000000000000000e+00,0.000000000000000000e+00,2.230274391174316406e+01,1.000000000000000000e+00
1.671999999999999886e+01,0.000000000000000000e+00,0.000000000000000000e+00,2.232638359069824219e+01,1.000000000000000000e+00
1.674000000000000199e+01,0.000000000000000000e+00,0.000000000000000000e+00,2.235001564025878906e+01,1.000000000000000000e+00
1.676000000000000156e+01,0.000000000000000000e+00,0.000000000000000000e+00,2.237364768981933594e+01,1.000000000000000000e+00
1.678000000000000114e+01,0.000000000000000000e+00,0.000000000000000000e+00,2.239727973937988281e+01,1.000000000000000000e+00
1.680000000000000071e+01,0.000000000000000000e+00,0.000000000000000000e+00,2.242091178894042969e+01,1.000000000000000000e+00
1.682000000000000028e+01,0.000000000000000000e+00,0.000000000000000000e+00,2.244454383850097656e+01,1.000000000000000000e+00
1.683999999999999986e+01,0.000000000000000000e+00,0.000000000000000000e+00,2.246817588806152344e+01,1.000000000000000000e+00
1.685999999999999943e+01,0.000000000000000000e+00,0.000000000000000000e+00,2.249180030822753906e+01,1.000000000000000000e+00
1.687999999999999901e+01,0.000000000000000000e+00,0.000000000000000000e+00,2.251542282104492188e+01,1.000000000000000000e+00
1.689999999999999858e+01,0.000000000000000000e+00,0.000000000000000000e+00,2.253904914855957031e+01,1.000000000000000000e+00
1.692000000000000171e+01,0.000000000000000000e+00,0.000000000000000000e+00,2.256268119812011719e+01,1.000000000000000000e+00
1.694000000000000128e+01,0.000000000000000000e+00,0.000000000000000000e+00,2.258630371093750000e+01,1.000000000000000000e+00
1.696000000000000085e+01,0.000000000000000000e+00,0.000000000000000000e+00,2.260992622375488281e+01,1.000000000000000000e+00
1.698000000000000043e+01,0.000000000000000000e+00,0.000000000000000000e+00,2.263354873657226562e+01,1.000000000000000000e+00
1.700000000000000000e+01,0.000000000000000000e+00,0.000000000000000000e+00,2.265717124938964844e+01,1.000000000000000000e+00
1.701999999999999957e+01,0.000000000000000000e+00,0.000000000000000000e+00,2.268079376220703125e+01,1.000000000000000000e+00
1.703999999999999915e+01,0.000000000000000000e+00,0.000000000000000000e+00,2.270441627502441406e+01,1.000000000000000000e+00
1.705999999999999872e+01,0.000000000000000000e+00,0.000000000000000000e+00,2.272803497314453125e+01,1.000000000000000000e+00
1.708000000000000185e+01,0.000000000000000000e+00,0.000000000000000000e+00,2.275164794921875000e+01,1.000000000000000000e+00
1.710000000000000142e+01,0.000000000000000000e+00,0.000000000000000000e+00,2.277526664733886719e+01,1.000000000000000000e+00
1.712000000000000099e+01,0.000000000000000000e+00,0.000000000000000000e+00,2.279888916015625000e+01,1.000000000000000000e+00
1.714000000000000057e+01,0.000000000000000000e+00,0.000000000000000000e+00,2.282250976562500000e+01,1.000000000000000000e+00
1.716000000000000014e+01,0.000000000000000000e+00,0.000000000000000000e+00,2.284612274169921875e+01,1.000000000000000000e+00
1.717999999999999972e+01,0.000000000000000000e+00,0.000000000000000000e+00,2.286973571777343750e+01,1.000000000000000000e+00
1.719999999999999929e+01,0.000000000000000000e+00,0.000000000000000000e+00,2.289335250854492188e+01,1.000000000000000000e+00
1.721999999999999886e+01,0.000000000000000000e+00,0.000000000000000000e+00,2.291697502136230469e+01,1.000000000000000000e+00
1.724000000000000199e+01,0.000000000000000000e+00,0.000000000000000000e+00,2.294059753417968750e+01,1.000000000000000000e+00
1.726000000000000156e+01,0.000000000000000000e+00,0.000000000000000000e+00,2.296421432495117188e+01,1.000000000000000000e+00
1.728000000000000114e+01,0.000000000000000000e+00,0.000000000000000000e+00,2.298783302307128906e+01,1.000000000000000000e+00
1.730000000000000071e+01,0.000000000000000000e+00,0.000000000000000000e+00,2.301145553588867188e+01,1.000000000000000000e+00
1.732000000000000028e+01,0.000000000000000000e+00,0.000000000000000000e+00,2.303508758544921875e+01,1.000000000000000000e+00
1.733999999999999986e+01,0.000000000000000000e+00,0.000000000000000000e+00,2.305871963500976562e+01,1.000000000000000000e+00
1.735999999999999943e+01,0.000000000000000000e+00,0.000000000000000000e+00,2.308235168457031250e+01,1.000000000000000000e+00
1.737999999999999901e+01,0.000000000000000000e+00,0.000000000000000000e+00,2.310598373413085938e+01,1.000000000000000000e+00
1.740000000000000213e+01,0.000000000000000000e+00,0.000000000000000000e+00,2.312962150573730469e+01,1.000000000000000000e+00
1.742000000000000171e+01,0.000000000000000000e+00,0.000000000000000000e+00,2.315326309204101562e+01,1.000000000000000000e+00
1.744000000000000128e+01,0.000000000000000000e+00,0.000000000000000000e+00,2.317690467834472656e+01,1.000000000000000000e+00
1.746000000000000085e+01,0.000000000000000000e+00,0.000000000000000000e+00,2.320054054260253906e+01,1.000000000000000000e+00
1.748000000000000043e+01,0.000000000000000000e+00,0.000000000000000000e+00,2.322417259216308594e+01,1.000000000000000000e+00
1.750000000000000000e+01,0.000000000000000000e+00,0.000000000000000000e+00,2.324780654907226562e+01,1.000000000000000000e+00
1.751999999999999957e+01,0.000000000000000000e+00,0.000000000000000000e+00,2.327144050598144531e+01,1.000000000000000000e+00
1.753999999999999915e+01,0.000000000000000000e+00,0.000000000000000000e+00,2.329507255554199219e+01,1.000000000000000000e+00
1.755999999999999872e+01,0.000000000000000000e+00,0.000000000000000000e+00,2.331870460510253906e+01,1.000000000000000000e+00
1.758000000000000185e+01,0.000000000000000000e+00,0.000000000000000000e+00,2.334233665466308594e+01,1.000000000000000000e+00
1.760000000000000142e+01,0.000000000000000000e+00,0.000000000000000000e+00,2.336597061157226562e+01,1.000000000000000000e+00
1.762000000000000099e+01,0.000000000000000000e+00,0.000000000000000000e+00,2.338961219787597656e+01,1.000000000000000000e+00
1.764000000000000057e+01,0.000000000000000000e+00,0.000000000000000000e+00,2.341324424743652344e+01,1.000000000000000000e+00
1.766000000000000014e+01,0.000000000000000000e+00,0.000000000000000000e+00,2.343687629699707031e+01,1.000000000000000000e+00
1.767999999999999972e+01,0.000000000000000000e+00,0.000000000000000000e+00,2.346050834655761719e+01,1.000000000000000000e+00
1.769999999999999929e+01,0.000000000000000000e+00,0.000000000000000000e+00,2.348414230346679688e+01,1.000000000000000000e+00
1.771999999999999886e+01,0.000000000000000000e+00,0.000000000000000000e+00,2.350778388977050781e+01,2.000000000000000000e+00
1.774000000000000199e+01,1.110308687202632427e-03,8.475868895629901090e-08,2.353144454956054688e+01,2.000000000000000000e+00
1.776000000000000156e+01,4.555806517601013184e-03,1.272716417588526383e-06,2.355516624450683594e+01,2.000000000000000000e+00
1.778000000000000114e+01,1.075896341353654861e-02,6.384905191225698218e-06,2.357898902893066406e+01,2.000000000000000000e+00
1.780000000000000071e+01,1.979723013937473297e-02,2.006654358410742134e-05,2.360293960571289062e+01,2.000000000000000000e+00
1.782000000000000028e+01,3.167170658707618713e-02,4.849716424359939992e-05,2.362702941894531250e+01,2.000000000000000000e+00
1.783999999999999986e+01,4.636863246560096741e-02,9.920098818838596344e-05,2.365127372741699219e+01,2.000000000000000000e+00
1.785999999999999943e+01,6.387229263782501221e-02,1.809309324016794562e-04,2.367567443847656250e+01,2.000000000000000000e+00
1.787999999999999901e+01,8.416789025068283081e-02,3.035104018636047840e-04,2.370023536682128906e+01,2.000000000000000000e+00
1.790000000000000213e+01,1.072422787547111511e-01,4.776610294356942177e-04,2.372495079040527344e+01,2.000000000000000000e+00
1.792000000000000171e+01,1.330860555171966553e-01,7.148766890168190002e-04,2.374981307983398438e+01,2.000000000000000000e+00
1.794000000000000128e+01,1.616946607828140259e-01,1.027322607114911079e-03,2.377481651306152344e+01,2.000000000000000000e+00
1.796000000000000085e+01,1.930660009384155273e-01,1.427843701094388962e-03,2.379994201660156250e+01,2.000000000000000000e+00
1.798000000000000043e+01,2.271999269723892212e-01,1.929919002577662468e-03,2.382517433166503906e+01,2.000000000000000000e+00
1.800000000000000000e+01,2.640975713729858398e-01,2.547502284869551659e-03,2.385048675537109375e+01,2.000000000000000000e+00
1.801999999999999957e+01,3.037603795528411865e-01,3.295029047876596451e-03,2.387585830688476562e+01,2.000000000000000000e+00
1.803999999999999915e+01,3.461904823780059814e-01,4.187283571809530258e-03,2.390126609802246094e+01,2.000000000000000000e+00
1.805999999999999872e+01,3.913912177085876465e-01,5.239238031208515167e-03,2.392668151855468750e+01,2.000000000000000000e+00
1.808000000000000185e+01,4.393669962882995605e-01,6.465977057814598083e-03,2.395207595825195312e+01,2.000000000000000000e+00
1.810000000000000142e+01,4.901230335235595703e-01,7.882589474320411682e-03,2.397740745544433594e+01,2.000000000000000000e+00
1.812000000000000099e+01,5.436653494834899902e-01,9.504385292530059814e-03,2.400264739990234375e+01,2.000000000000000000e+00
1.814000000000000057e+01,6.000005006790161133e-01,1.134662143886089325e-02,2.402776336669921875e+01,2.000000000000000000e+00
1.816000000000000014e+01,6.591353416442871094e-01,1.342426799237728119e-02,2.405271720886230469e+01,2.000000000000000000e+00
1.817999999999999972e+01,7.210769057273864746e-01,1.575201936066150665e-02,2.407746696472167969e+01,2.000000000000000000e+00
1.819999999999999929e+01,7.858319282531738281e-01,1.834420859813690186e-02,2.410196876525878906e+01,2.000000000000000000e+00
1.821999999999999886e+01,8.534070849418640137e-01,2.121512033045291901e-02,2.412618446350097656e+01,2.000000000000000000e+00
1.824000000000000199e+01,9.238084554672241211e-01,2.437873370945453644e-02,2.415007209777832031e+01,2.000000000000000000e+00
1.826000000000000156e+01,9.970407485961914062e-01,2.784883975982666016e-02,2.417359542846679688e+01,2.000000000000000000e+00
1.828000000000000114e+01,1.073108196258544922e+00,3.163890913128852844e-02,2.419671249389648438e+01,2.000000000000000000e+00
1.830000000000000071e+01,1.152013421058654785e+00,3.576202690601348877e-02,2.421938705444335938e+01,2.000000000000000000e+00
1.832000000000000028e+01,1.233758330345153809e+00,4.023137688636779785e-02,2.424158668518066406e+01,2.000000000000000000e+00
1.833999999999999986e+01,1.318344235420227051e+00,4.505971074104309082e-02,2.426328659057617188e+01,2.000000000000000000e+00
1.835999999999999943e+01,1.405771493911743164e+00,5.025914311408996582e-02,2.428445243835449219e+01,2.000000000000000000e+00
1.837999999999999901e+01,1.496039748191833496e+00,5.584130436182022095e-02,2.430505180358886719e+01,2.000000000000000000e+00
1.840000000000000213e+01,1.589147329330444336e+00,6.181721016764640808e-02,2.432505035400390625e+01,2.000000000000000000e+00
1.842000000000000171e+01,1.685092687606811523e+00,6.819798797369003296e-02,2.434442520141601562e+01,2.000000000000000000e+00
1.844000000000000128e+01,1.783873200416564941e+00,7.499460130929946899e-02,2.436314964294433594e+01,2.000000000000000000e+00
1.846000000000000085e+01,1.885485529899597168e+00,8.221735060214996338e-02,2.438119506835937500e+01,2.000000000000000000e+00
1.848000000000000043e+01,1.989924669265747070e+00,8.987610787153244019e-02,2.439853286743164062e+01,2.000000000000000000e+00
1.850000000000000000e+01,2.097185373306274414e+00,9.798039495944976807e-02,2.441513442993164062e+01,2.000000000000000000e+00
1.851999999999999957e+01,2.207261085510253906e+00,1.065398529171943665e-01,2.443097305297851562e+01,2.000000000000000000e+00
1.853999999999999915e+01,2.320144414901733398e+00,1.155639216303825378e-01,2.444602775573730469e+01,2.000000000000000000e+00
1.855999999999999872e+01,2.435827016830444336e+00,1.250617951154708862e-01,2.446027374267578125e+01,2.000000000000000000e+00
1.858000000000000185e+01,2.554299354553222656e+00,1.350427269935607910e-01,2.447368812561035156e+01,2.000000000000000000e+00
1.860000000000000142e+01,2.675551176071166992e+00,1.455159783363342285e-01,2.448624801635742188e+01,2.000000000000000000e+00
1.862000000000000099e+01,2.799571037292480469e+00,1.564912348985671997e-01,2.449794197082519531e+01,2.000000000000000000e+00
1.864000000000000057e+01,2.926347732543945312e+00,1.679783612489700317e-01,2.450875663757324219e+01,2.000000000000000000e+00
1.866000000000000014e+01,3.055868387222290039e+00,1.799870729446411133e-01,2.451867866516113281e+01,2.000000000000000000e+00
1.867999999999999972e+01,3.188118934631347656e+00,1.925271004438400269e-01,2.452769470214843750e+01,2.000000000000000000e+00
1.869999999999999929e+01,3.323085784912109375e+00,2.056083381175994873e-01,2.453579521179199219e+01,2.000000000000000000e+00
1.871999999999999886e+01,3.460753917694091797e+00,2.192412912845611572e-01,2.454296875000000000e+01,2.000000000000000000e+00
1.874000000000000199e+01,3.601107835769653320e+00,2.334365397691726685e-01,2.454921340942382812e+01,2.000000000000000000e+00
1.876000000000000156e+01,3.744131803512573242e+00,2.482047528028488159e-01,2.455452156066894531e+01,2.000000000000000000e+00
1.878000000000000114e+01,3.889808893203735352e+00,2.635570764541625977e-01,2.455888748168945312e+01,2.000000000000000000e+00
1.880000000000000071e+01,4.038122653961181641e+00,2.795050442218780518e-01,2.456230926513671875e+01,2.000000000000000000e+00
1.882000000000000028e+01,4.189054965972900391e+00,2.960606813430786133e-01,2.456478691101074219e+01,2.000000000000000000e+00
1.883999999999999986e+01,4.342587471008300781e+00,3.132364153861999512e-01,2.456632041931152344e+01,2.000000000000000000e+00
1.885999999999999943e+01,4.498701095581054688e+00,3.310449123382568359e-01,2.456691551208496094e+01,2.000000000000000000e+00
1.887999999999999901e+01,4.657377719879150391e+00,3.494994938373565674e-01,2.456657218933105469e+01,2.000000000000000000e+00
1.890000000000000213e+01,4.818597316741943359e+00,3.686139285564422607e-01,2.456529617309570312e+01,2.000000000000000000e+00
1.892000000000000171e+01,4.982340335845947266e+00,3.884025812149047852e-01,2.456309700012207031e+01,2.000000000000000000e+00
1.894000000000000128e+01,5.148585796356201172e+00,4.088804423809051514e-01,2.455998802185058594e+01,2.000000000000000000e+00
1.896000000000000085e+01,5.317314147949218750e+00,4.300628006458282471e-01,2.455597496032714844e+01,2.000000000000000000e+00
1.898000000000000043e+01,5.488504886627197266e+00,4.519653320312500000e-01,2.455106735229492188e+01,2.000000000000000000e+00
1.900000000000000000e+01,5.662137031555175781e+00,4.746041297912597656e-01,2.454527854919433594e+01,2.000000000000000000e+00
1.901999999999999957e+01,5.838190555572509766e+00,4.979960024356842041e-01,2.453862190246582031e+01,2.000000000000000000e+00
1.903999999999999915e+01,6.016644954681396484e+00,5.221581459045410156e-01,2.453111267089843750e+01,2.000000000000000000e+00
1.905999999999999872e+01,6.197477817535400391e+00,5.471080541610717773e-01,2.452276611328125000e+01,2.000000000000000000e+00
1.908000000000000185e+01,6.380670547485351562e+00,5.728635787963867188e-01,2.451359558105468750e+01,2.000000000000000000e+00
1.910000000000000142e+01,6.566200256347656250e+00,5.994427204132080078e-01,2.450361442565917969e+01,2.000000000000000000e+00
1.912000000000000099e+01,6.754048347473144531e+00,6.268634200096130371e-01,2.449283599853515625e+01,2.000000000000000000e+00
1.914000000000000057e+01,6.944192409515380859e+00,6.551442146301269531e-01,2.448127365112304688e+01,2.000000000000000000e+00
1.916000000000000014e+01,7.136612415313720703e+00,6.843038201332092285e-01,2.446894264221191406e+01,2.000000000000000000e+00
1.917999999999999972e+01,7.331288814544677734e+00,7.143611907958984375e-01,2.445585823059082031e+01,2.000000000000000000e+00
1.919999999999999929e+01,7.528200626373291016e+00,7.453349828720092773e-01,2.444202995300292969e+01,2.000000000000000000e+00
1.921999999999999886e+01,7.727327823638916016e+00,7.772442698478698730e-01,2.442747116088867188e+01,2.000000000000000000e+00
1.924000000000000199e+01,7.928650379180908203e+00,8.101084828376770020e-01,2.441219902038574219e+01,2.000000000000000000e+00
1.926000000000000156e+01,8.132149696350097656e+00,8.439469933509826660e-01,2.439622497558593750e+01,2.000000000000000000e+00
1.928000000000000114e+01,8.337804794311523438e+00,8.787786960601806641e-01,2.437956047058105469e+01,2.000000000000000000e+00
1.930000000000000071e+01,8.545596122741699219e+00,9.146220684051513672e-01,2.436221313476562500e+01,2.000000000000000000e+00
1.932000000000000028e+01,8.755505561828613281e+00,9.514959454536437988e-01,2.434418869018554688e+01,2.000000000000000000e+00
1.933999999999999986e+01,8.967514991760253906e+00,9.894192814826965332e-01,2.432550430297851562e+01,2.000000000000000000e+00
1.935999999999999943e+01,9.181604385375976562e+00,1.028410434722900391e+00,2.430616378784179688e+01,2.000000000000000000e+00
1.937999999999999901e+01,9.397754669189453125e+00,1.068487405776977539e+00,2.428617286682128906e+01,3.000000000000000000e+00
1.940000000000000213e+01,9.615450859069824219e+00,1.109382629394531250e+00,2.426473808288574219e+01,3.000000000000000000e+00
1.942000000000000171e+01,9.834219932556152344e+00,1.150911569595336914e+00,2.424139022827148438e+01,3.000000000000000000e+00
1.944000000000000128e+01,1.005392742156982422e+01,1.193094849586486816e+00,2.421626472473144531e+01,3.000000000000000000e+00
1.946000000000000085e+01,1.027453708648681641e+01,1.235988974571228027e+00,2.418957328796386719e+01,3.000000000000000000e+00
1.948000000000000043e+01,1.049605083465576172e+01,1.279663801193237305e+00,2.416155624389648438e+01,3.000000000000000000e+00
1.950000000000000000e+01,1.071847534179687500e+01,1.324190020561218262e+00,2.413245773315429688e+01,3.000000000000000000e+00
1.951999999999999957e+01,1.094177818298339844e+01,1.369631171226501465e+00,2.410251808166503906e+01,3.000000000000000000e+00
1.953999999999999915e+01,1.116592502593994141e+01,1.416044950485229492e+00,2.407196044921875000e+01,3.000000000000000000e+00
1.955999999999999872e+01,1.139088344573974609e+01,1.463483452796936035e+00,2.404099273681640625e+01,3.000000000000000000e+00
1.958000000000000185e+01,1.161662197113037109e+01,1.511991858482360840e+00,2.400978851318359375e+01,3.000000000000000000e+00
1.960000000000000142e+01,1.184311008453369141e+01,1.561608076095581055e+00,2.397850227355957031e+01,3.000000000000000000e+00
1.962000000000000099e+01,1.207032203674316406e+01,1.612363100051879883e+00,2.394726181030273438e+01,3.000000000000000000e+00
1.964000000000000057e+01,1.229823017120361328e+01,1.664281606674194336e+00,2.391617012023925781e+01,3.000000000000000000e+00
1.966000000000000014e+01,1.252681064605712891e+01,1.717381477355957031e+00,2.388530540466308594e+01,3.000000000000000000e+00
1.967999999999999972e+01,1.275604057312011719e+01,1.771673917770385742e+00,2.385472297668457031e+01,3.000000000000000000e+00
1.969999999999999929e+01,1.298589992523193359e+01,1.827163696289062500e+00,2.382445526123046875e+01,3.000000000000000000e+00
1.971999999999999886e+01,1.321637248992919922e+01,1.883851766586303711e+00,2.379450988769531250e+01,3.000000000000000000e+00
1.974000000000000199e+01,1.344744491577148438e+01,1.941734790802001953e+00,2.376488685607910156e+01,3.000000000000000000e+00
1.976000000000000156e+01,1.367910480499267578e+01,2.000805616378784180e+00,2.373556900024414062e+01,3.000000000000000000e+00
1.978000000000000114e+01,1.391134262084960938e+01,2.061053752899169922e+00,2.370651817321777344e+01,3.000000000000000000e+00
1.980000000000000071e+01,1.414415168762207031e+01,2.122466564178466797e+00,2.367769432067871094e+01,3.000000000000000000e+00
1.982000000000000028e+01,1.437752819061279297e+01,2.185029745101928711e+00,2.364904403686523438e+01,3.000000000000000000e+00
1.983999999999999986e+01,1.461146926879882812e+01,2.248727798461914062e+00,2.362051010131835938e+01,3.000000000000000000e+00
1.985999999999999943e+01,1.484597492218017578e+01,2.313544750213623047e+00,2.359203529357910156e+01,3.000000000000000000e+00
1.987999999999999901e+01,1.508104705810546875e+01,2.379464864730834961e+00,2.356355667114257812e+01,3.000000000000000000e+00
1.990000000000000213e+01,1.531668663024902344e+01,2.446471929550170898e+00,2.353501129150390625e+01,3.000000000000000000e+00
1.992000000000000171e+01,1.555289745330810547e+01,2.514550447463989258e+00,2.350633621215820312e+01,3.000000000000000000e+00
1.994000000000000128e+01,1.578968334197998047e+01,2.583685636520385742e+00,2.347747230529785156e+01,3.000000000000000000e+00
1.996000000000000085e+01,1.602704811096191406e+01,2.653863906860351562e+00,2.344836997985839844e+01,3.000000000000000000e+00
1.998000000000000043e+01,1.626499557495117188e+01,2.725072145462036133e+00,2.341897773742675781e+01,3.000000000000000000e+00
2.000000000000000000e+01,1.650352859497070312e+01,2.797298192977905273e+00,2.338924598693847656e+01,3.000000000000000000e+00
2.001999999999999957e+01,1.674265289306640625e+01,2.870530366897583008e+00,2.335913467407226562e+01,3.000000000000000000e+00
2.003999999999999915e+01,1.698237037658691406e+01,2.944758892059326172e+00,2.332860755920410156e+01,3.000000000000000000e+00
2.005999999999999872e+01,1.722268676757812500e+01,3.019975185394287109e+00,2.329763984680175781e+01,3.000000000000000000e+00
2.008000000000000185e+01,1.746360397338867188e+01,3.096171140670776367e+00,2.326620674133300781e+01,3.000000000000000000e+00
2.010000000000000142e+01,1.770512580871582031e+01,3.173339128494262695e+00,2.323428344726562500e+01,3.000000000000000000e+00
2.012000000000000099e+01,1.794725036621093750e+01,3.251471996307373047e+00,2.320185852050781250e+01,3.000000000000000000e+00
2.014000000000000057e+01,1.818998336791992188e+01,3.330563068389892578e+00,2.316891860961914062e+01,3.000000000000000000e+00
2.016000000000000014e+01,1.843332481384277344e+01,3.410606384277343750e+00,2.313546371459960938e+01,3.000000000000000000e+00
2.017999999999999972e+01,1.867727279663085938e+01,3.491596460342407227e+00,2.310148620605468750e+01,3.000000000000000000e+00
2.019999999999999929e+01,1.892183113098144531e+01,3.573527336120605469e+00,2.306699180603027344e+01,3.000000000000000000e+00
2.021999999999999886e+01,1.916700172424316406e+01,3.656392812728881836e+00,2.303197860717773438e+01,3.000000000000000000e+00
2.024000000000000199e+01,1.941278266906738281e+01,3.740185976028442383e+00,2.299645423889160156e+01,3.000000000000000000e+00
2.026000000000000156e+01,1.965917396545410156e+01,3.824901342391967773e+00,2.296042633056640625e+01,3.000000000000000000e+00
2.028000000000000114e+01,1.990617942810058594e+01,3.910531759262084961e+00,2.292390441894531250e+01,3.000000000000000000e+00
2.030000000000000071e+01,2.015380096435546875e+01,3.997069835662841797e+00,2.288689422607421875e+01,3.000000000000000000e+00
2.032000000000000028e+01,2.040203285217285156e+01,4.084507465362548828e+00,2.284940528869628906e+01,3.000000000000000000e+00
2.033999999999999986e+01,2.065088462829589844e+01,4.172833919525146484e+00,2.281144523620605469e+01,3.000000000000000000e+00
2.035999999999999943e+01,2.090035057067871094e+01,4.262041091918945312e+00,2.277302360534667969e+01,3.000000000000000000e+00
2.037999999999999901e+01,2.115043449401855469e+01,4.352118492126464844e+00,2.273414993286132812e+01,3.000000000000000000e+00
2.040000000000000213e+01,2.140114593505859375e+01,4.443054676055908203e+00,2.269483184814453125e+01,3.000000000000000000e+00
2.042000000000000171e+01,2.165247726440429688e+01,4.534837245941162109e+00,2.265507316589355469e+01,3.000000000000000000e+00
2.044000000000000128e+01,2.190443801879882812e+01,4.627452850341796875e+00,2.261488151550292969e+01,3.000000000000000000e+00
2.046000000000000085e+01,2.215703010559082031e+01,4.720887660980224609e+00,2.257426071166992188e+01,3.000000000000000000e+00
2.048000000000000043e+01,2.241025733947753906e+01,4.815126895904541016e+00,2.253321647644042969e+01,3.000000000000000000e+00
2.050000000000000000e+01,2.266412353515625000e+01,4.910154819488525391e+00,2.249175262451171875e+01,3.000000000000000000e+00
2.051999999999999957e+01,2.291863441467285156e+01,5.005955219268798828e+00,2.244986915588378906e+01,3.000000000000000000e+00
2.053999999999999915e+01,2.317379379272460938e+01,5.102510452270507812e+00,2.240756607055664062e+01,3.000000000000000000e+00
2.055999999999999872e+01,2.342960929870605469e+01,5.199802398681640625e+00,2.236484336853027344e+01,3.000000000000000000e+00
2.058000000000000185e+01,2.368608474731445312e+01,5.297812461853027344e+00,2.232170295715332031e+01,3.000000000000000000e+00
2.060000000000000142e+01,2.394322586059570312e+01,5.396522045135498047e+00,2.227814483642578125e+01,3.000000000000000000e+00
2.062000000000000099e+01,2.420104408264160156e+01,5.495910167694091797e+00,2.223416519165039062e+01,3.000000000000000000e+00
2.064000000000000057e+01,2.445954132080078125e+01,5.595956325531005859e+00,2.218976211547851562e+01,3.000000000000000000e+00
2.066000000000000014e+01,2.471872901916503906e+01,5.696639060974121094e+00,2.214493942260742188e+01,3.000000000000000000e+00
2.067999999999999972e+01,2.497861099243164062e+01,5.797936916351318359e+00,2.209968948364257812e+01,3.000000000000000000e+00
2.069999999999999929e+01,2.523919868469238281e+01,5.899827003479003906e+00,2.205401802062988281e+01,3.000000000000000000e+00
2.071999999999999886e+01,2.550049591064453125e+01,6.002285003662109375e+00,2.200791740417480469e+01,3.000000000000000000e+00
2.074000000000000199e+01,2.576251983642578125e+01,6.105287551879882812e+00,2.196138763427734375e+01,3.000000000000000000e+00
2.076000000000000156e+01,2.602527427673339844e+01,6.208809852600097656e+00,2.191442871093750000e+01,3.000000000000000000e+00
2.078000000000000114e+01,2.628876876831054688e+01,6.312828063964843750e+00,2.186703109741210938e+01,3.000000000000000000e+00
2.080000000000000071e+01,2.655301284790039062e+01,6.417314529418945312e+00,2.181920433044433594e+01,3.000000000000000000e+00
2.082000000000000028e+01,2.681801986694335938e+01,6.522242069244384766e+00,2.177094268798828125e+01,3.000000000000000000e+00
2.083999999999999986e+01,2.708379364013671875e+01,6.627583503723144531e+00,2.172224617004394531e+01,3.000000000000000000e+00
2.085999999999999943e+01,2.735034751892089844e+01,6.733311653137207031e+00,2.167311286926269531e+01,3.000000000000000000e+00
2.087999999999999901e+01,2.761769485473632812e+01,6.839396476745605469e+00,2.162354469299316406e+01,3.000000000000000000e+00
2.090000000000000213e+01,2.788584136962890625e+01,6.945807933807373047e+00,2.157354354858398438e+01,3.000000000000000000e+00
2.092000000000000171e+01,2.815480613708496094e+01,7.052515506744384766e+00,2.152310943603515625e+01,3.000000000000000000e+00
2.094000000000000128e+01,2.842459487915039062e+01,7.159487247467041016e+00,2.147224044799804688e+01,3.000000000000000000e+00
2.096000000000000085e+01,2.869522285461425781e+01,7.266691207885742188e+00,2.142094230651855469e+01,3.000000000000000000e+00
2.098000000000000043e+01,2.896670150756835938e+01,7.374093055725097656e+00,2.136921501159667969e+01,3.000000000000000000e+00
2.100000000000000000e+01,2.923904418945312500e+01,7.481658458709716797e+00,2.131706047058105469e+01,3.000000000000000000e+00
2.101999999999999957e+01,2.951226043701171875e+01,7.589352607727050781e+00,2.126447677612304688e+01,3.000000000000000000e+00
2.103999999999999915e+01,2.978636741638183594e+01,7.697139739990234375e+00,2.121147155761718750e+01,3.000000000000000000e+00
2.105999999999999872e+01,3.006137657165527344e+01,7.804982662200927734e+00,2.115803909301757812e+01,3.000000000000000000e+00
2.108000000000000185e+01,3.033729743957519531e+01,7.912841796875000000e+00,2.110418701171875000e+01,3.000000000000000000e+00
2.110000000000000142e+01,3.061414909362792969e+01,8.020679473876953125e+00,2.104991340637207031e+01,3.000000000000000000e+00
2.112000000000000099e+01,3.089194297790527344e+01,8.128456115722656250e+00,2.099521446228027344e+01,3.000000000000000000e+00
2.114000000000000057e+01,3.117069244384765625e+01,8.236129760742187500e+00,2.094009208679199219e+01,3.000000000000000000e+00
2.116000000000000014e+01,3.145041084289550781e+01,8.343657493591308594e+00,2.088454627990722656e+01,3.000000000000000000e+00
2.117999999999999972e+01,3.173111152648925781e+01,8.450997352600097656e+00,2.082857894897460938e+01,3.000000000000000000e+00
2.119999999999999929e+01,3.201280975341796875e+01,8.558105468750000000e+00,2.077218818664550781e+01,3.000000000000000000e+00
2.121999999999999886e+01,3.229551696777343750e+01,8.664937973022460938e+00,2.071536827087402344e+01,3.000000000000000000e+00
2.124000000000000199e+01,3.257924652099609375e+01,8.771446228027343750e+00,2.065811347961425781e+01,3.000000000000000000e+00
2.126000000000000156e+01,3.286401367187500000e+01,8.877587318420410156e+00,2.060042572021484375e+01,3.000000000000000000e+00
2.128000000000000114e+01,3.314982986450195312e+01,8.983308792114257812e+00,2.054230117797851562e+01,3.000000000000000000e+00
2.130000000000000071e+01,3.343671798706054688e+01,9.088564872741699219e+00,2.048373413085937500e+01,3.000000000000000000e+00
2.132000000000000028e+01,3.372468185424804688e+01,9.193305969238281250e+00,2.042471885681152344e+01,3.000000000000000000e+00
2.133999999999999986e+01,3.401373672485351562e+01,9.297479629516601562e+00,2.036524772644042969e+01,3.000000000000000000e+00
2.135999999999999943e+01,3.430388641357421875e+01,9.401038169860839844e+00,2.030529785156250000e+01,3.000000000000000000e+00
2.137999999999999901e+01,3.459514236450195312e+01,9.503935813903808594e+00,2.024483489990234375e+01,3.000000000000000000e+00
2.140000000000000213e+01,3.488750839233398438e+01,9.606125831604003906e+00,2.018383026123046875e+01,3.000000000000000000e+00
2.142000000000000171e+01,3.518098068237304688e+01,9.707558631896972656e+00,2.012226104736328125e+01,3.000000000000000000e+00
2.144000000000000128e+01,3.547557449340820312e+01,9.808181762695312500e+00,2.006012153625488281e+01,3.000000000000000000e+00
2.146000000000000085e+01,3.577128982543945312e+01,9.907939910888671875e+00,1.999741554260253906e+01,3.000000000000000000e+00
2.148000000000000043e+01,3.606813049316406250e+01,1.000677680969238281e+01,1.993416023254394531e+01,3.000000000000000000e+00
2.150000000000000000e+01,3.636610412597656250e+01,1.010463428497314453e+01,1.987037849426269531e+01,3.000000000000000000e+00
2.151999999999999957e+01,3.666521453857421875e+01,1.020145225524902344e+01,1.980610084533691406e+01,3.000000000000000000e+00
2.153999999999999915e+01,3.696547698974609375e+01,1.029716968536376953e+01,1.974136924743652344e+01,3.000000000000000000e+00
2.155999999999999872e+01,3.726689529418945312e+01,1.039172458648681641e+01,1.967622756958007812e+01,3.000000000000000000e+00
2.158000000000000185e+01,3.756947326660156250e+01,1.048505783081054688e+01,1.961072349548339844e+01,3.000000000000000000e+00
2.160000000000000142e+01,3.787321090698242188e+01,1.057711315155029297e+01,1.954490470886230469e+01,3.000000000000000000e+00
2.162000000000000099e+01,3.817811203002929688e+01,1.066783237457275391e+01,1.947881889343261719e+01,3.000000000000000000e+00
2.164000000000000057e+01,3.848418045043945312e+01,1.075716209411621094e+01,1.941251945495605469e+01,3.000000000000000000e+00
2.166000000000000014e+01,3.879141616821289062e+01,1.084505367279052734e+01,1.934604644775390625e+01,3.000000000000000000e+00
2.167999999999999972e+01,3.909981536865234375e+01,1.093146324157714844e+01,1.927943992614746094e+01,3.000000000000000000e+00
2.169999999999999929e+01,3.940937042236328125e+01,1.101635074615478516e+01,1.921273422241210938e+01,3.000000000000000000e+00
2.171999999999999886e+01,3.972007751464843750e+01,1.109968090057373047e+01,1.914595985412597656e+01,3.000000000000000000e+00
2.174000000000000199e+01,4.003192901611328125e+01,1.118142127990722656e+01,1.907914733886718750e+01,3.000000000000000000e+00
2.176000000000000156e+01,4.034490966796875000e+01,1.126154804229736328e+01,1.901231575012207031e+01,3.000000000000000000e+00
2.178000000000000114e+01,4.065901184082031250e+01,1.134004020690917969e+01,1.894547653198242188e+01,3.000000000000000000e+00
2.180000000000000071e+01,4.097422409057617188e+01,1.141688346862792969e+01,1.887864303588867188e+01,3.000000000000000000e+00
2.182000000000000028e+01,4.129053115844726562e+01,1.149206161499023438e+01,1.881182098388671875e+01,3.000000000000000000e+00
2.183999999999999986e+01,4.160792160034179688e+01,1.156556701660156250e+01,1.874501800537109375e+01,3.000000000000000000e+00
2.185999999999999943e+01,4.192638015747070312e+01,1.163739395141601562e+01,1.867823410034179688e+01,3.000000000000000000e+00
2.187999999999999901e+01,4.224589920043945312e+01,1.170753860473632812e+01,1.861146736145019531e+01,3.000000000000000000e+00
2.190000000000000213e+01,4.256644821166992188e+01,1.177600193023681641e+01,1.854471397399902344e+01,3.000000000000000000e+00
2.192000000000000171e+01,4.288801956176757812e+01,1.184278392791748047e+01,1.847797203063964844e+01,3.000000000000000000e+00
2.194000000000000128e+01,4.321060562133789062e+01,1.190788650512695312e+01,1.841123771667480469e+01,3.000000000000000000e+00
2.196000000000000085e+01,4.353418731689453125e+01,1.197131443023681641e+01,1.834450912475585938e+01,3.000000000000000000e+00
2.198000000000000043e+01,4.385874938964843750e+01,1.203307151794433594e+01,1.827778053283691406e+01,3.000000000000000000e+00
2.200000000000000000e+01,4.418427658081054688e+01,1.209316539764404297e+01,1.821104049682617188e+01,3.000000000000000000e+00
2.201999999999999957e+01,4.451075744628906250e+01,1.215160083770751953e+01,1.814429092407226562e+01,3.000000000000000000e+00
2.203999999999999915e+01,4.483817672729492188e+01,1.220838356018066406e+01,1.807753181457519531e+01,3.000000000000000000e+00
2.205999999999999872e+01,4.516651916503906250e+01,1.226352119445800781e+01,1.801076126098632812e+01,3.000000000000000000e+00
2.208000000000000185e+01,4.549578094482421875e+01,1.231702136993408203e+01,1.794397544860839844e+01,3.000000000000000000e+00
2.210000000000000142e+01,4.582594299316406250e+01,1.236889266967773438e+01,1.787717056274414062e+01,3.000000000000000000e+00
2.212000000000000099e+01,4.615699386596679688e+01,1.241914176940917969e+01,1.781034660339355469e+01,3.000000000000000000e+00
2.214000000000000057e+01,4.648892211914062500e+01,1.246777629852294922e+01,1.774350929260253906e+01,3.000000000000000000e+00
2.216000000000000014e+01,4.682171630859375000e+01,1.251480484008789062e+01,1.767665672302246094e+01,3.000000000000000000e+00
2.217999999999999972e+01,4.715536499023437500e+01,1.256023693084716797e+01,1.760978698730468750e+01,3.000000000000000000e+00
2.219999999999999929e+01,4.748985290527343750e+01,1.260408210754394531e+01,1.754289817810058594e+01,3.000000000000000000e+00
2.221999999999999886e+01,4.782517242431640625e+01,1.264634895324707031e+01,1.747599411010742188e+01,3.000000000000000000e+00
2.224000000000000199e+01,4.816131210327148438e+01,1.268704414367675781e+01,1.740907859802246094e+01,3.000000000000000000e+00
2.226000000000000156e+01,4.849826431274414062e+01,1.272617912292480469e+01,1.734215354919433594e+01,3.000000000000000000e+00
2.228000000000000114e+01,4.883601760864257812e+01,1.276376438140869141e+01,1.727521324157714844e+01,3.000000000000000000e+00
2.230000000000000071e+01,4.917455673217773438e+01,1.279981040954589844e+01,1.720825767517089844e+01,3.000000000000000000e+00
2.232000000000000028e+01,4.951387405395507812e+01,1.283432865142822266e+01,1.714128875732421875e+01,3.000000000000000000e+00
2.233999999999999986e+01,4.985396575927734375e+01,1.286732673645019531e+01,1.707431030273437500e+01,3.000000000000000000e+00
2.235999999999999943e+01,5.019480895996093750e+01,1.289881706237792969e+01,1.700732231140136719e+01,3.000000000000000000e+00
2.237999999999999901e+01,5.053641128540039062e+01,1.292880916595458984e+01,1.694032287597656250e+01,3.000000000000000000e+00
2.240000000000000213e+01,5.087875366210937500e+01,1.295731639862060547e+01,1.687330627441406250e+01,3.000000000000000000e+00
2.242000000000000171e+01,5.122182846069335938e+01,1.298435115814208984e+01,1.680627250671386719e+01,3.000000000000000000e+00
2.244000000000000128e+01,5.156562423706054688e+01,1.300992393493652344e+01,1.673922348022460938e+01,3.000000000000000000e+00
2.246000000000000085e+01,5.191013336181640625e+01,1.303404617309570312e+01,1.667215728759765625e+01,3.000000000000000000e+00
2.248000000000000043e+01,5.225535202026367188e+01,1.305672931671142578e+01,1.660507202148437500e+01,3.000000000000000000e+00
2.250000000000000000e+01,5.260126495361328125e+01,1.307798767089843750e+01,1.653796195983886719e+01,3.000000000000000000e+00
2.251999999999999957e+01,5.294786453247070312e+01,1.309783363342285156e+01,1.647082519531250000e+01,3.000000000000000000e+00
2.253999999999999915e+01,5.329514694213867188e+01,1.311627483367919922e+01,1.640366935729980469e+01,3.000000000000000000e+00
2.255999999999999872e+01,5.364310455322265625e+01,1.313332366943359375e+01,1.633649063110351562e+01,3.000000000000000000e+00
2.258000000000000185e+01,5.399172210693359375e+01,1.314899444580078125e+01,1.626928710937500000e+01,3.000000000000000000e+00
2.260000000000000142e+01,5.434099578857421875e+01,1.316329956054687500e+01,1.620205497741699219e+01,3.000000000000000000e+00
2.262000000000000099e+01,5.469091415405273438e+01,1.317624759674072266e+01,1.613479423522949219e+01,3.000000000000000000e+00
2.264000000000000057e+01,5.504147720336914062e+01,1.318785095214843750e+01,1.606751060485839844e+01,3.000000000000000000e+00
2.266000000000000014e+01,5.539267730712890625e+01,1.319812107086181641e+01,1.600020027160644531e+01,3.000000000000000000e+00
2.267999999999999972e+01,5.574450302124023438e+01,1.320707130432128906e+01,1.593285751342773438e+01,3.000000000000000000e+00
2.269999999999999929e+01,5.609694671630859375e+01,1.321471405029296875e+01,1.586547851562500000e+01,3.000000000000000000e+00
2.271999999999999886e+01,5.645000839233398438e+01,1.322106170654296875e+01,1.579806423187255859e+01,3.000000000000000000e+00
2.274000000000000199e+01,5.680367660522460938e+01,1.322612476348876953e+01,1.573061656951904297e+01,3.000000000000000000e+00
2.276000000000000156e+01,5.715794754028320312e+01,1.322991561889648438e+01,1.566313457489013672e+01,3.000000000000000000e+00
2.278000000000000114e+01,5.751281738281250000e+01,1.323244476318359375e+01,1.559561347961425781e+01,3.000000000000000000e+00
2.280000000000000071e+01,5.786827850341796875e+01,1.323372745513916016e+01,1.552805042266845703e+01,3.000000000000000000e+00
2.282000000000000028e+01,5.822432327270507812e+01,1.323377132415771484e+01,1.546044635772705078e+01,3.000000000000000000e+00
2.283999999999999986e+01,5.858095550537109375e+01,1.323258876800537109e+01,1.539280509948730469e+01,3.000000000000000000e+00
2.285999999999999943e+01,5.893816375732421875e+01,1.323019123077392578e+01,1.532512378692626953e+01,3.000000000000000000e+00
2.287999999999999901e+01,5.929594421386718750e+01,1.322659111022949219e+01,1.525739765167236328e+01,3.000000000000000000e+00
2.290000000000000213e+01,5.965429306030273438e+01,1.322180271148681641e+01,1.518961906433105469e+01,3.000000000000000000e+00
2.292000000000000171e+01,6.001319885253906250e+01,1.321583557128906250e+01,1.512178897857666016e+01,3.000000000000000000e+00
2.294000000000000128e+01,6.037267303466796875e+01,1.320870208740234375e+01,1.505391025543212891e+01,3.000000000000000000e+00
2.296000000000000085e+01,6.073270416259765625e+01,1.320041275024414062e+01,1.498598003387451172e+01,3.000000000000000000e+00
2.298000000000000043e+01,6.109328460693359375e+01,1.319098091125488281e+01,1.491799354553222656e+01,3.000000000000000000e+00
2.300000000000000000e+01,6.145441818237304688e+01,1.318041992187500000e+01,1.484994697570800781e+01,3.000000000000000000e+00
2.301999999999999957e+01,6.181610107421875000e+01,1.316873836517333984e+01,1.478184509277343750e+01,3.000000000000000000e+00
2.303999999999999915e+01,6.217833328247070312e+01,1.315594577789306641e+01,1.471369838714599609e+01,3.000000000000000000e+00
2.305999999999999872e+01,6.254110717773437500e+01,1.314205169677734375e+01,1.464550781250000000e+01,3.000000000000000000e+00
2.308000000000000185e+01,6.290442657470703125e+01,1.312707042694091797e+01,1.457727241516113281e+01,3.000000000000000000e+00
2.310000000000000142e+01,6.326828384399414062e+01,1.311101245880126953e+01,1.450898742675781250e+01,3.000000000000000000e+00
2.312000000000000099e+01,6.363268280029296875e+01,1.309389114379882812e+01,1.444065666198730469e+01,3.000000000000000000e+00
2.314000000000000057e+01,6.399762725830078125e+01,1.307571506500244141e+01,1.437228584289550781e+01,3.000000000000000000e+00
2.316000000000000014e+01,6.436311340332031250e+01,1.305649662017822266e+01,1.430387306213378906e+01,3.000000000000000000e+00
2.317999999999999972e+01,6.472913360595703125e+01,1.303625106811523438e+01,1.423541069030761719e+01,3.000000000000000000e+00
2.319999999999999929e+01,6.509568786621093750e+01,1.301499366760253906e+01,1.416688251495361328e+01,3.000000000000000000e+00
2.321999999999999886e+01,6.546277618408203125e+01,1.299274063110351562e+01,1.409828376770019531e+01,3.000000000000000000e+00
2.324000000000000199e+01,6.583039093017578125e+01,1.296950435638427734e+01,1.402961635589599609e+01,3.000000000000000000e+00
2.326000000000000156e+01,6.619853210449218750e+01,1.294529533386230469e+01,1.396088314056396484e+01,3.000000000000000000e+00
2.328000000000000114e+01,6.656720733642578125e+01,1.292012882232666016e+01,1.389208889007568359e+01,3.000000000000000000e+00
2.330000000000000071e+01,6.693640899658203125e+01,1.289401817321777344e+01,1.382324123382568359e+01,3.000000000000000000e+00
2.332000000000000028e+01,6.730612182617187500e+01,1.286697292327880859e+01,1.375435733795166016e+01,3.000000000000000000e+00
2.333999999999999986e+01,6.767636108398437500e+01,1.283900642395019531e+01,1.368546390533447266e+01,3.000000000000000000e+00
2.335999999999999943e+01,6.804712677001953125e+01,1.281013011932373047e+01,1.361658477783203125e+01,3.000000000000000000e+00
2.337999999999999901e+01,6.841840362548828125e+01,1.278035831451416016e+01,1.354773712158203125e+01,3.000000000000000000e+00
2.340000000000000213e+01,6.879019927978515625e+01,1.274970626831054688e+01,1.347894287109375000e+01,3.000000000000000000e+00
2.342000000000000171e+01,6.916250610351562500e+01,1.271818923950195312e+01,1.341023063659667969e+01,3.000000000000000000e+00
2.344000000000000128e+01,6.953533172607421875e+01,1.268582248687744141e+01,1.334163188934326172e+01,3.000000000000000000e+00
2.346000000000000085e+01,6.990866088867187500e+01,1.265262413024902344e+01,1.327317333221435547e+01,3.000000000000000000e+00
2.348000000000000043e+01,7.028250122070312500e+01,1.261861324310302734e+01,1.320487689971923828e+01,3.000000000000000000e+00
2.350000000000000000e+01,7.065685272216796875e+01,1.258381080627441406e+01,1.313676071166992188e+01,3.000000000000000000e+00
2.351999999999999957e+01,7.103170013427734375e+01,1.254823970794677734e+01,1.306885433197021484e+01,3.000000000000000000e+00
2.353999999999999915e+01,7.140705108642578125e+01,1.251191997528076172e+01,1.300118350982666016e+01,3.000000000000000000e+00
2.355999999999999872e+01,7.178290557861328125e+01,1.247487640380859375e+01,1.293377399444580078e+01,3.000000000000000000e+00
2.358000000000000185e+01,7.215925598144531250e+01,1.243713665008544922e+01,1.286664485931396484e+01,3.000000000000000000e+00
2.360000000000000142e+01,7.253610229492187500e+01,1.239872646331787109e+01,1.279980945587158203e+01,3.000000000000000000e+00
2.362000000000000099e+01,7.291344451904296875e+01,1.235967540740966797e+01,1.273329162597656250e+01,3.000000000000000000e+00
2.364000000000000057e+01,7.329127502441406250e+01,1.232001304626464844e+01,1.266711330413818359e+01,3.000000000000000000e+00
2.366000000000000014e+01,7.366959381103515625e+01,1.227976894378662109e+01,1.260129451751708984e+01,3.000000000000000000e+00
2.367999999999999972e+01,7.404840087890625000e+01,1.223897361755371094e+01,1.253585338592529297e+01,3.000000000000000000e+00
2.369999999999999929e+01,7.442769622802734375e+01,1.219766044616699219e+01,1.247080326080322266e+01,3.000000000000000000e+00
2.371999999999999886e+01,7.480747985839843750e+01,1.215586376190185547e+01,1.240616512298583984e+01,3.000000000000000000e+00
2.374000000000000199e+01,7.518773651123046875e+01,1.211361694335937500e+01,1.234195804595947266e+01,3.000000000000000000e+00
2.376000000000000156e+01,7.556847381591796875e+01,1.207095527648925781e+01,1.227820110321044922e+01,3.000000000000000000e+00
2.378000000000000114e+01,7.594968414306640625e+01,1.202791404724121094e+01,1.221491050720214844e+01,3.000000000000000000e+00
2.380000000000000071e+01,7.633137512207031250e+01,1.198453044891357422e+01,1.215210723876953125e+01,3.000000000000000000e+00
2.382000000000000028e+01,7.671353912353515625e+01,1.194084358215332031e+01,1.208980560302734375e+01,3.000000000000000000e+00
2.383999999999999986e+01,7.709618377685546875e+01,1.189689064025878906e+01,1.202802371978759766e+01,3.000000000000000000e+00
2.385999999999999943e+01,7.747928619384765625e+01,1.185270977020263672e+01,1.196677970886230469e+01,3.000000000000000000e+00
2.387999999999999901e+01,7.786286163330078125e+01,1.180834102630615234e+01,1.190609264373779297e+01,3.000000000000000000e+00
2.390000000000000213e+01,7.824689483642578125e+01,1.176382446289062500e+01,1.184597969055175781e+01,3.000000000000000000e+00
2.392000000000000171e+01,7.863139343261718750e+01,1.171920013427734375e+01,1.178645324707031250e+01,3.000000000000000000e+00
2.394000000000000128e+01,7.901634979248046875e+01,1.167450809478759766e+01,1.172752857208251953e+01,3.000000000000000000e+00
2.396000000000000085e+01,7.940176391601562500e+01,1.162979125976562500e+01,1.166922092437744141e+01,3.000000000000000000e+00
2.398000000000000043e+01,7.978762817382812500e+01,1.158509063720703125e+01,1.161154747009277344e+01,3.000000000000000000e+00
2.400000000000000000e+01,8.017394256591796875e+01,1.154044628143310547e+01,1.155452156066894531e+01,3.000000000000000000e+00
2.401999999999999957e+01,8.056069946289062500e+01,1.149590206146240234e+01,1.149815464019775391e+01,3.000000000000000000e+00
2.403999999999999915e+01,8.094789886474609375e+01,1.145149898529052734e+01,1.144245719909667969e+01,3.000000000000000000e+00
2.406000000000000227e+01,8.133553314208984375e+01,1.140727806091308594e+01,1.138744449615478516e+01,3.000000000000000000e+00
2.408000000000000185e+01,8.172359466552734375e+01,1.136328125000000000e+01,1.133312797546386719e+01,3.000000000000000000e+00
2.410000000000000142e+01,8.211208343505859375e+01,1.131955146789550781e+01,1.127951908111572266e+01,3.000000000000000000e+00
2.412000000000000099e+01,8.250099182128906250e+01,1.127612781524658203e+01,1.122662258148193359e+01,3.000000000000000000e+00
2.414000000000000057e+01,8.289031982421875000e+01,1.123305320739746094e+01,1.117444324493408203e+01,3.000000000000000000e+00
2.416000000000000014e+01,8.328005981445312500e+01,1.119036769866943359e+01,1.112298965454101562e+01,3.000000000000000000e+00
2.417999999999999972e+01,8.367018890380859375e+01,1.114811134338378906e+01,1.107227325439453125e+01,3.000000000000000000e+00
2.419999999999999929e+01,8.406073760986328125e+01,1.110632419586181641e+01,1.102230167388916016e+01,3.000000000000000000e+00
2.421999999999999886e+01,8.445166778564453125e+01,1.106504535675048828e+01,1.097307777404785156e+01,3.000000000000000000e+00
2.424000000000000199e+01,8.484297943115234375e+01,1.102431297302246094e+01,1.092460536956787109e+01,3.000000000000000000e+00
2.426000000000000156e+01,8.523467254638671875e+01,1.098416519165039062e+01,1.087689304351806641e+01,3.000000000000000000e+00
2.428000000000000114e+01,8.562672424316406250e+01,1.094464015960693359e+01,1.082994747161865234e+01,3.000000000000000000e+00
2.430000000000000071e+01,8.601914215087890625e+01,1.090577411651611328e+01,1.078377628326416016e+01,3.000000000000000000e+00
2.432000000000000028e+01,8.641190338134765625e+01,1.086760330200195312e+01,1.073837947845458984e+01,3.000000000000000000e+00
2.433999999999999986e+01,8.680501556396484375e+01,1.083016014099121094e+01,1.069375801086425781e+01,3.000000000000000000e+00
2.435999999999999943e+01,8.719845581054687500e+01,1.079348182678222656e+01,1.064991569519042969e+01,3.000000000000000000e+00
2.437999999999999901e+01,8.759223175048828125e+01,1.075759983062744141e+01,1.060685729980468750e+01,3.000000000000000000e+00
2.440000000000000213e+01,8.798632049560546875e+01,1.072254657745361328e+01,1.056458568572998047e+01,3.000000000000000000e+00
2.442000000000000171e+01,8.838072204589843750e+01,1.068835449218750000e+01,1.052309799194335938e+01,3.000000000000000000e+00
2.444000000000000128e+01,8.877542114257812500e+01,1.065505218505859375e+01,1.048238945007324219e+01,3.000000000000000000e+00
2.446000000000000085e+01,8.917040252685546875e+01,1.062266826629638672e+01,1.044246196746826172e+01,3.000000000000000000e+00
2.448000000000000043e+01,8.956567382812500000e+01,1.059123229980468750e+01,1.040331649780273438e+01,3.000000000000000000e+00
2.450000000000000000e+01,8.996121215820312500e+01,1.056077098846435547e+01,1.036495304107666016e+01,3.000000000000000000e+00
2.451999999999999957e+01,9.035700988769531250e+01,1.053131103515625000e+01,1.032736778259277344e+01,3.000000000000000000e+00
2.453999999999999915e+01,9.075305175781250000e+01,1.050287628173828125e+01,1.029055690765380859e+01,3.000000000000000000e+00
2.456000000000000227e+01,9.114933013916015625e+01,1.047549247741699219e+01,1.025452327728271484e+01,3.000000000000000000e+00
2.458000000000000185e+01,9.154583740234375000e+01,1.044918346405029297e+01,1.021926784515380859e+01,3.000000000000000000e+00
2.460000000000000142e+01,9.194256591796875000e+01,1.042397117614746094e+01,1.018479347229003906e+01,3.000000000000000000e+00
2.462000000000000099e+01,9.233948516845703125e+01,1.039987754821777344e+01,1.015109729766845703e+01,3.000000000000000000e+00
2.464000000000000057e+01,9.273659515380859375e+01,1.037692356109619141e+01,1.011817932128906250e+01,3.000000000000000000e+00
2.466000000000000014e+01,9.313389587402343750e+01,1.035512733459472656e+01,1.008604240417480469e+01,3.000000000000000000e+00
2.467999999999999972e+01,9.353136444091796875e+01,1.033450984954833984e+01,1.005468750000000000e+01,3.000000000000000000e+00
2.469999999999999929e+01,9.392899322509765625e+01,1.031508922576904297e+01,1.002411746978759766e+01,3.000000000000000000e+00
2.471999999999999886e+01,9.432676696777343750e+01,1.029688072204589844e+01,9.994332313537597656e+00,3.000000000000000000e+00
2.474000000000000199e+01,9.472466278076171875e+01,1.027990150451660156e+01,9.965331077575683594e+00,3.000000000000000000e+00
2.476000000000000156e+01,9.512268066406250000e+01,1.026416873931884766e+01,9.937120437622070312e+00,3.000000000000000000e+00
2.478000000000000114e+01,9.552081298828125000e+01,1.024969482421875000e+01,9.909700393676757812e+00,3.000000000000000000e+00
2.480000000000000071e+01,9.591902160644531250e+01,1.023649406433105469e+01,9.883072853088378906e+00,3.000000000000000000e+00
2.482000000000000028e+01,9.631729888916015625e+01,1.022457885742187500e+01,9.857237815856933594e+00,3.000000000000000000e+00
2.483999999999999986e+01,9.671563720703125000e+01,1.021395969390869141e+01,9.832189559936523438e+00,3.000000000000000000e+00
2.485999999999999943e+01,9.711401367187500000e+01,1.020464706420898438e+01,9.807932853698730469e+00,3.000000000000000000e+00
2.487999999999999901e+01,9.751242065429687500e+01,1.019664955139160156e+01,9.784465789794921875e+00,3.000000000000000000e+00
2.490000000000000213e+01,9.791082763671875000e+01,1.018997669219970703e+01,9.761792182922363281e+00,3.000000000000000000e+00
2.492000000000000171e+01,9.830922698974609375e+01,1.018463611602783203e+01,9.739915847778320312e+00,3.000000000000000000e+00
2.494000000000000128e+01,9.870759582519531250e+01,1.018063735961914062e+01,9.718844413757324219e+00,3.000000000000000000e+00
2.496000000000000085e+01,9.910591888427734375e+01,1.017798423767089844e+01,9.698585510253906250e+00,3.000000000000000000e+00
2.498000000000000043e+01,9.950418090820312500e+01,1.017668342590332031e+01,9.679146766662597656e+00,3.000000000000000000e+00
2.500000000000000000e+01,9.990236663818359375e+01,1.017673683166503906e+01,9.660534858703613281e+00,3.000000000000000000e+00
2.501999999999999957e+01,1.003004608154296875e+02,1.017814826965332031e+01,9.642757415771484375e+00,3.000000000000000000e+00
2.503999999999999915e+01,1.006984329223632812e+02,1.018091964721679688e+01,9.625821113586425781e+00,3.000000000000000000e+00
2.506000000000000227e+01,1.010962829589843750e+02,1.018505382537841797e+01,9.609735488891601562e+00,3.000000000000000000e+00
2.508000000000000185e+01,1.014939880371093750e+02,1.019054698944091797e+01,9.594502449035644531e+00,3.000000000000000000e+00
2.510000000000000142e+01,1.018915328979492188e+02,1.019739532470703125e+01,9.580124855041503906e+00,3.000000000000000000e+00
2.512000000000000099e+01,1.022889099121093750e+02,1.020559597015380859e+01,9.566606521606445312e+00,3.000000000000000000e+00
2.514000000000000057e+01,1.026860961914062500e+02,1.021514606475830078e+01,9.553951263427734375e+00,3.000000000000000000e+00
2.516000000000000014e+01,1.030830688476562500e+02,1.022603893280029297e+01,9.542160987854003906e+00,3.000000000000000000e+00
2.517999999999999972e+01,1.034798202514648438e+02,1.023826789855957031e+01,9.531233787536621094e+00,3.000000000000000000e+00
2.519999999999999929e+01,1.038763351440429688e+02,1.025182533264160156e+01,9.521167755126953125e+00,3.000000000000000000e+00
2.521999999999999886e+01,1.042725906372070312e+02,1.026670169830322266e+01,9.511960029602050781e+00,3.000000000000000000e+00
2.524000000000000199e+01,1.046685867309570312e+02,1.028288936614990234e+01,9.503615379333496094e+00,3.000000000000000000e+00
2.526000000000000156e+01,1.050643157958984375e+02,1.030037975311279297e+01,9.496129035949707031e+00,3.000000000000000000e+00
2.528000000000000114e+01,1.054597396850585938e+02,1.031916236877441406e+01,9.489498138427734375e+00,3.000000000000000000e+00
2.530000000000000071e+01,1.058548660278320312e+02,1.033922576904296875e+01,9.483716964721679688e+00,3.000000000000000000e+00
2.532000000000000028e+01,1.062496719360351562e+02,1.036055946350097656e+01,9.478784561157226562e+00,3.000000000000000000e+00
2.533999999999999986e+01,1.066441421508789062e+02,1.038315296173095703e+01,9.474698066711425781e+00,3.000000000000000000e+00
2.535999999999999943e+01,1.070382766723632812e+02,1.040699386596679688e+01,9.471453666687011719e+00,3.000000000000000000e+00
2.537999999999999901e+01,1.074320602416992188e+02,1.043206977844238281e+01,9.469045639038085938e+00,3.000000000000000000e+00
2.540000000000000213e+01,1.078254699707031250e+02,1.045836734771728516e+01,9.467471122741699219e+00,3.000000000000000000e+00
2.542000000000000171e+01,1.082184982299804688e+02,1.048587703704833984e+01,9.466727256774902344e+00,3.000000000000000000e+00
2.544000000000000128e+01,1.086111450195312500e+02,1.051458644866943359e+01,9.466815948486328125e+00,3.000000000000000000e+00
2.546000000000000085e+01,1.090033874511718750e+02,1.054448032379150391e+01,9.467733383178710938e+00,3.000000000000000000e+00
2.548000000000000043e+01,1.093952178955078125e+02,1.057554817199707031e+01,9.469476699829101562e+00,3.000000000000000000e+00
2.550000000000000000e+01,1.097866287231445312e+02,1.060777568817138672e+01,9.472043037414550781e+00,3.000000000000000000e+00
2.551999999999999957e+01,1.101776046752929688e+02,1.064114761352539062e+01,9.475430488586425781e+00,3.000000000000000000e+00
2.553999999999999915e+01,1.105681381225585938e+02,1.067564868927001953e+01,9.479637145996093750e+00,3.000000000000000000e+00
2.556000000000000227e+01,1.109582138061523438e+02,1.071126461029052734e+01,9.484660148620605469e+00,3.000000000000000000e+00
2.558000000000000185e+01,1.113478240966796875e+02,1.074797916412353516e+01,9.490499496459960938e+00,3.000000000000000000e+00
2.560000000000000142e+01,1.117369689941406250e+02,1.078577613830566406e+01,9.497151374816894531e+00,3.000000000000000000e+00
2.562000000000000099e+01,1.121256256103515625e+02,1.082463741302490234e+01,9.504613876342773438e+00,3.000000000000000000e+00
2.564000000000000057e+01,1.125137939453125000e+02,1.086454486846923828e+01,9.512887001037597656e+00,3.000000000000000000e+00
2.566000000000000014e+01,1.129014587402343750e+02,1.090548038482666016e+01,9.521970748901367188e+00,3.000000000000000000e+00
2.567999999999999972e+01,1.132886199951171875e+02,1.094742488861083984e+01,9.531860351562500000e+00,3.000000000000000000e+00
2.569999999999999929e+01,1.136752624511718750e+02,1.099035835266113281e+01,9.542556762695312500e+00,3.000000000000000000e+00
2.571999999999999886e+01,1.140613784790039062e+02,1.103425979614257812e+01,9.554058074951171875e+00,3.000000000000000000e+00
2.574000000000000199e+01,1.144469680786132812e+02,1.107910823822021484e+01,9.566366195678710938e+00,3.000000000000000000e+00
2.576000000000000156e+01,1.148320236206054688e+02,1.112487983703613281e+01,9.579480171203613281e+00,3.000000000000000000e+00
2.578000000000000114e+01,1.152165298461914062e+02,1.117155361175537109e+01,9.593397140502929688e+00,3.000000000000000000e+00
2.580000000000000071e+01,1.156004791259765625e+02,1.121910285949707031e+01,9.608116149902343750e+00,3.000000000000000000e+00
2.582000000000000028e+01,1.159838790893554688e+02,1.126750564575195312e+01,9.623636245727539062e+00,3.000000000000000000e+00
2.583999999999999986e+01,1.163667221069335938e+02,1.131673431396484375e+01,9.639953613281250000e+00,3.000000000000000000e+00
2.585999999999999943e+01,1.167489929199218750e+02,1.136676406860351562e+01,9.657065391540527344e+00,3.000000000000000000e+00
2.587999999999999901e+01,1.171306915283203125e+02,1.141756534576416016e+01,9.674968719482421875e+00,3.000000000000000000e+00
2.590000000000000213e+01,1.175118179321289062e+02,1.146911239624023438e+01,9.693660736083984375e+00,3.000000000000000000e+00
2.592000000000000171e+01,1.178923721313476562e+02,1.152137565612792969e+01,9.713139533996582031e+00,3.000000000000000000e+00
2.594000000000000128e+01,1.182723236083984375e+02,1.157432651519775391e+01,9.733405113220214844e+00,3.000000000000000000e+00
2.596000000000000085e+01,1.186516952514648438e+02,1.162793254852294922e+01,9.754457473754882812e+00,3.000000000000000000e+00
2.598000000000000043e+01,1.190304870605468750e+02,1.168216514587402344e+01,9.776289939880371094e+00,3.000000000000000000e+00
2.600000000000000000e+01,1.194086761474609375e+02,1.173699092864990234e+01,9.798898696899414062e+00,3.000000000000000000e+00
2.601999999999999957e+01,1.197862777709960938e+02,1.179237937927246094e+01,9.822285652160644531e+00,3.000000000000000000e+00
2.603999999999999915e+01,1.201632843017578125e+02,1.184829521179199219e+01,9.846451759338378906e+00,3.000000000000000000e+00
2.606000000000000227e+01,1.205396957397460938e+02,1.190470504760742188e+01,9.871394157409667969e+00,3.000000000000000000e+00
2.608000000000000185e+01,1.209155197143554688e+02,1.196157455444335938e+01,9.897106170654296875e+00,3.000000000000000000e+00
2.610000000000000142e+01,1.212907333374023438e+02,1.201886940002441406e+01,9.923580169677734375e+00,3.000000000000000000e+00
2.612000000000000099e+01,1.216653594970703125e+02,1.207655334472656250e+01,9.950812339782714844e+00,3.000000000000000000e+00
2.614000000000000057e+01,1.220393905639648438e+02,1.213458728790283203e+01,9.978800773620605469e+00,3.000000000000000000e+00
2.616000000000000014e+01,1.224128265380859375e+02,1.219293594360351562e+01,1.000754070281982422e+01,3.000000000000000000e+00
2.617999999999999972e+01,1.227856750488281250e+02,1.225156211853027344e+01,1.003702735900878906e+01,3.000000000000000000e+00
2.619999999999999929e+01,1.231579208374023438e+02,1.231042671203613281e+01,1.006725406646728516e+01,3.000000000000000000e+00
2.621999999999999886e+01,1.235295791625976562e+02,1.236948966979980469e+01,1.009821796417236328e+01,3.000000000000000000e+00
2.624000000000000199e+01,1.239006347656250000e+02,1.242871189117431641e+01,1.012991619110107422e+01,3.000000000000000000e+00
2.626000000000000156e+01,1.242710952758789062e+02,1.248805141448974609e+01,1.016234493255615234e+01,3.000000000000000000e+00
2.628000000000000114e+01,1.246409606933593750e+02,1.254746913909912109e+01,1.019549560546875000e+01,3.000000000000000000e+00
2.630000000000000071e+01,1.250102233886718750e+02,1.260692310333251953e+01,1.022936058044433594e+01,3.000000000000000000e+00
2.632000000000000028e+01,1.253788833618164062e+02,1.266637229919433594e+01,1.026393222808837891e+01,3.000000000000000000e+00
2.633999999999999986e+01,1.257469482421875000e+02,1.272577571868896484e+01,1.029920673370361328e+01,3.000000000000000000e+00
2.635999999999999943e+01,1.261144180297851562e+02,1.278508949279785156e+01,1.033517456054687500e+01,3.000000000000000000e+00
2.637999999999999901e+01,1.264812774658203125e+02,1.284427165985107422e+01,1.037183189392089844e+01,3.000000000000000000e+00
2.640000000000000213e+01,1.268475341796875000e+02,1.290327930450439453e+01,1.040916633605957031e+01,3.000000000000000000e+00
2.642000000000000171e+01,1.272131958007812500e+02,1.296207141876220703e+01,1.044717025756835938e+01,3.000000000000000000e+00
2.644000000000000128e+01,1.275782623291015625e+02,1.302060413360595703e+01,1.048583889007568359e+01,3.000000000000000000e+00
2.646000000000000085e+01,1.279427185058593750e+02,1.307883548736572266e+01,1.052516174316406250e+01,3.000000000000000000e+00
2.648000000000000043e+01,1.283065795898437500e+02,1.313672256469726562e+01,1.056512832641601562e+01,3.000000000000000000e+00
2.650000000000000000e+01,1.286698455810546875e+02,1.319422245025634766e+01,1.060572528839111328e+01,3.000000000000000000e+00
2.651999999999999957e+01,1.290325164794921875e+02,1.325129222869873047e+01,1.064694309234619141e+01,3.000000000000000000e+00
2.653999999999999915e+01,1.293945922851562500e+02,1.330788993835449219e+01,1.068877220153808594e+01,3.000000000000000000e+00
2.656000000000000227e+01,1.297560729980468750e+02,1.336397266387939453e+01,1.073120594024658203e+01,3.000000000000000000e+00
2.658000000000000185e+01,1.301169586181640625e+02,1.341949939727783203e+01,1.077422714233398438e+01,3.000000000000000000e+00
2.660000000000000142e+01,1.304772338867187500e+02,1.347442722320556641e+01,1.081782436370849609e+01,3.000000000000000000e+00
2.662000000000000099e+01,1.308369293212890625e+02,1.352871417999267578e+01,1.086198806762695312e+01,4.000000000000000000e+00
2.664000000000000057e+01,1.311955413818359375e+02,1.358199405670166016e+01,1.090857791900634766e+01,4.000000000000000000e+00
2.666000000000000014e+01,1.315528106689453125e+02,1.363402271270751953e+01,1.095867156982421875e+01,4.000000000000000000e+00
2.667999999999999972e+01,1.319088134765625000e+02,1.368482589721679688e+01,1.101182174682617188e+01,4.000000000000000000e+00
2.669999999999999929e+01,1.322636871337890625e+02,1.373446273803710938e+01,1.106744670867919922e+01,4.000000000000000000e+00
2.671999999999999886e+01,1.326174926757812500e+02,1.378297138214111328e+01,1.112510776519775391e+01,4.000000000000000000e+00
2.674000000000000199e+01,1.329702301025390625e+02,1.383036804199218750e+01,1.118452739715576172e+01,4.000000000000000000e+00
2.676000000000000156e+01,1.333218994140625000e+02,1.387664222717285156e+01,1.124557304382324219e+01,4.000000000000000000e+00
2.678000000000000114e+01,1.336724548339843750e+02,1.392176628112792969e+01,1.130821323394775391e+01,4.000000000000000000e+00
2.680000000000000071e+01,1.340217895507812500e+02,1.396569633483886719e+01,1.137248516082763672e+01,4.000000000000000000e+00
2.682000000000000028e+01,1.343698272705078125e+02,1.400838279724121094e+01,1.143846035003662109e+01,4.000000000000000000e+00
2.683999999999999986e+01,1.347164764404296875e+02,1.404977321624755859e+01,1.150622653961181641e+01,4.000000000000000000e+00
2.685999999999999943e+01,1.350616302490234375e+02,1.408981418609619141e+01,1.157586765289306641e+01,4.000000000000000000e+00
2.687999999999999901e+01,1.354052124023437500e+02,1.412845993041992188e+01,1.164744567871093750e+01,4.000000000000000000e+00
2.690000000000000213e+01,1.357471008300781250e+02,1.416567039489746094e+01,1.172100162506103516e+01,4.000000000000000000e+00
2.692000000000000171e+01,1.360872497558593750e+02,1.420141696929931641e+01,1.179654407501220703e+01,4.000000000000000000e+00
2.694000000000000128e+01,1.364255676269531250e+02,1.423567676544189453e+01,1.187405204772949219e+01,4.000000000000000000e+00
2.696000000000000085e+01,1.367620239257812500e+02,1.426843643188476562e+01,1.195347404479980469e+01,4.000000000000000000e+00
2.698000000000000043e+01,1.370965576171875000e+02,1.429969215393066406e+01,1.203473663330078125e+01,4.000000000000000000e+00
2.700000000000000000e+01,1.374291229248046875e+02,1.432944679260253906e+01,1.211774635314941406e+01,4.000000000000000000e+00
2.701999999999999957e+01,1.377597351074218750e+02,1.435771083831787109e+01,1.220239067077636719e+01,4.000000000000000000e+00
2.703999999999999915e+01,1.380883789062500000e+02,1.438450241088867188e+01,1.228853702545166016e+01,4.000000000000000000e+00
2.706000000000000227e+01,1.384150695800781250e+02,1.440984535217285156e+01,1.237604045867919922e+01,4.000000000000000000e+00
2.708000000000000185e+01,1.387397918701171875e+02,1.443376922607421875e+01,1.246474742889404297e+01,4.000000000000000000e+00
2.710000000000000142e+01,1.390625915527343750e+02,1.445630931854248047e+01,1.255449581146240234e+01,4.000000000000000000e+00
2.712000000000000099e+01,1.393835296630859375e+02,1.447750282287597656e+01,1.264512157440185547e+01,4.000000000000000000e+00
2.714000000000000057e+01,1.397026214599609375e+02,1.449738979339599609e+01,1.273646259307861328e+01,4.000000000000000000e+00
2.716000000000000014e+01,1.400198974609375000e+02,1.451600933074951172e+01,1.282835960388183594e+01,4.000000000000000000e+00
2.717999999999999972e+01,1.403354187011718750e+02,1.453340148925781250e+01,1.292066383361816406e+01,4.000000000000000000e+00
2.719999999999999929e+01,1.406492156982421875e+02,1.454960536956787109e+01,1.301323413848876953e+01,4.000000000000000000e+00
2.721999999999999886e+01,1.409613342285156250e+02,1.456465816497802734e+01,1.310593414306640625e+01,4.000000000000000000e+00
2.724000000000000199e+01,1.412718200683593750e+02,1.457859706878662109e+01,1.319863891601562500e+01,4.000000000000000000e+00
2.726000000000000156e+01,1.415807037353515625e+02,1.459145450592041016e+01,1.329123973846435547e+01,4.000000000000000000e+00
2.728000000000000114e+01,1.418880157470703125e+02,1.460326290130615234e+01,1.338363647460937500e+01,4.000000000000000000e+00
2.730000000000000071e+01,1.421938018798828125e+02,1.461404991149902344e+01,1.347573852539062500e+01,4.000000000000000000e+00
2.732000000000000028e+01,1.424981079101562500e+02,1.462384319305419922e+01,1.356746482849121094e+01,4.000000000000000000e+00
2.733999999999999986e+01,1.428009338378906250e+02,1.463266658782958984e+01,1.365874290466308594e+01,4.000000000000000000e+00
2.735999999999999943e+01,1.431023254394531250e+02,1.464054107666015625e+01,1.374951171875000000e+01,4.000000000000000000e+00
2.737999999999999901e+01,1.434022827148437500e+02,1.464748764038085938e+01,1.383972072601318359e+01,4.000000000000000000e+00
2.740000000000000213e+01,1.437008514404296875e+02,1.465352439880371094e+01,1.392932319641113281e+01,4.000000000000000000e+00
2.742000000000000171e+01,1.439980316162109375e+02,1.465866661071777344e+01,1.401828098297119141e+01,4.000000000000000000e+00
2.744000000000000128e+01,1.442938385009765625e+02,1.466293048858642578e+01,1.410655689239501953e+01,4.000000000000000000e+00
2.746000000000000085e+01,1.445883178710937500e+02,1.466633033752441406e+01,1.419412326812744141e+01,4.000000000000000000e+00
2.748000000000000043e+01,1.448814544677734375e+02,1.466887760162353516e+01,1.428095912933349609e+01,4.000000000000000000e+00
2.750000000000000000e+01,1.451732635498046875e+02,1.467058467864990234e+01,1.436704254150390625e+01,4.000000000000000000e+00
2.751999999999999957e+01,1.454637298583984375e+02,1.467146110534667969e+01,1.445235633850097656e+01,4.000000000000000000e+00
2.753999999999999915e+01,1.457528991699218750e+02,1.467151832580566406e+01,1.453688430786132812e+01,4.000000000000000000e+00
2.756000000000000227e+01,1.460407714843750000e+02,1.467076587677001953e+01,1.462061405181884766e+01,4.000000000000000000e+00
2.758000000000000185e+01,1.463273468017578125e+02,1.466921329498291016e+01,1.470353507995605469e+01,4.000000000000000000e+00
2.760000000000000142e+01,1.466126403808593750e+02,1.466687202453613281e+01,1.478563785552978516e+01,4.000000000000000000e+00
2.762000000000000099e+01,1.468966522216796875e+02,1.466374683380126953e+01,1.486691284179687500e+01,4.000000000000000000e+00
2.764000000000000057e+01,1.471794128417968750e+02,1.465984916687011719e+01,1.494734954833984375e+01,4.000000000000000000e+00
2.766000000000000014e+01,1.474609069824218750e+02,1.465518665313720703e+01,1.502694416046142578e+01,4.000000000000000000e+00
2.767999999999999972e+01,1.477411651611328125e+02,1.464976882934570312e+01,1.510568809509277344e+01,4.000000000000000000e+00
2.769999999999999929e+01,1.480201721191406250e+02,1.464360332489013672e+01,1.518357849121093750e+01,4.000000000000000000e+00
2.771999999999999886e+01,1.482979431152343750e+02,1.463669872283935547e+01,1.526060581207275391e+01,4.000000000000000000e+00
2.774000000000000199e+01,1.485744934082031250e+02,1.462906265258789062e+01,1.533676528930664062e+01,4.000000000000000000e+00
2.776000000000000156e+01,1.488498229980468750e+02,1.462070369720458984e+01,1.541205310821533203e+01,4.000000000000000000e+00
2.778000000000000114e+01,1.491239471435546875e+02,1.461162853240966797e+01,1.548646640777587891e+01,4.000000000000000000e+00
2.780000000000000071e+01,1.493968505859375000e+02,1.460184478759765625e+01,1.556000041961669922e+01,4.000000000000000000e+00
2.782000000000000028e+01,1.496685791015625000e+02,1.459136104583740234e+01,1.563265132904052734e+01,4.000000000000000000e+00
2.783999999999999986e+01,1.499391174316406250e+02,1.458018398284912109e+01,1.570441627502441406e+01,4.000000000000000000e+00
2.785999999999999943e+01,1.502084960937500000e+02,1.456832218170166016e+01,1.577529144287109375e+01,4.000000000000000000e+00
2.787999999999999901e+01,1.504766693115234375e+02,1.455578327178955078e+01,1.584527587890625000e+01,4.000000000000000000e+00
2.790000000000000213e+01,1.507436981201171875e+02,1.454257488250732422e+01,1.591436862945556641e+01,4.000000000000000000e+00
2.792000000000000171e+01,1.510095825195312500e+02,1.452870178222656250e+01,1.598256683349609375e+01,4.000000000000000000e+00
2.794000000000000128e+01,1.512743225097656250e+02,1.451417255401611328e+01,1.604986572265625000e+01,4.000000000000000000e+00
2.796000000000000085e+01,1.515379180908203125e+02,1.449899482727050781e+01,1.611627006530761719e+01,4.000000000000000000e+00
2.798000000000000043e+01,1.518003692626953125e+02,1.448317432403564453e+01,1.618177795410156250e+01,4.000000000000000000e+00
2.800000000000000000e+01,1.520617523193359375e+02,1.446671772003173828e+01,1.624639129638671875e+01,4.000000000000000000e+00
2.801999999999999957e+01,1.523219909667968750e+02,1.444963073730468750e+01,1.631010818481445312e+01,4.000000000000000000e+00
2.803999999999999915e+01,1.525811462402343750e+02,1.443192100524902344e+01,1.637293052673339844e+01,4.000000000000000000e+00
2.806000000000000227e+01,1.528391876220703125e+02,1.441359710693359375e+01,1.643485832214355469e+01,4.000000000000000000e+00
2.808000000000000185e+01,1.530961456298828125e+02,1.439466285705566406e+01,1.649589729309082031e+01,4.000000000000000000e+00
2.810000000000000142e+01,1.533520355224609375e+02,1.437512493133544922e+01,1.655604743957519531e+01,4.000000000000000000e+00
2.812000000000000099e+01,1.536068420410156250e+02,1.435498905181884766e+01,1.661531448364257812e+01,4.000000000000000000e+00
2.814000000000000057e+01,1.538605957031250000e+02,1.433426284790039062e+01,1.667370033264160156e+01,4.000000000000000000e+00
2.816000000000000014e+01,1.541132965087890625e+02,1.431295108795166016e+01,1.673121070861816406e+01,4.000000000000000000e+00
2.817999999999999972e+01,1.543649444580078125e+02,1.429105949401855469e+01,1.678784751892089844e+01,4.000000000000000000e+00
2.819999999999999929e+01,1.546155548095703125e+02,1.426859569549560547e+01,1.684361839294433594e+01,4.000000000000000000e+00
2.821999999999999886e+01,1.548651428222656250e+02,1.424556446075439453e+01,1.689852523803710938e+01,4.000000000000000000e+00
2.824000000000000199e+01,1.551137084960937500e+02,1.422197341918945312e+01,1.695256996154785156e+01,4.000000000000000000e+00
2.826000000000000156e+01,1.553612518310546875e+02,1.419782733917236328e+01,1.700576210021972656e+01,4.000000000000000000e+00
2.828000000000000114e+01,1.556077880859375000e+02,1.417313480377197266e+01,1.705810165405273438e+01,4.000000000000000000e+00
2.830000000000000071e+01,1.558533325195312500e+02,1.414790153503417969e+01,1.710959625244140625e+01,4.000000000000000000e+00
2.832000000000000028e+01,1.560978851318359375e+02,1.412213420867919922e+01,1.716024780273437500e+01,4.000000000000000000e+00
2.833999999999999986e+01,1.563414764404296875e+02,1.409583854675292969e+01,1.721006011962890625e+01,4.000000000000000000e+00
2.835999999999999943e+01,1.565840759277343750e+02,1.406902313232421875e+01,1.725903892517089844e+01,4.000000000000000000e+00
2.837999999999999901e+01,1.568257141113281250e+02,1.404169273376464844e+01,1.730718994140625000e+01,4.000000000000000000e+00
2.840000000000000213e+01,1.570664062500000000e+02,1.401385498046875000e+01,1.735451889038085938e+01,4.000000000000000000e+00
2.842000000000000171e+01,1.573061523437500000e+02,1.398551750183105469e+01,1.740102958679199219e+01,4.000000000000000000e+00
2.844000000000000128e+01,1.575449676513671875e+02,1.395668697357177734e+01,1.744672966003417969e+01,4.000000000000000000e+00
2.846000000000000085e+01,1.577828674316406250e+02,1.392737007141113281e+01,1.749161911010742188e+01,4.000000000000000000e+00
2.848000000000000043e+01,1.580198516845703125e+02,1.389757347106933594e+01,1.753570747375488281e+01,4.000000000000000000e+00
2.850000000000000000e+01,1.582559356689453125e+02,1.386730575561523438e+01,1.757900047302246094e+01,4.000000000000000000e+00
2.851999999999999957e+01,1.584911041259765625e+02,1.383657455444335938e+01,1.762150382995605469e+01,4.000000000000000000e+00
2.853999999999999915e+01,1.587254028320312500e+02,1.380538463592529297e+01,1.766322326660156250e+01,4.000000000000000000e+00
2.856000000000000227e+01,1.589588165283203125e+02,1.377374649047851562e+01,1.770416831970214844e+01,4.000000000000000000e+00
2.858000000000000185e+01,1.591913604736328125e+02,1.374166679382324219e+01,1.774434280395507812e+01,4.000000000000000000e+00
2.860000000000000142e+01,1.594230346679687500e+02,1.370915126800537109e+01,1.778375244140625000e+01,4.000000000000000000e+00
2.862000000000000099e+01,1.596538696289062500e+02,1.367621040344238281e+01,1.782240486145019531e+01,4.000000000000000000e+00
2.864000000000000057e+01,1.598838653564453125e+02,1.364285087585449219e+01,1.786030769348144531e+01,4.000000000000000000e+00
2.866000000000000014e+01,1.601130218505859375e+02,1.360908126831054688e+01,1.789747047424316406e+01,4.000000000000000000e+00
2.867999999999999972e+01,1.603413696289062500e+02,1.357490825653076172e+01,1.793389511108398438e+01,4.000000000000000000e+00
2.869999999999999929e+01,1.605688781738281250e+02,1.354034137725830078e+01,1.796959304809570312e+01,4.000000000000000000e+00
2.871999999999999886e+01,1.607956085205078125e+02,1.350538921356201172e+01,1.800457000732421875e+01,4.000000000000000000e+00
2.874000000000000199e+01,1.610215148925781250e+02,1.347005748748779297e+01,1.803883552551269531e+01,4.000000000000000000e+00
2.876000000000000156e+01,1.612466583251953125e+02,1.343435668945312500e+01,1.807239151000976562e+01,4.000000000000000000e+00
2.878000000000000114e+01,1.614710388183593750e+02,1.339829349517822266e+01,1.810525131225585938e+01,4.000000000000000000e+00
2.880000000000000071e+01,1.616946563720703125e+02,1.336187839508056641e+01,1.813742065429687500e+01,4.000000000000000000e+00
2.882000000000000028e+01,1.619175109863281250e+02,1.332511997222900391e+01,1.816890716552734375e+01,4.000000000000000000e+00
2.883999999999999986e+01,1.621396026611328125e+02,1.328802680969238281e+01,1.819972038269042969e+01,4.000000000000000000e+00
2.885999999999999943e+01,1.623609619140625000e+02,1.325060749053955078e+01,1.822986602783203125e+01,4.000000000000000000e+00
2.887999999999999901e+01,1.625816040039062500e+02,1.321287059783935547e+01,1.825935173034667969e+01,4.000000000000000000e+00
2.890000000000000213e+01,1.628015289306640625e+02,1.317482566833496094e+01,1.828818702697753906e+01,4.000000000000000000e+00
2.892000000000000171e+01,1.630207366943359375e+02,1.313648223876953125e+01,1.831637763977050781e+01,4.000000000000000000e+00
2.894000000000000128e+01,1.632392425537109375e+02,1.309784889221191406e+01,1.834393310546875000e+01,4.000000000000000000e+00
2.896000000000000085e+01,1.634570770263671875e+02,1.305893707275390625e+01,1.837085723876953125e+01,4.000000000000000000e+00
2.898000000000000043e+01,1.636742248535156250e+02,1.301975536346435547e+01,1.839715957641601562e+01,4.000000000000000000e+00
2.900000000000000000e+01,1.638907012939453125e+02,1.298031234741210938e+01,1.842285156250000000e+01,4.000000000000000000e+00
2.901999999999999957e+01,1.641065063476562500e+02,1.294061851501464844e+01,1.844793891906738281e+01,4.000000000000000000e+00
2.903999999999999915e+01,1.643216857910156250e+02,1.290068340301513672e+01,1.847242927551269531e+01,4.000000000000000000e+00
2.906000000000000227e+01,1.645362243652343750e+02,1.286051845550537109e+01,1.849633026123046875e+01,4.000000000000000000e+00
2.908000000000000185e+01,1.647501220703125000e+02,1.282013130187988281e+01,1.851964759826660156e+01,4.000000000000000000e+00
2.910000000000000142e+01,1.649634094238281250e+02,1.277953529357910156e+01,1.854239273071289062e+01,4.000000000000000000e+00
2.912000000000000099e+01,1.651760864257812500e+02,1.273873805999755859e+01,1.856457138061523438e+01,4.000000000000000000e+00
2.914000000000000057e+01,1.653881683349609375e+02,1.269775104522705078e+01,1.858618927001953125e+01,4.000000000000000000e+00
2.916000000000000014e+01,1.655996398925781250e+02,1.265658378601074219e+01,1.860725402832031250e+01,4.000000000000000000e+00
2.917999999999999972e+01,1.658105316162109375e+02,1.261524772644042969e+01,1.862777519226074219e+01,4.000000000000000000e+00
2.919999999999999929e+01,1.660208587646484375e+02,1.257375335693359375e+01,1.864775848388671875e+01,4.000000000000000000e+00
2.921999999999999886e+01,1.662306213378906250e+02,1.253211116790771484e+01,1.866721343994140625e+01,4.000000000000000000e+00
2.924000000000000199e+01,1.664398345947265625e+02,1.249033164978027344e+01,1.868614387512207031e+01,4.000000000000000000e+00
2.926000000000000156e+01,1.666485137939453125e+02,1.244842720031738281e+01,1.870455741882324219e+01,4.000000000000000000e+00
2.928000000000000114e+01,1.668566741943359375e+02,1.240640735626220703e+01,1.872246170043945312e+01,4.000000000000000000e+00
2.930000000000000071e+01,1.670643005371093750e+02,1.236428356170654297e+01,1.873986434936523438e+01,4.000000000000000000e+00
2.932000000000000028e+01,1.672714080810546875e+02,1.232206630706787109e+01,1.875676918029785156e+01,4.000000000000000000e+00
2.933999999999999986e+01,1.674780273437500000e+02,1.227976799011230469e+01,1.877318572998046875e+01,4.000000000000000000e+00
2.935999999999999943e+01,1.676841430664062500e+02,1.223739910125732422e+01,1.878912162780761719e+01,4.000000000000000000e+00
2.937999999999999901e+01,1.678897857666015625e+02,1.219497203826904297e+01,1.880458068847656250e+01,4.000000000000000000e+00
2.940000000000000213e+01,1.680949707031250000e+02,1.215249729156494141e+01,1.881956672668457031e+01,4.000000000000000000e+00
2.942000000000000171e+01,1.682996826171875000e+02,1.210998725891113281e+01,1.883408927917480469e+01,4.000000000000000000e+00
2.944000000000000128e+01,1.685039520263671875e+02,1.206745243072509766e+01,1.884815406799316406e+01,4.000000000000000000e+00
2.946000000000000085e+01,1.687077789306640625e+02,1.202490520477294922e+01,1.886176490783691406e+01,4.000000000000000000e+00
2.948000000000000043e+01,1.689111785888671875e+02,1.198235702514648438e+01,1.887493133544921875e+01,4.000000000000000000e+00
2.950000000000000000e+01,1.691141510009765625e+02,1.193981933593750000e+01,1.888765716552734375e+01,4.000000000000000000e+00
2.951999999999999957e+01,1.693167114257812500e+02,1.189730453491210938e+01,1.889995002746582031e+01,4.000000000000000000e+00
2.953999999999999915e+01,1.695188903808593750e+02,1.185482311248779297e+01,1.891181373596191406e+01,4.000000000000000000e+00
2.956000000000000227e+01,1.697206878662109375e+02,1.181238746643066406e+01,1.892324829101562500e+01,4.000000000000000000e+00
2.958000000000000185e+01,1.699221038818359375e+02,1.177000999450683594e+01,1.893426513671875000e+01,4.000000000000000000e+00
2.960000000000000142e+01,1.701231384277343750e+02,1.172770214080810547e+01,1.894486808776855469e+01,4.000000000000000000e+00
2.962000000000000099e+01,1.703237915039062500e+02,1.168547630310058594e+01,1.895506095886230469e+01,4.000000000000000000e+00
2.964000000000000057e+01,1.705240936279296875e+02,1.164334487915039062e+01,1.896485137939453125e+01,4.000000000000000000e+00
2.966000000000000014e+01,1.707240600585937500e+02,1.160131931304931641e+01,1.897424125671386719e+01,4.000000000000000000e+00
2.967999999999999972e+01,1.709236907958984375e+02,1.155941200256347656e+01,1.898323822021484375e+01,4.000000000000000000e+00
2.969999999999999929e+01,1.711230010986328125e+02,1.151763725280761719e+01,1.899184799194335938e+01,4.000000000000000000e+00
2.971999999999999886e+01,1.713219909667968750e+02,1.147600460052490234e+01,1.900006866455078125e+01,4.000000000000000000e+00
2.974000000000000199e+01,1.715206909179687500e+02,1.143452644348144531e+01,1.900791168212890625e+01,4.000000000000000000e+00
2.976000000000000156e+01,1.717190856933593750e+02,1.139321517944335938e+01,1.901537895202636719e+01,4.000000000000000000e+00
2.978000000000000114e+01,1.719171905517578125e+02,1.135208415985107422e+01,1.902247619628906250e+01,4.000000000000000000e+00
2.980000000000000071e+01,1.721150360107421875e+02,1.131114482879638672e+01,1.902920532226562500e+01,4.000000000000000000e+00
2.982000000000000028e+01,1.723126068115234375e+02,1.127040958404541016e+01,1.903557205200195312e+01,4.000000000000000000e+00
2.983999999999999986e+01,1.725099334716796875e+02,1.122988986968994141e+01,1.904158210754394531e+01,4.000000000000000000e+00
2.985999999999999943e+01,1.727070007324218750e+02,1.118959903717041016e+01,1.904723548889160156e+01,4.000000000000000000e+00
2.987999999999999901e+01,1.729038238525390625e+02,1.114954948425292969e+01,1.905253791809082031e+01,4.000000000000000000e+00
2.990000000000000213e+01,1.731004180908203125e+02,1.110975265502929688e+01,1.905749320983886719e+01,4.000000000000000000e+00
2.992000000000000171e+01,1.732967834472656250e+02,1.107022190093994141e+01,1.906210517883300781e+01,4.000000000000000000e+00
2.994000000000000128e+01,1.734929504394531250e+02,1.103096866607666016e+01,1.906637763977050781e+01,4.000000000000000000e+00
2.996000000000000085e+01,1.736888885498046875e+02,1.099200630187988281e+01,1.907031631469726562e+01,4.000000000000000000e+00
2.998000000000000043e+01,1.738846435546875000e+02,1.095334720611572266e+01,1.907392120361328125e+01,4.000000000000000000e+00
3.000000000000000000e+01,1.740802001953125000e+02,1.091500377655029297e+01,1.907719421386718750e+01,4.000000000000000000e+00
3.001999999999999957e+01,1.742755889892578125e+02,1.087698650360107422e+01,1.908014297485351562e+01,4.000000000000000000e+00
3.003999999999999915e+01,1.744708099365234375e+02,1.083931064605712891e+01,1.908276939392089844e+01,4.000000000000000000e+00
3.006000000000000227e+01,1.746658630371093750e+02,1.080198764801025391e+01,1.908507728576660156e+01,4.000000000000000000e+00
3.008000000000000185e+01,1.748607635498046875e+02,1.076502799987792969e+01,1.908706855773925781e+01,4.000000000000000000e+00
3.010000000000000142e+01,1.750555114746093750e+02,1.072844505310058594e+01,1.908874893188476562e+01,4.000000000000000000e+00
3.012000000000000099e+01,1.752501373291015625e+02,1.069225215911865234e+01,1.909012031555175781e+01,4.000000000000000000e+00
3.014000000000000057e+01,1.754446105957031250e+02,1.065646076202392578e+01,1.909118461608886719e+01,4.000000000000000000e+00
3.016000000000000014e+01,1.756389770507812500e+02,1.062108325958251953e+01,1.909194755554199219e+01,4.000000000000000000e+00
3.017999999999999972e+01,1.758332214355468750e+02,1.058613204956054688e+01,1.909240913391113281e+01,4.000000000000000000e+00
3.019999999999999929e+01,1.760273590087890625e+02,1.055162048339843750e+01,1.909257507324218750e+01,4.000000000000000000e+00
3.021999999999999886e+01,1.762213897705078125e+02,1.051756000518798828e+01,1.909244728088378906e+01,4.000000000000000000e+00
3.024000000000000199e+01,1.764153137207031250e+02,1.048396110534667969e+01,1.909202766418457031e+01,4.000000000000000000e+00
3.026000000000000156e+01,1.766091613769531250e+02,1.045083713531494141e+01,1.909132194519042969e+01,4.000000000000000000e+00
3.028000000000000114e+01,1.768029174804687500e+02,1.041820049285888672e+01,1.909033012390136719e+01,4.000000000000000000e+00
3.030000000000000071e+01,1.769965972900390625e+02,1.038606262207031250e+01,1.908905220031738281e+01,4.000000000000000000e+00
3.032000000000000028e+01,1.771902160644531250e+02,1.035443592071533203e+01,1.908749771118164062e+01,4.000000000000000000e+00
3.033999999999999986e+01,1.773837738037109375e+02,1.032333278656005859e+01,1.908566284179687500e+01,4.000000000000000000e+00
3.035999999999999943e+01,1.775772552490234375e+02,1.029276466369628906e+01,1.908355331420898438e+01,4.000000000000000000e+00
3.037999999999999901e+01,1.777707061767578125e+02,1.026274394989013672e+01,1.908117103576660156e+01,4.000000000000000000e+00
3.040000000000000213e+01,1.779641113281250000e+02,1.023328208923339844e+01,1.907851982116699219e+01,4.000000000000000000e+00
3.042000000000000171e+01,1.781574554443359375e+02,1.020439147949218750e+01,1.907559967041015625e+01,4.000000000000000000e+00
3.044000000000000128e+01,1.783507843017578125e+02,1.017608356475830078e+01,1.907241439819335938e+01,4.000000000000000000e+00
3.046000000000000085e+01,1.785440826416015625e+02,1.014837074279785156e+01,1.906896400451660156e+01,4.000000000000000000e+00
3.048000000000000043e+01,1.787373352050781250e+02,1.012126445770263672e+01,1.906525611877441406e+01,4.000000000000000000e+00
3.050000000000000000e+01,1.789305877685546875e+02,1.009477615356445312e+01,1.906129074096679688e+01,4.000000000000000000e+00
3.051999999999999957e+01,1.791238403320312500e+02,1.006891632080078125e+01,1.905706977844238281e+01,4.000000000000000000e+00
3.053999999999999915e+01,1.793170928955078125e+02,1.004369640350341797e+01,1.905259513854980469e+01,4.000000000000000000e+00
3.056000000000000227e+01,1.795103454589843750e+02,1.001912879943847656e+01,1.904787063598632812e+01,4.000000000000000000e+00
3.058000000000000185e+01,1.797035980224609375e+02,9.995224952697753906e+00,1.904289627075195312e+01,4.000000000000000000e+00
3.060000000000000142e+01,1.798968505859375000e+02,9.971994400024414062e+00,1.903767967224121094e+01,4.000000000000000000e+00
3.062000000000000099e+01,1.800901031494140625e+02,9.949449539184570312e+00,1.903221511840820312e+01,4.000000000000000000e+00
3.064000000000000057e+01,1.802833557128906250e+02,9.927601814270019531e+00,1.902651214599609375e+01,4.000000000000000000e+00
3.066000000000000014e+01,1.804766082763671875e+02,9.906462669372558594e+00,1.902057075500488281e+01,4.000000000000000000e+00
3.067999999999999972e+01,1.806698608398437500e+02,9.886041641235351562e+00,1.901439094543457031e+01,4.000000000000000000e+00
3.069999999999999929e+01,1.808631286621093750e+02,9.866350173950195312e+00,1.900798034667968750e+01,4.000000000000000000e+00
3.071999999999999886e+01,1.810564575195312500e+02,9.847398757934570312e+00,1.900133895874023438e+01,4.000000000000000000e+00
3.074000000000000199e+01,1.812497863769531250e+02,9.829199790954589844e+00,1.899446868896484375e+01,4.000000000000000000e+00
3.076000000000000156e+01,1.814431152343750000e+02,9.811762809753417969e+00,1.898737144470214844e+01,4.000000000000000000e+00
3.078000000000000114e+01,1.816364746093750000e+02,9.795099258422851562e+00,1.898005104064941406e+01,4.000000000000000000e+00
3.080000000000000071e+01,1.818298797607421875e+02,9.779217720031738281e+00,1.897250747680664062e+01,4.000000000000000000e+00
3.082000000000000028e+01,1.820232849121093750e+02,9.764129638671875000e+00,1.896474456787109375e+01,4.000000000000000000e+00
3.083999999999999986e+01,1.822166900634765625e+02,9.749844551086425781e+00,1.895676422119140625e+01,4.000000000000000000e+00
3.085999999999999943e+01,1.824101562500000000e+02,9.736371994018554688e+00,1.894857025146484375e+01,4.000000000000000000e+00
3.087999999999999901e+01,1.826036376953125000e+02,9.723723411560058594e+00,1.894016265869140625e+01,4.000000000000000000e+00
3.090000000000000213e+01,1.827971191406250000e+02,9.711907386779785156e+00,1.893154716491699219e+01,4.000000000000000000e+00
3.092000000000000171e+01,1.829906005859375000e+02,9.700931549072265625e+00,1.892272377014160156e+01,4.000000000000000000e+00
3.094000000000000128e+01,1.831841430664062500e+02,9.690805435180664062e+00,1.891369628906250000e+01,4.000000000000000000e+00
3.096000000000000085e+01,1.833777008056640625e+02,9.681538581848144531e+00,1.890446853637695312e+01,4.000000000000000000e+00
3.098000000000000043e+01,1.835712585449218750e+02,9.673138618469238281e+00,1.889504432678222656e+01,4.000000000000000000e+00
3.100000000000000000e+01,1.837648162841796875e+02,9.665614128112792969e+00,1.888542175292968750e+01,4.000000000000000000e+00
3.101999999999999957e+01,1.839583740234375000e+02,9.658971786499023438e+00,1.887560844421386719e+01,4.000000000000000000e+00
3.103999999999999915e+01,1.841519317626953125e+02,9.653220176696777344e+00,1.886560630798339844e+01,4.000000000000000000e+00
3.106000000000000227e+01,1.843454895019531250e+02,9.648364067077636719e+00,1.885542106628417969e+01,4.000000000000000000e+00
3.108000000000000185e+01,1.845391235351562500e+02,9.644411087036132812e+00,1.884505271911621094e+01,4.000000000000000000e+00
3.110000000000000142e+01,1.847327575683593750e+02,9.641369819641113281e+00,1.883450698852539062e+01,4.000000000000000000e+00
3.112000000000000099e+01,1.849263610839843750e+02,9.639244079589843750e+00,1.882378387451171875e+01,4.000000000000000000e+00
3.114000000000000057e+01,1.851199188232421875e+02,9.638040542602539062e+00,1.881288719177246094e+01,4.000000000000000000e+00
3.116000000000000014e+01,1.853134765625000000e+02,9.637763977050781250e+00,1.880182266235351562e+01,4.000000000000000000e+00
3.117999999999999972e+01,1.855070343017578125e+02,9.638421058654785156e+00,1.879059028625488281e+01,4.000000000000000000e+00
3.119999999999999929e+01,1.857005920410156250e+02,9.640015602111816406e+00,1.877919578552246094e+01,4.000000000000000000e+00
3.122000000000000242e+01,1.858941497802734375e+02,9.642552375793457031e+00,1.876764106750488281e+01,4.000000000000000000e+00
3.124000000000000199e+01,1.860876617431640625e+02,9.646035194396972656e+00,1.875592994689941406e+01,4.000000000000000000e+00
3.126000000000000156e+01,1.862811431884765625e+02,9.650469779968261719e+00,1.874406623840332031e+01,4.000000000000000000e+00
3.128000000000000114e+01,1.864746246337890625e+02,9.655858039855957031e+00,1.873204994201660156e+01,4.000000000000000000e+00
3.130000000000000071e+01,1.866680450439453125e+02,9.662200927734375000e+00,1.871989059448242188e+01,4.000000000000000000e+00
3.132000000000000028e+01,1.868614501953125000e+02,9.669503211975097656e+00,1.870758819580078125e+01,4.000000000000000000e+00
3.133999999999999986e+01,1.870547943115234375e+02,9.677767753601074219e+00,1.869514274597167969e+01,4.000000000000000000e+00
3.135999999999999943e+01,1.872481079101562500e+02,9.686995506286621094e+00,1.868255615234375000e+01,4.000000000000000000e+00
3.137999999999999901e+01,1.874413604736328125e+02,9.697190284729003906e+00,1.866983413696289062e+01,4.000000000000000000e+00
3.140000000000000213e+01,1.876345672607421875e+02,9.708353042602539062e+00,1.865698242187500000e+01,4.000000000000000000e+00
3.142000000000000171e+01,1.878277130126953125e+02,9.720483779907226562e+00,1.864399909973144531e+01,4.000000000000000000e+00
3.144000000000000128e+01,1.880207977294921875e+02,9.733584403991699219e+00,1.863088989257812500e+01,4.000000000000000000e+00
3.146000000000000085e+01,1.882138214111328125e+02,9.747655868530273438e+00,1.861765861511230469e+01,4.000000000000000000e+00
3.148000000000000043e+01,1.884067687988281250e+02,9.762698173522949219e+00,1.860430526733398438e+01,4.000000000000000000e+00
3.150000000000000000e+01,1.885996398925781250e+02,9.778711318969726562e+00,1.859083557128906250e+01,4.000000000000000000e+00
3.151999999999999957e+01,1.887924194335937500e+02,9.795694351196289062e+00,1.857725143432617188e+01,4.000000000000000000e+00
3.153999999999999915e+01,1.889851226806640625e+02,9.813647270202636719e+00,1.856355285644531250e+01,4.000000000000000000e+00
3.156000000000000227e+01,1.891777343750000000e+02,9.832569122314453125e+00,1.854974746704101562e+01,4.000000000000000000e+00
3.158000000000000185e+01,1.893702545166015625e+02,9.852458953857421875e+00,1.853583335876464844e+01,4.000000000000000000e+00
3.160000000000000142e+01,1.895626831054687500e+02,9.873314857482910156e+00,1.852181434631347656e+01,4.000000000000000000e+00
3.162000000000000099e+01,1.897549896240234375e+02,9.895134925842285156e+00,1.850769233703613281e+01,4.000000000000000000e+00
3.164000000000000057e+01,1.899472045898437500e+02,9.917916297912597656e+00,1.849347305297851562e+01,4.000000000000000000e+00
3.166000000000000014e+01,1.901392822265625000e+02,9.941658020019531250e+00,1.847915840148925781e+01,4.000000000000000000e+00
3.167999999999999972e+01,1.903312683105468750e+02,9.966358184814453125e+00,1.846474838256835938e+01,4.000000000000000000e+00
3.169999999999999929e+01,1.905231170654296875e+02,9.992012023925781250e+00,1.845024299621582031e+01,4.000000000000000000e+00
3.172000000000000242e+01,1.907148437500000000e+02,1.001861667633056641e+01,1.843565177917480469e+01,4.000000000000000000e+00
3.174000000000000199e+01,1.909064483642578125e+02,1.004616832733154297e+01,1.842097091674804688e+01,4.000000000000000000e+00
3.176000000000000156e+01,1.910979156494140625e+02,1.007466506958007812e+01,1.840620422363281250e+01,4.000000000000000000e+00
3.178000000000000114e+01,1.912892303466796875e+02,1.010410022735595703e+01,1.839135360717773438e+01,4.000000000000000000e+00
3.180000000000000071e+01,1.914804077148437500e+02,1.013447093963623047e+01,1.837642288208007812e+01,4.000000000000000000e+00
3.182000000000000028e+01,1.916714324951171875e+02,1.016577339172363281e+01,1.836141204833984375e+01,4.000000000000000000e+00
3.183999999999999986e+01,1.918623046875000000e+02,1.019800090789794922e+01,1.834632492065429688e+01,4.000000000000000000e+00
3.185999999999999943e+01,1.920530242919921875e+02,1.023114967346191406e+01,1.833116340637207031e+01,4.000000000000000000e+00
3.187999999999999901e+01,1.922435913085937500e+02,1.026521396636962891e+01,1.831593132019042969e+01,4.000000000000000000e+00
3.190000000000000213e+01,1.924339752197265625e+02,1.030018901824951172e+01,1.830062675476074219e+01,4.000000000000000000e+00
3.192000000000000171e+01,1.926241912841796875e+02,1.033606719970703125e+01,1.828525161743164062e+01,4.000000000000000000e+00
3.194000000000000128e+01,1.928142395019531250e+02,1.037284183502197266e+01,1.826980972290039062e+01,4.000000000000000000e+00
3.196000000000000085e+01,1.930041198730468750e+02,1.041050910949707031e+01,1.825430297851562500e+01,4.000000000000000000e+00
3.198000000000000043e+01,1.931938018798828125e+02,1.044906139373779297e+01,1.823873329162597656e+01,4.000000000000000000e+00
3.200000000000000000e+01,1.933833007812500000e+02,1.048849105834960938e+01,1.822310447692871094e+01,4.000000000000000000e+00
3.202000000000000313e+01,1.935726013183593750e+02,1.052879142761230469e+01,1.820741462707519531e+01,4.000000000000000000e+00
3.203999999999999915e+01,1.937617187500000000e+02,1.056995391845703125e+01,1.819166946411132812e+01,4.000000000000000000e+00
3.206000000000000227e+01,1.939506378173828125e+02,1.061197185516357422e+01,1.817586708068847656e+01,4.000000000000000000e+00
3.207999999999999829e+01,1.941393737792968750e+02,1.065483760833740234e+01,1.816001129150390625e+01,4.000000000000000000e+00
3.210000000000000142e+01,1.943279113769531250e+02,1.069854259490966797e+01,1.814410400390625000e+01,4.000000000000000000e+00
3.211999999999999744e+01,1.945162506103515625e+02,1.074307727813720703e+01,1.812814903259277344e+01,4.000000000000000000e+00
3.214000000000000057e+01,1.947043762207031250e+02,1.078843307495117188e+01,1.811214637756347656e+01,4.000000000000000000e+00
3.216000000000000369e+01,1.948923034667968750e+02,1.083460235595703125e+01,1.809609603881835938e+01,4.000000000000000000e+00
3.217999999999999972e+01,1.950800018310546875e+02,1.088157463073730469e+01,1.807999801635742188e+01,4.000000000000000000e+00
3.220000000000000284e+01,1.952675018310546875e+02,1.092933940887451172e+01,1.806385803222656250e+01,4.000000000000000000e+00
3.221999999999999886e+01,1.954547882080078125e+02,1.097788906097412109e+01,1.804767417907714844e+01,4.000000000000000000e+00
3.224000000000000199e+01,1.956418609619140625e+02,1.102721214294433594e+01,1.803145027160644531e+01,4.000000000000000000e+00
3.225999999999999801e+01,1.958287200927734375e+02,1.107729816436767578e+01,1.801518440246582031e+01,4.000000000000000000e+00
3.228000000000000114e+01,1.960153503417968750e+02,1.112813663482666016e+01,1.799888038635253906e+01,4.000000000000000000e+00
3.229999999999999716e+01,1.962017669677734375e+02,1.117971515655517578e+01,1.798253822326660156e+01,4.000000000000000000e+00
3.232000000000000028e+01,1.963879547119140625e+02,1.123202228546142578e+01,1.796615982055664062e+01,4.000000000000000000e+00
3.234000000000000341e+01,1.965739288330078125e+02,1.128504848480224609e+01,1.794974708557128906e+01,4.000000000000000000e+00
3.235999999999999943e+01,1.967596740722656250e+02,1.133878135681152344e+01,1.793330001831054688e+01,4.000000000000000000e+00
3.238000000000000256e+01,1.969452056884765625e+02,1.139320755004882812e+01,1.791682243347167969e+01,4.000000000000000000e+00
3.239999999999999858e+01,1.971305084228515625e+02,1.144831466674804688e+01,1.790031433105468750e+01,4.000000000000000000e+00
3.242000000000000171e+01,1.973155822753906250e+02,1.150409030914306641e+01,1.788377761840820312e+01,4.000000000000000000e+00
3.243999999999999773e+01,1.975004425048828125e+02,1.156052207946777344e+01,1.786721420288085938e+01,4.000000000000000000e+00
3.246000000000000085e+01,1.976850738525390625e+02,1.161759757995605469e+01,1.785062217712402344e+01,4.000000000000000000e+00
3.248000000000000398e+01,1.978694763183593750e+02,1.167529964447021484e+01,1.783400726318359375e+01,4.000000000000000000e+00
3.250000000000000000e+01,1.980536651611328125e+02,1.173361778259277344e+01,1.781736946105957031e+01,4.000000000000000000e+00
3.252000000000000313e+01,1.982376251220703125e+02,1.179253578186035156e+01,1.780071067810058594e+01,4.000000000000000000e+00
3.253999999999999915e+01,1.984213714599609375e+02,1.185204219818115234e+01,1.778403282165527344e+01,4.000000000000000000e+00
3.256000000000000227e+01,1.986048889160156250e+02,1.191211986541748047e+01,1.776733779907226562e+01,4.000000000000000000e+00
3.257999999999999829e+01,1.987881927490234375e+02,1.197275447845458984e+01,1.775062370300292969e+01,4.000000000000000000e+00
3.260000000000000142e+01,1.989712829589843750e+02,1.203393077850341797e+01,1.773389244079589844e+01,4.000000000000000000e+00
3.261999999999999744e+01,1.991541595458984375e+02,1.209563255310058594e+01,1.771714973449707031e+01,4.000000000000000000e+00
3.264000000000000057e+01,1.993368225097656250e+02,1.215784549713134766e+01,1.770039176940917969e+01,4.000000000000000000e+00
3.266000000000000369e+01,1.995192718505859375e+02,1.222055244445800781e+01,1.768362426757812500e+01,4.000000000000000000e+00
3.267999999999999972e+01,1.997015228271484375e+02,1.228373718261718750e+01,1.766684532165527344e+01,4.000000000000000000e+00
3.270000000000000284e+01,1.998835754394531250e+02,1.234738349914550781e+01,1.765005683898925781e+01,4.000000000000000000e+00
3.271999999999999886e+01,2.000653991699218750e+02,1.241147422790527344e+01,1.763326072692871094e+01,4.000000000000000000e+00
3.274000000000000199e+01,2.002470397949218750e+02,1.247599315643310547e+01,1.761645698547363281e+01,4.000000000000000000e+00
3.275999999999999801e+01,2.004284820556640625e+02,1.254092216491699219e+01,1.759964561462402344e+01,4.000000000000000000e+00
3.278000000000000114e+01,2.006097412109375000e+02,1.260624408721923828e+01,1.758283233642578125e+01,4.000000000000000000e+00
3.279999999999999716e+01,2.007908020019531250e+02,1.267194080352783203e+01,1.756600952148437500e+01,4.000000000000000000e+00
3.282000000000000028e+01,2.009716796875000000e+02,1.273799514770507812e+01,1.754918670654296875e+01,4.000000000000000000e+00
3.284000000000000341e+01,2.011523895263671875e+02,1.280438899993896484e+01,1.753235816955566406e+01,4.000000000000000000e+00
3.285999999999999943e+01,2.013329162597656250e+02,1.287110328674316406e+01,1.751552581787109375e+01,4.000000000000000000e+00
3.288000000000000256e+01,2.015132751464843750e+02,1.293811798095703125e+01,1.749869346618652344e+01,4.000000000000000000e+00
3.289999999999999858e+01,2.016934661865234375e+02,1.300541591644287109e+01,1.748186111450195312e+01,4.000000000000000000e+00
3.292000000000000171e+01,2.018735046386718750e+02,1.307297801971435547e+01,1.746502113342285156e+01,4.000000000000000000e+00
3.293999999999999773e+01,2.020533752441406250e+02,1.314078426361083984e+01,1.744817924499511719e+01,4.000000000000000000e+00
3.296000000000000085e+01,2.022330932617187500e+02,1.320881652832031250e+01,1.743133735656738281e+01,4.000000000000000000e+00
3.298000000000000398e+01,2.024126739501953125e+02,1.327705478668212891e+01,1.741449546813964844e+01,4.000000000000000000e+00
3.300000000000000000e+01,2.025921173095703125e+02,1.334547901153564453e+01,1.739765357971191406e+01,4.000000000000000000e+00
3.302000000000000313e+01,2.027714233398437500e+02,1.341406822204589844e+01,1.738080978393554688e+01,4.000000000000000000e+00
3.303999999999999915e+01,2.029505920410156250e+02,1.348280239105224609e+01,1.736395835876464844e+01,4.000000000000000000e+00
3.306000000000000227e+01,2.031296539306640625e+02,1.355166149139404297e+01,1.734710693359375000e+01,4.000000000000000000e+00
3.307999999999999829e+01,2.033085937500000000e+02,1.362062644958496094e+01,1.733025550842285156e+01,4.000000000000000000e+00
3.310000000000000142e+01,2.034874114990234375e+02,1.368967533111572266e+01,1.731339454650878906e+01,4.000000000000000000e+00
3.311999999999999744e+01,2.036661376953125000e+02,1.375878715515136719e+01,1.729653358459472656e+01,4.000000000000000000e+00
3.314000000000000057e+01,2.038447723388671875e+02,1.382794094085693359e+01,1.727966308593750000e+01,4.000000000000000000e+00
3.316000000000000369e+01,2.040233154296875000e+02,1.389711666107177734e+01,1.726278877258300781e+01,4.000000000000000000e+00
3.317999999999999972e+01,2.042017669677734375e+02,1.396629238128662109e+01,1.724590682983398438e+01,4.000000000000000000e+00
3.320000000000000284e+01,2.043801422119140625e+02,1.403544616699218750e+01,1.722901535034179688e+01,4.000000000000000000e+00
3.321999999999999886e+01,2.045584564208984375e+02,1.410455799102783203e+01,1.721211433410644531e+01,4.000000000000000000e+00
3.324000000000000199e+01,2.047367095947265625e+02,1.417360401153564453e+01,1.719520187377929688e+01,4.000000000000000000e+00
3.325999999999999801e+01,2.049149169921875000e+02,1.424256420135498047e+01,1.717827796936035156e+01,4.000000000000000000e+00
3.328000000000000114e+01,2.050930633544921875e+02,1.431141948699951172e+01,1.716133689880371094e+01,4.000000000000000000e+00
3.329999999999999716e+01,2.052711791992187500e+02,1.438014507293701172e+01,1.714438056945800781e+01,4.000000000000000000e+00
3.332000000000000028e+01,2.054492492675781250e+02,1.444872093200683594e+01,1.712740707397460938e+01,4.000000000000000000e+00
3.334000000000000341e+01,2.056273193359375000e+02,1.451712322235107422e+01,1.711041450500488281e+01,4.000000000000000000e+00
3.335999999999999943e+01,2.058053588867187500e+02,1.458533096313476562e+01,1.709340095520019531e+01,4.000000000000000000e+00
3.338000000000000256e+01,2.059833526611328125e+02,1.465332317352294922e+01,1.707636451721191406e+01,4.000000000000000000e+00
3.339999999999999858e+01,2.061613464355468750e+02,1.472107696533203125e+01,1.705930137634277344e+01,4.000000000000000000e+00
3.342000000000000171e+01,2.063393402099609375e+02,1.478856945037841797e+01,1.704221153259277344e+01,4.000000000000000000e+00
3.343999999999999773e+01,2.065173797607421875e+02,1.485577869415283203e+01,1.702508926391601562e+01,4.000000000000000000e+00
3.346000000000000085e+01,2.066954498291015625e+02,1.492268276214599609e+01,1.700793647766113281e+01,4.000000000000000000e+00
3.348000000000000398e+01,2.068735198974609375e+02,1.498925971984863281e+01,1.699074935913085938e+01,4.000000000000000000e+00
3.350000000000000000e+01,2.070516357421875000e+02,1.505548667907714844e+01,1.697352409362792969e+01,4.000000000000000000e+00
3.352000000000000313e+01,2.072297821044921875e+02,1.512134170532226562e+01,1.695626068115234375e+01,4.000000000000000000e+00
3.353999999999999915e+01,2.074079895019531250e+02,1.518680191040039062e+01,1.693895149230957031e+01,4.000000000000000000e+00
3.356000000000000227e+01,2.075862426757812500e+02,1.525184249877929688e+01,1.692160224914550781e+01,4.000000000000000000e+00
3.357999999999999829e+01,2.077645568847656250e+02,1.531644439697265625e+01,1.690420532226562500e+01,4.000000000000000000e+00
3.360000000000000142e+01,2.079429473876953125e+02,1.538058280944824219e+01,1.688675308227539062e+01,4.000000000000000000e+00
3.361999999999999744e+01,2.081214141845703125e+02,1.544423484802246094e+01,1.686925125122070312e+01,4.000000000000000000e+00
3.364000000000000057e+01,2.082999725341796875e+02,1.550737667083740234e+01,1.685169219970703125e+01,4.000000000000000000e+00
3.366000000000000369e+01,2.084786071777343750e+02,1.556998443603515625e+01,1.683407402038574219e+01,4.000000000000000000e+00
3.367999999999999972e+01,2.086573486328125000e+02,1.563203811645507812e+01,1.681639289855957031e+01,4.000000000000000000e+00
3.370000000000000284e+01,2.088361968994140625e+02,1.569351196289062500e+01,1.679864692687988281e+01,4.000000000000000000e+00
3.371999999999999886e+01,2.090151519775390625e+02,1.575438404083251953e+01,1.678083229064941406e+01,4.000000000000000000e+00
3.374000000000000199e+01,2.091942138671875000e+02,1.581463146209716797e+01,1.676294708251953125e+01,4.000000000000000000e+00
3.375999999999999801e+01,2.093733978271484375e+02,1.587423038482666016e+01,1.674498748779296875e+01,4.000000000000000000e+00
3.378000000000000114e+01,2.095527191162109375e+02,1.593315887451171875e+01,1.672694969177246094e+01,4.000000000000000000e+00
3.379999999999999716e+01,2.097321777343750000e+02,1.599139308929443359e+01,1.670883369445800781e+01,4.000000000000000000e+00
3.382000000000000028e+01,2.099117736816406250e+02,1.604890823364257812e+01,1.669063377380371094e+01,4.000000000000000000e+00
3.384000000000000341e+01,2.100915222167968750e+02,1.610568428039550781e+01,1.667234802246093750e+01,4.000000000000000000e+00
3.385999999999999943e+01,2.102714080810546875e+02,1.616169738769531250e+01,1.665397071838378906e+01,4.000000000000000000e+00
3.388000000000000256e+01,2.104514465332031250e+02,1.621692085266113281e+01,1.663550376892089844e+01,4.000000000000000000e+00
3.389999999999999858e+01,2.106316528320312500e+02,1.627133560180664062e+01,1.661693572998046875e+01,4.000000000000000000e+00
3.392000000000000171e+01,2.108120269775390625e+02,1.632491874694824219e+01,1.659827232360839844e+01,4.000000000000000000e+00
3.393999999999999773e+01,2.109925537109375000e+02,1.637764549255371094e+01,1.657950401306152344e+01,4.000000000000000000e+00
3.396000000000000085e+01,2.111732635498046875e+02,1.642949676513671875e+01,1.656063270568847656e+01,4.000000000000000000e+00
3.398000000000000398e+01,2.113541412353515625e+02,1.648044967651367188e+01,1.654165267944335938e+01,4.000000000000000000e+00
3.400000000000000000e+01,2.115352020263671875e+02,1.653048133850097656e+01,1.652256393432617188e+01,4.000000000000000000e+00
3.402000000000000313e+01,2.117164154052734375e+02,1.657956695556640625e+01,1.650336647033691406e+01,4.000000000000000000e+00
3.403999999999999915e+01,2.118978271484375000e+02,1.662769126892089844e+01,1.648405838012695312e+01,4.000000000000000000e+00
3.406000000000000227e+01,2.120794219970703125e+02,1.667483139038085938e+01,1.646463775634765625e+01,4.000000000000000000e+00
3.407999999999999829e+01,2.122611846923828125e+02,1.672096824645996094e+01,1.644510650634765625e+01,4.000000000000000000e+00
3.410000000000000142e+01,2.124431304931640625e+02,1.676608276367187500e+01,1.642546463012695312e+01,4.000000000000000000e+00
3.411999999999999744e+01,2.126252593994140625e+02,1.681015586853027344e+01,1.640571212768554688e+01,4.000000000000000000e+00
3.414000000000000057e+01,2.128075866699218750e+02,1.685316848754882812e+01,1.638585281372070312e+01,4.000000000000000000e+00
3.416000000000000369e+01,2.129900665283203125e+02,1.689510536193847656e+01,1.636588668823242188e+01,4.000000000000000000e+00
3.417999999999999972e+01,2.131727294921875000e+02,1.693594741821289062e+01,1.634581375122070312e+01,4.000000000000000000e+00
3.420000000000000284e+01,2.133555603027343750e+02,1.697567939758300781e+01,1.632563781738281250e+01,4.000000000000000000e+00
3.421999999999999886e+01,2.135385742187500000e+02,1.701428222656250000e+01,1.630536270141601562e+01,4.000000000000000000e+00
3.424000000000000199e+01,2.137217407226562500e+02,1.705174255371093750e+01,1.628499221801757812e+01,4.000000000000000000e+00
3.425999999999999801e+01,2.139050750732421875e+02,1.708804893493652344e+01,1.626452636718750000e+01,4.000000000000000000e+00
3.428000000000000114e+01,2.140885620117187500e+02,1.712318611145019531e+01,1.624396514892578125e+01,4.000000000000000000e+00
3.430000000000000426e+01,2.142722015380859375e+02,1.715713691711425781e+01,1.622331619262695312e+01,4.000000000000000000e+00
3.432000000000000028e+01,2.144559936523437500e+02,1.718989562988281250e+01,1.620257949829101562e+01,4.000000000000000000e+00
3.434000000000000341e+01,2.146399383544921875e+02,1.722144889831542969e+01,1.618176078796386719e+01,4.000000000000000000e+00
3.435999999999999943e+01,2.148240051269531250e+02,1.725178527832031250e+01,1.616086196899414062e+01,4.000000000000000000e+00
3.438000000000000256e+01,2.150082092285156250e+02,1.728089523315429688e+01,1.613988876342773438e+01,4.000000000000000000e+00
3.439999999999999858e+01,2.151925354003906250e+02,1.730877113342285156e+01,1.611884307861328125e+01,4.000000000000000000e+00
3.442000000000000171e+01,2.153769683837890625e+02,1.733539962768554688e+01,1.609772872924804688e+01,4.000000000000000000e+00
3.443999999999999773e+01,2.155615081787109375e+02,1.736077690124511719e+01,1.607655143737792969e+01,4.000000000000000000e+00
3.446000000000000085e+01,2.157461547851562500e+02,1.738489532470703125e+01,1.605531120300292969e+01,4.000000000000000000e+00
3.448000000000000398e+01,2.159308929443359375e+02,1.740774726867675781e+01,1.603401374816894531e+01,4.000000000000000000e+00
3.450000000000000000e+01,2.161157226562500000e+02,1.742932891845703125e+01,1.601266098022460938e+01,4.000000000000000000e+00
3.452000000000000313e+01,2.163006134033203125e+02,1.744963455200195312e+01,1.599125766754150391e+01,4.000000000000000000e+00
3.453999999999999915e+01,2.164855804443359375e+02,1.746866035461425781e+01,1.596980667114257812e+01,4.000000000000000000e+00
3.456000000000000227e+01,2.166705932617187500e+02,1.748640441894531250e+01,1.594831180572509766e+01,4.000000000000000000e+00
3.457999999999999829e+01,2.168556823730468750e+02,1.750286483764648438e+01,1.592677593231201172e+01,4.000000000000000000e+00
3.460000000000000142e+01,2.170407714843750000e+02,1.751803779602050781e+01,1.590520286560058594e+01,4.000000000000000000e+00
3.461999999999999744e+01,2.172259368896484375e+02,1.753191566467285156e+01,1.588359546661376953e+01,4.000000000000000000e+00
3.464000000000000057e+01,2.174111022949218750e+02,1.754450416564941406e+01,1.586195755004882812e+01,4.000000000000000000e+00
3.466000000000000369e+01,2.175962677001953125e+02,1.755580520629882812e+01,1.584029006958007812e+01,4.000000000000000000e+00
3.467999999999999972e+01,2.177814331054687500e+02,1.756581306457519531e+01,1.581859874725341797e+01,4.000000000000000000e+00
3.470000000000000284e+01,2.179665985107421875e+02,1.757452964782714844e+01,1.579688358306884766e+01,4.000000000000000000e+00
3.471999999999999886e+01,2.181517639160156250e+02,1.758195877075195312e+01,1.577515029907226562e+01,4.000000000000000000e+00
3.474000000000000199e+01,2.183368682861328125e+02,1.758810615539550781e+01,1.575339984893798828e+01,4.000000000000000000e+00
3.475999999999999801e+01,2.185219573974609375e+02,1.759296989440917969e+01,1.573163604736328125e+01,4.000000000000000000e+00
3.478000000000000114e+01,2.187069854736328125e+02,1.759655380249023438e+01,1.570985984802246094e+01,4.000000000000000000e+00
3.480000000000000426e+01,2.188919525146484375e+02,1.759886360168457031e+01,1.568807506561279297e+01,4.000000000000000000e+00
3.482000000000000028e+01,2.190768585205078125e+02,1.759990119934082031e+01,1.566628265380859375e+01,4.000000000000000000e+00
3.484000000000000341e+01,2.192616882324218750e+02,1.759967041015625000e+01,1.564448642730712891e+01,4.000000000000000000e+00
3.485999999999999943e+01,2.194464263916015625e+02,1.759818077087402344e+01,1.562269020080566406e+01,4.000000000000000000e+00
3.488000000000000256e+01,2.196310729980468750e+02,1.759543609619140625e+01,1.560089397430419922e+01,4.000000000000000000e+00
3.489999999999999858e+01,2.198156127929687500e+02,1.759144020080566406e+01,1.557909774780273438e+01,4.000000000000000000e+00
3.492000000000000171e+01,2.200000457763671875e+02,1.758620452880859375e+01,1.555730724334716797e+01,4.000000000000000000e+00
3.493999999999999773e+01,2.201843414306640625e+02,1.757973098754882812e+01,1.553552246093750000e+01,4.000000000000000000e+00
3.496000000000000085e+01,2.203685150146484375e+02,1.757202911376953125e+01,1.551374530792236328e+01,4.000000000000000000e+00
3.498000000000000398e+01,2.205525360107421875e+02,1.756311035156250000e+01,1.549197864532470703e+01,4.000000000000000000e+00
3.500000000000000000e+01,2.207364196777343750e+02,1.755297851562500000e+01,1.547022438049316406e+01,4.000000000000000000e+00
3.502000000000000313e+01,2.209201354980468750e+02,1.754164314270019531e+01,1.544848346710205078e+01,4.000000000000000000e+00
3.503999999999999915e+01,2.211036834716796875e+02,1.752911376953125000e+01,1.542675876617431641e+01,4.000000000000000000e+00
3.506000000000000227e+01,2.212870635986328125e+02,1.751540374755859375e+01,1.540505027770996094e+01,4.000000000000000000e+00
3.507999999999999829e+01,2.214702606201171875e+02,1.750051879882812500e+01,1.538336086273193359e+01,4.000000000000000000e+00
3.510000000000000142e+01,2.216532745361328125e+02,1.748447227478027344e+01,1.536169242858886719e+01,4.000000000000000000e+00
3.511999999999999744e+01,2.218360748291015625e+02,1.746727752685546875e+01,1.534004402160644531e+01,4.000000000000000000e+00
3.514000000000000057e+01,2.220186614990234375e+02,1.744893836975097656e+01,1.531841945648193359e+01,4.000000000000000000e+00
3.516000000000000369e+01,2.222010498046875000e+02,1.742947196960449219e+01,1.529681873321533203e+01,4.000000000000000000e+00
3.517999999999999972e+01,2.223832092285156250e+02,1.740888595581054688e+01,1.527524375915527344e+01,4.000000000000000000e+00
3.520000000000000284e+01,2.225651397705078125e+02,1.738719940185546875e+01,1.525369548797607422e+01,4.000000000000000000e+00
3.521999999999999886e+01,2.227468414306640625e+02,1.736441802978515625e+01,1.523217582702636719e+01,4.000000000000000000e+00
3.524000000000000199e+01,2.229282989501953125e+02,1.734055900573730469e+01,1.521068477630615234e+01,4.000000000000000000e+00
3.525999999999999801e+01,2.231094970703125000e+02,1.731563377380371094e+01,1.518922424316406250e+01,4.000000000000000000e+00
3.528000000000000114e+01,2.232904357910156250e+02,1.728965759277343750e+01,1.516779327392578125e+01,4.000000000000000000e+00
3.530000000000000426e+01,2.234711303710937500e+02,1.726264762878417969e+01,1.514639568328857422e+01,4.000000000000000000e+00
3.532000000000000028e+01,2.236515655517578125e+02,1.723461341857910156e+01,1.512503051757812500e+01,4.000000000000000000e+00
3.534000000000000341e+01,2.238317260742187500e+02,1.720557403564453125e+01,1.510369968414306641e+01,4.000000000000000000e+00
3.535999999999999943e+01,2.240116119384765625e+02,1.717554283142089844e+01,1.508240318298339844e+01,4.000000000000000000e+00
3.538000000000000256e+01,2.241912231445312500e+02,1.714453506469726562e+01,1.506114196777343750e+01,4.000000000000000000e+00
3.539999999999999858e+01,2.243705444335937500e+02,1.711256790161132812e+01,1.503991699218750000e+01,4.000000000000000000e+00
3.542000000000000171e+01,2.245495758056640625e+02,1.707966041564941406e+01,1.501872825622558594e+01,4.000000000000000000e+00
3.543999999999999773e+01,2.247283172607421875e+02,1.704582786560058594e+01,1.499757671356201172e+01,4.000000000000000000e+00
3.546000000000000085e+01,2.249067840576171875e+02,1.701108551025390625e+01,1.497646141052246094e+01,4.000000000000000000e+00
3.548000000000000398e+01,2.250849456787109375e+02,1.697545433044433594e+01,1.495538425445556641e+01,4.000000000000000000e+00
3.550000000000000000e+01,2.252628173828125000e+02,1.693894958496093750e+01,1.493434429168701172e+01,4.000000000000000000e+00
3.552000000000000313e+01,2.254403839111328125e+02,1.690159034729003906e+01,1.491334247589111328e+01,4.000000000000000000e+00
3.553999999999999915e+01,2.256176452636718750e+02,1.686339759826660156e+01,1.489237785339355469e+01,4.000000000000000000e+00
3.556000000000000227e+01,2.257946166992187500e+02,1.682438659667968750e+01,1.487145137786865234e+01,4.000000000000000000e+00
3.557999999999999829e+01,2.259712829589843750e+02,1.678458213806152344e+01,1.485056209564208984e+01,4.000000000000000000e+00
3.560000000000000142e+01,2.261476440429687500e+02,1.674400329589843750e+01,1.482971000671386719e+01,4.000000000000000000e+00
3.561999999999999744e+01,2.263236999511718750e+02,1.670266532897949219e+01,1.480889320373535156e+01,4.000000000000000000e+00
3.564000000000000057e+01,2.264994506835937500e+02,1.666059303283691406e+01,1.478811073303222656e+01,4.000000000000000000e+00
3.566000000000000369e+01,2.266748962402343750e+02,1.661780738830566406e+01,1.476736068725585938e+01,4.000000000000000000e+00
3.567999999999999972e+01,2.268500366210937500e+02,1.657433128356933594e+01,1.474664402008056641e+01,4.000000000000000000e+00
3.570000000000000284e+01,2.270248870849609375e+02,1.653018379211425781e+01,1.472595882415771484e+01,4.000000000000000000e+00
3.571999999999999886e+01,2.271994323730468750e+02,1.648538780212402344e+01,1.470530414581298828e+01,4.000000000000000000e+00
3.574000000000000199e+01,2.273736877441406250e+02,1.643996429443359375e+01,1.468467807769775391e+01,4.000000000000000000e+00
3.575999999999999801e+01,2.275476531982421875e+02,1.639393806457519531e+01,1.466408061981201172e+01,4.000000000000000000e+00
3.578000000000000114e+01,2.277213287353515625e+02,1.634733200073242188e+01,1.464351081848144531e+01,4.000000000000000000e+00
3.580000000000000426e+01,2.278947143554687500e+02,1.630017089843750000e+01,1.462296867370605469e+01,4.000000000000000000e+00
3.582000000000000028e+01,2.280678100585937500e+02,1.625247764587402344e+01,1.460245323181152344e+01,4.000000000000000000e+00
3.584000000000000341e+01,2.282406463623046875e+02,1.620427322387695312e+01,1.458196353912353516e+01,4.000000000000000000e+00
3.585999999999999943e+01,2.284131927490234375e+02,1.615558052062988281e+01,1.456149768829345703e+01,4.000000000000000000e+00
3.588000000000000256e+01,2.285854797363281250e+02,1.610642623901367188e+01,1.454105567932128906e+01,4.000000000000000000e+00
3.589999999999999858e+01,2.287574920654296875e+02,1.605683517456054688e+01,1.452063751220703125e+01,4.000000000000000000e+00
3.592000000000000171e+01,2.289292602539062500e+02,1.600683212280273438e+01,1.450023937225341797e+01,4.000000000000000000e+00
3.593999999999999773e+01,2.291007690429687500e+02,1.595643901824951172e+01,1.447986412048339844e+01,4.000000000000000000e+00
3.596000000000000085e+01,2.292720184326171875e+02,1.590568065643310547e+01,1.445950794219970703e+01,4.000000000000000000e+00
3.598000000000000398e+01,2.294430389404296875e+02,1.585458374023437500e+01,1.443917179107666016e+01,4.000000000000000000e+00
3.600000000000000000e+01,2.296138153076171875e+02,1.580316829681396484e+01,1.441885471343994141e+01,4.000000000000000000e+00
3.602000000000000313e+01,2.297843627929687500e+02,1.575146198272705078e+01,1.439855575561523438e+01,4.000000000000000000e+00
3.603999999999999915e+01,2.299546813964843750e+02,1.569948863983154297e+01,1.437827396392822266e+01,4.000000000000000000e+00
3.606000000000000227e+01,2.301247863769531250e+02,1.564727210998535156e+01,1.435800838470458984e+01,4.000000000000000000e+00
3.607999999999999829e+01,2.302946777343750000e+02,1.559483623504638672e+01,1.433775806427001953e+01,4.000000000000000000e+00
3.610000000000000142e+01,2.304643707275390625e+02,1.554220485687255859e+01,1.431752300262451172e+01,4.000000000000000000e+00
3.611999999999999744e+01,2.306338806152343750e+02,1.548940372467041016e+01,1.429730129241943359e+01,4.000000000000000000e+00
3.614000000000000057e+01,2.308031921386718750e+02,1.543645477294921875e+01,1.427709293365478516e+01,4.000000000000000000e+00
3.616000000000000369e+01,2.309723205566406250e+02,1.538338184356689453e+01,1.425689697265625000e+01,4.000000000000000000e+00
3.617999999999999972e+01,2.311412506103515625e+02,1.533020877838134766e+01,1.423671150207519531e+01,4.000000000000000000e+00
3.620000000000000284e+01,2.313100280761718750e+02,1.527695941925048828e+01,1.421653747558593750e+01,4.000000000000000000e+00
3.621999999999999886e+01,2.314786376953125000e+02,1.522365570068359375e+01,1.419637298583984375e+01,4.000000000000000000e+00
3.624000000000000199e+01,2.316470947265625000e+02,1.517032241821289062e+01,1.417621707916259766e+01,4.000000000000000000e+00
3.625999999999999801e+01,2.318153991699218750e+02,1.511698341369628906e+01,1.415606880187988281e+01,4.000000000000000000e+00
3.628000000000000114e+01,2.319835510253906250e+02,1.506365966796875000e+01,1.413592720031738281e+01,4.000000000000000000e+00
3.630000000000000426e+01,2.321515808105468750e+02,1.501037406921386719e+01,1.411579132080078125e+01,4.000000000000000000e+00
3.632000000000000028e+01,2.323194732666015625e+02,1.495714950561523438e+01,1.409566020965576172e+01,4.000000000000000000e+00
3.634000000000000341e+01,2.324872436523437500e+02,1.490400981903076172e+01,1.407553291320800781e+01,4.000000000000000000e+00
3.635999999999999943e+01,2.326549072265625000e+02,1.485097599029541016e+01,1.405540847778320312e+01,4.000000000000000000e+00
3.638000000000000256e+01,2.328224639892578125e+02,1.479807090759277344e+01,1.403528594970703125e+01,4.000000000000000000e+00
3.639999999999999858e+01,2.329898986816406250e+02,1.474531555175781250e+01,1.401516342163085938e+01,4.000000000000000000e+00
3.642000000000000171e+01,2.331572570800781250e+02,1.469273185729980469e+01,1.399504089355468750e+01,4.000000000000000000e+00
3.643999999999999773e+01,2.333245239257812500e+02,1.464034366607666016e+01,1.397491359710693359e+01,4.000000000000000000e+00
3.646000000000000085e+01,2.334916992187500000e+02,1.458817195892333984e+01,1.395478343963623047e+01,4.000000000000000000e+00
3.648000000000000398e+01,2.336587982177734375e+02,1.453623771667480469e+01,1.393464851379394531e+01,4.000000000000000000e+00
3.650000000000000000e+01,2.338258361816406250e+02,1.448456192016601562e+01,1.391450786590576172e+01,4.000000000000000000e+00
3.652000000000000313e+01,2.339928131103515625e+02,1.443316650390625000e+01,1.389435958862304688e+01,4.000000000000000000e+00
3.653999999999999915e+01,2.341597442626953125e+02,1.438207340240478516e+01,1.387420177459716797e+01,4.000000000000000000e+00
3.656000000000000227e+01,2.343265991210937500e+02,1.433130455017089844e+01,1.385403251647949219e+01,4.000000000000000000e+00
3.657999999999999829e+01,2.344934234619140625e+02,1.428087902069091797e+01,1.383385181427001953e+01,4.000000000000000000e+00
3.660000000000000142e+01,2.346602020263671875e+02,1.423081684112548828e+01,1.381365776062011719e+01,4.000000000000000000e+00
3.661999999999999744e+01,2.348269500732421875e+02,1.418113994598388672e+01,1.379344844818115234e+01,4.000000000000000000e+00
3.664000000000000057e+01,2.349936523437500000e+02,1.413187026977539062e+01,1.377322292327880859e+01,4.000000000000000000e+00
3.666000000000000369e+01,2.351603546142578125e+02,1.408302688598632812e+01,1.375297832489013672e+01,4.000000000000000000e+00
3.667999999999999972e+01,2.353270568847656250e+02,1.403462982177734375e+01,1.373271274566650391e+01,4.000000000000000000e+00
3.670000000000000284e+01,2.354937286376953125e+02,1.398670005798339844e+01,1.371242809295654297e+01,4.000000000000000000e+00
3.671999999999999886e+01,2.356603546142578125e+02,1.393925952911376953e+01,1.369211959838867188e+01,4.000000000000000000e+00
3.674000000000000199e+01,2.358269805908203125e+02,1.389232540130615234e+01,1.367178535461425781e+01,4.000000000000000000e+00
3.675999999999999801e+01,2.359936065673828125e+02,1.384591865539550781e+01,1.365142345428466797e+01,4.000000000000000000e+00
3.678000000000000114e+01,2.361602630615234375e+02,1.380006027221679688e+01,1.363103294372558594e+01,4.000000000000000000e+00
3.680000000000000426e+01,2.363269653320312500e+02,1.375477027893066406e+01,1.361061286926269531e+01,4.000000000000000000e+00
3.682000000000000028e+01,2.364936676025390625e+02,1.371006679534912109e+01,1.359016036987304688e+01,4.000000000000000000e+00
3.684000000000000341e+01,2.366603698730468750e+02,1.366596984863281250e+01,1.356967449188232422e+01,4.000000000000000000e+00
3.685999999999999943e+01,2.368270721435546875e+02,1.362250041961669922e+01,1.354915237426757812e+01,4.000000000000000000e+00
3.688000000000000256e+01,2.369938507080078125e+02,1.357967758178710938e+01,1.352859306335449219e+01,4.000000000000000000e+00
3.689999999999999858e+01,2.371606292724609375e+02,1.353752040863037109e+01,1.350799560546875000e+01,4.000000000000000000e+00
3.692000000000000171e+01,2.373274383544921875e+02,1.349604892730712891e+01,1.348735618591308594e+01,4.000000000000000000e+00
3.693999999999999773e+01,2.374942932128906250e+02,1.345528030395507812e+01,1.346667480468750000e+01,4.000000000000000000e+00
3.696000000000000085e+01,2.376611785888671875e+02,1.341523647308349609e+01,1.344594955444335938e+01,4.000000000000000000e+00
3.698000000000000398e+01,2.378281097412109375e+02,1.337593460083007812e+01,1.342517852783203125e+01,4.000000000000000000e+00
3.700000000000000000e+01,2.379950714111328125e+02,1.333739566802978516e+01,1.340435981750488281e+01,4.000000000000000000e+00
3.702000000000000313e+01,2.381620788574218750e+02,1.329963874816894531e+01,1.338349342346191406e+01,4.000000000000000000e+00
3.703999999999999915e+01,2.383291473388671875e+02,1.326268005371093750e+01,1.336257457733154297e+01,4.000000000000000000e+00
3.706000000000000227e+01,2.384962463378906250e+02,1.322654151916503906e+01,1.334160232543945312e+01,4.000000000000000000e+00
3.707999999999999829e+01,2.386634063720703125e+02,1.319124031066894531e+01,1.332057476043701172e+01,4.000000000000000000e+00
3.710000000000000142e+01,2.388306121826171875e+02,1.315679550170898438e+01,1.329949092864990234e+01,4.000000000000000000e+00
3.711999999999999744e+01,2.389978485107421875e+02,1.312322616577148438e+01,1.327834892272949219e+01,4.000000000000000000e+00
3.714000000000000057e+01,2.391651611328125000e+02,1.309054851531982422e+01,1.325714778900146484e+01,4.000000000000000000e+00
3.716000000000000369e+01,2.393325042724609375e+02,1.305878067016601562e+01,1.323588657379150391e+01,4.000000000000000000e+00
3.717999999999999972e+01,2.394998931884765625e+02,1.302794075012207031e+01,1.321456623077392578e+01,4.000000000000000000e+00
3.720000000000000284e+01,2.396673431396484375e+02,1.299804782867431641e+01,1.319318580627441406e+01,4.000000000000000000e+00
3.721999999999999886e+01,2.398348236083984375e+02,1.296911525726318359e+01,1.317174625396728516e+01,4.000000000000000000e+00
3.724000000000000199e+01,2.400023651123046875e+02,1.294116306304931641e+01,1.315024662017822266e+01,4.000000000000000000e+00
3.725999999999999801e+01,2.401699218750000000e+02,1.291420745849609375e+01,1.312868785858154297e+01,4.000000000000000000e+00
3.728000000000000114e+01,2.403375396728515625e+02,1.288826370239257812e+01,1.310706996917724609e+01,4.000000000000000000e+00
3.730000000000000426e+01,2.405051727294921875e+02,1.286334609985351562e+01,1.308539581298828125e+01,4.000000000000000000e+00
3.732000000000000028e+01,2.406728668212890625e+02,1.283947086334228516e+01,1.306366634368896484e+01,4.000000000000000000e+00
3.734000000000000341e+01,2.408405609130859375e+02,1.281665134429931641e+01,1.304188251495361328e+01,4.000000000000000000e+00
3.735999999999999943e+01,2.410082702636718750e+02,1.279490280151367188e+01,1.302004623413085938e+01,4.000000000000000000e+00
3.738000000000000256e+01,2.411760406494140625e+02,1.277423858642578125e+01,1.299815940856933594e+01,4.000000000000000000e+00
3.739999999999999858e+01,2.413438110351562500e+02,1.275467014312744141e+01,1.297622489929199219e+01,4.000000000000000000e+00
3.742000000000000171e+01,2.415115814208984375e+02,1.273620986938476562e+01,1.295424270629882812e+01,4.000000000000000000e+00
3.743999999999999773e+01,2.416793518066406250e+02,1.271887016296386719e+01,1.293221759796142578e+01,4.000000000000000000e+00
3.746000000000000085e+01,2.418471221923828125e+02,1.270266246795654297e+01,1.291015148162841797e+01,4.000000000000000000e+00
3.748000000000000398e+01,2.420148925781250000e+02,1.268759441375732422e+01,1.288804626464843750e+01,4.000000000000000000e+00
3.750000000000000000e+01,2.421826477050781250e+02,1.267367935180664062e+01,1.286590576171875000e+01,4.000000000000000000e+00
3.752000000000000313e+01,2.423503417968750000e+02,1.266092395782470703e+01,1.284373283386230469e+01,4.000000000000000000e+00
3.753999999999999915e+01,2.425180358886718750e+02,1.264933681488037109e+01,1.282152843475341797e+01,4.000000000000000000e+00
3.756000000000000227e+01,2.426856689453125000e+02,1.263892364501953125e+01,1.279929733276367188e+01,4.000000000000000000e+00
3.757999999999999829e+01,2.428532714843750000e+02,1.262969303131103516e+01,1.277703857421875000e+01,4.000000000000000000e+00
3.760000000000000142e+01,2.430208129882812500e+02,1.262164974212646484e+01,1.275476074218750000e+01,4.000000000000000000e+00
3.761999999999999744e+01,2.431882934570312500e+02,1.261480140686035156e+01,1.273246192932128906e+01,4.000000000000000000e+00
3.764000000000000057e+01,2.433556976318359375e+02,1.260915184020996094e+01,1.271014595031738281e+01,4.000000000000000000e+00
3.766000000000000369e+01,2.435230255126953125e+02,1.260470390319824219e+01,1.268781566619873047e+01,4.000000000000000000e+00
3.767999999999999972e+01,2.436902770996093750e+02,1.260146331787109375e+01,1.266547203063964844e+01,4.000000000000000000e+00
3.770000000000000284e+01,2.438574218750000000e+02,1.259943103790283203e+01,1.264311981201171875e+01,4.000000000000000000e+00
3.771999999999999886e+01,2.440244598388671875e+02,1.259860992431640625e+01,1.262075996398925781e+01,4.000000000000000000e+00
3.774000000000000199e+01,2.441913909912109375e+02,1.259900093078613281e+01,1.259839534759521484e+01,4.000000000000000000e+00
3.775999999999999801e+01,2.443582000732421875e+02,1.260060501098632812e+01,1.257602691650390625e+01,4.000000000000000000e+00
3.778000000000000114e+01,2.445248718261718750e+02,1.260342311859130859e+01,1.255365848541259766e+01,4.000000000000000000e+00
3.780000000000000426e+01,2.446913909912109375e+02,1.260745429992675781e+01,1.253129196166992188e+01,4.000000000000000000e+00
3.782000000000000028e+01,2.448577575683593750e+02,1.261269760131835938e+01,1.250892925262451172e+01,4.000000000000000000e+00
3.784000000000000341e+01,2.450239715576171875e+02,1.261915206909179688e+01,1.248657226562500000e+01,4.000000000000000000e+00
3.785999999999999943e+01,2.451900024414062500e+02,1.262681484222412109e+01,1.246422290802001953e+01,4.000000000000000000e+00
3.788000000000000256e+01,2.453558654785156250e+02,1.263568401336669922e+01,1.244188213348388672e+01,4.000000000000000000e+00
3.789999999999999858e+01,2.455215606689453125e+02,1.264575576782226562e+01,1.241955280303955078e+01,4.000000000000000000e+00
3.792000000000000171e+01,2.456870422363281250e+02,1.265702724456787109e+01,1.239723587036132812e+01,4.000000000000000000e+00
3.793999999999999773e+01,2.458523101806640625e+02,1.266949558258056641e+01,1.237493324279785156e+01,4.000000000000000000e+00
3.796000000000000085e+01,2.460173797607421875e+02,1.268315315246582031e+01,1.235264778137207031e+01,4.000000000000000000e+00
3.798000000000000398e+01,2.461822204589843750e+02,1.269799709320068359e+01,1.233037853240966797e+01,4.000000000000000000e+00
3.800000000000000000e+01,2.463468322753906250e+02,1.271402168273925781e+01,1.230812931060791016e+01,4.000000000000000000e+00
3.802000000000000313e+01,2.465112152099609375e+02,1.273122024536132812e+01,1.228590011596679688e+01,4.000000000000000000e+00
3.803999999999999915e+01,2.466753540039062500e+02,1.274958705902099609e+01,1.226369380950927734e+01,4.000000000000000000e+00
3.806000000000000227e+01,2.468392333984375000e+02,1.276911449432373047e+01,1.224151134490966797e+01,4.000000000000000000e+00
3.807999999999999829e+01,2.470028533935546875e+02,1.278979682922363281e+01,1.221935462951660156e+01,4.000000000000000000e+00
3.810000000000000142e+01,2.471661987304687500e+02,1.281162643432617188e+01,1.219722461700439453e+01,4.000000000000000000e+00
3.811999999999999744e+01,2.473292694091796875e+02,1.283459377288818359e+01,1.217512321472167969e+01,4.000000000000000000e+00
3.814000000000000057e+01,2.474920501708984375e+02,1.285869121551513672e+01,1.215305233001708984e+01,4.000000000000000000e+00
3.816000000000000369e+01,2.476545410156250000e+02,1.288391113281250000e+01,1.213101100921630859e+01,4.000000000000000000e+00
3.817999999999999972e+01,2.478167419433593750e+02,1.291024303436279297e+01,1.210900306701660156e+01,4.000000000000000000e+00
3.820000000000000284e+01,2.479786376953125000e+02,1.293767929077148438e+01,1.208702945709228516e+01,4.000000000000000000e+00
3.821999999999999886e+01,2.481402282714843750e+02,1.296620845794677734e+01,1.206509113311767578e+01,4.000000000000000000e+00
3.824000000000000199e+01,2.483014984130859375e+02,1.299582195281982422e+01,1.204319000244140625e+01,4.000000000000000000e+00
3.825999999999999801e+01,2.484624481201171875e+02,1.302650928497314453e+01,1.202132701873779297e+01,4.000000000000000000e+00
3.828000000000000114e+01,2.486230621337890625e+02,1.305825805664062500e+01,1.199950408935546875e+01,4.000000000000000000e+00
3.830000000000000426e+01,2.487833557128906250e+02,1.309105968475341797e+01,1.197772121429443359e+01,4.000000000000000000e+00
3.832000000000000028e+01,2.489432983398437500e+02,1.312490081787109375e+01,1.195598125457763672e+01,4.000000000000000000e+00
3.834000000000000341e+01,2.491029052734375000e+02,1.315977096557617188e+01,1.193428516387939453e+01,4.000000000000000000e+00
3.835999999999999943e+01,2.492621307373046875e+02,1.319565773010253906e+01,1.191263484954833984e+01,4.000000000000000000e+00
3.838000000000000256e+01,2.494210510253906250e+02,1.323254966735839844e+01,1.189102935791015625e+01,4.000000000000000000e+00
3.839999999999999858e+01,2.495795898437500000e+02,1.327043342590332031e+01,1.186947154998779297e+01,4.000000000000000000e+00
3.842000000000000171e+01,2.497377471923828125e+02,1.330929565429687500e+01,1.184796619415283203e+01,4.000000000000000000e+00
3.843999999999999773e+01,2.498955383300781250e+02,1.334912490844726562e+01,1.182650947570800781e+01,4.000000000000000000e+00
3.846000000000000085e+01,2.500530090332031250e+02,1.338990688323974609e+01,1.180510425567626953e+01,4.000000000000000000e+00
3.848000000000000398e+01,2.502100982666015625e+02,1.343162918090820312e+01,1.178375244140625000e+01,4.000000000000000000e+00
3.850000000000000000e+01,2.503668060302734375e+02,1.347427654266357422e+01,1.176245498657226562e+01,4.000000000000000000e+00
3.852000000000000313e+01,2.505231323242187500e+02,1.351783466339111328e+01,1.174121189117431641e+01,4.000000000000000000e+00
3.853999999999999915e+01,2.506790771484375000e+02,1.356228828430175781e+01,1.172002601623535156e+01,4.000000000000000000e+00
3.856000000000000227e+01,2.508346405029296875e+02,1.360762405395507812e+01,1.169889831542968750e+01,4.000000000000000000e+00
3.857999999999999829e+01,2.509898223876953125e+02,1.365382480621337891e+01,1.167782783508300781e+01,4.000000000000000000e+00
3.860000000000000142e+01,2.511446228027343750e+02,1.370087718963623047e+01,1.165681743621826172e+01,4.000000000000000000e+00
3.861999999999999744e+01,2.512990417480468750e+02,1.374876499176025391e+01,1.163586807250976562e+01,4.000000000000000000e+00
3.864000000000000057e+01,2.514530792236328125e+02,1.379747200012207031e+01,1.161498069763183594e+01,4.000000000000000000e+00
3.866000000000000369e+01,2.516067352294921875e+02,1.384698104858398438e+01,1.159415531158447266e+01,4.000000000000000000e+00
3.867999999999999972e+01,2.517600097656250000e+02,1.389727592468261719e+01,1.157339382171630859e+01,4.000000000000000000e+00
3.870000000000000284e+01,2.519128417968750000e+02,1.394834041595458984e+01,1.155269432067871094e+01,4.000000000000000000e+00
3.871999999999999886e+01,2.520652770996093750e+02,1.400015640258789062e+01,1.153205871582031250e+01,4.000000000000000000e+00
3.874000000000000199e+01,2.522173309326171875e+02,1.405270481109619141e+01,1.151148605346679688e+01,4.000000000000000000e+00
3.875999999999999801e+01,2.523690032958984375e+02,1.410596847534179688e+01,1.149097633361816406e+01,4.000000000000000000e+00
3.878000000000000114e+01,2.525203704833984375e+02,1.415993022918701172e+01,1.147052955627441406e+01,4.000000000000000000e+00
3.880000000000000426e+01,2.526713562011718750e+02,1.421457004547119141e+01,1.145014667510986328e+01,4.000000000000000000e+00
3.882000000000000028e+01,2.528219604492187500e+02,1.426986789703369141e+01,1.142982673645019531e+01,4.000000000000000000e+00
3.884000000000000341e+01,2.529721832275390625e+02,1.432580757141113281e+01,1.140957069396972656e+01,4.000000000000000000e+00
3.885999999999999943e+01,2.531220245361328125e+02,1.438236808776855469e+01,1.138937854766845703e+01,4.000000000000000000e+00
3.888000000000000256e+01,2.532714996337890625e+02,1.443953037261962891e+01,1.136924934387207031e+01,4.000000000000000000e+00
3.889999999999999858e+01,2.534206542968750000e+02,1.449727535247802734e+01,1.134918403625488281e+01,4.000000000000000000e+00
3.892000000000000171e+01,2.535694274902343750e+02,1.455558204650878906e+01,1.132918357849121094e+01,4.000000000000000000e+00
3.893999999999999773e+01,2.537178802490234375e+02,1.461443138122558594e+01,1.130924797058105469e+01,4.000000000000000000e+00
3.896000000000000085e+01,2.538659667968750000e+02,1.467380332946777344e+01,1.128937721252441406e+01,4.000000000000000000e+00
3.898000000000000398e+01,2.540137481689453125e+02,1.473367691040039062e+01,1.126957321166992188e+01,4.000000000000000000e+00
3.900000000000000000e+01,2.541611938476562500e+02,1.479403305053710938e+01,1.124983501434326172e+01,4.000000000000000000e+00
3.902000000000000313e+01,2.543083038330078125e+02,1.485485076904296875e+01,1.123016357421875000e+01,4.000000000000000000e+00
3.903999999999999915e+01,2.544551086425781250e+02,1.491611003875732422e+01,1.121055984497070312e+01,4.000000000000000000e+00
3.906000000000000227e+01,2.546016082763671875e+02,1.497779178619384766e+01,1.119102382659912109e+01,4.000000000000000000e+00
3.907999999999999829e+01,2.547478027343750000e+02,1.503987503051757812e+01,1.117155551910400391e+01,4.000000000000000000e+00
3.910000000000000142e+01,2.548937072753906250e+02,1.510234069824218750e+01,1.115215778350830078e+01,4.000000000000000000e+00
3.911999999999999744e+01,2.550393066406250000e+02,1.516516685485839844e+01,1.113282871246337891e+01,4.000000000000000000e+00
3.914000000000000057e+01,2.551846313476562500e+02,1.522833347320556641e+01,1.111356925964355469e+01,4.000000000000000000e+00
3.916000000000000369e+01,2.553296813964843750e+02,1.529182243347167969e+01,1.109438133239746094e+01,4.000000000000000000e+00
3.917999999999999972e+01,2.554744567871093750e+02,1.535561180114746094e+01,1.107526493072509766e+01,4.000000000000000000e+00
3.920000000000000284e+01,2.556189880371093750e+02,1.541968250274658203e+01,1.105622100830078125e+01,4.000000000000000000e+00
3.921999999999999886e+01,2.557632598876953125e+02,1.548401355743408203e+01,1.103725242614746094e+01,4.000000000000000000e+00
3.924000000000000199e+01,2.559072875976562500e+02,1.554858493804931641e+01,1.101835632324218750e+01,4.000000000000000000e+00
3.925999999999999801e+01,2.560510864257812500e+02,1.561337661743164062e+01,1.099953556060791016e+01,4.000000000000000000e+00
3.928000000000000114e+01,2.561946411132812500e+02,1.567836952209472656e+01,1.098079109191894531e+01,4.000000000000000000e+00
3.930000000000000426e+01,2.563379821777343750e+02,1.574354267120361328e+01,1.096212291717529297e+01,4.000000000000000000e+00
3.932000000000000028e+01,2.564811096191406250e+02,1.580887508392333984e+01,1.094353294372558594e+01,4.000000000000000000e+00
3.934000000000000341e+01,2.566240234375000000e+02,1.587434768676757812e+01,1.092502021789550781e+01,4.000000000000000000e+00
3.935999999999999943e+01,2.567667541503906250e+02,1.593993949890136719e+01,1.090658664703369141e+01,4.000000000000000000e+00
3.938000000000000256e+01,2.569093017578125000e+02,1.600563240051269531e+01,1.088823318481445312e+01,4.000000000000000000e+00
3.939999999999999858e+01,2.570516662597656250e+02,1.607140541076660156e+01,1.086995887756347656e+01,4.000000000000000000e+00
3.942000000000000171e+01,2.571938476562500000e+02,1.613723754882812500e+01,1.085176658630371094e+01,4.000000000000000000e+00
3.943999999999999773e+01,2.573358764648437500e+02,1.620310974121093750e+01,1.083365631103515625e+01,4.000000000000000000e+00
3.946000000000000085e+01,2.574777526855468750e+02,1.626900291442871094e+01,1.081562805175781250e+01,4.000000000000000000e+00
3.948000000000000398e+01,2.576195068359375000e+02,1.633489608764648438e+01,1.079768562316894531e+01,4.000000000000000000e+00
3.950000000000000000e+01,2.577611083984375000e+02,1.640076828002929688e+01,1.077982807159423828e+01,4.000000000000000000e+00
3.952000000000000313e+01,2.579025573730468750e+02,1.646660041809082031e+01,1.076205825805664062e+01,4.000000000000000000e+00
3.953999999999999915e+01,2.580439147949218750e+02,1.653237342834472656e+01,1.074437904357910156e+01,4.000000000000000000e+00
3.956000000000000227e+01,2.581851806640625000e+02,1.659806632995605469e+01,1.072679328918457031e+01,4.000000000000000000e+00
3.957999999999999829e+01,2.583263244628906250e+02,1.666365814208984375e+01,1.070931148529052734e+01,4.000000000000000000e+00
3.960000000000000142e+01,2.584673767089843750e+02,1.672913360595703125e+01,1.069194030761718750e+01,4.000000000000000000e+00
3.961999999999999744e+01,2.586083679199218750e+02,1.679446983337402344e+01,1.067467784881591797e+01,4.000000000000000000e+00
3.964000000000000057e+01,2.587492370605468750e+02,1.685964584350585938e+01,1.065752220153808594e+01,4.000000000000000000e+00
3.966000000000000369e+01,2.588900756835937500e+02,1.692464637756347656e+01,1.064047241210937500e+01,4.000000000000000000e+00
3.967999999999999972e+01,2.590308837890625000e+02,1.698944854736328125e+01,1.062352466583251953e+01,4.000000000000000000e+00
3.970000000000000284e+01,2.591715698242187500e+02,1.705402946472167969e+01,1.060667800903320312e+01,4.000000000000000000e+00
3.971999999999999886e+01,2.593122558593750000e+02,1.711837196350097656e+01,1.058993148803710938e+01,4.000000000000000000e+00
3.974000000000000199e+01,2.594529418945312500e+02,1.718245697021484375e+01,1.057328033447265625e+01,4.000000000000000000e+00
3.975999999999999801e+01,2.595936279296875000e+02,1.724626541137695312e+01,1.055672454833984375e+01,4.000000000000000000e+00
3.978000000000000114e+01,2.597343139648437500e+02,1.730977249145507812e+01,1.054026412963867188e+01,4.000000000000000000e+00
3.980000000000000426e+01,2.598750000000000000e+02,1.737296104431152344e+01,1.052389907836914062e+01,4.000000000000000000e+00
3.982000000000000028e+01,2.600156860351562500e+02,1.743580818176269531e+01,1.050762748718261719e+01,4.000000000000000000e+00
3.984000000000000341e+01,2.601563720703125000e+02,1.749829483032226562e+01,1.049144744873046875e+01,4.000000000000000000e+00
3.985999999999999943e+01,2.602970581054687500e+02,1.756040000915527344e+01,1.047535800933837891e+01,4.000000000000000000e+00
3.988000000000000256e+01,2.604377441406250000e+02,1.762210273742675781e+01,1.045935821533203125e+01,4.000000000000000000e+00
3.989999999999999858e+01,2.605784301757812500e+02,1.768338394165039062e+01,1.044344615936279297e+01,4.000000000000000000e+00
3.992000000000000171e+01,2.607191772460937500e+02,1.774422073364257812e+01,1.042762184143066406e+01,4.000000000000000000e+00
3.993999999999999773e+01,2.608600158691406250e+02,1.780458831787109375e+01,1.041188430786132812e+01,4.000000000000000000e+00
3.996000000000000085e+01,2.610008544921875000e+02,1.786447143554687500e+01,1.039623260498046875e+01,4.000000000000000000e+00
3.998000000000000398e+01,2.611417846679687500e+02,1.792384719848632812e+01,1.038066482543945312e+01,4.000000000000000000e+00
4.000000000000000000e+01,2.612827758789062500e+02,1.798269462585449219e+01,1.036518096923828125e+01,4.000000000000000000e+00
4.002000000000000313e+01,2.614238281250000000e+02,1.804099082946777344e+01,1.034977817535400391e+01,4.000000000000000000e+00
4.003999999999999915e+01,2.615649719238281250e+02,1.809871482849121094e+01,1.033445549011230469e+01,4.000000000000000000e+00
4.006000000000000227e+01,2.617062072753906250e+02,1.815584564208984375e+01,1.031921291351318359e+01,4.000000000000000000e+00
4.007999999999999829e+01,2.618475036621093750e+02,1.821236038208007812e+01,1.030404853820800781e+01,4.000000000000000000e+00
4.010000000000000142e+01,2.619889221191406250e+02,1.826823806762695312e+01,1.028896045684814453e+01,4.000000000000000000e+00
4.011999999999999744e+01,2.621304321289062500e+02,1.832345581054687500e+01,1.027394866943359375e+01,4.000000000000000000e+00
4.014000000000000057e+01,2.622720336914062500e+02,1.837799453735351562e+01,1.025900936126708984e+01,4.000000000000000000e+00
4.016000000000000369e+01,2.624137878417968750e+02,1.843182945251464844e+01,1.024414157867431641e+01,4.000000000000000000e+00
4.017999999999999972e+01,2.625556335449218750e+02,1.848494148254394531e+01,1.022934532165527344e+01,4.000000000000000000e+00
4.020000000000000284e+01,2.626975708007812500e+02,1.853730773925781250e+01,1.021461582183837891e+01,4.000000000000000000e+00
4.021999999999999886e+01,2.628396301269531250e+02,1.858890724182128906e+01,1.019995212554931641e+01,4.000000000000000000e+00
4.024000000000000199e+01,2.629818420410156250e+02,1.863971710205078125e+01,1.018535327911376953e+01,4.000000000000000000e+00
4.025999999999999801e+01,2.631241760253906250e+02,1.868971443176269531e+01,1.017081546783447266e+01,4.000000000000000000e+00
4.028000000000000114e+01,2.632666320800781250e+02,1.873887634277343750e+01,1.015633773803710938e+01,4.000000000000000000e+00
4.030000000000000426e+01,2.634092407226562500e+02,1.878718376159667969e+01,1.014191627502441406e+01,4.000000000000000000e+00
4.032000000000000028e+01,2.635519714355468750e+02,1.883461189270019531e+01,1.012755012512207031e+01,4.000000000000000000e+00
4.034000000000000341e+01,2.636948242187500000e+02,1.888114166259765625e+01,1.011323547363281250e+01,4.000000000000000000e+00
4.035999999999999943e+01,2.638378295898437500e+02,1.892674827575683594e+01,1.009896850585937500e+01,4.000000000000000000e+00
4.038000000000000256e+01,2.639809570312500000e+02,1.897140884399414062e+01,1.008474922180175781e+01,4.000000000000000000e+00
4.039999999999999858e+01,2.641242370605468750e+02,1.901510810852050781e+01,1.007057762145996094e+01,4.000000000000000000e+00
4.042000000000000171e+01,2.642676696777343750e+02,1.905782127380371094e+01,1.005644893646240234e+01,4.000000000000000000e+00
4.043999999999999773e+01,2.644112243652343750e+02,1.909952735900878906e+01,1.004236221313476562e+01,4.000000000000000000e+00
4.046000000000000085e+01,2.645549316406250000e+02,1.914020538330078125e+01,1.002831554412841797e+01,4.000000000000000000e+00
4.048000000000000398e+01,2.646987609863281250e+02,1.917983627319335938e+01,1.001430702209472656e+01,4.000000000000000000e+00
4.050000000000000000e+01,2.648427429199218750e+02,1.921839904785156250e+01,1.000033664703369141e+01,4.000000000000000000e+00
4.052000000000000313e+01,2.649868469238281250e+02,1.925586891174316406e+01,9.986402511596679688e+00,4.000000000000000000e+00
4.053999999999999915e+01,2.651310729980468750e+02,1.929223442077636719e+01,9.972503662109375000e+00,4.000000000000000000e+00
4.056000000000000227e+01,2.652754211425781250e+02,1.932747268676757812e+01,9.958638191223144531e+00,4.000000000000000000e+00
4.057999999999999829e+01,2.654199218750000000e+02,1.936156463623046875e+01,9.944807052612304688e+00,4.000000000000000000e+00
4.060000000000000142e+01,2.655645141601562500e+02,1.939449119567871094e+01,9.931007385253906250e+00,4.000000000000000000e+00
4.061999999999999744e+01,2.657091979980468750e+02,1.942623901367187500e+01,9.917240142822265625e+00,4.000000000000000000e+00
4.064000000000000057e+01,2.658540039062500000e+02,1.945678520202636719e+01,9.903504371643066406e+00,4.000000000000000000e+00
4.066000000000000369e+01,2.659989318847656250e+02,1.948611640930175781e+01,9.889799118041992188e+00,4.000000000000000000e+00
4.067999999999999972e+01,2.661438903808593750e+02,1.951421165466308594e+01,9.876125335693359375e+00,4.000000000000000000e+00
4.070000000000000284e+01,2.662890014648437500e+02,1.954106140136718750e+01,9.862482070922851562e+00,4.000000000000000000e+00
4.071999999999999886e+01,2.664341125488281250e+02,1.956664848327636719e+01,9.848870277404785156e+00,4.000000000000000000e+00
4.074000000000000199e+01,2.665793762207031250e+02,1.959095764160156250e+01,9.835289955139160156e+00,4.000000000000000000e+00
4.075999999999999801e+01,2.667246398925781250e+02,1.961397552490234375e+01,9.821741104125976562e+00,4.000000000000000000e+00
4.078000000000000114e+01,2.668699645996093750e+02,1.963568878173828125e+01,9.808224678039550781e+00,4.000000000000000000e+00
4.080000000000000426e+01,2.670153808593750000e+02,1.965608406066894531e+01,9.794741630554199219e+00,4.000000000000000000e+00
4.082000000000000028e+01,2.671607971191406250e+02,1.967515373229980469e+01,9.781292915344238281e+00,4.000000000000000000e+00
4.084000000000000341e+01,2.673062133789062500e+02,1.969288253784179688e+01,9.767878532409667969e+00,4.000000000000000000e+00
4.085999999999999943e+01,2.674516296386718750e+02,1.970926284790039062e+01,9.754500389099121094e+00,4.000000000000000000e+00
4.088000000000000256e+01,2.675970458984375000e+02,1.972428512573242188e+01,9.741159439086914062e+00,4.000000000000000000e+00
4.089999999999999858e+01,2.677424621582031250e+02,1.973794364929199219e+01,9.727858543395996094e+00,4.000000000000000000e+00
4.092000000000000171e+01,2.678878784179687500e+02,1.975022697448730469e+01,9.714597702026367188e+00,4.000000000000000000e+00
4.093999999999999773e+01,2.680332641601562500e+02,1.976112747192382812e+01,9.701378822326660156e+00,4.000000000000000000e+00
4.096000000000000085e+01,2.681785278320312500e+02,1.977064514160156250e+01,9.688203811645507812e+00,4.000000000000000000e+00
4.098000000000000398e+01,2.683237915039062500e+02,1.977877044677734375e+01,9.675072669982910156e+00,4.000000000000000000e+00
4.100000000000000000e+01,2.684689331054687500e+02,1.978549957275390625e+01,9.661988258361816406e+00,4.000000000000000000e+00
4.102000000000000313e+01,2.686140136718750000e+02,1.979083061218261719e+01,9.648953437805175781e+00,4.000000000000000000e+00
4.103999999999999915e+01,2.687589721679687500e+02,1.979475975036621094e+01,9.635969161987304688e+00,4.000000000000000000e+00
4.106000000000000227e+01,2.689038085937500000e+02,1.979728507995605469e+01,9.623038291931152344e+00,4.000000000000000000e+00
4.107999999999999829e+01,2.690485229492187500e+02,1.979840469360351562e+01,9.610161781311035156e+00,4.000000000000000000e+00
4.110000000000000142e+01,2.691930847167968750e+02,1.979812049865722656e+01,9.597341537475585938e+00,4.000000000000000000e+00
4.111999999999999744e+01,2.693374938964843750e+02,1.979643058776855469e+01,9.584580421447753906e+00,4.000000000000000000e+00
4.114000000000000057e+01,2.694817504882812500e+02,1.979333877563476562e+01,9.571878433227539062e+00,4.000000000000000000e+00
4.116000000000000369e+01,2.696258239746093750e+02,1.978884506225585938e+01,9.559239387512207031e+00,4.000000000000000000e+00
4.117999999999999972e+01,2.697696533203125000e+02,1.978295326232910156e+01,9.546663284301757812e+00,4.000000000000000000e+00
4.120000000000000284e+01,2.699132995605468750e+02,1.977566528320312500e+01,9.534153938293457031e+00,4.000000000000000000e+00
4.121999999999999886e+01,2.700566711425781250e+02,1.976698684692382812e+01,9.521713256835937500e+00,4.000000000000000000e+00
4.124000000000000199e+01,2.701998596191406250e+02,1.975692558288574219e+01,9.509344100952148438e+00,4.000000000000000000e+00
4.125999999999999801e+01,2.703427734375000000e+02,1.974548149108886719e+01,9.497046470642089844e+00,4.000000000000000000e+00
4.128000000000000114e+01,2.704853820800781250e+02,1.973266220092773438e+01,9.484821319580078125e+00,4.000000000000000000e+00
4.130000000000000426e+01,2.706277465820312500e+02,1.971847724914550781e+01,9.472672462463378906e+00,4.000000000000000000e+00
4.132000000000000028e+01,2.707698059082031250e+02,1.970293235778808594e+01,9.460601806640625000e+00,4.000000000000000000e+00
4.134000000000000341e+01,2.709115295410156250e+02,1.968603706359863281e+01,9.448611259460449219e+00,4.000000000000000000e+00
4.135999999999999943e+01,2.710529479980468750e+02,1.966779708862304688e+01,9.436703681945800781e+00,4.000000000000000000e+00
4.138000000000000256e+01,2.711940307617187500e+02,1.964822769165039062e+01,9.424879074096679688e+00,4.000000000000000000e+00
4.139999999999999858e+01,2.713347473144531250e+02,1.962733268737792969e+01,9.413139343261718750e+00,4.000000000000000000e+00
4.142000000000000171e+01,2.714750976562500000e+02,1.960512542724609375e+01,9.401487350463867188e+00,4.000000000000000000e+00
4.143999999999999773e+01,2.716150512695312500e+02,1.958161735534667969e+01,9.389925003051757812e+00,4.000000000000000000e+00
4.146000000000000085e+01,2.717546386718750000e+02,1.955682182312011719e+01,9.378454208374023438e+00,4.000000000000000000e+00
4.148000000000000398e+01,2.718938293457031250e+02,1.953074645996093750e+01,9.367076873779296875e+00,4.000000000000000000e+00
4.150000000000000000e+01,2.720326538085937500e+02,1.950340843200683594e+01,9.355794906616210938e+00,4.000000000000000000e+00
4.152000000000000313e+01,2.721710205078125000e+02,1.947481727600097656e+01,9.344610214233398438e+00,4.000000000000000000e+00
4.153999999999999915e+01,2.723089599609375000e+02,1.944499015808105469e+01,9.333524703979492188e+00,4.000000000000000000e+00
4.156000000000000227e+01,2.724464721679687500e+02,1.941394042968750000e+01,9.322540283203125000e+00,4.000000000000000000e+00
4.157999999999999829e+01,2.725835266113281250e+02,1.938168144226074219e+01,9.311657905578613281e+00,4.000000000000000000e+00
4.160000000000000142e+01,2.727201232910156250e+02,1.934823036193847656e+01,9.300880432128906250e+00,4.000000000000000000e+00
4.161999999999999744e+01,2.728562316894531250e+02,1.931360054016113281e+01,9.290207862854003906e+00,4.000000000000000000e+00
4.164000000000000057e+01,2.729918823242187500e+02,1.927781105041503906e+01,9.279643058776855469e+00,4.000000000000000000e+00
4.166000000000000369e+01,2.731270141601562500e+02,1.924087905883789062e+01,9.269187927246093750e+00,4.000000000000000000e+00
4.167999999999999972e+01,2.732616577148437500e+02,1.920281982421875000e+01,9.258843421936035156e+00,4.000000000000000000e+00
4.170000000000000284e+01,2.733957824707031250e+02,1.916365242004394531e+01,9.248611450195312500e+00,4.000000000000000000e+00
4.171999999999999886e+01,2.735293884277343750e+02,1.912339210510253906e+01,9.238492965698242188e+00,4.000000000000000000e+00
4.174000000000000199e+01,2.736625061035156250e+02,1.908206176757812500e+01,9.228488922119140625e+00,4.000000000000000000e+00
4.175999999999999801e+01,2.737951049804687500e+02,1.903968048095703125e+01,9.218600273132324219e+00,4.000000000000000000e+00
4.178000000000000114e+01,2.739271850585937500e+02,1.899626159667968750e+01,9.208829879760742188e+00,4.000000000000000000e+00
4.180000000000000426e+01,2.740587158203125000e+02,1.895182991027832031e+01,9.199178695678710938e+00,4.000000000000000000e+00
4.182000000000000028e+01,2.741896972656250000e+02,1.890640449523925781e+01,9.189646720886230469e+00,4.000000000000000000e+00
4.184000000000000341e+01,2.743201293945312500e+02,1.886000442504882812e+01,9.180233955383300781e+00,4.000000000000000000e+00
4.185999999999999943e+01,2.744500427246093750e+02,1.881265068054199219e+01,9.170942306518554688e+00,4.000000000000000000e+00
4.188000000000000256e+01,2.745793762207031250e+02,1.876436805725097656e+01,9.161772727966308594e+00,4.000000000000000000e+00
4.189999999999999858e+01,2.747081909179687500e+02,1.871517753601074219e+01,9.152726173400878906e+00,4.000000000000000000e+00
4.192000000000000171e+01,2.748364257812500000e+02,1.866509819030761719e+01,9.143802642822265625e+00,4.000000000000000000e+00
4.193999999999999773e+01,2.749641113281250000e+02,1.861415481567382812e+01,9.135003089904785156e+00,4.000000000000000000e+00
4.196000000000000085e+01,2.750912475585937500e+02,1.856236839294433594e+01,9.126328468322753906e+00,4.000000000000000000e+00
4.198000000000000398e+01,2.752178344726562500e+02,1.850976371765136719e+01,9.117777824401855469e+00,4.000000000000000000e+00
4.200000000000000000e+01,2.753438415527343750e+02,1.845636367797851562e+01,9.109353065490722656e+00,4.000000000000000000e+00
4.202000000000000313e+01,2.754693298339843750e+02,1.840218925476074219e+01,9.101052284240722656e+00,4.000000000000000000e+00
4.203999999999999915e+01,2.755942382812500000e+02,1.834726524353027344e+01,9.092875480651855469e+00,4.000000000000000000e+00
4.206000000000000227e+01,2.757185974121093750e+02,1.829161834716796875e+01,9.084821701049804688e+00,4.000000000000000000e+00
4.207999999999999829e+01,2.758424072265625000e+02,1.823526382446289062e+01,9.076890945434570312e+00,4.000000000000000000e+00
4.210000000000000142e+01,2.759656677246093750e+02,1.817822647094726562e+01,9.069080352783203125e+00,4.000000000000000000e+00
4.211999999999999744e+01,2.760884094238281250e+02,1.812053489685058594e+01,9.061388969421386719e+00,4.000000000000000000e+00
4.214000000000000057e+01,2.762105712890625000e+02,1.806220817565917969e+01,9.053816795349121094e+00,4.000000000000000000e+00
4.216000000000000369e+01,2.763322448730468750e+02,1.800327110290527344e+01,9.046361923217773438e+00,4.000000000000000000e+00
4.217999999999999972e+01,2.764533691406250000e+02,1.794374465942382812e+01,9.039022445678710938e+00,4.000000000000000000e+00
4.220000000000000284e+01,2.765739746093750000e+02,1.788365364074707031e+01,9.031796455383300781e+00,4.000000000000000000e+00
4.221999999999999886e+01,2.766940612792968750e+02,1.782302093505859375e+01,9.024682044982910156e+00,4.000000000000000000e+00
4.224000000000000199e+01,2.768136291503906250e+02,1.776186561584472656e+01,9.017677307128906250e+00,4.000000000000000000e+00
4.225999999999999801e+01,2.769327087402343750e+02,1.770021438598632812e+01,9.010781288146972656e+00,4.000000000000000000e+00
4.228000000000000114e+01,2.770513000488281250e+02,1.763808631896972656e+01,9.003990173339843750e+00,4.000000000000000000e+00
4.230000000000000426e+01,2.771694030761718750e+02,1.757550239562988281e+01,8.997302055358886719e+00,4.000000000000000000e+00
4.232000000000000028e+01,2.772870178222656250e+02,1.751248550415039062e+01,8.990715026855468750e+00,4.000000000000000000e+00
4.234000000000000341e+01,2.774041748046875000e+02,1.744905853271484375e+01,8.984226226806640625e+00,4.000000000000000000e+00
4.235999999999999943e+01,2.775208740234375000e+02,1.738523864746093750e+01,8.977836608886718750e+00,4.000000000000000000e+00
4.238000000000000256e+01,2.776371154785156250e+02,1.732105064392089844e+01,8.971538543701171875e+00,4.000000000000000000e+00
4.239999999999999858e+01,2.777528991699218750e+02,1.725651550292968750e+01,8.965333938598632812e+00,4.000000000000000000e+00
4.242000000000000171e+01,2.778682556152343750e+02,1.719165039062500000e+01,8.959218025207519531e+00,4.000000000000000000e+00
4.243999999999999773e+01,2.779831848144531250e+02,1.712647628784179688e+01,8.953189849853515625e+00,4.000000000000000000e+00
4.246000000000000085e+01,2.780976867675781250e+02,1.706101036071777344e+01,8.947244644165039062e+00,4.000000000000000000e+00
4.248000000000000398e+01,2.782117919921875000e+02,1.699527549743652344e+01,8.941383361816406250e+00,4.000000000000000000e+00
4.250000000000000000e+01,2.783255004882812500e+02,1.692929077148437500e+01,8.935601234436035156e+00,4.000000000000000000e+00
4.252000000000000313e+01,2.784388427734375000e+02,1.686307144165039062e+01,8.929897308349609375e+00,4.000000000000000000e+00
4.253999999999999915e+01,2.785517883300781250e+02,1.679663848876953125e+01,8.924266815185546875e+00,4.000000000000000000e+00
4.256000000000000227e+01,2.786643676757812500e+02,1.673000526428222656e+01,8.918711662292480469e+00,4.000000000000000000e+00
4.257999999999999829e+01,2.787765502929687500e+02,1.666319656372070312e+01,8.913223266601562500e+00,4.000000000000000000e+00
4.260000000000000142e+01,2.788884277343750000e+02,1.659622573852539062e+01,8.907803535461425781e+00,4.000000000000000000e+00
4.261999999999999744e+01,2.789999694824218750e+02,1.652911186218261719e+01,8.902448654174804688e+00,4.000000000000000000e+00
4.264000000000000057e+01,2.791111755371093750e+02,1.646187019348144531e+01,8.897156715393066406e+00,4.000000000000000000e+00
4.266000000000000369e+01,2.792220764160156250e+02,1.639452171325683594e+01,8.891924858093261719e+00,4.000000000000000000e+00
4.267999999999999972e+01,2.793326721191406250e+02,1.632707786560058594e+01,8.886751174926757812e+00,4.000000000000000000e+00
4.270000000000000284e+01,2.794429626464843750e+02,1.625955581665039062e+01,8.881632804870605469e+00,4.000000000000000000e+00
4.271999999999999886e+01,2.795529785156250000e+02,1.619197082519531250e+01,8.876568794250488281e+00,4.000000000000000000e+00
4.274000000000000199e+01,2.796627502441406250e+02,1.612434005737304688e+01,8.871556282043457031e+00,4.000000000000000000e+00
4.275999999999999801e+01,2.797722473144531250e+02,1.605667877197265625e+01,8.866592407226562500e+00,4.000000000000000000e+00
4.278000000000000114e+01,2.798815002441406250e+02,1.598900318145751953e+01,8.861676216125488281e+00,4.000000000000000000e+00
4.280000000000000426e+01,2.799905090332031250e+02,1.592132663726806641e+01,8.856802940368652344e+00,4.000000000000000000e+00
4.282000000000000028e+01,2.800992736816406250e+02,1.585366344451904297e+01,8.851973533630371094e+00,4.000000000000000000e+00
4.284000000000000341e+01,2.802078247070312500e+02,1.578602790832519531e+01,8.847184181213378906e+00,4.000000000000000000e+00
4.285999999999999943e+01,2.803161926269531250e+02,1.571843624114990234e+01,8.842432975769042969e+00,4.000000000000000000e+00
4.288000000000000256e+01,2.804243469238281250e+02,1.565090084075927734e+01,8.837718009948730469e+00,4.000000000000000000e+00
4.289999999999999858e+01,2.805323181152343750e+02,1.558343505859375000e+01,8.833038330078125000e+00,4.000000000000000000e+00
4.292000000000000171e+01,2.806401367187500000e+02,1.551605415344238281e+01,8.828391075134277344e+00,4.000000000000000000e+00
4.293999999999999773e+01,2.807477722167968750e+02,1.544876956939697266e+01,8.823774337768554688e+00,4.000000000000000000e+00
4.296000000000000085e+01,2.808552551269531250e+02,1.538159751892089844e+01,8.819186210632324219e+00,4.000000000000000000e+00
4.298000000000000398e+01,2.809626159667968750e+02,1.531454849243164062e+01,8.814625740051269531e+00,4.000000000000000000e+00
4.300000000000000000e+01,2.810698547363281250e+02,1.524763393402099609e+01,8.810091018676757812e+00,4.000000000000000000e+00
4.302000000000000313e+01,2.811769714355468750e+02,1.518087005615234375e+01,8.805580139160156250e+00,4.000000000000000000e+00
4.303999999999999915e+01,2.812839355468750000e+02,1.511426830291748047e+01,8.801091194152832031e+00,4.000000000000000000e+00
4.306000000000000227e+01,2.813908386230468750e+02,1.504784011840820312e+01,8.796622276306152344e+00,4.000000000000000000e+00
4.307999999999999829e+01,2.814976501464843750e+02,1.498159980773925781e+01,8.792172431945800781e+00,4.000000000000000000e+00
4.310000000000000142e+01,2.816043701171875000e+02,1.491556072235107422e+01,8.787739753723144531e+00,4.000000000000000000e+00
4.311999999999999744e+01,2.817110290527343750e+02,1.484973621368408203e+01,8.783322334289550781e+00,4.000000000000000000e+00
4.314000000000000057e+01,2.818176879882812500e+02,1.478413867950439453e+01,8.778920173645019531e+00,4.000000000000000000e+00
4.316000000000000369e+01,2.819242248535156250e+02,1.471878051757812500e+01,8.774529457092285156e+00,4.000000000000000000e+00
4.317999999999999972e+01,2.820307312011718750e+02,1.465367507934570312e+01,8.770150184631347656e+00,4.000000000000000000e+00
4.320000000000000284e+01,2.821372375488281250e+02,1.458883666992187500e+01,8.765780448913574219e+00,4.000000000000000000e+00
4.321999999999999886e+01,2.822437438964843750e+02,1.452427387237548828e+01,8.761419296264648438e+00,4.000000000000000000e+00
4.324000000000000199e+01,2.823502502441406250e+02,1.446000289916992188e+01,8.757064819335937500e+00,4.000000000000000000e+00
4.325999999999999801e+01,2.824567565917968750e+02,1.439603519439697266e+01,8.752715110778808594e+00,4.000000000000000000e+00
4.328000000000000114e+01,2.825632629394531250e+02,1.433238124847412109e+01,8.748370170593261719e+00,4.000000000000000000e+00
4.330000000000000426e+01,2.826697692871093750e+02,1.426905250549316406e+01,8.744026184082031250e+00,4.000000000000000000e+00
4.332000000000000028e+01,2.827763061523437500e+02,1.420606422424316406e+01,8.739682197570800781e+00,4.000000000000000000e+00
4.334000000000000341e+01,2.828829650878906250e+02,1.414342689514160156e+01,8.735338211059570312e+00,4.000000000000000000e+00
4.335999999999999943e+01,2.829896240234375000e+02,1.408115291595458984e+01,8.730994224548339844e+00,4.000000000000000000e+00
4.338000000000000256e+01,2.830963439941406250e+02,1.401925468444824219e+01,8.726646423339843750e+00,4.000000000000000000e+00
4.339999999999999858e+01,2.832031555175781250e+02,1.395774364471435547e+01,8.722294807434082031e+00,4.000000000000000000e+00
4.342000000000000171e+01,2.833100280761718750e+02,1.389663219451904297e+01,8.717938423156738281e+00,4.000000000000000000e+00
4.343999999999999773e+01,2.834169921875000000e+02,1.383592987060546875e+01,8.713573455810546875e+00,4.000000000000000000e+00
4.346000000000000085e+01,2.835240783691406250e+02,1.377565288543701172e+01,8.709200859069824219e+00,4.000000000000000000e+00
4.348000000000000398e+01,2.836312561035156250e+02,1.371580886840820312e+01,8.704818725585937500e+00,4.000000000000000000e+00
4.350000000000000000e+01,2.837385253906250000e+02,1.365641117095947266e+01,8.700426101684570312e+00,4.000000000000000000e+00
4.352000000000000313e+01,2.838459472656250000e+02,1.359747314453125000e+01,8.696021080017089844e+00,4.000000000000000000e+00
4.353999999999999915e+01,2.839534912109375000e+02,1.353900337219238281e+01,8.691601753234863281e+00,4.000000000000000000e+00
4.356000000000000227e+01,2.840611877441406250e+02,1.348101711273193359e+01,8.687168121337890625e+00,4.000000000000000000e+00
4.357999999999999829e+01,2.841690368652343750e+02,1.342352485656738281e+01,8.682718276977539062e+00,4.000000000000000000e+00
4.360000000000000142e+01,2.842770385742187500e+02,1.336653900146484375e+01,8.678252220153808594e+00,4.000000000000000000e+00
4.361999999999999744e+01,2.843851928710937500e+02,1.331007194519042969e+01,8.673767089843750000e+00,4.000000000000000000e+00
4.364000000000000057e+01,2.844934997558593750e+02,1.325413322448730469e+01,8.669261932373046875e+00,4.000000000000000000e+00
4.366000000000000369e+01,2.846020202636718750e+02,1.319873809814453125e+01,8.664736747741699219e+00,4.000000000000000000e+00
4.367999999999999972e+01,2.847107238769531250e+02,1.314389610290527344e+01,8.660187721252441406e+00,4.000000000000000000e+00
4.370000000000000284e+01,2.848196105957031250e+02,1.308961963653564453e+01,8.655614852905273438e+00,4.000000000000000000e+00
4.371999999999999886e+01,2.849286804199218750e+02,1.303592205047607422e+01,8.651018142700195312e+00,4.000000000000000000e+00
4.374000000000000199e+01,2.850379638671875000e+02,1.298281383514404297e+01,8.646397590637207031e+00,4.000000000000000000e+00
4.375999999999999801e+01,2.851474609375000000e+02,1.293030834197998047e+01,8.641750335693359375e+00,4.000000000000000000e+00
4.378000000000000114e+01,2.852571716308593750e+02,1.287841892242431641e+01,8.637075424194335938e+00,4.000000000000000000e+00
4.380000000000000426e+01,2.853670959472656250e+02,1.282715415954589844e+01,8.632370948791503906e+00,4.000000000000000000e+00
4.382000000000000028e+01,2.854772338867187500e+02,1.277652835845947266e+01,8.627635955810546875e+00,4.000000000000000000e+00
4.384000000000000341e+01,2.855876159667968750e+02,1.272655487060546875e+01,8.622869491577148438e+00,4.000000000000000000e+00
4.385999999999999943e+01,2.856982421875000000e+02,1.267724514007568359e+01,8.618070602416992188e+00,4.000000000000000000e+00
4.388000000000000256e+01,2.858091125488281250e+02,1.262861156463623047e+01,8.613238334655761719e+00,4.000000000000000000e+00
4.389999999999999858e+01,2.859202575683593750e+02,1.258066749572753906e+01,8.608370780944824219e+00,4.000000000000000000e+00
4.392000000000000171e+01,2.860316467285156250e+02,1.253342437744140625e+01,8.603467941284179688e+00,4.000000000000000000e+00
4.393999999999999773e+01,2.861432800292968750e+02,1.248689651489257812e+01,8.598526954650878906e+00,4.000000000000000000e+00
4.396000000000000085e+01,2.862551879882812500e+02,1.244109725952148438e+01,8.593546867370605469e+00,4.000000000000000000e+00
4.398000000000000398e+01,2.863673400878906250e+02,1.239603805541992188e+01,8.588528633117675781e+00,4.000000000000000000e+00
4.400000000000000000e+01,2.864797973632812500e+02,1.235173130035400391e+01,8.583468437194824219e+00,4.000000000000000000e+00
4.402000000000000313e+01,2.865924987792968750e+02,1.230819129943847656e+01,8.578367233276367188e+00,4.000000000000000000e+00
4.403999999999999915e+01,2.867055053710937500e+02,1.226543331146240234e+01,8.573222160339355469e+00,4.000000000000000000e+00
4.406000000000000227e+01,2.868187866210937500e+02,1.222346687316894531e+01,8.568034172058105469e+00,4.000000000000000000e+00
4.407999999999999829e+01,2.869323425292968750e+02,1.218230724334716797e+01,8.562801361083984375e+00,4.000000000000000000e+00
4.410000000000000142e+01,2.870462036132812500e+02,1.214196872711181641e+01,8.557522773742675781e+00,4.000000000000000000e+00
4.411999999999999744e+01,2.871603393554687500e+02,1.210246467590332031e+01,8.552196502685546875e+00,4.000000000000000000e+00
4.414000000000000057e+01,2.872747802734375000e+02,1.206380939483642578e+01,8.546822547912597656e+00,4.000000000000000000e+00
4.416000000000000369e+01,2.873895263671875000e+02,1.202601718902587891e+01,8.541398048400878906e+00,4.000000000000000000e+00
4.417999999999999972e+01,2.875045471191406250e+02,1.198910045623779297e+01,8.535923957824707031e+00,4.000000000000000000e+00
4.420000000000000284e+01,2.876198730468750000e+02,1.195307445526123047e+01,8.530397415161132812e+00,4.000000000000000000e+00
4.421999999999999886e+01,2.877355041503906250e+02,1.191795253753662109e+01,8.524819374084472656e+00,4.000000000000000000e+00
4.424000000000000199e+01,2.878514404296875000e+02,1.188374996185302734e+01,8.519188880920410156e+00,4.000000000000000000e+00
4.425999999999999801e+01,2.879676818847656250e+02,1.185048007965087891e+01,8.513504028320312500e+00,4.000000000000000000e+00
4.428000000000000114e+01,2.880842285156250000e+02,1.181815719604492188e+01,8.507765769958496094e+00,4.000000000000000000e+00
4.430000000000000426e+01,2.882010803222656250e+02,1.178679656982421875e+01,8.501973152160644531e+00,4.000000000000000000e+00
4.432000000000000028e+01,2.883182067871093750e+02,1.175641155242919922e+01,8.496125221252441406e+00,4.000000000000000000e+00
4.434000000000000341e+01,2.884356384277343750e+02,1.172701644897460938e+01,8.490221977233886719e+00,4.000000000000000000e+00
4.435999999999999943e+01,2.885533752441406250e+02,1.169862747192382812e+01,8.484262466430664062e+00,4.000000000000000000e+00
4.438000000000000256e+01,2.886714172363281250e+02,1.167125701904296875e+01,8.478245735168457031e+00,4.000000000000000000e+00
4.439999999999999858e+01,2.887897644042968750e+02,1.164492130279541016e+01,8.472172737121582031e+00,4.000000000000000000e+00
4.442000000000000171e+01,2.889083862304687500e+02,1.161963272094726562e+01,8.466043472290039062e+00,4.000000000000000000e+00
4.443999999999999773e+01,2.890273132324218750e+02,1.159540939331054688e+01,8.459856986999511719e+00,4.000000000000000000e+00
4.446000000000000085e+01,2.891465454101562500e+02,1.157226276397705078e+01,8.453611373901367188e+00,4.000000000000000000e+00
4.448000000000000398e+01,2.892660522460937500e+02,1.155020904541015625e+01,8.447308540344238281e+00,4.000000000000000000e+00
4.450000000000000000e+01,2.893858337402343750e+02,1.152926158905029297e+01,8.440948486328125000e+00,4.000000000000000000e+00
4.452000000000000313e+01,2.895058898925781250e+02,1.150943565368652344e+01,8.434531211853027344e+00,4.000000000000000000e+00
4.453999999999999915e+01,2.896262207031250000e+02,1.149074459075927734e+01,8.428055763244628906e+00,4.000000000000000000e+00
4.456000000000000227e+01,2.897468261718750000e+02,1.147320556640625000e+01,8.421522140502929688e+00,4.000000000000000000e+00
4.457999999999999829e+01,2.898676757812500000e+02,1.145683193206787109e+01,8.414931297302246094e+00,4.000000000000000000e+00
4.460000000000000142e+01,2.899888305664062500e+02,1.144163990020751953e+01,8.408282279968261719e+00,4.000000000000000000e+00
4.461999999999999744e+01,2.901101989746093750e+02,1.142764282226562500e+01,8.401574134826660156e+00,4.000000000000000000e+00
4.464000000000000057e+01,2.902318115234375000e+02,1.141485500335693359e+01,8.394808769226074219e+00,4.000000000000000000e+00
4.466000000000000369e+01,2.903536682128906250e+02,1.140329265594482422e+01,8.387986183166503906e+00,4.000000000000000000e+00
4.467999999999999972e+01,2.904757690429687500e+02,1.139297008514404297e+01,8.381106376647949219e+00,4.000000000000000000e+00
4.470000000000000284e+01,2.905980834960937500e+02,1.138390064239501953e+01,8.374169349670410156e+00,4.000000000000000000e+00
4.471999999999999886e+01,2.907206115722656250e+02,1.137610054016113281e+01,8.367174148559570312e+00,4.000000000000000000e+00
4.474000000000000199e+01,2.908433532714843750e+02,1.136958312988281250e+01,8.360121726989746094e+00,4.000000000000000000e+00
4.475999999999999801e+01,2.909662780761718750e+02,1.136436367034912109e+01,8.353013038635253906e+00,4.000000000000000000e+00
4.478000000000000114e+01,2.910893859863281250e+02,1.136045551300048828e+01,8.345847129821777344e+00,4.000000000000000000e+00
4.480000000000000426e+01,2.912126770019531250e+02,1.135787296295166016e+01,8.338624000549316406e+00,4.000000000000000000e+00
4.482000000000000028e+01,2.913361206054687500e+02,1.135663223266601562e+01,8.331345558166503906e+00,4.000000000000000000e+00
4.484000000000000341e+01,2.914597167968750000e+02,1.135674571990966797e+01,8.324009895324707031e+00,4.000000000000000000e+00
4.485999999999999943e+01,2.915834655761718750e+02,1.135822582244873047e+01,8.316618919372558594e+00,4.000000000000000000e+00
4.488000000000000256e+01,2.917073364257812500e+02,1.136108875274658203e+01,8.309172630310058594e+00,4.000000000000000000e+00
4.489999999999999858e+01,2.918313293457031250e+02,1.136534786224365234e+01,8.301670074462890625e+00,4.000000000000000000e+00
4.492000000000000171e+01,2.919554138183593750e+02,1.137101554870605469e+01,8.294112205505371094e+00,4.000000000000000000e+00
4.493999999999999773e+01,2.920796203613281250e+02,1.137810611724853516e+01,8.286499977111816406e+00,4.000000000000000000e+00
4.496000000000000085e+01,2.922038879394531250e+02,1.138663291931152344e+01,8.278832435607910156e+00,4.000000000000000000e+00
4.498000000000000398e+01,2.923282470703125000e+02,1.139660835266113281e+01,8.271110534667968750e+00,4.000000000000000000e+00
4.500000000000000000e+01,2.924526062011718750e+02,1.140804672241210938e+01,8.263333320617675781e+00,4.000000000000000000e+00
4.502000000000000313e+01,2.925769653320312500e+02,1.142096042633056641e+01,8.255501747131347656e+00,4.000000000000000000e+00
4.503999999999999915e+01,2.927014770507812500e+02,1.143536281585693359e+01,8.247616767883300781e+00,4.000000000000000000e+00
4.506000000000000227e+01,2.928259887695312500e+02,1.145126533508300781e+01,8.239677429199218750e+00,4.000000000000000000e+00
4.507999999999999829e+01,2.929504394531250000e+02,1.146868133544921875e+01,8.231683731079101562e+00,4.000000000000000000e+00
4.510000000000000142e+01,2.930747985839843750e+02,1.148762226104736328e+01,8.223637580871582031e+00,4.000000000000000000e+00
4.511999999999999744e+01,2.931991577148437500e+02,1.150810050964355469e+01,8.215537071228027344e+00,4.000000000000000000e+00
4.514000000000000057e+01,2.933234863281250000e+02,1.153012752532958984e+01,8.207382202148437500e+00,4.000000000000000000e+00
4.516000000000000369e+01,2.934476928710937500e+02,1.155371665954589844e+01,8.199173927307128906e+00,4.000000000000000000e+00
4.517999999999999972e+01,2.935718383789062500e+02,1.157887744903564453e+01,8.190912246704101562e+00,4.000000000000000000e+00
4.520000000000000284e+01,2.936958618164062500e+02,1.160562324523925781e+01,8.182596206665039062e+00,4.000000000000000000e+00
4.521999999999999886e+01,2.938197631835937500e+02,1.163396263122558594e+01,8.174225807189941406e+00,4.000000000000000000e+00
4.524000000000000199e+01,2.939435119628906250e+02,1.166390895843505859e+01,8.165802001953125000e+00,4.000000000000000000e+00
4.525999999999999801e+01,2.940670776367187500e+02,1.169547080993652344e+01,8.157323837280273438e+00,4.000000000000000000e+00
4.528000000000000114e+01,2.941904602050781250e+02,1.172866058349609375e+01,8.148791313171386719e+00,4.000000000000000000e+00
4.530000000000000426e+01,2.943136291503906250e+02,1.176348876953125000e+01,8.140204429626464844e+00,4.000000000000000000e+00
4.532000000000000028e+01,2.944365539550781250e+02,1.179996299743652344e+01,8.131562232971191406e+00,4.000000000000000000e+00
4.534000000000000341e+01,2.945592346191406250e+02,1.183809375762939453e+01,8.122866630554199219e+00,4.000000000000000000e+00
4.535999999999999943e+01,2.946816406250000000e+02,1.187789058685302734e+01,8.114114761352539062e+00,4.000000000000000000e+00
4.538000000000000256e+01,2.948037719726562500e+02,1.191936016082763672e+01,8.105309486389160156e+00,4.000000000000000000e+00
4.539999999999999858e+01,2.949255676269531250e+02,1.196251106262207031e+01,8.096447944641113281e+00,4.000000000000000000e+00
4.542000000000000171e+01,2.950470275878906250e+02,1.200735282897949219e+01,8.087532043457031250e+00,4.000000000000000000e+00
4.543999999999999773e+01,2.951681518554687500e+02,1.205389213562011719e+01,8.078560829162597656e+00,4.000000000000000000e+00
4.546000000000000085e+01,2.952888793945312500e+02,1.210213565826416016e+01,8.069532394409179688e+00,4.000000000000000000e+00
4.548000000000000398e+01,2.954091796875000000e+02,1.215209388732910156e+01,8.060448646545410156e+00,4.000000000000000000e+00
4.550000000000000000e+01,2.955290832519531250e+02,1.220376968383789062e+01,8.051308631896972656e+00,4.000000000000000000e+00
4.552000000000000313e+01,2.956484985351562500e+02,1.225717163085937500e+01,8.042111396789550781e+00,4.000000000000000000e+00
4.553999999999999915e+01,2.957674560546875000e+02,1.231230545043945312e+01,8.032856941223144531e+00,4.000000000000000000e+00
4.556000000000000227e+01,2.958859252929687500e+02,1.236917781829833984e+01,8.023545265197753906e+00,4.000000000000000000e+00
4.557999999999999829e+01,2.960038452148437500e+02,1.242779350280761719e+01,8.014176368713378906e+00,4.000000000000000000e+00
4.560000000000000142e+01,2.961212158203125000e+02,1.248815727233886719e+01,8.004748344421386719e+00,4.000000000000000000e+00
4.561999999999999744e+01,2.962380065917968750e+02,1.255027675628662109e+01,7.995261192321777344e+00,4.000000000000000000e+00
4.564000000000000057e+01,2.963542175292968750e+02,1.261415386199951172e+01,7.985714435577392578e+00,4.000000000000000000e+00
4.566000000000000369e+01,2.964697875976562500e+02,1.267979526519775391e+01,7.976107120513916016e+00,4.000000000000000000e+00
4.567999999999999972e+01,2.965846862792968750e+02,1.274720191955566406e+01,7.966438770294189453e+00,4.000000000000000000e+00
4.570000000000000284e+01,2.966989440917968750e+02,1.281637954711914062e+01,7.956708431243896484e+00,4.000000000000000000e+00
4.571999999999999886e+01,2.968124694824218750e+02,1.288733100891113281e+01,7.946915626525878906e+00,4.000000000000000000e+00
4.574000000000000199e+01,2.969252319335937500e+02,1.296005916595458984e+01,7.937059879302978516e+00,4.000000000000000000e+00
4.575999999999999801e+01,2.970372314453125000e+02,1.303456592559814453e+01,7.927140712738037109e+00,4.000000000000000000e+00
4.578000000000000114e+01,2.971484680175781250e+02,1.311085319519042969e+01,7.917156696319580078e+00,4.000000000000000000e+00
4.580000000000000426e+01,2.972589111328125000e+02,1.318892383575439453e+01,7.907108306884765625e+00,4.000000000000000000e+00
4.582000000000000028e+01,2.973684692382812500e+02,1.326877784729003906e+01,7.896994590759277344e+00,4.000000000000000000e+00
4.584000000000000341e+01,2.974771728515625000e+02,1.335041618347167969e+01,7.886814594268798828e+00,4.000000000000000000e+00
4.585999999999999943e+01,2.975849914550781250e+02,1.343383884429931641e+01,7.876568317413330078e+00,4.000000000000000000e+00
4.588000000000000256e+01,2.976918640136718750e+02,1.351904678344726562e+01,7.866253852844238281e+00,4.000000000000000000e+00
4.589999999999999858e+01,2.977977905273437500e+02,1.360603809356689453e+01,7.855872631072998047e+00,4.000000000000000000e+00
4.592000000000000171e+01,2.979027099609375000e+02,1.369481277465820312e+01,7.845422744750976562e+00,4.000000000000000000e+00
4.593999999999999773e+01,2.980066223144531250e+02,1.378536891937255859e+01,7.834903717041015625e+00,4.000000000000000000e+00
4.596000000000000085e+01,2.981094665527343750e+02,1.387770366668701172e+01,7.824315547943115234e+00,4.000000000000000000e+00
4.598000000000000398e+01,2.982112426757812500e+02,1.397181510925292969e+01,7.813658237457275391e+00,4.000000000000000000e+00
4.600000000000000000e+01,2.983119201660156250e+02,1.406770038604736328e+01,7.802930831909179688e+00,4.000000000000000000e+00
4.602000000000000313e+01,2.984114379882812500e+02,1.416535568237304688e+01,7.792132854461669922e+00,4.000000000000000000e+00
4.603999999999999915e+01,2.985097961425781250e+02,1.426477622985839844e+01,7.781263351440429688e+00,4.000000000000000000e+00
4.606000000000000227e+01,2.986069641113281250e+02,1.436595726013183594e+01,7.770322322845458984e+00,4.000000000000000000e+00
4.607999999999999829e+01,2.987028808593750000e+02,1.446889305114746094e+01,7.759309768676757812e+00,4.000000000000000000e+00
4.610000000000000142e+01,2.987975463867187500e+02,1.457357978820800781e+01,7.748225688934326172e+00,4.000000000000000000e+00
4.611999999999999744e+01,2.988908996582031250e+02,1.468000984191894531e+01,7.737069606781005859e+00,4.000000000000000000e+00
4.614000000000000057e+01,2.989829406738281250e+02,1.478817558288574219e+01,7.725841522216796875e+00,4.000000000000000000e+00
4.616000000000000369e+01,2.990736389160156250e+02,1.489807033538818359e+01,7.714540004730224609e+00,4.000000000000000000e+00
4.617999999999999972e+01,2.991629333496093750e+02,1.500968551635742188e+01,7.703166484832763672e+00,4.000000000000000000e+00
4.620000000000000284e+01,2.992508239746093750e+02,1.512301349639892578e+01,7.691719532012939453e+00,4.000000000000000000e+00
4.621999999999999886e+01,2.993371887207031250e+02,1.523804378509521484e+01,7.680198669433593750e+00,4.000000000000000000e+00
4.624000000000000199e+01,2.994221801757812500e+02,1.535476684570312500e+01,7.668605327606201172e+00,4.000000000000000000e+00
4.625999999999999801e+01,2.995056457519531250e+02,1.547316932678222656e+01,7.656938552856445312e+00,4.000000000000000000e+00
4.628000000000000114e+01,2.995875244140625000e+02,1.559324359893798828e+01,7.645197868347167969e+00,4.000000000000000000e+00
4.630000000000000426e+01,2.996677856445312500e+02,1.571497535705566406e+01,7.633383750915527344e+00,4.000000000000000000e+00
4.632000000000000028e+01,2.997464599609375000e+02,1.583835411071777344e+01,7.621495723724365234e+00,4.000000000000000000e+00
4.634000000000000341e+01,2.998234863281250000e+02,1.596336555480957031e+01,7.609535217285156250e+00,4.000000000000000000e+00
4.635999999999999943e+01,2.998988342285156250e+02,1.608999443054199219e+01,7.597501277923583984e+00,4.000000000000000000e+00
4.638000000000000256e+01,2.999724731445312500e+02,1.621822738647460938e+01,7.585393428802490234e+00,4.000000000000000000e+00
4.639999999999999858e+01,3.000443420410156250e+02,1.634804916381835938e+01,7.573212146759033203e+00,4.000000000000000000e+00
4.642000000000000171e+01,3.001144409179687500e+02,1.647944259643554688e+01,7.560957431793212891e+00,4.000000000000000000e+00
4.643999999999999773e+01,3.001827392578125000e+02,1.661239051818847656e+01,7.548630237579345703e+00,4.000000000000000000e+00
4.646000000000000085e+01,3.002492065429687500e+02,1.674687767028808594e+01,7.536229610443115234e+00,4.000000000000000000e+00
4.648000000000000398e+01,3.003137817382812500e+02,1.688288307189941406e+01,7.523756980895996094e+00,4.000000000000000000e+00
4.650000000000000000e+01,3.003764648437500000e+02,1.702038955688476562e+01,7.511211395263671875e+00,4.000000000000000000e+00
4.652000000000000313e+01,3.004372253417968750e+02,1.715937614440917969e+01,7.498593807220458984e+00,4.000000000000000000e+00
4.653999999999999915e+01,3.004960021972656250e+02,1.729982376098632812e+01,7.485904216766357422e+00,4.000000000000000000e+00
4.656000000000000227e+01,3.005527648925781250e+02,1.744171142578125000e+01,7.473142623901367188e+00,4.000000000000000000e+00
4.657999999999999829e+01,3.006074829101562500e+02,1.758501434326171875e+01,7.460309505462646484e+00,4.000000000000000000e+00
4.660000000000000142e+01,3.006601867675781250e+02,1.772971534729003906e+01,7.447406291961669922e+00,4.000000000000000000e+00
4.661999999999999744e+01,3.007107849121093750e+02,1.787578392028808594e+01,7.434431552886962891e+00,4.000000000000000000e+00
4.664000000000000057e+01,3.007592468261718750e+02,1.802320289611816406e+01,7.421387672424316406e+00,4.000000000000000000e+00
4.666000000000000369e+01,3.008055725097656250e+02,1.817193984985351562e+01,7.408274173736572266e+00,4.000000000000000000e+00
4.667999999999999972e+01,3.008497009277343750e+02,1.832197189331054688e+01,7.395091533660888672e+00,4.000000000000000000e+00
4.670000000000000284e+01,3.008916625976562500e+02,1.847327804565429688e+01,7.381841182708740234e+00,4.000000000000000000e+00
4.671999999999999886e+01,3.009313354492187500e+02,1.862582588195800781e+01,7.368522644042968750e+00,4.000000000000000000e+00
4.674000000000000199e+01,3.009687194824218750e+02,1.877958679199218750e+01,7.355137825012207031e+00,4.000000000000000000e+00
4.675999999999999801e+01,3.010038146972656250e+02,1.893453598022460938e+01,7.341686725616455078e+00,4.000000000000000000e+00
4.678000000000000114e+01,3.010366210937500000e+02,1.909064292907714844e+01,7.328171253204345703e+00,4.000000000000000000e+00
4.680000000000000426e+01,3.010671081542968750e+02,1.924787712097167969e+01,7.314591407775878906e+00,4.000000000000000000e+00
4.682000000000000028e+01,3.010951843261718750e+02,1.940620803833007812e+01,7.300948143005371094e+00,4.000000000000000000e+00
4.684000000000000341e+01,3.011208496093750000e+02,1.956560516357421875e+01,7.287242889404296875e+00,4.000000000000000000e+00
4.685999999999999943e+01,3.011441040039062500e+02,1.972603416442871094e+01,7.273476123809814453e+00,4.000000000000000000e+00
4.688000000000000256e+01,3.011649169921875000e+02,1.988746261596679688e+01,7.259650230407714844e+00,4.000000000000000000e+00
4.689999999999999858e+01,3.011832580566406250e+02,2.004985427856445312e+01,7.245764732360839844e+00,4.000000000000000000e+00
4.692000000000000171e+01,3.011990661621093750e+02,2.021318054199218750e+01,7.231822013854980469e+00,4.000000000000000000e+00
4.693999999999999773e+01,3.012123413085937500e+02,2.037740516662597656e+01,7.217823505401611328e+00,4.000000000000000000e+00
4.696000000000000085e+01,3.012230834960937500e+02,2.054249000549316406e+01,7.203770160675048828e+00,4.000000000000000000e+00
4.698000000000000398e+01,3.012312622070312500e+02,2.070839881896972656e+01,7.189663410186767578e+00,4.000000000000000000e+00
4.700000000000000000e+01,3.012368469238281250e+02,2.087509536743164062e+01,7.175505161285400391e+00,4.000000000000000000e+00
4.702000000000000313e+01,3.012398376464843750e+02,2.104253959655761719e+01,7.161296367645263672e+00,4.000000000000000000e+00
4.703999999999999915e+01,3.012401733398437500e+02,2.121069526672363281e+01,7.147038936614990234e+00,4.000000000000000000e+00
4.706000000000000227e+01,3.012378540039062500e+02,2.137952613830566406e+01,7.132733821868896484e+00,4.000000000000000000e+00
4.707999999999999829e+01,3.012328491210937500e+02,2.154899024963378906e+01,7.118384361267089844e+00,4.000000000000000000e+00
4.710000000000000142e+01,3.012251892089843750e+02,2.171904563903808594e+01,7.103991508483886719e+00,4.000000000000000000e+00
4.711999999999999744e+01,3.012148437500000000e+02,2.188965415954589844e+01,7.089558124542236328e+00,4.000000000000000000e+00
4.714000000000000057e+01,3.012017517089843750e+02,2.206077003479003906e+01,7.075088500976562500e+00,4.000000000000000000e+00
4.716000000000000369e+01,3.011859436035156250e+02,2.223235702514648438e+01,7.060584545135498047e+00,4.000000000000000000e+00
4.717999999999999972e+01,3.011673583984375000e+02,2.240436744689941406e+01,7.046051025390625000e+00,4.000000000000000000e+00
4.720000000000000284e+01,3.011459960937500000e+02,2.257676124572753906e+01,7.031490802764892578e+00,4.000000000000000000e+00
4.721999999999999886e+01,3.011218872070312500e+02,2.274949455261230469e+01,7.016906738281250000e+00,4.000000000000000000e+00
4.724000000000000199e+01,3.010949707031250000e+02,2.292252159118652344e+01,7.002302646636962891e+00,4.000000000000000000e+00
4.725999999999999801e+01,3.010652465820312500e+02,2.309579849243164062e+01,6.987681865692138672e+00,4.000000000000000000e+00
4.728000000000000114e+01,3.010326843261718750e+02,2.326927757263183594e+01,6.973047733306884766e+00,4.000000000000000000e+00
4.730000000000000426e+01,3.009973144531250000e+02,2.344291114807128906e+01,6.958403587341308594e+00,4.000000000000000000e+00
4.732000000000000028e+01,3.009591064453125000e+02,2.361665725708007812e+01,6.943752288818359375e+00,4.000000000000000000e+00
4.734000000000000341e+01,3.009180297851562500e+02,2.379046249389648438e+01,6.929097652435302734e+00,4.000000000000000000e+00
4.735999999999999943e+01,3.008741455078125000e+02,2.396427726745605469e+01,6.914442062377929688e+00,4.000000000000000000e+00
4.738000000000000256e+01,3.008273925781250000e+02,2.413806152343750000e+01,6.899790287017822266e+00,4.000000000000000000e+00
4.739999999999999858e+01,3.007777709960937500e+02,2.431175994873046875e+01,6.885145664215087891e+00,4.000000000000000000e+00
4.742000000000000171e+01,3.007253112792968750e+02,2.448532485961914062e+01,6.870511531829833984e+00,4.000000000000000000e+00
4.743999999999999773e+01,3.006699829101562500e+02,2.465870475769042969e+01,6.855890274047851562e+00,4.000000000000000000e+00
4.746000000000000085e+01,3.006117858886718750e+02,2.483185005187988281e+01,6.841285228729248047e+00,4.000000000000000000e+00
4.748000000000000398e+01,3.005507202148437500e+02,2.500471115112304688e+01,6.826700687408447266e+00,4.000000000000000000e+00
4.750000000000000000e+01,3.004868469238281250e+02,2.517723655700683594e+01,6.812139987945556641e+00,4.000000000000000000e+00
4.752000000000000313e+01,3.004201049804687500e+02,2.534937667846679688e+01,6.797605037689208984e+00,4.000000000000000000e+00
4.753999999999999915e+01,3.003505249023437500e+02,2.552108192443847656e+01,6.783100128173828125e+00,4.000000000000000000e+00
4.756000000000000227e+01,3.002781066894531250e+02,2.569229698181152344e+01,6.768627643585205078e+00,4.000000000000000000e+00
4.757999999999999829e+01,3.002028503417968750e+02,2.586297416687011719e+01,6.754191398620605469e+00,4.000000000000000000e+00
4.760000000000000142e+01,3.001247863769531250e+02,2.603306007385253906e+01,6.739795684814453125e+00,4.000000000000000000e+00
4.761999999999999744e+01,3.000439147949218750e+02,2.620250511169433594e+01,6.725445270538330078e+00,4.000000000000000000e+00
4.764000000000000057e+01,2.999602355957031250e+02,2.637125587463378906e+01,6.711145401000976562e+00,4.000000000000000000e+00
4.766000000000000369e+01,2.998737792968750000e+02,2.653926277160644531e+01,6.696900367736816406e+00,4.000000000000000000e+00
4.767999999999999972e+01,2.997845153808593750e+02,2.670646858215332031e+01,6.682714462280273438e+00,4.000000000000000000e+00
4.770000000000000284e+01,2.996925048828125000e+02,2.687282943725585938e+01,6.668592453002929688e+00,4.000000000000000000e+00
4.771999999999999886e+01,2.995977478027343750e+02,2.703829383850097656e+01,6.654537677764892578e+00,4.000000000000000000e+00
4.774000000000000199e+01,2.995002441406250000e+02,2.720280838012695312e+01,6.640554428100585938e+00,4.000000000000000000e+00
4.775999999999999801e+01,2.994000244140625000e+02,2.736632347106933594e+01,6.626646995544433594e+00,4.000000000000000000e+00
4.778000000000000114e+01,2.992970886230468750e+02,2.752878761291503906e+01,6.612819194793701172e+00,4.000000000000000000e+00
4.780000000000000426e+01,2.991914672851562500e+02,2.769015312194824219e+01,6.599074840545654297e+00,4.000000000000000000e+00
4.782000000000000028e+01,2.990831909179687500e+02,2.785036659240722656e+01,6.585417747497558594e+00,4.000000000000000000e+00
4.784000000000000341e+01,2.989722900390625000e+02,2.800938034057617188e+01,6.571852207183837891e+00,4.000000000000000000e+00
4.785999999999999943e+01,2.988587646484375000e+02,2.816714477539062500e+01,6.558381557464599609e+00,4.000000000000000000e+00
4.788000000000000256e+01,2.987426452636718750e+02,2.832361221313476562e+01,6.545010566711425781e+00,4.000000000000000000e+00
4.789999999999999858e+01,2.986239624023437500e+02,2.847873497009277344e+01,6.531741619110107422e+00,4.000000000000000000e+00
4.792000000000000171e+01,2.985027160644531250e+02,2.863246345520019531e+01,6.518578529357910156e+00,4.000000000000000000e+00
4.793999999999999773e+01,2.983789672851562500e+02,2.878474998474121094e+01,6.505526065826416016e+00,4.000000000000000000e+00
4.796000000000000085e+01,2.982527160644531250e+02,2.893554306030273438e+01,6.492587566375732422e+00,4.000000000000000000e+00
4.798000000000000398e+01,2.981240234375000000e+02,2.908480072021484375e+01,6.479767799377441406e+00,4.000000000000000000e+00
4.800000000000000000e+01,2.979928894042968750e+02,2.923247528076171875e+01,6.467069149017333984e+00,4.000000000000000000e+00
4.802000000000000313e+01,2.978593750000000000e+02,2.937851905822753906e+01,6.454495906829833984e+00,4.000000000000000000e+00
4.803999999999999915e+01,2.977234497070312500e+02,2.952288818359375000e+01,6.442052841186523438e+00,4.000000000000000000e+00
4.806000000000000227e+01,2.975852050781250000e+02,2.966554069519042969e+01,6.429742813110351562e+00,4.000000000000000000e+00
4.807999999999999829e+01,2.974446716308593750e+02,2.980642890930175781e+01,6.417569637298583984e+00,4.000000000000000000e+00
4.810000000000000142e+01,2.973018493652343750e+02,2.994550704956054688e+01,6.405537605285644531e+00,4.000000000000000000e+00
4.812000000000000455e+01,2.971567993164062500e+02,3.008273506164550781e+01,6.393651008605957031e+00,4.000000000000000000e+00
4.814000000000000057e+01,2.970095520019531250e+02,3.021806907653808594e+01,6.381913185119628906e+00,4.000000000000000000e+00
4.816000000000000369e+01,2.968601684570312500e+02,3.035146903991699219e+01,6.370328426361083984e+00,4.000000000000000000e+00
4.817999999999999972e+01,2.967086791992187500e+02,3.048289299011230469e+01,6.358900547027587891e+00,4.000000000000000000e+00
4.820000000000000284e+01,2.965550842285156250e+02,3.061229705810546875e+01,6.347633838653564453e+00,4.000000000000000000e+00
4.821999999999999886e+01,2.963994445800781250e+02,3.073964500427246094e+01,6.336533069610595703e+00,4.000000000000000000e+00
4.824000000000000199e+01,2.962417907714843750e+02,3.086489868164062500e+01,6.325601100921630859e+00,4.000000000000000000e+00
4.825999999999999801e+01,2.960822143554687500e+02,3.098801803588867188e+01,6.314842224121093750e+00,4.000000000000000000e+00
4.828000000000000114e+01,2.959207458496093750e+02,3.110897064208984375e+01,6.304261207580566406e+00,4.000000000000000000e+00
4.830000000000000426e+01,2.957573547363281250e+02,3.122771835327148438e+01,6.293861865997314453e+00,4.000000000000000000e+00
4.832000000000000028e+01,2.955921630859375000e+02,3.134422492980957031e+01,6.283648490905761719e+00,4.000000000000000000e+00
4.834000000000000341e+01,2.954251708984375000e+02,3.145845603942871094e+01,6.273625850677490234e+00,4.000000000000000000e+00
4.835999999999999943e+01,2.952564697265625000e+02,3.157037734985351562e+01,6.263797283172607422e+00,4.000000000000000000e+00
4.838000000000000256e+01,2.950860595703125000e+02,3.167996025085449219e+01,6.254167556762695312e+00,4.000000000000000000e+00
4.839999999999999858e+01,2.949140014648437500e+02,3.178717231750488281e+01,6.244741439819335938e+00,4.000000000000000000e+00
4.842000000000000171e+01,2.947403564453125000e+02,3.189198493957519531e+01,6.235523223876953125e+00,4.000000000000000000e+00
4.843999999999999773e+01,2.945651855468750000e+02,3.199436759948730469e+01,6.226517677307128906e+00,4.000000000000000000e+00
4.846000000000000085e+01,2.943884887695312500e+02,3.209429168701171875e+01,6.217728137969970703e+00,4.000000000000000000e+00
4.848000000000000398e+01,2.942103576660156250e+02,3.219173431396484375e+01,6.209159851074218750e+00,4.000000000000000000e+00
4.850000000000000000e+01,2.940308227539062500e+02,3.228666687011718750e+01,6.200815677642822266e+00,4.000000000000000000e+00
4.852000000000000313e+01,2.938499450683593750e+02,3.237907028198242188e+01,6.192701339721679688e+00,4.000000000000000000e+00
4.853999999999999915e+01,2.936678161621093750e+02,3.246892166137695312e+01,6.184819698333740234e+00,4.000000000000000000e+00
4.856000000000000227e+01,2.934844360351562500e+02,3.255620193481445312e+01,6.177176475524902344e+00,4.000000000000000000e+00
4.857999999999999829e+01,2.932998352050781250e+02,3.264088439941406250e+01,6.169773578643798828e+00,4.000000000000000000e+00
4.860000000000000142e+01,2.931141052246093750e+02,3.272295761108398438e+01,6.162615776062011719e+00,4.000000000000000000e+00
4.862000000000000455e+01,2.929273071289062500e+02,3.280240249633789062e+01,6.155706405639648438e+00,4.000000000000000000e+00
4.864000000000000057e+01,2.927394714355468750e+02,3.287920761108398438e+01,6.149047851562500000e+00,4.000000000000000000e+00
4.866000000000000369e+01,2.925506591796875000e+02,3.295336151123046875e+01,6.142642974853515625e+00,4.000000000000000000e+00
4.867999999999999972e+01,2.923609313964843750e+02,3.302484893798828125e+01,6.136494636535644531e+00,4.000000000000000000e+00
4.870000000000000284e+01,2.921703491210937500e+02,3.309366226196289062e+01,6.130605697631835938e+00,4.000000000000000000e+00
4.871999999999999886e+01,2.919789123535156250e+02,3.315979003906250000e+01,6.124977111816406250e+00,4.000000000000000000e+00
4.874000000000000199e+01,2.917867126464843750e+02,3.322323226928710938e+01,6.119610786437988281e+00,4.000000000000000000e+00
4.875999999999999801e+01,2.915938415527343750e+02,3.328397750854492188e+01,6.114508628845214844e+00,4.000000000000000000e+00
4.878000000000000114e+01,2.914002990722656250e+02,3.334202957153320312e+01,6.109670639038085938e+00,4.000000000000000000e+00
4.880000000000000426e+01,2.912061462402343750e+02,3.339738845825195312e+01,6.105098247528076172e+00,4.000000000000000000e+00
4.882000000000000028e+01,2.910114440917968750e+02,3.345004653930664062e+01,6.100790500640869141e+00,4.000000000000000000e+00
4.884000000000000341e+01,2.908162231445312500e+02,3.350000762939453125e+01,6.096747398376464844e+00,4.000000000000000000e+00
4.885999999999999943e+01,2.906205749511718750e+02,3.354727935791015625e+01,6.092967033386230469e+00,4.000000000000000000e+00
4.888000000000000256e+01,2.904245300292968750e+02,3.359186172485351562e+01,6.089449405670166016e+00,4.000000000000000000e+00
4.889999999999999858e+01,2.902281188964843750e+02,3.363376617431640625e+01,6.086192607879638672e+00,4.000000000000000000e+00
4.892000000000000171e+01,2.900314331054687500e+02,3.367298889160156250e+01,6.083196163177490234e+00,4.000000000000000000e+00
4.893999999999999773e+01,2.898345031738281250e+02,3.370955276489257812e+01,6.080457210540771484e+00,4.000000000000000000e+00
4.896000000000000085e+01,2.896373901367187500e+02,3.374345779418945312e+01,6.077974319458007812e+00,4.000000000000000000e+00
4.898000000000000398e+01,2.894401245117187500e+02,3.377471923828125000e+01,6.075743675231933594e+00,4.000000000000000000e+00
4.900000000000000000e+01,2.892427978515625000e+02,3.380335235595703125e+01,6.073764801025390625e+00,4.000000000000000000e+00
4.902000000000000313e+01,2.890453491210937500e+02,3.382937622070312500e+01,6.072033882141113281e+00,4.000000000000000000e+00
4.903999999999999915e+01,2.888479003906250000e+02,3.385279846191406250e+01,6.070548057556152344e+00,4.000000000000000000e+00
4.906000000000000227e+01,2.886505737304687500e+02,3.387364578247070312e+01,6.069304466247558594e+00,4.000000000000000000e+00
4.907999999999999829e+01,2.884533081054687500e+02,3.389192962646484375e+01,6.068301200866699219e+00,4.000000000000000000e+00
4.910000000000000142e+01,2.882561950683593750e+02,3.390768051147460938e+01,6.067535877227783203e+00,4.000000000000000000e+00
4.912000000000000455e+01,2.880592651367187500e+02,3.392091751098632812e+01,6.067006587982177734e+00,4.000000000000000000e+00
4.914000000000000057e+01,2.878625183105468750e+02,3.393165969848632812e+01,6.066711425781250000e+00,4.000000000000000000e+00
4.916000000000000369e+01,2.876660766601562500e+02,3.393994522094726562e+01,6.066648483276367188e+00,4.000000000000000000e+00
4.917999999999999972e+01,2.874699401855468750e+02,3.394579696655273438e+01,6.066815853118896484e+00,4.000000000000000000e+00
4.920000000000000284e+01,2.872741394042968750e+02,3.394923782348632812e+01,6.067211151123046875e+00,4.000000000000000000e+00
4.921999999999999886e+01,2.870787353515625000e+02,3.395029830932617188e+01,6.067831993103027344e+00,4.000000000000000000e+00
4.924000000000000199e+01,2.868837585449218750e+02,3.394900894165039062e+01,6.068676471710205078e+00,4.000000000000000000e+00
4.925999999999999801e+01,2.866892700195312500e+02,3.394540405273437500e+01,6.069742679595947266e+00,4.000000000000000000e+00
4.928000000000000114e+01,2.864952697753906250e+02,3.393951034545898438e+01,6.071029186248779297e+00,4.000000000000000000e+00
4.930000000000000426e+01,2.863018188476562500e+02,3.393136215209960938e+01,6.072533130645751953e+00,4.000000000000000000e+00
4.932000000000000028e+01,2.861089477539062500e+02,3.392098617553710938e+01,6.074253082275390625e+00,4.000000000000000000e+00
4.934000000000000341e+01,2.859166870117187500e+02,3.390842056274414062e+01,6.076187610626220703e+00,4.000000000000000000e+00
4.935999999999999943e+01,2.857250366210937500e+02,3.389369964599609375e+01,6.078335762023925781e+00,4.000000000000000000e+00
4.938000000000000256e+01,2.855341186523437500e+02,3.387685775756835938e+01,6.080696105957031250e+00,4.000000000000000000e+00
4.939999999999999858e+01,2.853438415527343750e+02,3.385792541503906250e+01,6.083266735076904297e+00,4.000000000000000000e+00
4.942000000000000171e+01,2.851543273925781250e+02,3.383694839477539062e+01,6.086047172546386719e+00,4.000000000000000000e+00
4.943999999999999773e+01,2.849655761718750000e+02,3.381395339965820312e+01,6.089036464691162109e+00,4.000000000000000000e+00
4.946000000000000085e+01,2.847776184082031250e+02,3.378898239135742188e+01,6.092234611511230469e+00,4.000000000000000000e+00
4.948000000000000398e+01,2.845905456542968750e+02,3.376207733154296875e+01,6.095640659332275391e+00,4.000000000000000000e+00
4.950000000000000000e+01,2.844042968750000000e+02,3.373327636718750000e+01,6.099254131317138672e+00,4.000000000000000000e+00
4.952000000000000313e+01,2.842189636230468750e+02,3.370261383056640625e+01,6.103075027465820312e+00,4.000000000000000000e+00
4.953999999999999915e+01,2.840345458984375000e+02,3.367013549804687500e+01,6.107103347778320312e+00,4.000000000000000000e+00
4.956000000000000227e+01,2.838510437011718750e+02,3.363588333129882812e+01,6.111339092254638672e+00,4.000000000000000000e+00
4.957999999999999829e+01,2.836685180664062500e+02,3.359989166259765625e+01,6.115782260894775391e+00,4.000000000000000000e+00
4.960000000000000142e+01,2.834869995117187500e+02,3.356221008300781250e+01,6.120432853698730469e+00,4.000000000000000000e+00
4.962000000000000455e+01,2.833064880371093750e+02,3.352288055419921875e+01,6.125291347503662109e+00,4.000000000000000000e+00
4.964000000000000057e+01,2.831270141601562500e+02,3.348194503784179688e+01,6.130358695983886719e+00,4.000000000000000000e+00
4.966000000000000369e+01,2.829486083984375000e+02,3.343944931030273438e+01,6.135635375976562500e+00,4.000000000000000000e+00
4.967999999999999972e+01,2.827712707519531250e+02,3.339543533325195312e+01,6.141121864318847656e+00,4.000000000000000000e+00
4.970000000000000284e+01,2.825950317382812500e+02,3.334995269775390625e+01,6.146818161010742188e+00,4.000000000000000000e+00
4.971999999999999886e+01,2.824198913574218750e+02,3.330305099487304688e+01,6.152724266052246094e+00,4.000000000000000000e+00
4.974000000000000199e+01,2.822459106445312500e+02,3.325476837158203125e+01,6.158840179443359375e+00,4.000000000000000000e+00
4.975999999999999801e+01,2.820730590820312500e+02,3.320514678955078125e+01,6.165162563323974609e+00,4.000000000000000000e+00
4.978000000000000114e+01,2.819013671875000000e+02,3.315422439575195312e+01,6.171688079833984375e+00,4.000000000000000000e+00
4.980000000000000426e+01,2.817308654785156250e+02,3.310203933715820312e+01,6.178412437438964844e+00,4.000000000000000000e+00
4.982000000000000028e+01,2.815615234375000000e+02,3.304862976074218750e+01,6.185332298278808594e+00,4.000000000000000000e+00
4.984000000000000341e+01,2.813934020996093750e+02,3.299403381347656250e+01,6.192443370819091797e+00,4.000000000000000000e+00
4.985999999999999943e+01,2.812264709472656250e+02,3.293828201293945312e+01,6.199758052825927734e+00,4.000000000000000000e+00
4.988000000000000256e+01,2.810607299804687500e+02,3.288141250610351562e+01,6.207278728485107422e+00,4.000000000000000000e+00
4.989999999999999858e+01,2.808962097167968750e+02,3.282345962524414062e+01,6.214992046356201172e+00,4.000000000000000000e+00
4.992000000000000171e+01,2.807329101562500000e+02,3.276445388793945312e+01,6.222881317138671875e+00,4.000000000000000000e+00
4.993999999999999773e+01,2.805708007812500000e+02,3.270442581176757812e+01,6.230927467346191406e+00,4.000000000000000000e+00
4.996000000000000085e+01,2.804099121093750000e+02,3.264340209960937500e+01,6.239112377166748047e+00,4.000000000000000000e+00
4.998000000000000398e+01,2.802502441406250000e+02,3.258140182495117188e+01,6.247420787811279297e+00,4.000000000000000000e+00
5.000000000000000000e+01,2.800917663574218750e+02,3.251844787597656250e+01,6.255836963653564453e+00,4.000000000000000000e+00
5.002000000000000313e+01,2.799345092773437500e+02,3.245455932617187500e+01,6.264348506927490234e+00,4.000000000000000000e+00
5.003999999999999915e+01,2.797784729003906250e+02,3.238974761962890625e+01,6.272944927215576172e+00,4.000000000000000000e+00
5.006000000000000227e+01,2.796236877441406250e+02,3.232402420043945312e+01,6.281619548797607422e+00,4.000000000000000000e+00
5.007999999999999829e+01,2.794701232910156250e+02,3.225740432739257812e+01,6.290367603302001953e+00,4.000000000000000000e+00
5.010000000000000142e+01,2.793177795410156250e+02,3.218989562988281250e+01,6.299186706542968750e+00,4.000000000000000000e+00
5.012000000000000455e+01,2.791667175292968750e+02,3.212150573730468750e+01,6.308077335357666016e+00,4.000000000000000000e+00
5.014000000000000057e+01,2.790169372558593750e+02,3.205224227905273438e+01,6.317040920257568359e+00,4.000000000000000000e+00
5.016000000000000369e+01,2.788684082031250000e+02,3.198210906982421875e+01,6.326081275939941406e+00,4.000000000000000000e+00
5.017999999999999972e+01,2.787211914062500000e+02,3.191111755371093750e+01,6.335203170776367188e+00,4.000000000000000000e+00
5.020000000000000284e+01,2.785752563476562500e+02,3.183927536010742188e+01,6.344411373138427734e+00,4.000000000000000000e+00
5.021999999999999886e+01,2.784306640625000000e+02,3.176658439636230469e+01,6.353712081909179688e+00,4.000000000000000000e+00
5.024000000000000199e+01,2.782874145507812500e+02,3.169305229187011719e+01,6.363110065460205078e+00,4.000000000000000000e+00
5.025999999999999801e+01,2.781454772949218750e+02,3.161868286132812500e+01,6.372611999511718750e+00,4.000000000000000000e+00
5.028000000000000114e+01,2.780049133300781250e+02,3.154348564147949219e+01,6.382222175598144531e+00,4.000000000000000000e+00
5.030000000000000426e+01,2.778657226562500000e+02,3.146746635437011719e+01,6.391945362091064453e+00,4.000000000000000000e+00
5.032000000000000028e+01,2.777279357910156250e+02,3.139062881469726562e+01,6.401784896850585938e+00,4.000000000000000000e+00
5.034000000000000341e+01,2.775915222167968750e+02,3.131298828125000000e+01,6.411742687225341797e+00,4.000000000000000000e+00
5.035999999999999943e+01,2.774565124511718750e+02,3.123454666137695312e+01,6.421819686889648438e+00,4.000000000000000000e+00
5.038000000000000256e+01,2.773229675292968750e+02,3.115531349182128906e+01,6.432016849517822266e+00,4.000000000000000000e+00
5.039999999999999858e+01,2.771908264160156250e+02,3.107529830932617188e+01,6.442331314086914062e+00,4.000000000000000000e+00
5.042000000000000171e+01,2.770601806640625000e+02,3.099451065063476562e+01,6.452760696411132812e+00,4.000000000000000000e+00
5.043999999999999773e+01,2.769309387207031250e+02,3.091296005249023438e+01,6.463302135467529297e+00,4.000000000000000000e+00
5.046000000000000085e+01,2.768032226562500000e+02,3.083065605163574219e+01,6.473950862884521484e+00,4.000000000000000000e+00
5.048000000000000398e+01,2.766769714355468750e+02,3.074761390686035156e+01,6.484704017639160156e+00,4.000000000000000000e+00
5.050000000000000000e+01,2.765521545410156250e+02,3.066385269165039062e+01,6.495556831359863281e+00,4.000000000000000000e+00
5.052000000000000313e+01,2.764288635253906250e+02,3.057938194274902344e+01,6.506503582000732422e+00,4.000000000000000000e+00
5.053999999999999915e+01,2.763070983886718750e+02,3.049421882629394531e+01,6.517537593841552734e+00,4.000000000000000000e+00
5.056000000000000227e+01,2.761867370605468750e+02,3.040837860107421875e+01,6.528650283813476562e+00,4.000000000000000000e+00
5.057999999999999829e+01,2.760678710937500000e+02,3.032187271118164062e+01,6.539834499359130859e+00,4.000000000000000000e+00
5.060000000000000142e+01,2.759505310058593750e+02,3.023471832275390625e+01,6.551080703735351562e+00,4.000000000000000000e+00
5.062000000000000455e+01,2.758347167968750000e+02,3.014692687988281250e+01,6.562379360198974609e+00,4.000000000000000000e+00
5.064000000000000057e+01,2.757203369140625000e+02,3.005851173400878906e+01,6.573721408843994141e+00,4.000000000000000000e+00
5.066000000000000369e+01,2.756074218750000000e+02,2.996948242187500000e+01,6.585095882415771484e+00,4.000000000000000000e+00
5.067999999999999972e+01,2.754960327148437500e+02,2.987985610961914062e+01,6.596492767333984375e+00,4.000000000000000000e+00
5.070000000000000284e+01,2.753861694335937500e+02,2.978964233398437500e+01,6.607901573181152344e+00,4.000000000000000000e+00
5.071999999999999886e+01,2.752777709960937500e+02,2.969885253906250000e+01,6.619311332702636719e+00,4.000000000000000000e+00
5.074000000000000199e+01,2.751708068847656250e+02,2.960749626159667969e+01,6.630711555480957031e+00,4.000000000000000000e+00
5.075999999999999801e+01,2.750653686523437500e+02,2.951558876037597656e+01,6.642091274261474609e+00,4.000000000000000000e+00
5.078000000000000114e+01,2.749614562988281250e+02,2.942313385009765625e+01,6.653439998626708984e+00,4.000000000000000000e+00
5.080000000000000426e+01,2.748589782714843750e+02,2.933014297485351562e+01,6.664748191833496094e+00,4.000000000000000000e+00
5.082000000000000028e+01,2.747579650878906250e+02,2.923662567138671875e+01,6.676005363464355469e+00,4.000000000000000000e+00
5.084000000000000341e+01,2.746584777832031250e+02,2.914259529113769531e+01,6.687202453613281250e+00,4.000000000000000000e+00
5.085999999999999943e+01,2.745604858398437500e+02,2.904805564880371094e+01,6.698329925537109375e+00,4.000000000000000000e+00
5.088000000000000256e+01,2.744638977050781250e+02,2.895301818847656250e+01,6.709378242492675781e+00,4.000000000000000000e+00
5.089999999999999858e+01,2.743688354492187500e+02,2.885749053955078125e+01,6.720340251922607422e+00,4.000000000000000000e+00
5.092000000000000171e+01,2.742752685546875000e+02,2.876148414611816406e+01,6.731206893920898438e+00,4.000000000000000000e+00
5.093999999999999773e+01,2.741831054687500000e+02,2.866500091552734375e+01,6.741971492767333984e+00,4.000000000000000000e+00
5.096000000000000085e+01,2.740924682617187500e+02,2.856805038452148438e+01,6.752626895904541016e+00,4.000000000000000000e+00
5.098000000000000398e+01,2.740033569335937500e+02,2.847064018249511719e+01,6.763166904449462891e+00,4.000000000000000000e+00
5.100000000000000000e+01,2.739156188964843750e+02,2.837277603149414062e+01,6.773584365844726562e+00,4.000000000000000000e+00
5.102000000000000313e+01,2.738294067382812500e+02,2.827446556091308594e+01,6.783874511718750000e+00,4.000000000000000000e+00
5.103999999999999915e+01,2.737447204589843750e+02,2.817571449279785156e+01,6.794031620025634766e+00,4.000000000000000000e+00
5.106000000000000227e+01,2.736614074707031250e+02,2.807653236389160156e+01,6.804051399230957031e+00,4.000000000000000000e+00
5.107999999999999829e+01,2.735796203613281250e+02,2.797692108154296875e+01,6.813928604125976562e+00,4.000000000000000000e+00
5.110000000000000142e+01,2.734993591308593750e+02,2.787689208984375000e+01,6.823659896850585938e+00,4.000000000000000000e+00
5.112000000000000455e+01,2.734205322265625000e+02,2.777644729614257812e+01,6.833241462707519531e+00,4.000000000000000000e+00
5.114000000000000057e+01,2.733431701660156250e+02,2.767559432983398438e+01,6.842669010162353516e+00,4.000000000000000000e+00
5.116000000000000369e+01,2.732673339843750000e+02,2.757434082031250000e+01,6.851940631866455078e+00,4.000000000000000000e+00
5.117999999999999972e+01,2.731929931640625000e+02,2.747269248962402344e+01,6.861053466796875000e+00,4.000000000000000000e+00
5.120000000000000284e+01,2.731200561523437500e+02,2.737065124511718750e+01,6.870004653930664062e+00,4.000000000000000000e+00
5.121999999999999886e+01,2.730486450195312500e+02,2.726822662353515625e+01,6.878791332244873047e+00,4.000000000000000000e+00
5.124000000000000199e+01,2.729787597656250000e+02,2.716542053222656250e+01,6.887412071228027344e+00,4.000000000000000000e+00
5.125999999999999801e+01,2.729104003906250000e+02,2.706224441528320312e+01,6.895864009857177734e+00,4.000000000000000000e+00
5.128000000000000114e+01,2.728435058593750000e+02,2.695870018005371094e+01,6.904146671295166016e+00,4.000000000000000000e+00
5.130000000000000426e+01,2.727780456542968750e+02,2.685479545593261719e+01,6.912259101867675781e+00,4.000000000000000000e+00
5.132000000000000028e+01,2.727141113281250000e+02,2.675053405761718750e+01,6.920199871063232422e+00,4.000000000000000000e+00
5.134000000000000341e+01,2.726517028808593750e+02,2.664592361450195312e+01,6.927968025207519531e+00,4.000000000000000000e+00
5.135999999999999943e+01,2.725908203125000000e+02,2.654097175598144531e+01,6.935564517974853516e+00,4.000000000000000000e+00
5.138000000000000256e+01,2.725314636230468750e+02,2.643568611145019531e+01,6.942988395690917969e+00,4.000000000000000000e+00
5.139999999999999858e+01,2.724736328125000000e+02,2.633006858825683594e+01,6.950239658355712891e+00,4.000000000000000000e+00
5.142000000000000171e+01,2.724173278808593750e+02,2.622413063049316406e+01,6.957318782806396484e+00,4.000000000000000000e+00
5.143999999999999773e+01,2.723625488281250000e+02,2.611787986755371094e+01,6.964226245880126953e+00,4.000000000000000000e+00
5.146000000000000085e+01,2.723092956542968750e+02,2.601132202148437500e+01,6.970963001251220703e+00,5.000000000000000000e+00
5.148000000000000398e+01,2.722574157714843750e+02,2.590444755554199219e+01,6.977128505706787109e+00,5.000000000000000000e+00
5.150000000000000000e+01,2.722067871093750000e+02,2.579727363586425781e+01,6.982319831848144531e+00,5.000000000000000000e+00
5.152000000000000313e+01,2.721573791503906250e+02,2.568981742858886719e+01,6.986403465270996094e+00,5.000000000000000000e+00
5.153999999999999915e+01,2.721091613769531250e+02,2.558208656311035156e+01,6.989348411560058594e+00,5.000000000000000000e+00
5.156000000000000227e+01,2.720621643066406250e+02,2.547408103942871094e+01,6.991167545318603516e+00,5.000000000000000000e+00
5.157999999999999829e+01,2.720163879394531250e+02,2.536578750610351562e+01,6.991892814636230469e+00,5.000000000000000000e+00
5.160000000000000142e+01,2.719718933105468750e+02,2.525719070434570312e+01,6.991557121276855469e+00,5.000000000000000000e+00
5.162000000000000455e+01,2.719286804199218750e+02,2.514827156066894531e+01,6.990189075469970703e+00,5.000000000000000000e+00
5.164000000000000057e+01,2.718868103027343750e+02,2.503901481628417969e+01,6.987810611724853516e+00,5.000000000000000000e+00
5.166000000000000369e+01,2.718463134765625000e+02,2.492938995361328125e+01,6.984436511993408203e+00,5.000000000000000000e+00
5.167999999999999972e+01,2.718072509765625000e+02,2.481937026977539062e+01,6.980074882507324219e+00,5.000000000000000000e+00
5.170000000000000284e+01,2.717695617675781250e+02,2.470892333984375000e+01,6.974728584289550781e+00,5.000000000000000000e+00
5.171999999999999886e+01,2.717333984375000000e+02,2.459802055358886719e+01,6.968393802642822266e+00,5.000000000000000000e+00
5.174000000000000199e+01,2.716987609863281250e+02,2.448661994934082031e+01,6.961060047149658203e+00,5.000000000000000000e+00
5.175999999999999801e+01,2.716657714843750000e+02,2.437468338012695312e+01,6.952712535858154297e+00,5.000000000000000000e+00
5.178000000000000114e+01,2.716343994140625000e+02,2.426217269897460938e+01,6.943329811096191406e+00,5.000000000000000000e+00
5.180000000000000426e+01,2.716047363281250000e+02,2.414904594421386719e+01,6.932886600494384766e+00,5.000000000000000000e+00
5.182000000000000028e+01,2.715768737792968750e+02,2.403526306152343750e+01,6.921349525451660156e+00,5.000000000000000000e+00
5.184000000000000341e+01,2.715508422851562500e+02,2.392078399658203125e+01,6.908682346343994141e+00,5.000000000000000000e+00
5.185999999999999943e+01,2.715267028808593750e+02,2.380556869506835938e+01,6.894839286804199219e+00,5.000000000000000000e+00
5.188000000000000256e+01,2.715045776367187500e+02,2.368957328796386719e+01,6.879769325256347656e+00,5.000000000000000000e+00
5.189999999999999858e+01,2.714844970703125000e+02,2.357276344299316406e+01,6.863412380218505859e+00,5.000000000000000000e+00
5.192000000000000171e+01,2.714665222167968750e+02,2.345510101318359375e+01,6.845702648162841797e+00,5.000000000000000000e+00
5.193999999999999773e+01,2.714507751464843750e+02,2.333654975891113281e+01,6.826562881469726562e+00,5.000000000000000000e+00
5.196000000000000085e+01,2.714372863769531250e+02,2.321707725524902344e+01,6.805911064147949219e+00,5.000000000000000000e+00
5.198000000000000398e+01,2.714261474609375000e+02,2.309665107727050781e+01,6.783654689788818359e+00,5.000000000000000000e+00
5.200000000000000000e+01,2.714174194335937500e+02,2.297524261474609375e+01,6.759690284729003906e+00,5.000000000000000000e+00
5.202000000000000313e+01,2.714111938476562500e+02,2.285282516479492188e+01,6.733905315399169922e+00,5.000000000000000000e+00
5.203999999999999915e+01,2.714075317382812500e+02,2.272937965393066406e+01,6.706176280975341797e+00,5.000000000000000000e+00
5.206000000000000227e+01,2.714064941406250000e+02,2.260488700866699219e+01,6.676371574401855469e+00,5.000000000000000000e+00
5.207999999999999829e+01,2.714082031250000000e+02,2.247933197021484375e+01,6.644347667694091797e+00,5.000000000000000000e+00
5.210000000000000142e+01,2.714126892089843750e+02,2.235270309448242188e+01,6.609958648681640625e+00,5.000000000000000000e+00
