time_s,north_m,east_m,altitude_m,phase
0.000000000000000000e+00,0.000000000000000000e+00,0.000000000000000000e+00,9.377412497997283936e-02,0.000000000000000000e+00
2.000000000000000042e-02,1.596743004483869299e-07,3.641447676727693761e-08,9.411802142858505249e-02,0.000000000000000000e+00
4.000000000000000083e-02,1.574169630202959524e-07,-9.176162052426661830e-08,9.507062286138534546e-02,0.000000000000000000e+00
5.999999999999999778e-02,6.496271964806510368e-08,-4.840432552555284929e-07,9.718368947505950928e-02,0.000000000000000000e+00
8.000000000000000167e-02,-7.782647770682160626e-08,-4.293273377697914839e-06,1.025388985872268677e-01,0.000000000000000000e+00
1.000000000000000056e-01,-5.869426331628346816e-07,-1.603197961230762303e-05,1.128248646855354309e-01,0.000000000000000000e+00
1.199999999999999956e-01,-2.338356352993287146e-06,-4.149673623032867908e-05,1.291764676570892334e-01,0.000000000000000000e+00
1.400000000000000133e-01,-6.984355877648340538e-06,-8.724704093765467405e-05,1.522627323865890503e-01,0.000000000000000000e+00
1.600000000000000033e-01,-1.659329063841141760e-05,-1.588099694345146418e-04,1.818859279155731201e-01,0.000000000000000000e+00
1.799999999999999933e-01,-3.246321648475714028e-05,-2.587035996839404106e-04,2.166994214057922363e-01,0.000000000000000000e+00
2.000000000000000111e-01,-5.433355181594379246e-05,-3.871583903674036264e-04,2.549377381801605225e-01,0.000000000000000000e+00
2.200000000000000011e-01,-8.065309521043673158e-05,-5.441429093480110168e-04,2.951754331588745117e-01,0.000000000000000000e+00
2.399999999999999911e-01,-1.089877478079870343e-04,-7.304799510166049004e-04,3.364628553390502930e-01,0.000000000000000000e+00
2.600000000000000089e-01,-1.360878959530964494e-04,-9.480616427026689053e-04,3.782001137733459473e-01,0.000000000000000000e+00
2.800000000000000266e-01,-1.577985967742279172e-04,-1.199876307509839535e-03,4.200218915939331055e-01,0.000000000000000000e+00
2.999999999999999889e-01,-1.687040348770096898e-04,-1.490556867793202400e-03,4.617844820022583008e-01,0.000000000000000000e+00
3.200000000000000067e-01,-1.619201648281887174e-04,-1.825032639317214489e-03,5.034282207489013672e-01,0.000000000000000000e+00
3.400000000000000244e-01,-1.288007042603567243e-04,-2.208236139267683029e-03,5.449505448341369629e-01,0.000000000000000000e+00
3.599999999999999867e-01,-5.885773862246423960e-05,-2.644975669682025909e-03,5.863831043243408203e-01,0.000000000000000000e+00
3.800000000000000044e-01,5.982060974929481745e-05,-3.139321459457278252e-03,6.277437806129455566e-01,0.000000000000000000e+00
4.000000000000000222e-01,2.406319545116275549e-04,-3.694812534376978874e-03,6.690512895584106445e-01,0.000000000000000000e+00
4.199999999999999845e-01,4.983895341865718365e-04,-4.314521327614784241e-03,7.103295922279357910e-01,0.000000000000000000e+00
4.400000000000000022e-01,8.487330051138997078e-04,-5.000669974833726883e-03,7.515843510627746582e-01,0.000000000000000000e+00
4.600000000000000200e-01,1.307969912886619568e-03,-5.754694808274507523e-03,7.928066253662109375e-01,0.000000000000000000e+00
4.799999999999999822e-01,1.893194974400103092e-03,-6.577465683221817017e-03,8.339850902557373047e-01,0.000000000000000000e+00
5.000000000000000000e-01,2.623059786856174469e-03,-7.469734642654657364e-03,8.751299381256103516e-01,0.000000000000000000e+00
5.200000000000000178e-01,3.517689183354377747e-03,-8.432070724666118622e-03,9.162677526473999023e-01,0.000000000000000000e+00
5.400000000000000355e-01,4.597672726958990097e-03,-9.464432485401630402e-03,9.574167728424072266e-01,0.000000000000000000e+00
5.600000000000000533e-01,5.882931407541036606e-03,-1.056587696075439453e-02,9.985691905021667480e-01,0.000000000000000000e+00
5.799999999999999600e-01,7.392891217023134232e-03,-1.173477340489625931e-02,1.039702177047729492e+00,1.000000000000000000e+00
5.999999999999999778e-01,9.145454503595829010e-03,-1.296868547797203064e-02,1.080766916275024414e+00,1.000000000000000000e+00
6.199999999999999956e-01,1.115955132991075516e-02,-1.426521688699722290e-02,1.121735930442810059e+00,1.000000000000000000e+00
6.400000000000000133e-01,1.345741935074329376e-02,-1.562262699007987976e-02,1.162637829780578613e+00,1.000000000000000000e+00
6.600000000000000311e-01,1.606300473213195801e-02,-1.703949086368083954e-02,1.203534722328186035e+00,1.000000000000000000e+00
6.800000000000000488e-01,1.899588480591773987e-02,-1.851367205381393433e-02,1.244451522827148438e+00,1.000000000000000000e+00
7.000000000000000666e-01,2.227193117141723633e-02,-2.004266716539859772e-02,1.285392761230468750e+00,1.000000000000000000e+00
7.199999999999999734e-01,2.589908987283706665e-02,-2.162322402000427246e-02,1.326304554939270020e+00,1.000000000000000000e+00
7.399999999999999911e-01,2.988131344318389893e-02,-2.325263805687427521e-02,1.367126107215881348e+00,1.000000000000000000e+00
7.600000000000000089e-01,3.422298282384872437e-02,-2.492943964898586273e-02,1.407839536666870117e+00,1.000000000000000000e+00
7.800000000000000266e-01,3.892865404486656189e-02,-2.665277570486068726e-02,1.448463201522827148e+00,1.000000000000000000e+00
8.000000000000000444e-01,4.399708658456802368e-02,-2.842152863740921021e-02,1.488986253738403320e+00,1.000000000000000000e+00
8.200000000000000622e-01,4.942250996828079224e-02,-3.023451007902622223e-02,1.529381632804870605e+00,1.000000000000000000e+00
8.399999999999999689e-01,5.520426854491233826e-02,-3.209166601300239563e-02,1.569705009460449219e+00,1.000000000000000000e+00
8.599999999999999867e-01,6.133650243282318115e-02,-3.399278968572616577e-02,1.609983921051025391e+00,1.000000000000000000e+00
8.800000000000000044e-01,6.780739128589630127e-02,-3.593742102384567261e-02,1.650204896926879883e+00,1.000000000000000000e+00
9.000000000000000222e-01,7.460879534482955933e-02,-3.792608529329299927e-02,1.690418362617492676e+00,1.000000000000000000e+00
9.200000000000000400e-01,8.172851800918579102e-02,-3.995927423238754272e-02,1.730650901794433594e+00,1.000000000000000000e+00
9.400000000000000577e-01,8.914741128683090210e-02,-4.203698039054870605e-02,1.770865082740783691e+00,1.000000000000000000e+00
9.599999999999999645e-01,9.684488922357559204e-02,-4.415941238403320312e-02,1.811019301414489746e+00,1.000000000000000000e+00
9.799999999999999822e-01,1.047995537519454956e-01,-4.632706940174102783e-02,1.851070404052734375e+00,1.000000000000000000e+00
1.000000000000000000e+00,1.129926294088363647e-01,-4.854134842753410339e-02,1.891022920608520508e+00,1.000000000000000000e+00
1.020000000000000018e+00,1.214092746376991272e-01,-5.080494657158851624e-02,1.930957078933715820e+00,1.000000000000000000e+00
1.040000000000000036e+00,1.300307810306549072e-01,-5.312036350369453430e-02,1.970910906791687012e+00,1.000000000000000000e+00
1.060000000000000053e+00,1.388356238603591919e-01,-5.548997968435287476e-02,2.010886907577514648e+00,1.000000000000000000e+00
1.080000000000000071e+00,1.478012055158615112e-01,-5.791623517870903015e-02,2.050869941711425781e+00,1.000000000000000000e+00
1.100000000000000089e+00,1.569045335054397583e-01,-6.040170416235923767e-02,2.090836048126220703e+00,1.000000000000000000e+00
1.120000000000000107e+00,1.661241203546524048e-01,-6.294975429773330688e-02,2.130797147750854492e+00,1.000000000000000000e+00
1.140000000000000124e+00,1.754390001296997070e-01,-6.556428968906402588e-02,2.170783996582031250e+00,1.000000000000000000e+00
1.159999999999999920e+00,1.848282665014266968e-01,-6.824960559606552124e-02,2.210834026336669922e+00,1.000000000000000000e+00
1.179999999999999938e+00,1.942711025476455688e-01,-7.101030647754669189e-02,2.250989198684692383e+00,1.000000000000000000e+00
1.199999999999999956e+00,2.037466913461685181e-01,-7.385130226612091064e-02,2.291298151016235352e+00,1.000000000000000000e+00
1.219999999999999973e+00,2.132337838411331177e-01,-7.677677273750305176e-02,2.331768035888671875e+00,1.000000000000000000e+00
1.239999999999999991e+00,2.227112203836441040e-01,-7.978986948728561401e-02,2.372360944747924805e+00,1.000000000000000000e+00
1.260000000000000009e+00,2.321588099002838135e-01,-8.289291709661483765e-02,2.413006544113159180e+00,1.000000000000000000e+00
1.280000000000000027e+00,2.415574640035629272e-01,-8.608870208263397217e-02,2.453660011291503906e+00,1.000000000000000000e+00
1.300000000000000044e+00,2.508888244628906250e-01,-8.938115090131759644e-02,2.494327545166015625e+00,1.000000000000000000e+00
1.320000000000000062e+00,2.601352632045745850e-01,-9.277386963367462158e-02,2.535007715225219727e+00,1.000000000000000000e+00
1.340000000000000080e+00,2.692790329456329346e-01,-9.627136588096618652e-02,2.575739383697509766e+00,1.000000000000000000e+00
1.360000000000000098e+00,2.783025503158569336e-01,-9.987843781709671021e-02,2.616574525833129883e+00,1.000000000000000000e+00
1.380000000000000115e+00,2.871895432472229004e-01,-1.035987287759780884e-01,2.657528162002563477e+00,1.000000000000000000e+00
1.400000000000000133e+00,2.959261536598205566e-01,-1.074337735772132874e-01,2.698549032211303711e+00,1.000000000000000000e+00
1.419999999999999929e+00,3.044993281364440918e-01,-1.113851517438888550e-01,2.739596843719482422e+00,1.000000000000000000e+00
1.439999999999999947e+00,3.128948509693145752e-01,-1.154560819268226624e-01,2.780694246292114258e+00,1.000000000000000000e+00
1.459999999999999964e+00,3.210994005203247070e-01,-1.196492537856101990e-01,2.821854829788208008e+00,1.000000000000000000e+00
1.479999999999999982e+00,3.291020095348358154e-01,-1.239659637212753296e-01,2.863054275512695312e+00,1.000000000000000000e+00
1.500000000000000000e+00,3.368925452232360840e-01,-1.284072250127792358e-01,2.904268026351928711e+00,1.000000000000000000e+00
1.520000000000000018e+00,3.444609642028808594e-01,-1.329743713140487671e-01,2.945490360260009766e+00,1.000000000000000000e+00
1.540000000000000036e+00,3.517969250679016113e-01,-1.376691162586212158e-01,2.986735343933105469e+00,1.000000000000000000e+00
1.560000000000000053e+00,3.588889241218566895e-01,-1.424939930438995361e-01,3.028051614761352539e+00,1.000000000000000000e+00
1.580000000000000071e+00,3.657276928424835205e-01,-1.474502831697463989e-01,3.069459199905395508e+00,1.000000000000000000e+00
1.600000000000000089e+00,3.723075389862060547e-01,-1.525372117757797241e-01,3.110925674438476562e+00,1.000000000000000000e+00
1.620000000000000107e+00,3.786240816116333008e-01,-1.577533632516860962e-01,3.152413845062255859e+00,1.000000000000000000e+00
1.640000000000000124e+00,3.846709430217742920e-01,-1.630985736846923828e-01,3.193932771682739258e+00,1.000000000000000000e+00
1.660000000000000142e+00,3.904429972171783447e-01,-1.685720384120941162e-01,3.235484361648559570e+00,1.000000000000000000e+00
1.679999999999999938e+00,3.959373533725738525e-01,-1.741717755794525146e-01,3.277043819427490234e+00,1.000000000000000000e+00
1.699999999999999956e+00,4.011517465114593506e-01,-1.798955798149108887e-01,3.318588018417358398e+00,1.000000000000000000e+00
1.719999999999999973e+00,4.060832262039184570e-01,-1.857416629791259766e-01,3.360115766525268555e+00,1.000000000000000000e+00
1.739999999999999991e+00,4.107296168804168701e-01,-1.917077749967575073e-01,3.401621341705322266e+00,1.000000000000000000e+00
1.760000000000000009e+00,4.150897264480590820e-01,-1.977912336587905884e-01,3.443092584609985352e+00,1.000000000000000000e+00
1.780000000000000027e+00,4.191620349884033203e-01,-2.039894461631774902e-01,3.484529972076416016e+00,1.000000000000000000e+00
1.800000000000000044e+00,4.229462742805480957e-01,-2.102992832660675049e-01,3.525924444198608398e+00,1.000000000000000000e+00
1.820000000000000062e+00,4.264388084411621094e-01,-2.167188674211502075e-01,3.567322015762329102e+00,1.000000000000000000e+00
1.840000000000000080e+00,4.296383857727050781e-01,-2.232451885938644409e-01,3.608740091323852539e+00,1.000000000000000000e+00
1.860000000000000098e+00,4.325470626354217529e-01,-2.298737168312072754e-01,3.650153160095214844e+00,1.000000000000000000e+00
1.880000000000000115e+00,4.351667463779449463e-01,-2.365999966859817505e-01,3.691545248031616211e+00,1.000000000000000000e+00
1.900000000000000133e+00,4.375000894069671631e-01,-2.434192001819610596e-01,3.732896327972412109e+00,1.000000000000000000e+00
1.919999999999999929e+00,4.395498037338256836e-01,-2.503264248371124268e-01,3.774192333221435547e+00,1.000000000000000000e+00
1.939999999999999947e+00,4.413163959980010986e-01,-2.573173046112060547e-01,3.815457820892333984e+00,1.000000000000000000e+00
1.959999999999999964e+00,4.427995979785919189e-01,-2.643876373767852783e-01,3.856734275817871094e+00,1.000000000000000000e+00
1.979999999999999982e+00,4.440019130706787109e-01,-2.715321183204650879e-01,3.898028373718261719e+00,1.000000000000000000e+00
2.000000000000000000e+00,4.449270367622375488e-01,-2.787450850009918213e-01,3.939337730407714844e+00,1.000000000000000000e+00
2.020000000000000018e+00,4.455801248550415039e-01,-2.860203087329864502e-01,3.980640649795532227e+00,1.000000000000000000e+00
2.040000000000000036e+00,4.459666609764099121e-01,-2.933513522148132324e-01,4.021914005279541016e+00,1.000000000000000000e+00
2.060000000000000053e+00,4.460917413234710693e-01,-3.007319271564483643e-01,4.063146114349365234e+00,1.000000000000000000e+00
2.080000000000000071e+00,4.459591507911682129e-01,-3.081560134887695312e-01,4.104345321655273438e+00,1.000000000000000000e+00
2.100000000000000089e+00,4.455741047859191895e-01,-3.156172633171081543e-01,4.145501613616943359e+00,1.000000000000000000e+00
2.120000000000000107e+00,4.449431598186492920e-01,-3.231091499328613281e-01,4.186582565307617188e+00,1.000000000000000000e+00
2.140000000000000124e+00,4.440698623657226562e-01,-3.306256532669067383e-01,4.227606296539306641e+00,1.000000000000000000e+00
2.160000000000000142e+00,4.429575204849243164e-01,-3.381607532501220703e-01,4.268595695495605469e+00,1.000000000000000000e+00
2.180000000000000160e+00,4.416112303733825684e-01,-3.457083404064178467e-01,4.309541702270507812e+00,1.000000000000000000e+00
2.200000000000000178e+00,4.400354325771331787e-01,-3.532623350620269775e-01,4.350450038909912109e+00,1.000000000000000000e+00
2.220000000000000195e+00,4.382358789443969727e-01,-3.608167171478271484e-01,4.391302108764648438e+00,1.000000000000000000e+00
2.240000000000000213e+00,4.362159073352813721e-01,-3.683655858039855957e-01,4.432120323181152344e+00,1.000000000000000000e+00
2.260000000000000231e+00,4.339757263660430908e-01,-3.759029805660247803e-01,4.472980022430419922e+00,1.000000000000000000e+00
2.280000000000000249e+00,4.315150678157806396e-01,-3.834224045276641846e-01,4.513968467712402344e+00,1.000000000000000000e+00
2.300000000000000266e+00,4.288354218006134033e-01,-3.909165263175964355e-01,4.555142879486083984e+00,1.000000000000000000e+00
2.319999999999999840e+00,4.259439706802368164e-01,-3.983784317970275879e-01,4.596461772918701172e+00,1.000000000000000000e+00
2.339999999999999858e+00,4.228484928607940674e-01,-4.058011770248413086e-01,4.637883663177490234e+00,1.000000000000000000e+00
2.359999999999999876e+00,4.195573627948760986e-01,-4.131783545017242432e-01,4.679360866546630859e+00,1.000000000000000000e+00
2.379999999999999893e+00,4.160789251327514648e-01,-4.205036461353302002e-01,4.720858573913574219e+00,1.000000000000000000e+00
2.399999999999999911e+00,4.124208688735961914e-01,-4.277709126472473145e-01,4.762359619140625000e+00,1.000000000000000000e+00
2.419999999999999929e+00,4.085913598537445068e-01,-4.349742531776428223e-01,4.803844451904296875e+00,1.000000000000000000e+00
2.439999999999999947e+00,4.045974314212799072e-01,-4.421076476573944092e-01,4.845324516296386719e+00,1.000000000000000000e+00
2.459999999999999964e+00,4.004465639591217041e-01,-4.491654336452484131e-01,4.886806488037109375e+00,1.000000000000000000e+00
2.479999999999999982e+00,3.961461186408996582e-01,-4.561419188976287842e-01,4.928308010101318359e+00,1.000000000000000000e+00
2.500000000000000000e+00,3.917034566402435303e-01,-4.630316793918609619e-01,4.969854354858398438e+00,1.000000000000000000e+00
2.520000000000000018e+00,3.871277570724487305e-01,-4.698304831981658936e-01,5.011420249938964844e+00,1.000000000000000000e+00
2.540000000000000036e+00,3.824284970760345459e-01,-4.765346646308898926e-01,5.052974700927734375e+00,1.000000000000000000e+00
2.560000000000000053e+00,3.776142895221710205e-01,-4.831404685974121094e-01,5.094505310058593750e+00,1.000000000000000000e+00
2.580000000000000071e+00,3.726933598518371582e-01,-4.896439313888549805e-01,5.136018753051757812e+00,1.000000000000000000e+00
2.600000000000000089e+00,3.676730990409851074e-01,-4.960405528545379639e-01,5.177557468414306641e+00,1.000000000000000000e+00
2.620000000000000107e+00,3.625617325305938721e-01,-5.023269057273864746e-01,5.219127655029296875e+00,1.000000000000000000e+00
2.640000000000000124e+00,3.573676943778991699e-01,-5.085000395774841309e-01,5.260732650756835938e+00,1.000000000000000000e+00
2.660000000000000142e+00,3.520992994308471680e-01,-5.145574808120727539e-01,5.302370071411132812e+00,1.000000000000000000e+00
2.680000000000000160e+00,3.467652201652526855e-01,-5.204974412918090820e-01,5.344021320343017578e+00,1.000000000000000000e+00
2.700000000000000178e+00,3.413739800453186035e-01,-5.263186097145080566e-01,5.385664939880371094e+00,1.000000000000000000e+00
2.720000000000000195e+00,3.359340131282806396e-01,-5.320202112197875977e-01,5.427274703979492188e+00,1.000000000000000000e+00
2.740000000000000213e+00,3.304530680179595947e-01,-5.376008152961730957e-01,5.468859672546386719e+00,1.000000000000000000e+00
2.760000000000000231e+00,3.249387145042419434e-01,-5.430592894554138184e-01,5.510426998138427734e+00,1.000000000000000000e+00
2.780000000000000249e+00,3.193982541561126709e-01,-5.483932495117187500e-01,5.552035808563232422e+00,1.000000000000000000e+00
2.800000000000000266e+00,3.138391077518463135e-01,-5.536011457443237305e-01,5.593728065490722656e+00,1.000000000000000000e+00
2.819999999999999840e+00,3.082689642906188965e-01,-5.586838126182556152e-01,5.635477542877197266e+00,1.000000000000000000e+00
2.839999999999999858e+00,3.026951551437377930e-01,-5.636423230171203613e-01,5.677261352539062500e+00,1.000000000000000000e+00
2.859999999999999876e+00,2.971246838569641113e-01,-5.684780478477478027e-01,5.719051361083984375e+00,1.000000000000000000e+00
2.879999999999999893e+00,2.915644347667694092e-01,-5.731922388076782227e-01,5.760831356048583984e+00,1.000000000000000000e+00
2.899999999999999911e+00,2.860211133956909180e-01,-5.777859091758728027e-01,5.802611351013183594e+00,1.000000000000000000e+00
2.919999999999999929e+00,2.805010080337524414e-01,-5.822610855102539062e-01,5.844370841979980469e+00,1.000000000000000000e+00
2.939999999999999947e+00,2.750101983547210693e-01,-5.866199135780334473e-01,5.886087894439697266e+00,1.000000000000000000e+00
2.959999999999999964e+00,2.695549130439758301e-01,-5.908628702163696289e-01,5.927814960479736328e+00,1.000000000000000000e+00
2.979999999999999982e+00,2.641410529613494873e-01,-5.949914455413818359e-01,5.969569206237792969e+00,1.000000000000000000e+00
3.000000000000000000e+00,2.587739527225494385e-01,-5.990087389945983887e-01,6.011317253112792969e+00,1.000000000000000000e+00
3.020000000000000018e+00,2.534588277339935303e-01,-6.029174327850341797e-01,6.053052425384521484e+00,1.000000000000000000e+00
3.040000000000000036e+00,2.482009083032608032e-01,-6.067197918891906738e-01,6.094783782958984375e+00,1.000000000000000000e+00
3.060000000000000053e+00,2.430056035518646240e-01,-6.104175448417663574e-01,6.136549472808837891e+00,1.000000000000000000e+00
3.080000000000000071e+00,2.378778606653213501e-01,-6.140133142471313477e-01,6.178361892700195312e+00,1.000000000000000000e+00
3.100000000000000089e+00,2.328218817710876465e-01,-6.175106763839721680e-01,6.220195293426513672e+00,1.000000000000000000e+00
3.120000000000000107e+00,2.278412431478500366e-01,-6.209136843681335449e-01,6.262007236480712891e+00,1.000000000000000000e+00
3.140000000000000124e+00,2.229394167661666870e-01,-6.242263913154602051e-01,6.303767681121826172e+00,1.000000000000000000e+00
3.160000000000000142e+00,2.181215733289718628e-01,-6.274504065513610840e-01,6.345542907714843750e+00,1.000000000000000000e+00
3.180000000000000160e+00,2.133921533823013306e-01,-6.305884718894958496e-01,6.387368202209472656e+00,1.000000000000000000e+00
3.200000000000000178e+00,2.087543159723281860e-01,-6.336442232131958008e-01,6.429223537445068359e+00,1.000000000000000000e+00
3.220000000000000195e+00,2.042108625173568726e-01,-6.366216540336608887e-01,6.471086502075195312e+00,1.000000000000000000e+00
3.240000000000000213e+00,1.997638493776321411e-01,-6.395248770713806152e-01,6.512912273406982422e+00,1.000000000000000000e+00
3.260000000000000231e+00,1.954149454832077026e-01,-6.423579454421997070e-01,6.554656028747558594e+00,1.000000000000000000e+00
3.280000000000000249e+00,1.911673396825790405e-01,-6.451239585876464844e-01,6.596338748931884766e+00,1.000000000000000000e+00
3.300000000000000266e+00,1.870249211788177490e-01,-6.478254199028015137e-01,6.638014316558837891e+00,1.000000000000000000e+00
3.320000000000000284e+00,1.829901933670043945e-01,-6.504654288291931152e-01,6.679690361022949219e+00,1.000000000000000000e+00
3.339999999999999858e+00,1.790650039911270142e-01,-6.530473828315734863e-01,6.721361160278320312e+00,1.000000000000000000e+00
3.359999999999999876e+00,1.752510219812393188e-01,-6.555745601654052734e-01,6.763022422790527344e+00,1.000000000000000000e+00
3.379999999999999893e+00,1.715500056743621826e-01,-6.580501198768615723e-01,6.804678916931152344e+00,1.000000000000000000e+00
3.399999999999999911e+00,1.679643988609313965e-01,-6.604766845703125000e-01,6.846364021301269531e+00,1.000000000000000000e+00
3.419999999999999929e+00,1.644954234361648560e-01,-6.628572940826416016e-01,6.888072013854980469e+00,1.000000000000000000e+00
3.439999999999999947e+00,1.611438095569610596e-01,-6.651948690414428711e-01,6.929792881011962891e+00,1.000000000000000000e+00
3.459999999999999964e+00,1.579116284847259521e-01,-6.674919128417968750e-01,6.971566200256347656e+00,1.000000000000000000e+00
3.479999999999999982e+00,1.548007279634475708e-01,-6.697508692741394043e-01,7.013425827026367188e+00,1.000000000000000000e+00
3.500000000000000000e+00,1.518114209175109863e-01,-6.719744801521301270e-01,7.055354118347167969e+00,1.000000000000000000e+00
3.520000000000000018e+00,1.489427089691162109e-01,-6.741656661033630371e-01,7.097294807434082031e+00,1.000000000000000000e+00
3.540000000000000036e+00,1.461935043334960938e-01,-6.763273477554321289e-01,7.139192581176757812e+00,1.000000000000000000e+00
3.560000000000000053e+00,1.435645669698715210e-01,-6.784615516662597656e-01,7.181058883666992188e+00,1.000000000000000000e+00
3.580000000000000071e+00,1.410582810640335083e-01,-6.805700659751892090e-01,7.222958087921142578e+00,1.000000000000000000e+00
3.600000000000000089e+00,1.386760175228118896e-01,-6.826546192169189453e-01,7.264924049377441406e+00,1.000000000000000000e+00
3.620000000000000107e+00,1.364175975322723389e-01,-6.847170591354370117e-01,7.306945323944091797e+00,1.000000000000000000e+00
3.640000000000000124e+00,1.342825293540954590e-01,-6.867591738700866699e-01,7.349001407623291016e+00,1.000000000000000000e+00
3.660000000000000142e+00,1.322716474533081055e-01,-6.887822747230529785e-01,7.391122341156005859e+00,1.000000000000000000e+00
3.680000000000000160e+00,1.303856074810028076e-01,-6.907874941825866699e-01,7.433333396911621094e+00,1.000000000000000000e+00
3.700000000000000178e+00,1.286247670650482178e-01,-6.927756667137145996e-01,7.475648880004882812e+00,1.000000000000000000e+00
3.720000000000000195e+00,1.269885301589965820e-01,-6.947479248046875000e-01,7.518058776855468750e+00,1.000000000000000000e+00
3.740000000000000213e+00,1.254753470420837402e-01,-6.967050433158874512e-01,7.560526371002197266e+00,1.000000000000000000e+00
3.760000000000000231e+00,1.240839511156082153e-01,-6.986474394798278809e-01,7.603028297424316406e+00,1.000000000000000000e+00
3.780000000000000249e+00,1.228127554059028625e-01,-7.005756497383117676e-01,7.645532608032226562e+00,1.000000000000000000e+00
3.800000000000000266e+00,1.216602697968482971e-01,-7.024899721145629883e-01,7.688011646270751953e+00,1.000000000000000000e+00
3.820000000000000284e+00,1.206256598234176636e-01,-7.043906450271606445e-01,7.730464458465576172e+00,1.000000000000000000e+00
3.839999999999999858e+00,1.197103485465049744e-01,-7.062773704528808594e-01,7.772967815399169922e+00,1.000000000000000000e+00
3.859999999999999876e+00,1.189153492450714111e-01,-7.081498503684997559e-01,7.815592288970947266e+00,1.000000000000000000e+00
3.879999999999999893e+00,1.182393729686737061e-01,-7.100079059600830078e-01,7.858327865600585938e+00,1.000000000000000000e+00
3.899999999999999911e+00,1.176801249384880066e-01,-7.118514180183410645e-01,7.901133537292480469e+00,1.000000000000000000e+00
3.919999999999999929e+00,1.172350570559501648e-01,-7.136800885200500488e-01,7.943961143493652344e+00,1.000000000000000000e+00
3.939999999999999947e+00,1.169022247195243835e-01,-7.154936194419860840e-01,7.986786365509033203e+00,1.000000000000000000e+00
3.959999999999999964e+00,1.166805252432823181e-01,-7.172914147377014160e-01,8.029619216918945312e+00,1.000000000000000000e+00
3.979999999999999982e+00,1.165684014558792114e-01,-7.190728783607482910e-01,8.072453498840332031e+00,1.000000000000000000e+00
4.000000000000000000e+00,1.165639534592628479e-01,-7.208373546600341797e-01,8.115268707275390625e+00,1.000000000000000000e+00
4.020000000000000462e+00,1.166651323437690735e-01,-7.225843667984008789e-01,8.158043861389160156e+00,1.000000000000000000e+00
4.040000000000000036e+00,1.168707013130187988e-01,-7.243129014968872070e-01,8.200789451599121094e+00,1.000000000000000000e+00
4.060000000000000497e+00,1.171806901693344116e-01,-7.260218858718872070e-01,8.243567466735839844e+00,1.000000000000000000e+00
4.080000000000000071e+00,1.175941303372383118e-01,-7.277103662490844727e-01,8.286401748657226562e+00,1.000000000000000000e+00
4.099999999999999645e+00,1.181091591715812683e-01,-7.293773889541625977e-01,8.329280853271484375e+00,1.000000000000000000e+00
4.120000000000000107e+00,1.187233403325080872e-01,-7.310220599174499512e-01,8.372174263000488281e+00,1.000000000000000000e+00
4.139999999999999680e+00,1.194343864917755127e-01,-7.326433062553405762e-01,8.415057182312011719e+00,1.000000000000000000e+00
4.160000000000000142e+00,1.202405691146850586e-01,-7.342402935028076172e-01,8.457932472229003906e+00,1.000000000000000000e+00
4.179999999999999716e+00,1.211408376693725586e-01,-7.358114123344421387e-01,8.500827789306640625e+00,1.000000000000000000e+00
4.200000000000000178e+00,1.221327111124992371e-01,-7.373560070991516113e-01,8.543711662292480469e+00,1.000000000000000000e+00
4.219999999999999751e+00,1.232127472758293152e-01,-7.388737201690673828e-01,8.586527824401855469e+00,1.000000000000000000e+00
4.240000000000000213e+00,1.243762224912643433e-01,-7.403656244277954102e-01,8.629187583923339844e+00,1.000000000000000000e+00
4.259999999999999787e+00,1.256197392940521240e-01,-7.418324351310729980e-01,8.671688079833984375e+00,1.000000000000000000e+00
4.280000000000000249e+00,1.269407123327255249e-01,-7.432742118835449219e-01,8.714093208312988281e+00,1.000000000000000000e+00
4.299999999999999822e+00,1.283351927995681763e-01,-7.446912527084350586e-01,8.756423950195312500e+00,1.000000000000000000e+00
4.320000000000000284e+00,1.297978460788726807e-01,-7.460838556289672852e-01,8.798654556274414062e+00,1.000000000000000000e+00
4.339999999999999858e+00,1.313232332468032837e-01,-7.474522590637207031e-01,8.840774536132812500e+00,1.000000000000000000e+00
4.360000000000000320e+00,1.329066157341003418e-01,-7.487961649894714355e-01,8.882844924926757812e+00,1.000000000000000000e+00
4.379999999999999893e+00,1.345430910587310791e-01,-7.501149177551269531e-01,8.924937248229980469e+00,1.000000000000000000e+00
4.400000000000000355e+00,1.362267136573791504e-01,-7.514081597328186035e-01,8.967079162597656250e+00,1.000000000000000000e+00
4.419999999999999929e+00,1.379505991935729980e-01,-7.526756525039672852e-01,9.009242057800292969e+00,1.000000000000000000e+00
4.440000000000000391e+00,1.397077739238739014e-01,-7.539170384407043457e-01,9.051411628723144531e+00,1.000000000000000000e+00
4.459999999999999964e+00,1.414913982152938843e-01,-7.551317214965820312e-01,9.093589782714843750e+00,1.000000000000000000e+00
4.480000000000000426e+00,1.432946026325225830e-01,-7.563188672065734863e-01,9.135791778564453125e+00,1.000000000000000000e+00
4.500000000000000000e+00,1.451103389263153076e-01,-7.574777603149414062e-01,9.178014755249023438e+00,1.000000000000000000e+00
4.520000000000000462e+00,1.469315588474273682e-01,-7.586076855659484863e-01,9.220233917236328125e+00,1.000000000000000000e+00
4.540000000000000036e+00,1.487511694431304932e-01,-7.597075700759887695e-01,9.262457847595214844e+00,1.000000000000000000e+00
4.560000000000000497e+00,1.505621671676635742e-01,-7.607761621475219727e-01,9.304709434509277344e+00,1.000000000000000000e+00
4.580000000000000071e+00,1.523576676845550537e-01,-7.618123888969421387e-01,9.346976280212402344e+00,1.000000000000000000e+00
4.600000000000000533e+00,1.541310846805572510e-01,-7.628153562545776367e-01,9.389206886291503906e+00,1.000000000000000000e+00
4.620000000000000107e+00,1.558759659528732300e-01,-7.637841701507568359e-01,9.431363105773925781e+00,1.000000000000000000e+00
4.639999999999999680e+00,1.575856357812881470e-01,-7.647171616554260254e-01,9.473476409912109375e+00,1.000000000000000000e+00
4.660000000000000142e+00,1.592532694339752197e-01,-7.656126022338867188e-01,9.515598297119140625e+00,1.000000000000000000e+00
4.679999999999999716e+00,1.608725339174270630e-01,-7.664688825607299805e-01,9.557731628417968750e+00,1.000000000000000000e+00
4.700000000000000178e+00,1.624369919300079346e-01,-7.672843337059020996e-01,9.599898338317871094e+00,1.000000000000000000e+00
4.719999999999999751e+00,1.639406085014343262e-01,-7.680574059486389160e-01,9.642106056213378906e+00,1.000000000000000000e+00
4.740000000000000213e+00,1.653777211904525757e-01,-7.687869071960449219e-01,9.684339523315429688e+00,1.000000000000000000e+00
4.759999999999999787e+00,1.667427420616149902e-01,-7.694713473320007324e-01,9.726585388183593750e+00,1.000000000000000000e+00
4.780000000000000249e+00,1.680301427841186523e-01,-7.701090574264526367e-01,9.768845558166503906e+00,1.000000000000000000e+00
4.799999999999999822e+00,1.692344993352890015e-01,-7.706987261772155762e-01,9.811123847961425781e+00,1.000000000000000000e+00
4.820000000000000284e+00,1.703507751226425171e-01,-7.712389230728149414e-01,9.853411674499511719e+00,1.000000000000000000e+00
4.839999999999999858e+00,1.713738441467285156e-01,-7.717283368110656738e-01,9.895709991455078125e+00,1.000000000000000000e+00
4.860000000000000320e+00,1.722987741231918335e-01,-7.721655964851379395e-01,9.938019752502441406e+00,1.000000000000000000e+00
4.879999999999999893e+00,1.731212884187698364e-01,-7.725495100021362305e-01,9.980321884155273438e+00,1.000000000000000000e+00
4.900000000000000355e+00,1.738369613885879517e-01,-7.728790044784545898e-01,1.002261352539062500e+01,1.000000000000000000e+00
4.919999999999999929e+00,1.744417101144790649e-01,-7.731529474258422852e-01,1.006488704681396484e+01,1.000000000000000000e+00
4.940000000000000391e+00,1.749315261840820312e-01,-7.733702659606933594e-01,1.010713481903076172e+01,1.000000000000000000e+00
4.959999999999999964e+00,1.753026694059371948e-01,-7.735298275947570801e-01,1.014934635162353516e+01,1.000000000000000000e+00
4.980000000000000426e+00,1.755513697862625122e-01,-7.736305594444274902e-01,1.019152069091796875e+01,1.000000000000000000e+00
5.000000000000000000e+00,1.756733357906341553e-01,-7.736709713935852051e-01,1.023368167877197266e+01,1.000000000000000000e+00
5.020000000000000462e+00,1.756649911403656006e-01,-7.736499309539794922e-01,1.027583122253417969e+01,1.000000000000000000e+00
5.040000000000000036e+00,1.755221188068389893e-01,-7.735660672187805176e-01,1.031799316406250000e+01,1.000000000000000000e+00
5.060000000000000497e+00,1.752410680055618286e-01,-7.734181284904479980e-01,1.036018180847167969e+01,1.000000000000000000e+00
5.080000000000000071e+00,1.748193055391311646e-01,-7.732052803039550781e-01,1.040237998962402344e+01,1.000000000000000000e+00
5.100000000000000533e+00,1.742543280124664307e-01,-7.729268670082092285e-01,1.044458007812500000e+01,1.000000000000000000e+00
5.120000000000000107e+00,1.735445708036422729e-01,-7.725825309753417969e-01,1.048674869537353516e+01,1.000000000000000000e+00
5.139999999999999680e+00,1.726876199245452881e-01,-7.721714973449707031e-01,1.052888202667236328e+01,1.000000000000000000e+00
5.160000000000000142e+00,1.716808527708053589e-01,-7.716929316520690918e-01,1.057098579406738281e+01,1.000000000000000000e+00
5.179999999999999716e+00,1.705213189125061035e-01,-7.711457610130310059e-01,1.061307621002197266e+01,1.000000000000000000e+00
5.200000000000000178e+00,1.692067384719848633e-01,-7.705293297767639160e-01,1.065515804290771484e+01,1.000000000000000000e+00
5.219999999999999751e+00,1.677359640598297119e-01,-7.698433995246887207e-01,1.069720840454101562e+01,1.000000000000000000e+00
5.240000000000000213e+00,1.661051958799362183e-01,-7.690867185592651367e-01,1.073927307128906250e+01,1.000000000000000000e+00
5.259999999999999787e+00,1.643076092004776001e-01,-7.682564854621887207e-01,1.078147315979003906e+01,1.000000000000000000e+00
5.280000000000000249e+00,1.623396277427673340e-01,-7.673513889312744141e-01,1.082384967803955078e+01,1.000000000000000000e+00
5.299999999999999822e+00,1.602018028497695923e-01,-7.663717865943908691e-01,1.086635494232177734e+01,1.000000000000000000e+00
5.320000000000000284e+00,1.578952521085739136e-01,-7.653180956840515137e-01,1.090895080566406250e+01,1.000000000000000000e+00
5.339999999999999858e+00,1.554215252399444580e-01,-7.641904354095458984e-01,1.095159912109375000e+01,1.000000000000000000e+00
5.360000000000000320e+00,1.527816951274871826e-01,-7.629888057708740234e-01,1.099428462982177734e+01,1.000000000000000000e+00
5.379999999999999893e+00,1.499765515327453613e-01,-7.617129683494567871e-01,1.103701400756835938e+01,1.000000000000000000e+00
5.400000000000000355e+00,1.470057815313339233e-01,-7.603617310523986816e-01,1.107983398437500000e+01,1.000000000000000000e+00
5.419999999999999929e+00,1.438709944486618042e-01,-7.589349150657653809e-01,1.112275505065917969e+01,1.000000000000000000e+00
5.440000000000000391e+00,1.405766606330871582e-01,-7.574335336685180664e-01,1.116572380065917969e+01,1.000000000000000000e+00
5.459999999999999964e+00,1.371275186538696289e-01,-7.558586001396179199e-01,1.120868778228759766e+01,1.000000000000000000e+00
5.480000000000000426e+00,1.335272341966629028e-01,-7.542107105255126953e-01,1.125162696838378906e+01,1.000000000000000000e+00
5.500000000000000000e+00,1.297784745693206787e-01,-7.524899244308471680e-01,1.129455852508544922e+01,1.000000000000000000e+00
5.520000000000000462e+00,1.258830130100250244e-01,-7.506957054138183594e-01,1.133752346038818359e+01,1.000000000000000000e+00
5.540000000000000036e+00,1.218437999486923218e-01,-7.488282918930053711e-01,1.138053894042968750e+01,1.000000000000000000e+00
5.560000000000000497e+00,1.176641881465911865e-01,-7.468882203102111816e-01,1.142361450195312500e+01,1.000000000000000000e+00
5.580000000000000071e+00,1.133482232689857483e-01,-7.448759675025939941e-01,1.146674442291259766e+01,1.000000000000000000e+00
5.600000000000000533e+00,1.089001223444938660e-01,-7.427926659584045410e-01,1.150992202758789062e+01,1.000000000000000000e+00
5.620000000000000107e+00,1.043242663145065308e-01,-7.406392097473144531e-01,1.155313777923583984e+01,1.000000000000000000e+00
5.639999999999999680e+00,9.962490946054458618e-02,-7.384166121482849121e-01,1.159638404846191406e+01,1.000000000000000000e+00
5.660000000000000142e+00,9.480585157871246338e-02,-7.361258864402770996e-01,1.163967132568359375e+01,1.000000000000000000e+00
5.679999999999999716e+00,8.987121284008026123e-02,-7.337680459022521973e-01,1.168300151824951172e+01,1.000000000000000000e+00
5.700000000000000178e+00,8.482557535171508789e-02,-7.313444614410400391e-01,1.172636508941650391e+01,1.000000000000000000e+00
5.719999999999999751e+00,7.967410981655120850e-02,-7.288569808006286621e-01,1.176972579956054688e+01,1.000000000000000000e+00
5.740000000000000213e+00,7.442191988229751587e-02,-7.263076901435852051e-01,1.181305122375488281e+01,1.000000000000000000e+00
5.759999999999999787e+00,6.907330453395843506e-02,-7.236979007720947266e-01,1.185633277893066406e+01,1.000000000000000000e+00
5.780000000000000249e+00,6.363181769847869873e-02,-7.210288047790527344e-01,1.189959335327148438e+01,1.000000000000000000e+00
5.799999999999999822e+00,5.809969827532768250e-02,-7.183008193969726562e-01,1.194290924072265625e+01,1.000000000000000000e+00
5.820000000000000284e+00,5.248070508241653442e-02,-7.155152559280395508e-01,1.198629188537597656e+01,1.000000000000000000e+00
5.839999999999999858e+00,4.677973687648773193e-02,-7.126745581626892090e-01,1.202969932556152344e+01,1.000000000000000000e+00
5.860000000000000320e+00,4.100121185183525085e-02,-7.097806334495544434e-01,1.207309913635253906e+01,1.000000000000000000e+00
5.879999999999999893e+00,3.514879196882247925e-02,-7.068350315093994141e-01,1.211649513244628906e+01,1.000000000000000000e+00
5.900000000000000355e+00,2.922596223652362823e-02,-7.038393616676330566e-01,1.215989494323730469e+01,1.000000000000000000e+00
5.919999999999999929e+00,2.323640137910842896e-02,-7.007954120635986328e-01,1.220329380035400391e+01,1.000000000000000000e+00
5.940000000000000391e+00,1.718334108591079712e-02,-6.977046728134155273e-01,1.224670124053955078e+01,1.000000000000000000e+00
5.959999999999999964e+00,1.107034180313348770e-02,-6.945690512657165527e-01,1.229010581970214844e+01,1.000000000000000000e+00
5.980000000000000426e+00,4.901289474219083786e-03,-6.913903951644897461e-01,1.233346939086914062e+01,1.000000000000000000e+00
6.000000000000000000e+00,-1.320357085205614567e-03,-6.881706714630126953e-01,1.237677764892578125e+01,1.000000000000000000e+00
6.020000000000000462e+00,-7.591350004076957703e-03,-6.849115490913391113e-01,1.242002296447753906e+01,1.000000000000000000e+00
6.040000000000000036e+00,-1.390855386853218079e-02,-6.816146969795227051e-01,1.246319580078125000e+01,1.000000000000000000e+00
6.060000000000000497e+00,-2.026917785406112671e-02,-6.782816648483276367e-01,1.250630378723144531e+01,1.000000000000000000e+00
6.080000000000000071e+00,-2.667093276977539062e-02,-6.749134659767150879e-01,1.254939651489257812e+01,1.000000000000000000e+00
6.100000000000000533e+00,-3.311101347208023071e-02,-6.715118885040283203e-01,1.259247398376464844e+01,1.000000000000000000e+00
6.120000000000000107e+00,-3.958627581596374512e-02,-6.680787801742553711e-01,1.263549327850341797e+01,1.000000000000000000e+00
6.140000000000000568e+00,-4.609403014183044434e-02,-6.646158099174499512e-01,1.267844200134277344e+01,1.000000000000000000e+00
6.160000000000000142e+00,-5.263222754001617432e-02,-6.611242294311523438e-01,1.272136020660400391e+01,1.000000000000000000e+00
6.179999999999999716e+00,-5.919877812266349792e-02,-6.576052308082580566e-01,1.276428604125976562e+01,1.000000000000000000e+00
6.200000000000000178e+00,-6.579174846410751343e-02,-6.540600657463073730e-01,1.280726909637451172e+01,1.000000000000000000e+00
6.219999999999999751e+00,-7.240875810384750366e-02,-6.504904031753540039e-01,1.285028171539306641e+01,1.000000000000000000e+00
6.240000000000000213e+00,-7.904750108718872070e-02,-6.468978524208068848e-01,1.289327812194824219e+01,1.000000000000000000e+00
6.259999999999999787e+00,-8.570623397827148438e-02,-6.432839632034301758e-01,1.293626499176025391e+01,1.000000000000000000e+00
6.280000000000000249e+00,-9.238325059413909912e-02,-6.396498680114746094e-01,1.297924327850341797e+01,1.000000000000000000e+00
6.299999999999999822e+00,-9.907694905996322632e-02,-6.359968781471252441e-01,1.302221584320068359e+01,1.000000000000000000e+00
6.320000000000000284e+00,-1.057857275009155273e-01,-6.323264241218566895e-01,1.306517124176025391e+01,1.000000000000000000e+00
6.339999999999999858e+00,-1.125081777572631836e-01,-6.286396980285644531e-01,1.310809516906738281e+01,1.000000000000000000e+00
6.360000000000000320e+00,-1.192432567477226257e-01,-6.249374747276306152e-01,1.315104293823242188e+01,1.000000000000000000e+00
6.379999999999999893e+00,-1.259898841381072998e-01,-6.212207674980163574e-01,1.319405841827392578e+01,1.000000000000000000e+00
6.400000000000000355e+00,-1.327467560768127441e-01,-6.174905300140380859e-01,1.323712539672851562e+01,1.000000000000000000e+00
6.419999999999999929e+00,-1.395125836133956909e-01,-6.137479543685913086e-01,1.328020191192626953e+01,1.000000000000000000e+00
6.440000000000000391e+00,-1.462861895561218262e-01,-6.099939346313476562e-01,1.332325458526611328e+01,1.000000000000000000e+00
6.459999999999999964e+00,-1.530665606260299683e-01,-6.062294244766235352e-01,1.336626720428466797e+01,1.000000000000000000e+00
6.480000000000000426e+00,-1.598527282476425171e-01,-6.024551391601562500e-01,1.340923881530761719e+01,1.000000000000000000e+00
6.500000000000000000e+00,-1.666438728570938110e-01,-5.986717343330383301e-01,1.345219707489013672e+01,1.000000000000000000e+00
6.520000000000000462e+00,-1.734392791986465454e-01,-5.948796868324279785e-01,1.349518394470214844e+01,1.000000000000000000e+00
6.540000000000000036e+00,-1.802381873130798340e-01,-5.910794734954833984e-01,1.353819656372070312e+01,1.000000000000000000e+00
6.560000000000000497e+00,-1.870400011539459229e-01,-5.872716307640075684e-01,1.358122634887695312e+01,1.000000000000000000e+00
6.580000000000000071e+00,-1.938440799713134766e-01,-5.834563374519348145e-01,1.362427616119384766e+01,1.000000000000000000e+00
6.600000000000000533e+00,-2.006499469280242920e-01,-5.796335935592651367e-01,1.366739845275878906e+01,1.000000000000000000e+00
6.620000000000000107e+00,-2.074570655822753906e-01,-5.758036375045776367e-01,1.371057605743408203e+01,1.000000000000000000e+00
6.640000000000000568e+00,-2.142649739980697632e-01,-5.719665288925170898e-01,1.375374698638916016e+01,1.000000000000000000e+00
6.660000000000000142e+00,-2.210732996463775635e-01,-5.681222081184387207e-01,1.379688930511474609e+01,1.000000000000000000e+00
6.679999999999999716e+00,-2.278818339109420776e-01,-5.642702579498291016e-01,1.384004211425781250e+01,1.000000000000000000e+00
6.700000000000000178e+00,-2.346903383731842041e-01,-5.604104399681091309e-01,1.388322830200195312e+01,1.000000000000000000e+00
6.719999999999999751e+00,-2.414986044168472290e-01,-5.565422773361206055e-01,1.392644786834716797e+01,1.000000000000000000e+00
6.740000000000000213e+00,-2.483064681291580200e-01,-5.526654720306396484e-01,1.396968269348144531e+01,1.000000000000000000e+00
6.759999999999999787e+00,-2.551138699054718018e-01,-5.487794280052185059e-01,1.401290512084960938e+01,1.000000000000000000e+00
6.780000000000000249e+00,-2.619206607341766357e-01,-5.448836088180541992e-01,1.405610656738281250e+01,1.000000000000000000e+00
6.799999999999999822e+00,-2.687268853187561035e-01,-5.409772992134094238e-01,1.409931659698486328e+01,1.000000000000000000e+00
6.820000000000000284e+00,-2.755326032638549805e-01,-5.370597243309020996e-01,1.414254665374755859e+01,1.000000000000000000e+00
6.839999999999999858e+00,-2.823379337787628174e-01,-5.331301689147949219e-01,1.418578529357910156e+01,1.000000000000000000e+00
6.860000000000000320e+00,-2.891430258750915527e-01,-5.291877985000610352e-01,1.422904491424560547e+01,1.000000000000000000e+00
6.879999999999999893e+00,-2.959481477737426758e-01,-5.252315998077392578e-01,1.427233219146728516e+01,1.000000000000000000e+00
6.900000000000000355e+00,-3.027534782886505127e-01,-5.212606787681579590e-01,1.431566047668457031e+01,1.000000000000000000e+00
6.919999999999999929e+00,-3.095592260360717773e-01,-5.172740221023559570e-01,1.435903835296630859e+01,1.000000000000000000e+00
6.940000000000000391e+00,-3.163656294345855713e-01,-5.132708549499511719e-01,1.440244197845458984e+01,1.000000000000000000e+00
6.959999999999999964e+00,-3.231729865074157715e-01,-5.092502236366271973e-01,1.444584846496582031e+01,1.000000000000000000e+00
6.980000000000000426e+00,-3.299814760684967041e-01,-5.052111744880676270e-01,1.448924064636230469e+01,1.000000000000000000e+00
7.000000000000000000e+00,-3.367913067340850830e-01,-5.011526346206665039e-01,1.453262901306152344e+01,1.000000000000000000e+00
7.020000000000000462e+00,-3.436028361320495605e-01,-4.970734715461730957e-01,1.457601451873779297e+01,1.000000000000000000e+00
7.040000000000000036e+00,-3.504162132740020752e-01,-4.929728507995605469e-01,1.461935997009277344e+01,1.000000000000000000e+00
7.060000000000000497e+00,-3.572317957878112793e-01,-4.888496994972229004e-01,1.466266059875488281e+01,1.000000000000000000e+00
7.080000000000000071e+00,-3.640499711036682129e-01,-4.847026765346527100e-01,1.470594978332519531e+01,1.000000000000000000e+00
7.100000000000000533e+00,-3.708711266517639160e-01,-4.805303215980529785e-01,1.474929904937744141e+01,1.000000000000000000e+00
7.120000000000000107e+00,-3.776956498622894287e-01,-4.763314723968505859e-01,1.479270839691162109e+01,1.000000000000000000e+00
7.140000000000000568e+00,-3.845238387584686279e-01,-4.721054434776306152e-01,1.483613204956054688e+01,1.000000000000000000e+00
7.160000000000000142e+00,-3.913560509681701660e-01,-4.678514897823333740e-01,1.487952423095703125e+01,1.000000000000000000e+00
7.179999999999999716e+00,-3.981925845146179199e-01,-4.635688662528991699e-01,1.492285823822021484e+01,1.000000000000000000e+00
7.200000000000000178e+00,-4.050340056419372559e-01,-4.592562913894653320e-01,1.496617317199707031e+01,1.000000000000000000e+00
7.219999999999999751e+00,-4.118806719779968262e-01,-4.549126923084259033e-01,1.500948524475097656e+01,1.000000000000000000e+00
7.240000000000000213e+00,-4.187331199645996094e-01,-4.505370855331420898e-01,1.505280017852783203e+01,1.000000000000000000e+00
7.259999999999999787e+00,-4.255916476249694824e-01,-4.461286962032318115e-01,1.509610080718994141e+01,1.000000000000000000e+00
7.280000000000000249e+00,-4.324566423892974854e-01,-4.416871070861816406e-01,1.513934516906738281e+01,1.000000000000000000e+00
7.299999999999999822e+00,-4.393284320831298828e-01,-4.372114241123199463e-01,1.518254661560058594e+01,1.000000000000000000e+00
7.320000000000000284e+00,-4.462074041366577148e-01,-4.327007234096527100e-01,1.522571372985839844e+01,1.000000000000000000e+00
7.339999999999999858e+00,-4.530939459800720215e-01,-4.281543195247650146e-01,1.526885414123535156e+01,1.000000000000000000e+00
7.360000000000000320e+00,-4.599885642528533936e-01,-4.235713779926300049e-01,1.531198883056640625e+01,1.000000000000000000e+00
7.379999999999999893e+00,-4.668916165828704834e-01,-4.189511537551879883e-01,1.535513305664062500e+01,1.000000000000000000e+00
7.400000000000000355e+00,-4.738033711910247803e-01,-4.142928421497344971e-01,1.539830875396728516e+01,1.000000000000000000e+00
7.419999999999999929e+00,-4.807240962982177734e-01,-4.095961749553680420e-01,1.544149971008300781e+01,1.000000000000000000e+00
7.440000000000000391e+00,-4.876538813114166260e-01,-4.048611819744110107e-01,1.548466300964355469e+01,1.000000000000000000e+00
7.459999999999999964e+00,-4.945928752422332764e-01,-4.000874161720275879e-01,1.552779865264892578e+01,1.000000000000000000e+00
7.480000000000000426e+00,-5.015413761138916016e-01,-3.952740728855133057e-01,1.557094573974609375e+01,1.000000000000000000e+00
7.500000000000000000e+00,-5.084996223449707031e-01,-3.904205560684204102e-01,1.561413574218750000e+01,1.000000000000000000e+00
7.520000000000000462e+00,-5.154676437377929688e-01,-3.855267167091369629e-01,1.565735816955566406e+01,1.000000000000000000e+00
7.540000000000000036e+00,-5.224452018737792969e-01,-3.805927336215972900e-01,1.570057106018066406e+01,1.000000000000000000e+00
7.560000000000000497e+00,-5.294323563575744629e-01,-3.756186962127685547e-01,1.574375247955322266e+01,1.000000000000000000e+00
7.580000000000000071e+00,-5.364291071891784668e-01,-3.706042468547821045e-01,1.578692054748535156e+01,1.000000000000000000e+00
7.600000000000000533e+00,-5.434355139732360840e-01,-3.655488491058349609e-01,1.583010578155517578e+01,1.000000000000000000e+00
7.620000000000000107e+00,-5.504513382911682129e-01,-3.604524731636047363e-01,1.587330627441406250e+01,1.000000000000000000e+00
7.640000000000000568e+00,-5.574763417243957520e-01,-3.553152382373809814e-01,1.591649055480957031e+01,1.000000000000000000e+00
7.660000000000000142e+00,-5.645098686218261719e-01,-3.501377105712890625e-01,1.595959949493408203e+01,1.000000000000000000e+00
7.679999999999999716e+00,-5.715514421463012695e-01,-3.449201583862304688e-01,1.600259590148925781e+01,1.000000000000000000e+00
7.700000000000000178e+00,-5.786008238792419434e-01,-3.396618962287902832e-01,1.604552459716796875e+01,1.000000000000000000e+00
7.719999999999999751e+00,-5.856575369834899902e-01,-3.343624472618103027e-01,1.608841705322265625e+01,1.000000000000000000e+00
7.740000000000000213e+00,-5.927210450172424316e-01,-3.290218114852905273e-01,1.613125991821289062e+01,1.000000000000000000e+00
7.759999999999999787e+00,-5.997907519340515137e-01,-3.236396610736846924e-01,1.617406654357910156e+01,1.000000000000000000e+00
7.780000000000000249e+00,-6.068663597106933594e-01,-3.182152211666107178e-01,1.621689605712890625e+01,1.000000000000000000e+00
7.799999999999999822e+00,-6.139472723007202148e-01,-3.127473890781402588e-01,1.625983047485351562e+01,1.000000000000000000e+00
7.820000000000000284e+00,-6.210327744483947754e-01,-3.072360455989837646e-01,1.630286216735839844e+01,1.000000000000000000e+00
7.839999999999999858e+00,-6.281219720840454102e-01,-3.016816377639770508e-01,1.634593772888183594e+01,1.000000000000000000e+00
7.860000000000000320e+00,-6.352139115333557129e-01,-2.960842549800872803e-01,1.638902473449707031e+01,1.000000000000000000e+00
7.879999999999999893e+00,-6.423077583312988281e-01,-2.904430627822875977e-01,1.643216896057128906e+01,1.000000000000000000e+00
7.900000000000000355e+00,-6.494026780128479004e-01,-2.847573459148406982e-01,1.647541809082031250e+01,1.000000000000000000e+00
7.919999999999999929e+00,-6.564976572990417480e-01,-2.790271043777465820e-01,1.651873397827148438e+01,1.000000000000000000e+00
7.940000000000000391e+00,-6.635916829109191895e-01,-2.732525765895843506e-01,1.656206893920898438e+01,1.000000000000000000e+00
7.959999999999999964e+00,-6.706836819648742676e-01,-2.674340605735778809e-01,1.660536766052246094e+01,1.000000000000000000e+00
7.980000000000000426e+00,-6.777727007865905762e-01,-2.615715861320495605e-01,1.664859199523925781e+01,1.000000000000000000e+00
8.000000000000000000e+00,-6.848579049110412598e-01,-2.556643784046173096e-01,1.669177436828613281e+01,1.000000000000000000e+00
8.019999999999999574e+00,-6.919382214546203613e-01,-2.497117966413497925e-01,1.673493194580078125e+01,1.000000000000000000e+00
8.040000000000000924e+00,-6.990125775337219238e-01,-2.437137812376022339e-01,1.677804183959960938e+01,1.000000000000000000e+00
8.060000000000000497e+00,-7.060800194740295410e-01,-2.376699894666671753e-01,1.682110023498535156e+01,1.000000000000000000e+00
8.080000000000000071e+00,-7.131394743919372559e-01,-2.315792590379714966e-01,1.686416816711425781e+01,1.000000000000000000e+00
8.099999999999999645e+00,-7.201895713806152344e-01,-2.254403531551361084e-01,1.690732192993164062e+01,1.000000000000000000e+00
8.120000000000000995e+00,-7.272292375564575195e-01,-2.192529290914535522e-01,1.695055961608886719e+01,1.000000000000000000e+00
8.140000000000000568e+00,-7.342571616172790527e-01,-2.130174040794372559e-01,1.699382781982421875e+01,1.000000000000000000e+00
8.160000000000000142e+00,-7.412721514701843262e-01,-2.067340165376663208e-01,1.703708457946777344e+01,1.000000000000000000e+00
8.179999999999999716e+00,-7.482729554176330566e-01,-2.004025280475616455e-01,1.708032608032226562e+01,1.000000000000000000e+00
8.199999999999999289e+00,-7.552579641342163086e-01,-1.940225660800933838e-01,1.712356948852539062e+01,1.000000000000000000e+00
8.220000000000000639e+00,-7.622257471084594727e-01,-1.875940412282943726e-01,1.716680526733398438e+01,1.000000000000000000e+00
8.240000000000000213e+00,-7.691749334335327148e-01,-1.811171025037765503e-01,1.721001434326171875e+01,1.000000000000000000e+00
8.259999999999999787e+00,-7.761039733886718750e-01,-1.745917201042175293e-01,1.725319290161132812e+01,1.000000000000000000e+00
8.279999999999999361e+00,-7.830111980438232422e-01,-1.680177748203277588e-01,1.729634475708007812e+01,1.000000000000000000e+00
8.300000000000000711e+00,-7.898947596549987793e-01,-1.613948792219161987e-01,1.733949661254882812e+01,1.000000000000000000e+00
8.320000000000000284e+00,-7.967529892921447754e-01,-1.547230780124664307e-01,1.738264656066894531e+01,1.000000000000000000e+00
8.339999999999999858e+00,-8.035842180252075195e-01,-1.480025947093963623e-01,1.742577934265136719e+01,1.000000000000000000e+00
8.359999999999999432e+00,-8.103864192962646484e-01,-1.412333697080612183e-01,1.746890258789062500e+01,1.000000000000000000e+00
8.380000000000000782e+00,-8.171576261520385742e-01,-1.344152241945266724e-01,1.751202774047851562e+01,1.000000000000000000e+00
8.400000000000000355e+00,-8.238956332206726074e-01,-1.275480240583419800e-01,1.755517005920410156e+01,1.000000000000000000e+00
8.419999999999999929e+00,-8.305984139442443848e-01,-1.206320524215698242e-01,1.759831047058105469e+01,1.000000000000000000e+00
8.439999999999999503e+00,-8.372641205787658691e-01,-1.136677861213684082e-01,1.764142417907714844e+01,1.000000000000000000e+00
8.460000000000000853e+00,-8.438906669616699219e-01,-1.066555604338645935e-01,1.768449211120605469e+01,1.000000000000000000e+00
8.480000000000000426e+00,-8.504756093025207520e-01,-9.959524869918823242e-02,1.772753906250000000e+01,1.000000000000000000e+00
8.500000000000000000e+00,-8.570157885551452637e-01,-9.248601645231246948e-02,1.777063560485839844e+01,1.000000000000000000e+00
8.519999999999999574e+00,-8.635084629058837891e-01,-8.532776683568954468e-02,1.781381225585937500e+01,1.000000000000000000e+00
8.540000000000000924e+00,-8.699516057968139648e-01,-7.812119275331497192e-02,1.785702514648437500e+01,1.000000000000000000e+00
8.560000000000000497e+00,-8.763430714607238770e-01,-7.086685299873352051e-02,1.790025138854980469e+01,1.000000000000000000e+00
8.580000000000000071e+00,-8.826800584793090820e-01,-6.356474012136459351e-02,1.794351005554199219e+01,1.000000000000000000e+00
8.599999999999999645e+00,-8.889595270156860352e-01,-5.621454119682312012e-02,1.798683738708496094e+01,1.000000000000000000e+00
8.620000000000000995e+00,-8.951790332794189453e-01,-4.881655424833297729e-02,1.803023529052734375e+01,1.000000000000000000e+00
8.640000000000000568e+00,-9.013367891311645508e-01,-4.137163236737251282e-02,1.807365608215332031e+01,1.000000000000000000e+00
8.660000000000000142e+00,-9.074312448501586914e-01,-3.388074412941932678e-02,1.811703491210937500e+01,1.000000000000000000e+00
8.679999999999999716e+00,-9.134598970413208008e-01,-2.634401619434356689e-02,1.816037940979003906e+01,1.000000000000000000e+00
8.700000000000001066e+00,-9.194195866584777832e-01,-1.876097172498703003e-02,1.820373916625976562e+01,1.000000000000000000e+00
8.720000000000000639e+00,-9.253076910972595215e-01,-1.113169547170400620e-02,1.824711990356445312e+01,1.000000000000000000e+00
8.740000000000000213e+00,-9.311222434043884277e-01,-3.456656355410814285e-03,1.829049873352050781e+01,1.000000000000000000e+00
8.759999999999999787e+00,-9.368609189987182617e-01,4.263909533619880676e-03,1.833386230468750000e+01,1.000000000000000000e+00
8.779999999999999361e+00,-9.425204992294311523e-01,1.203045528382062912e-02,1.837724494934082031e+01,1.000000000000000000e+00
8.800000000000000711e+00,-9.480978846549987793e-01,1.984329894185066223e-02,1.842067527770996094e+01,1.000000000000000000e+00
8.820000000000000284e+00,-9.535905718803405762e-01,2.770218625664710999e-02,1.846413612365722656e+01,1.000000000000000000e+00
8.839999999999999858e+00,-9.589962363243103027e-01,3.560705482959747314e-02,1.850760841369628906e+01,1.000000000000000000e+00
8.859999999999999432e+00,-9.643113613128662109e-01,4.355821013450622559e-02,1.855110549926757812e+01,1.000000000000000000e+00
8.880000000000000782e+00,-9.695327877998352051e-01,5.155581980943679810e-02,1.859462356567382812e+01,1.000000000000000000e+00
8.900000000000000355e+00,-9.746571779251098633e-01,5.960005894303321838e-02,1.863815307617187500e+01,1.000000000000000000e+00
8.919999999999999929e+00,-9.796808958053588867e-01,6.769118458032608032e-02,1.868168830871582031e+01,1.000000000000000000e+00
8.939999999999999503e+00,-9.845994114875793457e-01,7.582984864711761475e-02,1.872525215148925781e+01,1.000000000000000000e+00
8.960000000000000853e+00,-9.894077777862548828e-01,8.401683717966079712e-02,1.876886749267578125e+01,1.000000000000000000e+00
8.980000000000000426e+00,-9.941012859344482422e-01,9.225258976221084595e-02,1.881253242492675781e+01,1.000000000000000000e+00
9.000000000000000000e+00,-9.986760020256042480e-01,1.005372703075408936e-01,1.885622215270996094e+01,1.000000000000000000e+00
9.019999999999999574e+00,-1.003127217292785645e+00,1.088712289929389954e-01,1.889992523193359375e+01,1.000000000000000000e+00
9.040000000000000924e+00,-1.007449507713317871e+00,1.172550544142723083e-01,1.894364929199218750e+01,1.000000000000000000e+00
9.060000000000000497e+00,-1.011637210845947266e+00,1.256893426179885864e-01,1.898740005493164062e+01,1.000000000000000000e+00
9.080000000000000071e+00,-1.015684604644775391e+00,1.341747492551803589e-01,1.903119087219238281e+01,1.000000000000000000e+00
9.099999999999999645e+00,-1.019585013389587402e+00,1.427120417356491089e-01,1.907503890991210938e+01,1.000000000000000000e+00
9.120000000000000995e+00,-1.023333430290222168e+00,1.513014733791351318e-01,1.911892890930175781e+01,1.000000000000000000e+00
9.140000000000000568e+00,-1.026925206184387207e+00,1.599429100751876831e-01,1.916281700134277344e+01,1.000000000000000000e+00
9.160000000000000142e+00,-1.030355215072631836e+00,1.686364263296127319e-01,1.920668220520019531e+01,1.000000000000000000e+00
9.179999999999999716e+00,-1.033616065979003906e+00,1.773828417062759399e-01,1.925054931640625000e+01,1.000000000000000000e+00
9.200000000000001066e+00,-1.036698698997497559e+00,1.861834079027175903e-01,1.929447937011718750e+01,1.000000000000000000e+00
9.220000000000000639e+00,-1.039595246315002441e+00,1.950388848781585693e-01,1.933849525451660156e+01,1.000000000000000000e+00
9.240000000000000213e+00,-1.042299747467041016e+00,2.039493322372436523e-01,1.938258171081542969e+01,1.000000000000000000e+00
9.259999999999999787e+00,-1.044806599617004395e+00,2.129145264625549316e-01,1.942670440673828125e+01,1.000000000000000000e+00
9.279999999999999361e+00,-1.047110199928283691e+00,2.219344228506088257e-01,1.947083854675292969e+01,1.000000000000000000e+00
9.300000000000000711e+00,-1.049204349517822266e+00,2.310090214014053345e-01,1.951496887207031250e+01,1.000000000000000000e+00
9.320000000000000284e+00,-1.051082730293273926e+00,2.401382774114608765e-01,1.955907630920410156e+01,1.000000000000000000e+00
9.339999999999999858e+00,-1.052737832069396973e+00,2.493224889039993286e-01,1.960317420959472656e+01,1.000000000000000000e+00
9.359999999999999432e+00,-1.054162502288818359e+00,2.585618197917938232e-01,1.964726066589355469e+01,1.000000000000000000e+00
9.380000000000000782e+00,-1.055349946022033691e+00,2.678563594818115234e-01,1.969132804870605469e+01,1.000000000000000000e+00
9.400000000000000355e+00,-1.056292533874511719e+00,2.772062718868255615e-01,1.973538398742675781e+01,1.000000000000000000e+00
9.419999999999999929e+00,-1.056982994079589844e+00,2.866114377975463867e-01,1.977941894531250000e+01,1.000000000000000000e+00
9.439999999999999503e+00,-1.057413101196289062e+00,2.960721254348754883e-01,1.982344055175781250e+01,1.000000000000000000e+00
9.460000000000000853e+00,-1.057572364807128906e+00,3.055888116359710693e-01,1.986748313903808594e+01,1.000000000000000000e+00
9.480000000000000426e+00,-1.057449698448181152e+00,3.151620626449584961e-01,1.991158294677734375e+01,1.000000000000000000e+00
9.500000000000000000e+00,-1.057034969329833984e+00,3.247921466827392578e-01,1.995576095581054688e+01,1.000000000000000000e+00
9.519999999999999574e+00,-1.056320071220397949e+00,3.344786465167999268e-01,1.999999237060546875e+01,1.000000000000000000e+00
9.540000000000000924e+00,-1.055298805236816406e+00,3.442207276821136475e-01,2.004423522949218750e+01,1.000000000000000000e+00
9.560000000000000497e+00,-1.053963780403137207e+00,3.540174961090087891e-01,2.008845329284667969e+01,1.000000000000000000e+00
9.580000000000000071e+00,-1.052303433418273926e+00,3.638690412044525146e-01,2.013266372680664062e+01,1.000000000000000000e+00
9.599999999999999645e+00,-1.050303101539611816e+00,3.737757503986358643e-01,2.017691230773925781e+01,1.000000000000000000e+00
9.620000000000000995e+00,-1.047950387001037598e+00,3.837371766567230225e-01,2.022121047973632812e+01,1.000000000000000000e+00
9.640000000000000568e+00,-1.045234918594360352e+00,3.937526047229766846e-01,2.026555061340332031e+01,1.000000000000000000e+00
9.660000000000000142e+00,-1.042147517204284668e+00,4.038208723068237305e-01,2.030990219116210938e+01,1.000000000000000000e+00
9.679999999999999716e+00,-1.038678288459777832e+00,4.139408469200134277e-01,2.035424423217773438e+01,1.000000000000000000e+00
9.700000000000001066e+00,-1.034814715385437012e+00,4.241117537021636963e-01,2.039858055114746094e+01,1.000000000000000000e+00
9.720000000000000639e+00,-1.030542969703674316e+00,4.343328177928924561e-01,2.044292259216308594e+01,1.000000000000000000e+00
9.740000000000000213e+00,-1.025847792625427246e+00,4.446032643318176270e-01,2.048729705810546875e+01,1.000000000000000000e+00
9.759999999999999787e+00,-1.020723104476928711e+00,4.549211561679840088e-01,2.053165054321289062e+01,1.000000000000000000e+00
9.779999999999999361e+00,-1.015173435211181641e+00,4.652833938598632812e-01,2.057584190368652344e+01,1.000000000000000000e+00
9.800000000000000711e+00,-1.009186029434204102e+00,4.756895601749420166e-01,2.061989402770996094e+01,1.000000000000000000e+00
9.820000000000000284e+00,-1.002747654914855957e+00,4.861392974853515625e-01,2.066384506225585938e+01,1.000000000000000000e+00
9.839999999999999858e+00,-9.958470463752746582e-01,4.966320693492889404e-01,2.070771598815917969e+01,1.000000000000000000e+00
9.859999999999999432e+00,-9.884764552116394043e-01,5.071669220924377441e-01,2.075150871276855469e+01,1.000000000000000000e+00
9.880000000000000782e+00,-9.806303381919860840e-01,5.177428722381591797e-01,2.079521179199218750e+01,1.000000000000000000e+00
9.900000000000000355e+00,-9.723028540611267090e-01,5.283588171005249023e-01,2.083882331848144531e+01,1.000000000000000000e+00
9.919999999999999929e+00,-9.634856581687927246e-01,5.390140414237976074e-01,2.088236427307128906e+01,1.000000000000000000e+00
9.939999999999999503e+00,-9.541693329811096191e-01,5.497077703475952148e-01,2.092586898803710938e+01,1.000000000000000000e+00
9.960000000000000853e+00,-9.443501234054565430e-01,5.604387521743774414e-01,2.096933174133300781e+01,1.000000000000000000e+00
9.980000000000000426e+00,-9.340255260467529297e-01,5.712057948112487793e-01,2.101274299621582031e+01,1.000000000000000000e+00
1.000000000000000000e+01,-9.231911897659301758e-01,5.820077061653137207e-01,2.105611038208007812e+01,1.000000000000000000e+00
1.001999999999999957e+01,-9.118421077728271484e-01,5.928434729576110840e-01,2.109944725036621094e+01,1.000000000000000000e+00
1.004000000000000092e+01,-8.999744057655334473e-01,6.037118434906005859e-01,2.114276123046875000e+01,1.000000000000000000e+00
1.006000000000000050e+01,-8.875865936279296875e-01,6.146114468574523926e-01,2.118604469299316406e+01,1.000000000000000000e+00
1.008000000000000007e+01,-8.746770620346069336e-01,6.255409121513366699e-01,2.122929382324218750e+01,1.000000000000000000e+00
1.009999999999999964e+01,-8.612430095672607422e-01,6.364988684654235840e-01,2.127251243591308594e+01,1.000000000000000000e+00
1.012000000000000099e+01,-8.472793698310852051e-01,6.474841237068176270e-01,2.131572341918945312e+01,1.000000000000000000e+00
1.014000000000000057e+01,-8.327810168266296387e-01,6.584954261779785156e-01,2.135894966125488281e+01,1.000000000000000000e+00
1.016000000000000014e+01,-8.177415132522583008e-01,6.695312261581420898e-01,2.140222358703613281e+01,1.000000000000000000e+00
1.017999999999999972e+01,-8.021586537361145020e-01,6.805901527404785156e-01,2.144554901123046875e+01,1.000000000000000000e+00
1.020000000000000107e+01,-7.860343456268310547e-01,6.916701197624206543e-01,2.148891448974609375e+01,1.000000000000000000e+00
1.022000000000000064e+01,-7.693673968315124512e-01,7.027693390846252441e-01,2.153231620788574219e+01,1.000000000000000000e+00
1.024000000000000021e+01,-7.521540522575378418e-01,7.138861417770385742e-01,2.157577705383300781e+01,1.000000000000000000e+00
1.025999999999999979e+01,-7.343952059745788574e-01,7.250184416770935059e-01,2.161929321289062500e+01,1.000000000000000000e+00
1.027999999999999936e+01,-7.160956859588623047e-01,7.361642718315124512e-01,2.166283416748046875e+01,1.000000000000000000e+00
1.030000000000000071e+01,-6.972602605819702148e-01,7.473214268684387207e-01,2.170637321472167969e+01,1.000000000000000000e+00
1.032000000000000028e+01,-6.778924465179443359e-01,7.584878802299499512e-01,2.174989128112792969e+01,1.000000000000000000e+00
1.033999999999999986e+01,-6.579897999763488770e-01,7.696616053581237793e-01,2.179342079162597656e+01,1.000000000000000000e+00
1.035999999999999943e+01,-6.375470757484436035e-01,7.808403968811035156e-01,2.183700561523437500e+01,1.000000000000000000e+00
1.038000000000000078e+01,-6.165651082992553711e-01,7.920221686363220215e-01,2.188065910339355469e+01,1.000000000000000000e+00
1.040000000000000036e+01,-5.950490832328796387e-01,8.032046556472778320e-01,2.192436599731445312e+01,1.000000000000000000e+00
1.041999999999999993e+01,-5.730041265487670898e-01,8.143854737281799316e-01,2.196812057495117188e+01,1.000000000000000000e+00
1.043999999999999950e+01,-5.504364967346191406e-01,8.255620598793029785e-01,2.201190185546875000e+01,1.000000000000000000e+00
1.046000000000000085e+01,-5.273532271385192871e-01,8.367322087287902832e-01,2.205569839477539062e+01,1.000000000000000000e+00
1.048000000000000043e+01,-5.037612915039062500e-01,8.478934168815612793e-01,2.209949493408203125e+01,1.000000000000000000e+00
1.050000000000000000e+01,-4.796699285507202148e-01,8.590434789657592773e-01,2.214327049255371094e+01,1.000000000000000000e+00
1.051999999999999957e+01,-4.550877511501312256e-01,8.701797127723693848e-01,2.218700599670410156e+01,1.000000000000000000e+00
1.054000000000000092e+01,-4.300212562084197998e-01,8.812997341156005859e-01,2.223070144653320312e+01,1.000000000000000000e+00
1.056000000000000050e+01,-4.044761955738067627e-01,8.924008607864379883e-01,2.227436828613281250e+01,1.000000000000000000e+00
1.058000000000000007e+01,-3.784584701061248779e-01,9.034804105758666992e-01,2.231801986694335938e+01,1.000000000000000000e+00
1.059999999999999964e+01,-3.519763648509979248e-01,9.145358800888061523e-01,2.236165237426757812e+01,1.000000000000000000e+00
1.062000000000000099e+01,-3.250393271446228027e-01,9.255647063255310059e-01,2.240526199340820312e+01,1.000000000000000000e+00
1.064000000000000057e+01,-2.976576685905456543e-01,9.365642666816711426e-01,2.244884300231933594e+01,1.000000000000000000e+00
1.066000000000000014e+01,-2.698426246643066406e-01,9.475319981575012207e-01,2.249238586425781250e+01,1.000000000000000000e+00
1.067999999999999972e+01,-2.416060566902160645e-01,9.584653973579406738e-01,2.253587532043457031e+01,1.000000000000000000e+00
1.070000000000000107e+01,-2.129633128643035889e-01,9.693620800971984863e-01,2.257927322387695312e+01,1.000000000000000000e+00
1.072000000000000064e+01,-1.839287579059600830e-01,9.802196025848388672e-01,2.262255287170410156e+01,1.000000000000000000e+00
1.074000000000000021e+01,-1.545120775699615479e-01,9.910349249839782715e-01,2.266572570800781250e+01,1.000000000000000000e+00
1.075999999999999979e+01,-1.247234717011451721e-01,1.001805186271667480e+00,2.270880317687988281e+01,1.000000000000000000e+00
1.077999999999999936e+01,-9.457746893167495728e-02,1.012527704238891602e+00,2.275175666809082031e+01,1.000000000000000000e+00
1.080000000000000071e+01,-6.409114599227905273e-02,1.023199796676635742e+00,2.279454231262207031e+01,1.000000000000000000e+00
1.082000000000000028e+01,-3.327753394842147827e-02,1.033818721771240234e+00,2.283715057373046875e+01,1.000000000000000000e+00
1.083999999999999986e+01,-2.143688034266233444e-03,1.044380545616149902e+00,2.287962913513183594e+01,1.000000000000000000e+00
1.085999999999999943e+01,2.930249460041522980e-02,1.054880976676940918e+00,2.292202186584472656e+01,1.000000000000000000e+00
1.088000000000000078e+01,6.104940176010131836e-02,1.065316677093505859e+00,2.296434402465820312e+01,1.000000000000000000e+00
1.090000000000000036e+01,9.308259189128875732e-02,1.075684070587158203e+00,2.300658226013183594e+01,1.000000000000000000e+00
1.091999999999999993e+01,1.253873258829116821e-01,1.085979938507080078e+00,2.304871177673339844e+01,1.000000000000000000e+00
1.093999999999999950e+01,1.579498797655105591e-01,1.096200823783874512e+00,2.309072875976562500e+01,1.000000000000000000e+00
1.096000000000000085e+01,1.907570511102676392e-01,1.106343030929565430e+00,2.313263320922851562e+01,1.000000000000000000e+00
1.098000000000000043e+01,2.237946093082427979e-01,1.116402983665466309e+00,2.317440986633300781e+01,1.000000000000000000e+00
1.100000000000000000e+01,2.570464611053466797e-01,1.126377701759338379e+00,2.321601867675781250e+01,1.000000000000000000e+00
1.101999999999999957e+01,2.904976010322570801e-01,1.136264085769653320e+00,2.325743103027343750e+01,1.000000000000000000e+00
1.104000000000000092e+01,3.241348564624786377e-01,1.146058440208435059e+00,2.329863548278808594e+01,1.000000000000000000e+00
1.106000000000000050e+01,3.579460978507995605e-01,1.155756950378417969e+00,2.333963966369628906e+01,1.000000000000000000e+00
1.108000000000000007e+01,3.919186294078826904e-01,1.165355801582336426e+00,2.338043785095214844e+01,1.000000000000000000e+00
1.109999999999999964e+01,4.260388612747192383e-01,1.174852013587951660e+00,2.342100715637207031e+01,1.000000000000000000e+00
1.112000000000000099e+01,4.602940976619720459e-01,1.184242010116577148e+00,2.346133041381835938e+01,1.000000000000000000e+00
1.114000000000000057e+01,4.946724176406860352e-01,1.193522453308105469e+00,2.350140571594238281e+01,2.000000000000000000e+00
1.116000000000000014e+01,5.299388766288757324e-01,1.202654957771301270e+00,2.354085731506347656e+01,2.000000000000000000e+00
1.117999999999999972e+01,5.685386061668395996e-01,1.211522579193115234e+00,2.357899856567382812e+01,2.000000000000000000e+00
1.120000000000000107e+01,6.132827401161193848e-01,1.219990730285644531e+00,2.361520576477050781e+01,2.000000000000000000e+00
1.122000000000000064e+01,6.655529141426086426e-01,1.227999448776245117e+00,2.364899253845214844e+01,2.000000000000000000e+00
1.124000000000000021e+01,7.256286740303039551e-01,1.235545158386230469e+00,2.367996788024902344e+01,2.000000000000000000e+00
1.125999999999999979e+01,7.934934496879577637e-01,1.242638826370239258e+00,2.370778083801269531e+01,2.000000000000000000e+00
1.127999999999999936e+01,8.690478205680847168e-01,1.249293565750122070e+00,2.373220062255859375e+01,2.000000000000000000e+00
1.130000000000000071e+01,9.521458148956298828e-01,1.255524277687072754e+00,2.375324630737304688e+01,2.000000000000000000e+00
1.132000000000000028e+01,1.042631149291992188e+00,1.261351466178894043e+00,2.377109909057617188e+01,2.000000000000000000e+00
1.133999999999999986e+01,1.140364885330200195e+00,1.266802072525024414e+00,2.378597450256347656e+01,2.000000000000000000e+00
1.135999999999999943e+01,1.245229601860046387e+00,1.271911382675170898e+00,2.379814720153808594e+01,2.000000000000000000e+00
1.138000000000000078e+01,1.357123255729675293e+00,1.276723027229309082e+00,2.380791091918945312e+01,2.000000000000000000e+00
1.140000000000000036e+01,1.475949406623840332e+00,1.281285881996154785e+00,2.381551170349121094e+01,2.000000000000000000e+00
1.141999999999999993e+01,1.601620078086853027e+00,1.285658240318298340e+00,2.382125282287597656e+01,2.000000000000000000e+00
1.143999999999999950e+01,1.734051585197448730e+00,1.289905667304992676e+00,2.382545280456542969e+01,2.000000000000000000e+00
1.146000000000000085e+01,1.873155355453491211e+00,1.294093132019042969e+00,2.382837486267089844e+01,2.000000000000000000e+00
1.148000000000000043e+01,2.018836021423339844e+00,1.298279643058776855e+00,2.383020210266113281e+01,2.000000000000000000e+00
1.150000000000000000e+01,2.170990467071533203e+00,1.302516102790832520e+00,2.383103561401367188e+01,2.000000000000000000e+00
1.151999999999999957e+01,2.329517602920532227e+00,1.306863307952880859e+00,2.383107185363769531e+01,2.000000000000000000e+00
1.154000000000000092e+01,2.494318962097167969e+00,1.311395883560180664e+00,2.383060264587402344e+01,2.000000000000000000e+00
1.156000000000000050e+01,2.665290117263793945e+00,1.316184043884277344e+00,2.382987213134765625e+01,2.000000000000000000e+00
1.158000000000000007e+01,2.842318058013916016e+00,1.321281909942626953e+00,2.382899284362792969e+01,2.000000000000000000e+00
1.159999999999999964e+01,3.025286674499511719e+00,1.326728463172912598e+00,2.382798004150390625e+01,2.000000000000000000e+00
1.162000000000000099e+01,3.214086532592773438e+00,1.332578301429748535e+00,2.382694244384765625e+01,2.000000000000000000e+00
1.164000000000000057e+01,3.408613920211791992e+00,1.338904142379760742e+00,2.382610130310058594e+01,2.000000000000000000e+00
1.166000000000000014e+01,3.608753919601440430e+00,1.345772981643676758e+00,2.382562828063964844e+01,2.000000000000000000e+00
1.167999999999999972e+01,3.814385652542114258e+00,1.353236198425292969e+00,2.382560348510742188e+01,2.000000000000000000e+00
1.170000000000000107e+01,4.025243282318115234e+00,1.361337065696716309e+00,2.382604408264160156e+01,2.000000000000000000e+00
1.172000000000000064e+01,4.241041660308837891e+00,1.370135545730590820e+00,2.382705497741699219e+01,2.000000000000000000e+00
1.174000000000000021e+01,4.461558818817138672e+00,1.379704833030700684e+00,2.382882499694824219e+01,2.000000000000000000e+00
1.175999999999999979e+01,4.686575889587402344e+00,1.390102505683898926e+00,2.383146858215332031e+01,2.000000000000000000e+00
1.177999999999999936e+01,4.915864467620849609e+00,1.401361465454101562e+00,2.383500289916992188e+01,2.000000000000000000e+00
1.180000000000000071e+01,5.149204254150390625e+00,1.413496732711791992e+00,2.383937263488769531e+01,2.000000000000000000e+00
1.182000000000000028e+01,5.386428833007812500e+00,1.426537871360778809e+00,2.384461402893066406e+01,2.000000000000000000e+00
1.183999999999999986e+01,5.627438068389892578e+00,1.440520405769348145e+00,2.385082244873046875e+01,2.000000000000000000e+00
1.185999999999999943e+01,5.872192859649658203e+00,1.455448269844055176e+00,2.385797500610351562e+01,2.000000000000000000e+00
1.188000000000000078e+01,6.120706081390380859e+00,1.471294045448303223e+00,2.386592483520507812e+01,2.000000000000000000e+00
1.190000000000000036e+01,6.372992038726806641e+00,1.488010406494140625e+00,2.387445831298828125e+01,2.000000000000000000e+00
1.191999999999999993e+01,6.629070758819580078e+00,1.505553126335144043e+00,2.388339805603027344e+01,2.000000000000000000e+00
1.193999999999999950e+01,6.888976097106933594e+00,1.523879528045654297e+00,2.389258575439453125e+01,3.000000000000000000e+00
1.196000000000000085e+01,7.152705669403076172e+00,1.542915701866149902e+00,2.390173149108886719e+01,3.000000000000000000e+00
1.198000000000000043e+01,7.420090198516845703e+00,1.562578678131103516e+00,2.391050720214843750e+01,3.000000000000000000e+00
1.200000000000000000e+01,7.690775871276855469e+00,1.582808732986450195e+00,2.391871833801269531e+01,3.000000000000000000e+00
1.201999999999999957e+01,7.964344024658203125e+00,1.603567719459533691e+00,2.392631721496582031e+01,3.000000000000000000e+00
1.204000000000000092e+01,8.240373611450195312e+00,1.624827384948730469e+00,2.393336486816406250e+01,3.000000000000000000e+00
1.206000000000000050e+01,8.518450736999511719e+00,1.646563053131103516e+00,2.394002532958984375e+01,3.000000000000000000e+00
1.208000000000000007e+01,8.798186302185058594e+00,1.668746471405029297e+00,2.394654655456542969e+01,3.000000000000000000e+00
1.209999999999999964e+01,9.079243659973144531e+00,1.691339015960693359e+00,2.395321846008300781e+01,3.000000000000000000e+00
1.212000000000000099e+01,9.361342430114746094e+00,1.714289546012878418e+00,2.396038818359375000e+01,3.000000000000000000e+00
1.214000000000000057e+01,9.644271850585937500e+00,1.737530946731567383e+00,2.396842384338378906e+01,3.000000000000000000e+00
1.216000000000000014e+01,9.927865982055664062e+00,1.760979771614074707e+00,2.397767257690429688e+01,3.000000000000000000e+00
1.217999999999999972e+01,1.021198081970214844e+01,1.784539341926574707e+00,2.398846435546875000e+01,3.000000000000000000e+00
1.220000000000000107e+01,1.049647140502929688e+01,1.808103919029235840e+00,2.400109863281250000e+01,3.000000000000000000e+00
1.222000000000000064e+01,1.078119182586669922e+01,1.831563353538513184e+00,2.401585197448730469e+01,3.000000000000000000e+00
1.224000000000000021e+01,1.106601142883300781e+01,1.854806661605834961e+00,2.403297615051269531e+01,3.000000000000000000e+00
1.225999999999999979e+01,1.135079193115234375e+01,1.877724528312683105e+00,2.405270004272460938e+01,3.000000000000000000e+00
1.228000000000000114e+01,1.163537979125976562e+01,1.900212407112121582e+00,2.407521247863769531e+01,3.000000000000000000e+00
1.230000000000000071e+01,1.191960430145263672e+01,1.922173500061035156e+00,2.410066032409667969e+01,3.000000000000000000e+00
1.232000000000000028e+01,1.220330524444580078e+01,1.943522572517395020e+00,2.412912940979003906e+01,3.000000000000000000e+00
1.233999999999999986e+01,1.248636722564697266e+01,1.964187264442443848e+00,2.416065406799316406e+01,3.000000000000000000e+00
1.235999999999999943e+01,1.276871013641357422e+01,1.984109640121459961e+00,2.419522285461425781e+01,3.000000000000000000e+00
1.238000000000000078e+01,1.305028629302978516e+01,2.003246784210205078e+00,2.423276710510253906e+01,3.000000000000000000e+00
1.240000000000000036e+01,1.333107852935791016e+01,2.021571397781372070e+00,2.427314949035644531e+01,3.000000000000000000e+00
1.241999999999999993e+01,1.361111068725585938e+01,2.039070129394531250e+00,2.431619644165039062e+01,3.000000000000000000e+00
1.243999999999999950e+01,1.389043807983398438e+01,2.055742025375366211e+00,2.436168479919433594e+01,3.000000000000000000e+00
1.246000000000000085e+01,1.416913890838623047e+01,2.071599483489990234e+00,2.440933990478515625e+01,3.000000000000000000e+00
1.248000000000000043e+01,1.444730949401855469e+01,2.086665391921997070e+00,2.445882987976074219e+01,3.000000000000000000e+00
1.250000000000000000e+01,1.472504520416259766e+01,2.100970506668090820e+00,2.450979614257812500e+01,3.000000000000000000e+00
1.251999999999999957e+01,1.500245285034179688e+01,2.114553213119506836e+00,2.456183815002441406e+01,3.000000000000000000e+00
1.254000000000000092e+01,1.527965927124023438e+01,2.127456426620483398e+00,2.461452293395996094e+01,3.000000000000000000e+00
1.256000000000000050e+01,1.555679988861083984e+01,2.139725923538208008e+00,2.466741180419921875e+01,3.000000000000000000e+00
1.258000000000000007e+01,1.583400344848632812e+01,2.151405096054077148e+00,2.472008323669433594e+01,3.000000000000000000e+00
1.259999999999999964e+01,1.611137580871582031e+01,2.162533998489379883e+00,2.477215194702148438e+01,3.000000000000000000e+00
1.262000000000000099e+01,1.638904380798339844e+01,2.173157215118408203e+00,2.482319831848144531e+01,3.000000000000000000e+00
1.264000000000000057e+01,1.666715049743652344e+01,2.183324098587036133e+00,2.487278556823730469e+01,3.000000000000000000e+00
1.266000000000000014e+01,1.694583511352539062e+01,2.193083524703979492e+00,2.492050933837890625e+01,3.000000000000000000e+00
1.267999999999999972e+01,1.722517585754394531e+01,2.202484369277954102e+00,2.496598434448242188e+01,3.000000000000000000e+00
1.270000000000000107e+01,1.750518417358398438e+01,2.211575031280517578e+00,2.500885772705078125e+01,3.000000000000000000e+00
1.272000000000000064e+01,1.778585243225097656e+01,2.220401525497436523e+00,2.504882049560546875e+01,3.000000000000000000e+00
1.274000000000000021e+01,1.806717872619628906e+01,2.229004383087158203e+00,2.508561706542968750e+01,3.000000000000000000e+00
1.275999999999999979e+01,1.834914970397949219e+01,2.237418413162231445e+00,2.511904907226562500e+01,3.000000000000000000e+00
1.278000000000000114e+01,1.863173103332519531e+01,2.245670318603515625e+00,2.514897537231445312e+01,3.000000000000000000e+00
1.280000000000000071e+01,1.891486740112304688e+01,2.253771543502807617e+00,2.517533874511718750e+01,3.000000000000000000e+00
1.282000000000000028e+01,1.919851493835449219e+01,2.261725902557373047e+00,2.519813537597656250e+01,3.000000000000000000e+00
1.283999999999999986e+01,1.948266410827636719e+01,2.269526720046997070e+00,2.521740150451660156e+01,3.000000000000000000e+00
1.285999999999999943e+01,1.976731109619140625e+01,2.277152538299560547e+00,2.523325538635253906e+01,3.000000000000000000e+00
1.288000000000000078e+01,2.005243492126464844e+01,2.284566879272460938e+00,2.524587631225585938e+01,3.000000000000000000e+00
1.290000000000000036e+01,2.033801078796386719e+01,2.291720390319824219e+00,2.525551986694335938e+01,3.000000000000000000e+00
1.291999999999999993e+01,2.062403297424316406e+01,2.298555135726928711e+00,2.526247978210449219e+01,3.000000000000000000e+00
1.293999999999999950e+01,2.091048431396484375e+01,2.305007457733154297e+00,2.526709365844726562e+01,3.000000000000000000e+00
1.296000000000000085e+01,2.119730949401855469e+01,2.311007976531982422e+00,2.526973915100097656e+01,3.000000000000000000e+00
1.298000000000000043e+01,2.148442268371582031e+01,2.316485881805419922e+00,2.527082824707031250e+01,3.000000000000000000e+00
1.300000000000000000e+01,2.177169418334960938e+01,2.321372032165527344e+00,2.527080535888671875e+01,3.000000000000000000e+00
1.301999999999999957e+01,2.205903053283691406e+01,2.325600147247314453e+00,2.527013587951660156e+01,3.000000000000000000e+00
1.304000000000000092e+01,2.234637832641601562e+01,2.329109191894531250e+00,2.526930046081542969e+01,3.000000000000000000e+00
1.306000000000000050e+01,2.263366889953613281e+01,2.331852197647094727e+00,2.526876068115234375e+01,3.000000000000000000e+00
1.308000000000000007e+01,2.292079925537109375e+01,2.333797216415405273e+00,2.526893424987792969e+01,3.000000000000000000e+00
1.309999999999999964e+01,2.320763397216796875e+01,2.334928035736083984e+00,2.527019882202148438e+01,3.000000000000000000e+00
1.312000000000000099e+01,2.349407958984375000e+01,2.335240364074707031e+00,2.527289199829101562e+01,3.000000000000000000e+00
1.314000000000000057e+01,2.378010368347167969e+01,2.334746122360229492e+00,2.527729034423828125e+01,3.000000000000000000e+00
1.316000000000000014e+01,2.406567192077636719e+01,2.333471775054931641e+00,2.528357315063476562e+01,3.000000000000000000e+00
1.317999999999999972e+01,2.435073471069335938e+01,2.331456184387207031e+00,2.529183006286621094e+01,3.000000000000000000e+00
1.320000000000000107e+01,2.463524246215820312e+01,2.328742980957031250e+00,2.530209350585937500e+01,3.000000000000000000e+00
1.322000000000000064e+01,2.491918182373046875e+01,2.325382709503173828e+00,2.531429672241210938e+01,3.000000000000000000e+00
1.324000000000000021e+01,2.520258331298828125e+01,2.321428298950195312e+00,2.532829666137695312e+01,3.000000000000000000e+00
1.325999999999999979e+01,2.548549270629882812e+01,2.316929340362548828e+00,2.534389114379882812e+01,3.000000000000000000e+00
1.328000000000000114e+01,2.576797485351562500e+01,2.311935186386108398e+00,2.536081314086914062e+01,3.000000000000000000e+00
1.330000000000000071e+01,2.605011367797851562e+01,2.306495428085327148e+00,2.537870216369628906e+01,3.000000000000000000e+00
1.332000000000000028e+01,2.633204650878906250e+01,2.300661087036132812e+00,2.539707565307617188e+01,3.000000000000000000e+00
1.333999999999999986e+01,2.661392974853515625e+01,2.294481754302978516e+00,2.541538619995117188e+01,3.000000000000000000e+00
1.335999999999999943e+01,2.689592552185058594e+01,2.288002014160156250e+00,2.543307876586914062e+01,3.000000000000000000e+00
1.338000000000000078e+01,2.717816925048828125e+01,2.281262636184692383e+00,2.544960403442382812e+01,3.000000000000000000e+00
1.340000000000000036e+01,2.746070480346679688e+01,2.274303436279296875e+00,2.546444320678710938e+01,3.000000000000000000e+00
1.341999999999999993e+01,2.774351692199707031e+01,2.267166137695312500e+00,2.547708892822265625e+01,3.000000000000000000e+00
1.343999999999999950e+01,2.802659225463867188e+01,2.259887695312500000e+00,2.548711395263671875e+01,3.000000000000000000e+00
1.346000000000000085e+01,2.830991935729980469e+01,2.252495288848876953e+00,2.549422645568847656e+01,3.000000000000000000e+00
1.348000000000000043e+01,2.859348487854003906e+01,2.245003938674926758e+00,2.549826431274414062e+01,3.000000000000000000e+00
1.350000000000000000e+01,2.887726783752441406e+01,2.237414836883544922e+00,2.549921226501464844e+01,3.000000000000000000e+00
1.351999999999999957e+01,2.916127204895019531e+01,2.229725122451782227e+00,2.549709510803222656e+01,3.000000000000000000e+00
1.354000000000000092e+01,2.944553375244140625e+01,2.221923828125000000e+00,2.549200439453125000e+01,3.000000000000000000e+00
1.356000000000000050e+01,2.973010063171386719e+01,2.213986396789550781e+00,2.548415374755859375e+01,3.000000000000000000e+00
1.358000000000000007e+01,3.001500892639160156e+01,2.205877542495727539e+00,2.547386360168457031e+01,3.000000000000000000e+00
1.359999999999999964e+01,3.030021858215332031e+01,2.197557926177978516e+00,2.546152687072753906e+01,3.000000000000000000e+00
1.362000000000000099e+01,3.058566665649414062e+01,2.188988447189331055e+00,2.544760513305664062e+01,3.000000000000000000e+00
1.364000000000000057e+01,3.087132263183593750e+01,2.180132865905761719e+00,2.543258666992187500e+01,3.000000000000000000e+00
1.366000000000000014e+01,3.115713882446289062e+01,2.170961380004882812e+00,2.541698455810546875e+01,3.000000000000000000e+00
1.367999999999999972e+01,3.144303703308105469e+01,2.161456346511840820e+00,2.540129089355468750e+01,3.000000000000000000e+00
1.370000000000000107e+01,3.172890663146972656e+01,2.151611566543579102e+00,2.538599014282226562e+01,3.000000000000000000e+00
1.372000000000000064e+01,3.201466369628906250e+01,2.141431808471679688e+00,2.537156486511230469e+01,3.000000000000000000e+00
1.374000000000000021e+01,3.230025100708007812e+01,2.130932807922363281e+00,2.535846710205078125e+01,3.000000000000000000e+00
1.375999999999999979e+01,3.258560562133789062e+01,2.120142221450805664e+00,2.534709930419921875e+01,3.000000000000000000e+00
1.378000000000000114e+01,3.287063217163085938e+01,2.109099149703979492e+00,2.533781242370605469e+01,3.000000000000000000e+00
1.380000000000000071e+01,3.315520095825195312e+01,2.097852230072021484e+00,2.533091354370117188e+01,3.000000000000000000e+00
1.382000000000000028e+01,3.343922424316406250e+01,2.086454153060913086e+00,2.532664108276367188e+01,3.000000000000000000e+00
1.383999999999999986e+01,3.372267913818359375e+01,2.074960231781005859e+00,2.532515525817871094e+01,3.000000000000000000e+00
1.385999999999999943e+01,3.400553131103515625e+01,2.063424825668334961e+00,2.532652854919433594e+01,3.000000000000000000e+00
1.388000000000000078e+01,3.428771972656250000e+01,2.051899433135986328e+00,2.533076095581054688e+01,3.000000000000000000e+00
1.390000000000000036e+01,3.456919479370117188e+01,2.040430545806884766e+00,2.533780097961425781e+01,3.000000000000000000e+00
1.391999999999999993e+01,3.484997558593750000e+01,2.029056787490844727e+00,2.534753417968750000e+01,3.000000000000000000e+00
1.393999999999999950e+01,3.513013076782226562e+01,2.017806529998779297e+00,2.535976600646972656e+01,3.000000000000000000e+00
1.396000000000000085e+01,3.540971755981445312e+01,2.006698131561279297e+00,2.537421417236328125e+01,3.000000000000000000e+00
1.398000000000000043e+01,3.568881988525390625e+01,1.995737195014953613e+00,2.539048957824707031e+01,3.000000000000000000e+00
1.400000000000000000e+01,3.596757507324218750e+01,1.984913945198059082e+00,2.540804290771484375e+01,3.000000000000000000e+00
1.401999999999999957e+01,3.624615859985351562e+01,1.974203824996948242e+00,2.542620849609375000e+01,3.000000000000000000e+00
1.404000000000000092e+01,3.652477645874023438e+01,1.963572263717651367e+00,2.544422912597656250e+01,3.000000000000000000e+00
1.406000000000000050e+01,3.680360031127929688e+01,1.952981591224670410e+00,2.546131706237792969e+01,3.000000000000000000e+00
1.408000000000000007e+01,3.708267211914062500e+01,1.942402005195617676e+00,2.547669410705566406e+01,3.000000000000000000e+00
1.409999999999999964e+01,3.736198806762695312e+01,1.931811451911926270e+00,2.548962783813476562e+01,3.000000000000000000e+00
1.412000000000000099e+01,3.764152908325195312e+01,1.921197891235351562e+00,2.549947929382324219e+01,3.000000000000000000e+00
1.414000000000000057e+01,3.792125320434570312e+01,1.910560250282287598e+00,2.550573539733886719e+01,3.000000000000000000e+00
1.416000000000000014e+01,3.820112609863281250e+01,1.899905085563659668e+00,2.550804138183593750e+01,3.000000000000000000e+00
1.417999999999999972e+01,3.848110580444335938e+01,1.889241218566894531e+00,2.550620841979980469e+01,3.000000000000000000e+00
1.420000000000000107e+01,3.876115417480468750e+01,1.878574013710021973e+00,2.550024032592773438e+01,3.000000000000000000e+00
1.422000000000000064e+01,3.904128646850585938e+01,1.867901682853698730e+00,2.549027824401855469e+01,3.000000000000000000e+00
1.424000000000000021e+01,3.932154083251953125e+01,1.857210993766784668e+00,2.547662162780761719e+01,3.000000000000000000e+00
1.425999999999999979e+01,3.960202026367187500e+01,1.846475243568420410e+00,2.545977210998535156e+01,3.000000000000000000e+00
1.428000000000000114e+01,3.988283920288085938e+01,1.835659146308898926e+00,2.544035530090332031e+01,3.000000000000000000e+00
1.430000000000000071e+01,4.016399765014648438e+01,1.824730157852172852e+00,2.541908073425292969e+01,3.000000000000000000e+00
1.432000000000000028e+01,4.044541931152343750e+01,1.813664674758911133e+00,2.539668464660644531e+01,3.000000000000000000e+00
1.433999999999999986e+01,4.072705078125000000e+01,1.802450776100158691e+00,2.537388992309570312e+01,3.000000000000000000e+00
1.435999999999999943e+01,4.100880813598632812e+01,1.791093707084655762e+00,2.535134124755859375e+01,3.000000000000000000e+00
1.438000000000000078e+01,4.129059600830078125e+01,1.779617309570312500e+00,2.532963562011718750e+01,3.000000000000000000e+00
1.440000000000000036e+01,4.157228851318359375e+01,1.768062710762023926e+00,2.530932426452636719e+01,3.000000000000000000e+00
1.441999999999999993e+01,4.185377120971679688e+01,1.756485581398010254e+00,2.529090690612792969e+01,3.000000000000000000e+00
1.443999999999999950e+01,4.213494491577148438e+01,1.744951605796813965e+00,2.527480888366699219e+01,3.000000000000000000e+00
1.446000000000000085e+01,4.241571807861328125e+01,1.733531951904296875e+00,2.526136207580566406e+01,3.000000000000000000e+00
1.448000000000000043e+01,4.269596862792968750e+01,1.722298979759216309e+00,2.525081062316894531e+01,3.000000000000000000e+00
1.450000000000000000e+01,4.297558212280273438e+01,1.711320281028747559e+00,2.524329376220703125e+01,3.000000000000000000e+00
1.451999999999999957e+01,4.325448989868164062e+01,1.700656414031982422e+00,2.523894119262695312e+01,3.000000000000000000e+00
1.454000000000000092e+01,4.353269958496093750e+01,1.690356612205505371e+00,2.523780441284179688e+01,3.000000000000000000e+00
1.456000000000000050e+01,4.381021881103515625e+01,1.680454850196838379e+00,2.523981285095214844e+01,3.000000000000000000e+00
1.458000000000000007e+01,4.408705902099609375e+01,1.670972228050231934e+00,2.524478912353515625e+01,3.000000000000000000e+00
1.459999999999999964e+01,4.436323165893554688e+01,1.661916136741638184e+00,2.525248146057128906e+01,3.000000000000000000e+00
1.462000000000000099e+01,4.463882064819335938e+01,1.653278827667236328e+00,2.526255226135253906e+01,3.000000000000000000e+00
1.464000000000000057e+01,4.491396331787109375e+01,1.645038723945617676e+00,2.527460861206054688e+01,3.000000000000000000e+00
1.466000000000000014e+01,4.518880462646484375e+01,1.637157917022705078e+00,2.528814125061035156e+01,3.000000000000000000e+00
1.467999999999999972e+01,4.546351242065429688e+01,1.629579901695251465e+00,2.530249214172363281e+01,3.000000000000000000e+00
1.470000000000000107e+01,4.573829269409179688e+01,1.622235774993896484e+00,2.531691360473632812e+01,3.000000000000000000e+00
1.472000000000000064e+01,4.601331329345703125e+01,1.615052223205566406e+00,2.533058929443359375e+01,3.000000000000000000e+00
1.474000000000000021e+01,4.628860473632812500e+01,1.607964158058166504e+00,2.534270477294921875e+01,3.000000000000000000e+00
1.475999999999999979e+01,4.656415176391601562e+01,1.600919842720031738e+00,2.535252571105957031e+01,3.000000000000000000e+00
1.478000000000000114e+01,4.683993911743164062e+01,1.593883872032165527e+00,2.535945892333984375e+01,3.000000000000000000e+00
1.480000000000000071e+01,4.711593627929687500e+01,1.586835741996765137e+00,2.536307144165039062e+01,3.000000000000000000e+00
1.482000000000000028e+01,4.739211654663085938e+01,1.579765439033508301e+00,2.536301994323730469e+01,3.000000000000000000e+00
1.483999999999999986e+01,4.766845321655273438e+01,1.572671651840209961e+00,2.535908508300781250e+01,3.000000000000000000e+00
1.485999999999999943e+01,4.794492340087890625e+01,1.565557003021240234e+00,2.535121726989746094e+01,3.000000000000000000e+00
1.488000000000000078e+01,4.822152328491210938e+01,1.558422446250915527e+00,2.533957672119140625e+01,3.000000000000000000e+00
1.490000000000000036e+01,4.849828338623046875e+01,1.551262617111206055e+00,2.532452964782714844e+01,3.000000000000000000e+00
1.491999999999999993e+01,4.877527999877929688e+01,1.544063448905944824e+00,2.530659866333007812e+01,3.000000000000000000e+00
1.493999999999999950e+01,4.905263519287109375e+01,1.536804795265197754e+00,2.528643035888671875e+01,3.000000000000000000e+00
1.496000000000000085e+01,4.933037567138671875e+01,1.529469132423400879e+00,2.526474952697753906e+01,3.000000000000000000e+00
1.498000000000000043e+01,4.960840606689453125e+01,1.522048592567443848e+00,2.524227142333984375e+01,3.000000000000000000e+00
1.500000000000000000e+01,4.988660812377929688e+01,1.514546036720275879e+00,2.521965789794921875e+01,3.000000000000000000e+00
1.501999999999999957e+01,5.016488265991210938e+01,1.506976008415222168e+00,2.519750595092773438e+01,3.000000000000000000e+00
1.504000000000000092e+01,5.044314575195312500e+01,1.499363780021667480e+00,2.517635345458984375e+01,3.000000000000000000e+00
1.506000000000000050e+01,5.072129821777343750e+01,1.491745233535766602e+00,2.515666770935058594e+01,3.000000000000000000e+00
1.508000000000000007e+01,5.099923324584960938e+01,1.484165430068969727e+00,2.513884353637695312e+01,3.000000000000000000e+00
1.509999999999999964e+01,5.127682495117187500e+01,1.476674079895019531e+00,2.512318038940429688e+01,3.000000000000000000e+00
1.512000000000000099e+01,5.155398178100585938e+01,1.469324469566345215e+00,2.511002349853515625e+01,3.000000000000000000e+00
1.514000000000000057e+01,5.183063888549804688e+01,1.462169766426086426e+00,2.509969711303710938e+01,3.000000000000000000e+00
1.516000000000000014e+01,5.210672378540039062e+01,1.455258965492248535e+00,2.509239387512207031e+01,3.000000000000000000e+00
1.517999999999999972e+01,5.238214874267578125e+01,1.448636651039123535e+00,2.508820152282714844e+01,3.000000000000000000e+00
1.520000000000000107e+01,5.265679931640625000e+01,1.442343235015869141e+00,2.508716201782226562e+01,3.000000000000000000e+00
1.522000000000000064e+01,5.293062973022460938e+01,1.436416387557983398e+00,2.508934783935546875e+01,3.000000000000000000e+00
1.524000000000000021e+01,5.320366668701171875e+01,1.430885314941406250e+00,2.509480476379394531e+01,3.000000000000000000e+00
1.525999999999999979e+01,5.347598648071289062e+01,1.425764203071594238e+00,2.510342597961425781e+01,3.000000000000000000e+00
1.528000000000000114e+01,5.374763870239257812e+01,1.421052932739257812e+00,2.511494445800781250e+01,3.000000000000000000e+00
1.530000000000000071e+01,5.401868820190429688e+01,1.416735172271728516e+00,2.512894058227539062e+01,3.000000000000000000e+00
1.532000000000000028e+01,5.428929519653320312e+01,1.412773728370666504e+00,2.514484024047851562e+01,3.000000000000000000e+00
1.533999999999999986e+01,5.455969619750976562e+01,1.409112691879272461e+00,2.516190910339355469e+01,3.000000000000000000e+00
1.535999999999999943e+01,5.483011245727539062e+01,1.405685067176818848e+00,2.517931747436523438e+01,3.000000000000000000e+00
1.538000000000000078e+01,5.510077667236328125e+01,1.402420043945312500e+00,2.519622039794921875e+01,3.000000000000000000e+00
1.540000000000000036e+01,5.537179565429687500e+01,1.399251818656921387e+00,2.521179199218750000e+01,3.000000000000000000e+00
1.541999999999999993e+01,5.564318084716796875e+01,1.396123051643371582e+00,2.522524070739746094e+01,3.000000000000000000e+00
1.543999999999999950e+01,5.591491699218750000e+01,1.392989873886108398e+00,2.523587036132812500e+01,3.000000000000000000e+00
1.546000000000000085e+01,5.618696975708007812e+01,1.389824271202087402e+00,2.524316978454589844e+01,3.000000000000000000e+00
1.548000000000000043e+01,5.645932006835937500e+01,1.386613011360168457e+00,2.524682044982910156e+01,3.000000000000000000e+00
1.550000000000000000e+01,5.673192596435546875e+01,1.383352756500244141e+00,2.524667930603027344e+01,3.000000000000000000e+00
1.551999999999999957e+01,5.700475692749023438e+01,1.380045056343078613e+00,2.524267768859863281e+01,3.000000000000000000e+00
1.554000000000000092e+01,5.727779388427734375e+01,1.376693010330200195e+00,2.523489761352539062e+01,3.000000000000000000e+00
1.556000000000000050e+01,5.755104064941406250e+01,1.373298645019531250e+00,2.522365188598632812e+01,3.000000000000000000e+00
1.558000000000000007e+01,5.782454299926757812e+01,1.369858860969543457e+00,2.520944595336914062e+01,3.000000000000000000e+00
1.559999999999999964e+01,5.809836578369140625e+01,1.366365551948547363e+00,2.519292449951171875e+01,3.000000000000000000e+00
1.562000000000000099e+01,5.837253952026367188e+01,1.362810492515563965e+00,2.517481613159179688e+01,3.000000000000000000e+00
1.564000000000000057e+01,5.864697265625000000e+01,1.359192609786987305e+00,2.515588951110839844e+01,3.000000000000000000e+00
1.566000000000000014e+01,5.892156982421875000e+01,1.355518221855163574e+00,2.513688087463378906e+01,3.000000000000000000e+00
1.567999999999999972e+01,5.919620132446289062e+01,1.351803779602050781e+00,2.511842346191406250e+01,3.000000000000000000e+00
1.570000000000000107e+01,5.947073745727539062e+01,1.348077058792114258e+00,2.510107040405273438e+01,3.000000000000000000e+00
1.572000000000000064e+01,5.974505233764648438e+01,1.344375014305114746e+00,2.508538627624511719e+01,3.000000000000000000e+00
1.574000000000000021e+01,6.001902389526367188e+01,1.340742707252502441e+00,2.507191276550292969e+01,3.000000000000000000e+00
1.575999999999999979e+01,6.029254531860351562e+01,1.337230682373046875e+00,2.506108856201171875e+01,3.000000000000000000e+00
1.578000000000000114e+01,6.056548309326171875e+01,1.333891987800598145e+00,2.505323600769042969e+01,3.000000000000000000e+00
1.580000000000000071e+01,6.083770751953125000e+01,1.330777525901794434e+00,2.504854774475097656e+01,3.000000000000000000e+00
1.582000000000000028e+01,6.110912322998046875e+01,1.327937126159667969e+00,2.504724693298339844e+01,3.000000000000000000e+00
1.583999999999999986e+01,6.137967300415039062e+01,1.325413703918457031e+00,2.504952621459960938e+01,3.000000000000000000e+00
1.586000000000000121e+01,6.164933395385742188e+01,1.323236465454101562e+00,2.505541038513183594e+01,3.000000000000000000e+00
1.588000000000000078e+01,6.191811370849609375e+01,1.321418404579162598e+00,2.506474304199218750e+01,3.000000000000000000e+00
1.590000000000000036e+01,6.218605422973632812e+01,1.319954276084899902e+00,2.507717514038085938e+01,3.000000000000000000e+00
1.591999999999999993e+01,6.245335769653320312e+01,1.318821668624877930e+00,2.509226799011230469e+01,3.000000000000000000e+00
1.593999999999999950e+01,6.272031784057617188e+01,1.317980527877807617e+00,2.510943603515625000e+01,3.000000000000000000e+00
1.596000000000000085e+01,6.298722839355468750e+01,1.317374229431152344e+00,2.512782669067382812e+01,3.000000000000000000e+00
1.598000000000000043e+01,6.325432968139648438e+01,1.316938281059265137e+00,2.514647293090820312e+01,3.000000000000000000e+00
1.600000000000000000e+01,6.352183914184570312e+01,1.316611289978027344e+00,2.516445922851562500e+01,3.000000000000000000e+00
1.601999999999999957e+01,6.378984832763671875e+01,1.316337704658508301e+00,2.518091201782226562e+01,3.000000000000000000e+00
1.603999999999999915e+01,6.405834960937500000e+01,1.316072463989257812e+00,2.519504356384277344e+01,3.000000000000000000e+00
1.605999999999999872e+01,6.432733154296875000e+01,1.315781593322753906e+00,2.520619964599609375e+01,3.000000000000000000e+00
1.608000000000000185e+01,6.459677886962890625e+01,1.315443873405456543e+00,2.521391487121582031e+01,3.000000000000000000e+00
1.610000000000000142e+01,6.486665344238281250e+01,1.315049290657043457e+00,2.521791458129882812e+01,3.000000000000000000e+00
1.612000000000000099e+01,6.513692474365234375e+01,1.314593791961669922e+00,2.521800422668457031e+01,3.000000000000000000e+00
1.614000000000000057e+01,6.540752410888671875e+01,1.314078569412231445e+00,2.521410751342773438e+01,3.000000000000000000e+00
1.616000000000000014e+01,6.567843627929687500e+01,1.313508749008178711e+00,2.520634460449218750e+01,3.000000000000000000e+00
1.617999999999999972e+01,6.594963073730468750e+01,1.312889575958251953e+00,2.519502830505371094e+01,3.000000000000000000e+00
1.619999999999999929e+01,6.622111511230468750e+01,1.312223672866821289e+00,2.518062400817871094e+01,3.000000000000000000e+00
1.621999999999999886e+01,6.649291992187500000e+01,1.311509251594543457e+00,2.516365814208984375e+01,3.000000000000000000e+00
1.624000000000000199e+01,6.676512145996093750e+01,1.310740351676940918e+00,2.514472389221191406e+01,3.000000000000000000e+00
1.626000000000000156e+01,6.703771972656250000e+01,1.309912443161010742e+00,2.512450408935546875e+01,3.000000000000000000e+00
1.628000000000000114e+01,6.731060791015625000e+01,1.309025764465332031e+00,2.510369110107421875e+01,3.000000000000000000e+00
1.630000000000000071e+01,6.758367156982421875e+01,1.308084845542907715e+00,2.508294677734375000e+01,3.000000000000000000e+00
1.632000000000000028e+01,6.785676574707031250e+01,1.307098865509033203e+00,2.506289863586425781e+01,3.000000000000000000e+00
1.633999999999999986e+01,6.812980651855468750e+01,1.306083440780639648e+00,2.504416084289550781e+01,3.000000000000000000e+00
1.635999999999999943e+01,6.840265655517578125e+01,1.305060982704162598e+00,2.502731513977050781e+01,3.000000000000000000e+00
1.637999999999999901e+01,6.867517089843750000e+01,1.304060935974121094e+00,2.501288032531738281e+01,3.000000000000000000e+00
1.639999999999999858e+01,6.894719696044921875e+01,1.303118705749511719e+00,2.500127410888671875e+01,3.000000000000000000e+00
1.642000000000000171e+01,6.921859741210937500e+01,1.302272200584411621e+00,2.499290084838867188e+01,3.000000000000000000e+00
1.644000000000000128e+01,6.948927307128906250e+01,1.301560401916503906e+00,2.498813629150390625e+01,3.000000000000000000e+00
1.646000000000000085e+01,6.975910186767578125e+01,1.301018476486206055e+00,2.498719787597656250e+01,3.000000000000000000e+00
1.648000000000000043e+01,7.002799987792968750e+01,1.300674676895141602e+00,2.499009895324707031e+01,3.000000000000000000e+00
1.650000000000000000e+01,7.029591369628906250e+01,1.300547957420349121e+00,2.499667739868164062e+01,3.000000000000000000e+00
1.651999999999999957e+01,7.056289672851562500e+01,1.300649523735046387e+00,2.500681495666503906e+01,3.000000000000000000e+00
1.653999999999999915e+01,7.082913970947265625e+01,1.300978422164916992e+00,2.502031326293945312e+01,3.000000000000000000e+00
1.655999999999999872e+01,7.109487915039062500e+01,1.301517605781555176e+00,2.503662872314453125e+01,3.000000000000000000e+00
1.658000000000000185e+01,7.136037445068359375e+01,1.302234172821044922e+00,2.505483245849609375e+01,3.000000000000000000e+00
1.660000000000000142e+01,7.162586975097656250e+01,1.303087234497070312e+00,2.507387542724609375e+01,3.000000000000000000e+00
1.662000000000000099e+01,7.189161682128906250e+01,1.304031729698181152e+00,2.509276008605957031e+01,3.000000000000000000e+00
1.664000000000000057e+01,7.215784454345703125e+01,1.305022120475769043e+00,2.511059188842773438e+01,3.000000000000000000e+00
1.666000000000000014e+01,7.242466735839843750e+01,1.306023359298706055e+00,2.512662696838378906e+01,3.000000000000000000e+00
1.667999999999999972e+01,7.269207763671875000e+01,1.307008862495422363e+00,2.514025688171386719e+01,3.000000000000000000e+00
1.669999999999999929e+01,7.296006011962890625e+01,1.307958722114562988e+00,2.515100479125976562e+01,3.000000000000000000e+00
1.671999999999999886e+01,7.322856903076171875e+01,1.308857679367065430e+00,2.515847587585449219e+01,3.000000000000000000e+00
1.674000000000000199e+01,7.349759674072265625e+01,1.309696078300476074e+00,2.516240119934082031e+01,3.000000000000000000e+00
1.676000000000000156e+01,7.376709747314453125e+01,1.310471057891845703e+00,2.516267585754394531e+01,3.000000000000000000e+00
1.678000000000000114e+01,7.403704071044921875e+01,1.311187267303466797e+00,2.515938186645507812e+01,3.000000000000000000e+00
1.680000000000000071e+01,7.430738830566406250e+01,1.311853289604187012e+00,2.515276718139648438e+01,3.000000000000000000e+00
1.682000000000000028e+01,7.457807922363281250e+01,1.312477231025695801e+00,2.514313316345214844e+01,3.000000000000000000e+00
1.683999999999999986e+01,7.484915161132812500e+01,1.313065409660339355e+00,2.513086700439453125e+01,3.000000000000000000e+00
1.685999999999999943e+01,7.512062835693359375e+01,1.313623309135437012e+00,2.511646461486816406e+01,3.000000000000000000e+00
1.687999999999999901e+01,7.539255523681640625e+01,1.314155578613281250e+00,2.510050201416015625e+01,3.000000000000000000e+00
1.689999999999999858e+01,7.566485595703125000e+01,1.314670443534851074e+00,2.508358955383300781e+01,3.000000000000000000e+00
1.692000000000000171e+01,7.593740081787109375e+01,1.315177202224731445e+00,2.506636619567871094e+01,3.000000000000000000e+00
1.694000000000000128e+01,7.621006774902343750e+01,1.315686106681823730e+00,2.504948997497558594e+01,3.000000000000000000e+00
1.696000000000000085e+01,7.648272705078125000e+01,1.316209554672241211e+00,2.503357124328613281e+01,3.000000000000000000e+00
1.698000000000000043e+01,7.675524139404296875e+01,1.316763043403625488e+00,2.501917839050292969e+01,3.000000000000000000e+00
1.700000000000000000e+01,7.702745056152343750e+01,1.317366123199462891e+00,2.500684165954589844e+01,3.000000000000000000e+00
1.701999999999999957e+01,7.729917907714843750e+01,1.318041682243347168e+00,2.499710845947265625e+01,3.000000000000000000e+00
1.703999999999999915e+01,7.757028198242187500e+01,1.318815708160400391e+00,2.499052429199218750e+01,3.000000000000000000e+00
1.705999999999999872e+01,7.784060668945312500e+01,1.319713830947875977e+00,2.498751449584960938e+01,3.000000000000000000e+00
1.708000000000000185e+01,7.811001586914062500e+01,1.320759773254394531e+00,2.498831558227539062e+01,3.000000000000000000e+00
1.710000000000000142e+01,7.837838745117187500e+01,1.321972608566284180e+00,2.499295806884765625e+01,3.000000000000000000e+00
1.712000000000000099e+01,7.864567565917968750e+01,1.323367714881896973e+00,2.500149345397949219e+01,3.000000000000000000e+00
1.714000000000000057e+01,7.891193389892578125e+01,1.324955463409423828e+00,2.501391601562500000e+01,3.000000000000000000e+00
1.716000000000000014e+01,7.917729949951171875e+01,1.326736450195312500e+00,2.502991867065429688e+01,3.000000000000000000e+00
1.717999999999999972e+01,7.944201660156250000e+01,1.328698515892028809e+00,2.504882240295410156e+01,3.000000000000000000e+00
1.719999999999999929e+01,7.970638275146484375e+01,1.330816745758056641e+00,2.506964874267578125e+01,3.000000000000000000e+00
1.721999999999999886e+01,7.997078704833984375e+01,1.333052992820739746e+00,2.509132385253906250e+01,3.000000000000000000e+00
1.724000000000000199e+01,8.023566436767578125e+01,1.335360050201416016e+00,2.511281776428222656e+01,3.000000000000000000e+00
1.726000000000000156e+01,8.050135803222656250e+01,1.337690949440002441e+00,2.513315963745117188e+01,3.000000000000000000e+00
1.728000000000000114e+01,8.076795196533203125e+01,1.340008854866027832e+00,2.515149497985839844e+01,3.000000000000000000e+00
1.730000000000000071e+01,8.103539276123046875e+01,1.342285513877868652e+00,2.516711235046386719e+01,3.000000000000000000e+00
1.732000000000000028e+01,8.130361175537109375e+01,1.344494819641113281e+00,2.517939949035644531e+01,3.000000000000000000e+00
1.733999999999999986e+01,8.157257843017578125e+01,1.346615314483642578e+00,2.518785667419433594e+01,3.000000000000000000e+00
1.735999999999999943e+01,8.184222412109375000e+01,1.348633289337158203e+00,2.519214630126953125e+01,3.000000000000000000e+00
1.737999999999999901e+01,8.211245727539062500e+01,1.350544691085815430e+00,2.519209480285644531e+01,3.000000000000000000e+00
1.740000000000000213e+01,8.238321685791015625e+01,1.352353930473327637e+00,2.518771743774414062e+01,3.000000000000000000e+00
1.742000000000000171e+01,8.265440368652343750e+01,1.354070305824279785e+00,2.517915534973144531e+01,3.000000000000000000e+00
1.744000000000000128e+01,8.292597198486328125e+01,1.355703830718994141e+00,2.516665267944335938e+01,3.000000000000000000e+00
1.746000000000000085e+01,8.319792175292968750e+01,1.357266187667846680e+00,2.515060615539550781e+01,3.000000000000000000e+00
1.748000000000000043e+01,8.347026824951171875e+01,1.358769059181213379e+00,2.513154029846191406e+01,3.000000000000000000e+00
1.750000000000000000e+01,8.374307250976562500e+01,1.360222458839416504e+00,2.511009407043457031e+01,3.000000000000000000e+00
1.751999999999999957e+01,8.401640319824218750e+01,1.361634492874145508e+00,2.508692741394042969e+01,3.000000000000000000e+00
1.753999999999999915e+01,8.429021453857421875e+01,1.363016009330749512e+00,2.506274986267089844e+01,3.000000000000000000e+00
1.755999999999999872e+01,8.456438446044921875e+01,1.364382147789001465e+00,2.503833389282226562e+01,3.000000000000000000e+00
1.758000000000000185e+01,8.483876800537109375e+01,1.365748405456542969e+00,2.501443099975585938e+01,3.000000000000000000e+00
1.760000000000000142e+01,8.511319732666015625e+01,1.367130517959594727e+00,2.499175643920898438e+01,3.000000000000000000e+00
1.762000000000000099e+01,8.538751220703125000e+01,1.368544101715087891e+00,2.497101593017578125e+01,3.000000000000000000e+00
1.764000000000000057e+01,8.566156005859375000e+01,1.370005011558532715e+00,2.495292854309082031e+01,3.000000000000000000e+00
1.766000000000000014e+01,8.593515014648437500e+01,1.371529340744018555e+00,2.493814849853515625e+01,3.000000000000000000e+00
1.767999999999999972e+01,8.620809173583984375e+01,1.373132467269897461e+00,2.492723464965820312e+01,3.000000000000000000e+00
1.769999999999999929e+01,8.648019409179687500e+01,1.374829053878784180e+00,2.492061805725097656e+01,3.000000000000000000e+00
1.771999999999999886e+01,8.675125122070312500e+01,1.376632094383239746e+00,2.491865348815917969e+01,3.000000000000000000e+00
1.774000000000000199e+01,8.702109527587890625e+01,1.378552794456481934e+00,2.492158699035644531e+01,3.000000000000000000e+00
1.776000000000000156e+01,8.728962707519531250e+01,1.380600690841674805e+00,2.492947578430175781e+01,3.000000000000000000e+00
1.778000000000000114e+01,8.755677795410156250e+01,1.382784247398376465e+00,2.494212150573730469e+01,3.000000000000000000e+00
1.780000000000000071e+01,8.782258605957031250e+01,1.385108351707458496e+00,2.495903778076171875e+01,3.000000000000000000e+00
1.782000000000000028e+01,8.808725738525390625e+01,1.387572646141052246e+00,2.497965621948242188e+01,3.000000000000000000e+00
1.783999999999999986e+01,8.835116577148437500e+01,1.390168070793151855e+00,2.500330162048339844e+01,3.000000000000000000e+00
1.785999999999999943e+01,8.861483764648437500e+01,1.392876625061035156e+00,2.502900314331054688e+01,3.000000000000000000e+00
1.787999999999999901e+01,8.887873077392578125e+01,1.395672678947448730e+00,2.505562400817871094e+01,3.000000000000000000e+00
1.790000000000000213e+01,8.914321136474609375e+01,1.398523807525634766e+00,2.508201980590820312e+01,3.000000000000000000e+00
1.792000000000000171e+01,8.940857696533203125e+01,1.401389122009277344e+00,2.510713577270507812e+01,3.000000000000000000e+00
1.794000000000000128e+01,8.967500305175781250e+01,1.404225587844848633e+00,2.513001632690429688e+01,3.000000000000000000e+00
1.796000000000000085e+01,8.994253540039062500e+01,1.406993627548217773e+00,2.514982604980468750e+01,3.000000000000000000e+00
1.798000000000000043e+01,9.021111297607421875e+01,1.409659266471862793e+00,2.516586112976074219e+01,3.000000000000000000e+00
1.800000000000000000e+01,9.048063659667968750e+01,1.412197470664978027e+00,2.517758178710937500e+01,3.000000000000000000e+00
1.801999999999999957e+01,9.075098419189453125e+01,1.414592742919921875e+00,2.518463706970214844e+01,3.000000000000000000e+00
1.803999999999999915e+01,9.102207946777343750e+01,1.416838765144348145e+00,2.518683624267578125e+01,3.000000000000000000e+00
1.805999999999999872e+01,9.129382324218750000e+01,1.418938159942626953e+00,2.518413162231445312e+01,3.000000000000000000e+00
1.808000000000000185e+01,9.156611633300781250e+01,1.420903921127319336e+00,2.517665100097656250e+01,3.000000000000000000e+00
1.810000000000000142e+01,9.183887481689453125e+01,1.422755479812622070e+00,2.516469001770019531e+01,3.000000000000000000e+00
1.812000000000000099e+01,9.211204528808593750e+01,1.424513339996337891e+00,2.514862823486328125e+01,3.000000000000000000e+00
1.814000000000000057e+01,9.238563537597656250e+01,1.426195383071899414e+00,2.512894248962402344e+01,3.000000000000000000e+00
1.816000000000000014e+01,9.265970611572265625e+01,1.427818417549133301e+00,2.510622978210449219e+01,3.000000000000000000e+00
1.817999999999999972e+01,9.293433380126953125e+01,1.429396629333496094e+00,2.508116340637207031e+01,3.000000000000000000e+00
1.819999999999999929e+01,9.320958709716796875e+01,1.430941462516784668e+00,2.505443954467773438e+01,3.000000000000000000e+00
1.821999999999999886e+01,9.348542785644531250e+01,1.432464957237243652e+00,2.502675819396972656e+01,3.000000000000000000e+00
1.824000000000000199e+01,9.376174926757812500e+01,1.433980226516723633e+00,2.499882316589355469e+01,3.000000000000000000e+00
1.826000000000000156e+01,9.403839874267578125e+01,1.435498714447021484e+00,2.497135353088378906e+01,3.000000000000000000e+00
1.828000000000000114e+01,9.431522369384765625e+01,1.437030076980590820e+00,2.494505500793457031e+01,3.000000000000000000e+00
1.830000000000000071e+01,9.459205627441406250e+01,1.438581824302673340e+00,2.492062187194824219e+01,3.000000000000000000e+00
1.832000000000000028e+01,9.486872100830078125e+01,1.440158963203430176e+00,2.489876365661621094e+01,3.000000000000000000e+00
1.833999999999999986e+01,9.514505004882812500e+01,1.441762328147888184e+00,2.488019180297851562e+01,3.000000000000000000e+00
1.835999999999999943e+01,9.542084503173828125e+01,1.443389415740966797e+00,2.486555862426757812e+01,3.000000000000000000e+00
1.837999999999999901e+01,9.569589996337890625e+01,1.445035338401794434e+00,2.485539436340332031e+01,3.000000000000000000e+00
1.840000000000000213e+01,9.596999359130859375e+01,1.446693897247314453e+00,2.485007476806640625e+01,3.000000000000000000e+00
1.842000000000000171e+01,9.624291229248046875e+01,1.448357701301574707e+00,2.484988784790039062e+01,3.000000000000000000e+00
1.844000000000000128e+01,9.651449584960937500e+01,1.450020074844360352e+00,2.485498428344726562e+01,3.000000000000000000e+00
1.846000000000000085e+01,9.678463745117187500e+01,1.451679706573486328e+00,2.486531639099121094e+01,3.000000000000000000e+00
1.848000000000000043e+01,9.705329132080078125e+01,1.453344345092773438e+00,2.488061332702636719e+01,3.000000000000000000e+00
1.850000000000000000e+01,9.732049560546875000e+01,1.455029845237731934e+00,2.490034866333007812e+01,3.000000000000000000e+00
1.851999999999999957e+01,9.758646392822265625e+01,1.456754446029663086e+00,2.492389297485351562e+01,3.000000000000000000e+00
1.853999999999999915e+01,9.785157012939453125e+01,1.458532929420471191e+00,2.495043373107910156e+01,3.000000000000000000e+00
1.855999999999999872e+01,9.811633300781250000e+01,1.460372328758239746e+00,2.497895622253417969e+01,3.000000000000000000e+00
1.858000000000000185e+01,9.838127899169921875e+01,1.462267518043518066e+00,2.500832366943359375e+01,3.000000000000000000e+00
1.860000000000000142e+01,9.864686584472656250e+01,1.464201688766479492e+00,2.503739929199218750e+01,3.000000000000000000e+00
1.862000000000000099e+01,9.891348266601562500e+01,1.466144323348999023e+00,2.506512451171875000e+01,3.000000000000000000e+00
1.864000000000000057e+01,9.918135070800781250e+01,1.468058705329895020e+00,2.509050369262695312e+01,3.000000000000000000e+00
1.866000000000000014e+01,9.945050048828125000e+01,1.469906687736511230e+00,2.511261177062988281e+01,3.000000000000000000e+00
1.867999999999999972e+01,9.972087860107421875e+01,1.471651554107666016e+00,2.513065147399902344e+01,3.000000000000000000e+00
1.869999999999999929e+01,9.999236297607421875e+01,1.473265647888183594e+00,2.514401817321777344e+01,3.000000000000000000e+00
1.871999999999999886e+01,1.002648239135742188e+02,1.474730134010314941e+00,2.515229225158691406e+01,3.000000000000000000e+00
1.874000000000000199e+01,1.005381393432617188e+02,1.476037144660949707e+00,2.515523147583007812e+01,3.000000000000000000e+00
1.876000000000000156e+01,1.008121948242187500e+02,1.477190494537353516e+00,2.515279006958007812e+01,3.000000000000000000e+00
1.878000000000000114e+01,1.010868530273437500e+02,1.478204727172851562e+00,2.514510536193847656e+01,3.000000000000000000e+00
1.880000000000000071e+01,1.013619918823242188e+02,1.479100704193115234e+00,2.513249015808105469e+01,3.000000000000000000e+00
1.882000000000000028e+01,1.016375656127929688e+02,1.479898929595947266e+00,2.511535072326660156e+01,3.000000000000000000e+00
1.883999999999999986e+01,1.019135589599609375e+02,1.480617403984069824e+00,2.509416198730468750e+01,3.000000000000000000e+00
1.885999999999999943e+01,1.021900253295898438e+02,1.481271505355834961e+00,2.506951522827148438e+01,3.000000000000000000e+00
1.887999999999999901e+01,1.024670639038085938e+02,1.481875300407409668e+00,2.504211997985839844e+01,3.000000000000000000e+00
1.890000000000000213e+01,1.027447586059570312e+02,1.482441186904907227e+00,2.501276206970214844e+01,3.000000000000000000e+00
1.892000000000000171e+01,1.030231781005859375e+02,1.482979178428649902e+00,2.498219490051269531e+01,3.000000000000000000e+00
1.894000000000000128e+01,1.033022155761718750e+02,1.483501791954040527e+00,2.495119667053222656e+01,3.000000000000000000e+00
1.896000000000000085e+01,1.035817337036132812e+02,1.484019517898559570e+00,2.492057800292968750e+01,3.000000000000000000e+00
1.898000000000000043e+01,1.038615722656250000e+02,1.484537363052368164e+00,2.489112281799316406e+01,3.000000000000000000e+00
1.900000000000000000e+01,1.041415634155273438e+02,1.485054373741149902e+00,2.486358261108398438e+01,3.000000000000000000e+00
1.901999999999999957e+01,1.044215087890625000e+02,1.485560178756713867e+00,2.483869361877441406e+01,3.000000000000000000e+00
1.903999999999999915e+01,1.047012252807617188e+02,1.486035346984863281e+00,2.481717109680175781e+01,3.000000000000000000e+00
1.905999999999999872e+01,1.049804992675781250e+02,1.486454486846923828e+00,2.479969215393066406e+01,3.000000000000000000e+00
1.908000000000000185e+01,1.052591171264648438e+02,1.486789107322692871e+00,2.478686904907226562e+01,3.000000000000000000e+00
1.910000000000000142e+01,1.055368041992187500e+02,1.487010359764099121e+00,2.477920532226562500e+01,3.000000000000000000e+00
1.912000000000000099e+01,1.058133239746093750e+02,1.487090349197387695e+00,2.477708625793457031e+01,3.000000000000000000e+00
1.914000000000000057e+01,1.060884857177734375e+02,1.487005352973937988e+00,2.478073883056640625e+01,3.000000000000000000e+00
1.916000000000000014e+01,1.063621368408203125e+02,1.486743330955505371e+00,2.479018592834472656e+01,3.000000000000000000e+00
1.917999999999999972e+01,1.066341934204101562e+02,1.486308693885803223e+00,2.480521202087402344e+01,3.000000000000000000e+00
1.919999999999999929e+01,1.069046630859375000e+02,1.485723733901977539e+00,2.482535171508789062e+01,3.000000000000000000e+00
1.921999999999999886e+01,1.071736755371093750e+02,1.485020637512207031e+00,2.484996795654296875e+01,3.000000000000000000e+00
1.924000000000000199e+01,1.074415588378906250e+02,1.484238982200622559e+00,2.487821578979492188e+01,3.000000000000000000e+00
1.926000000000000156e+01,1.077087631225585938e+02,1.483419179916381836e+00,2.490903663635253906e+01,3.000000000000000000e+00
1.928000000000000114e+01,1.079758224487304688e+02,1.482590198516845703e+00,2.494124412536621094e+01,3.000000000000000000e+00
1.930000000000000071e+01,1.082432785034179688e+02,1.481763243675231934e+00,2.497357940673828125e+01,3.000000000000000000e+00
1.932000000000000028e+01,1.085116882324218750e+02,1.480926752090454102e+00,2.500485801696777344e+01,3.000000000000000000e+00
1.933999999999999986e+01,1.087814102172851562e+02,1.480054497718811035e+00,2.503395462036132812e+01,3.000000000000000000e+00
1.935999999999999943e+01,1.090525283813476562e+02,1.479115486145019531e+00,2.505978393554687500e+01,3.000000000000000000e+00
1.937999999999999901e+01,1.093249969482421875e+02,1.478074908256530762e+00,2.508134841918945312e+01,3.000000000000000000e+00
1.940000000000000213e+01,1.095986938476562500e+02,1.476899981498718262e+00,2.509779739379882812e+01,3.000000000000000000e+00
1.942000000000000171e+01,1.098734817504882812e+02,1.475565195083618164e+00,2.510843849182128906e+01,3.000000000000000000e+00
1.944000000000000128e+01,1.101492309570312500e+02,1.474054574966430664e+00,2.511273765563964844e+01,3.000000000000000000e+00
1.946000000000000085e+01,1.104257431030273438e+02,1.472368478775024414e+00,2.511041831970214844e+01,3.000000000000000000e+00
1.948000000000000043e+01,1.107028427124023438e+02,1.470522522926330566e+00,2.510151100158691406e+01,3.000000000000000000e+00
1.950000000000000000e+01,1.109803543090820312e+02,1.468541979789733887e+00,2.508633041381835938e+01,3.000000000000000000e+00
1.951999999999999957e+01,1.112581558227539062e+02,1.466452360153198242e+00,2.506534957885742188e+01,3.000000000000000000e+00
1.953999999999999915e+01,1.115362319946289062e+02,1.464274287223815918e+00,2.503915405273437500e+01,3.000000000000000000e+00
1.955999999999999872e+01,1.118146286010742188e+02,1.462021589279174805e+00,2.500849151611328125e+01,3.000000000000000000e+00
1.958000000000000185e+01,1.120934371948242188e+02,1.459701776504516602e+00,2.497425842285156250e+01,3.000000000000000000e+00
1.960000000000000142e+01,1.123728179931640625e+02,1.457317233085632324e+00,2.493745422363281250e+01,3.000000000000000000e+00
1.962000000000000099e+01,1.126529312133789062e+02,1.454866409301757812e+00,2.489907455444335938e+01,3.000000000000000000e+00
1.964000000000000057e+01,1.129337387084960938e+02,1.452352046966552734e+00,2.486015319824218750e+01,3.000000000000000000e+00
1.966000000000000014e+01,1.132151489257812500e+02,1.449778199195861816e+00,2.482177352905273438e+01,3.000000000000000000e+00
1.967999999999999972e+01,1.134970169067382812e+02,1.447144150733947754e+00,2.478497886657714844e+01,3.000000000000000000e+00
1.969999999999999929e+01,1.137791824340820312e+02,1.444440603256225586e+00,2.475074577331542969e+01,3.000000000000000000e+00
1.971999999999999886e+01,1.140614242553710938e+02,1.441645503044128418e+00,2.471996879577636719e+01,3.000000000000000000e+00
1.974000000000000199e+01,1.143435134887695312e+02,1.438722729682922363e+00,2.469348716735839844e+01,3.000000000000000000e+00
1.976000000000000156e+01,1.146252212524414062e+02,1.435624480247497559e+00,2.467206573486328125e+01,3.000000000000000000e+00
1.978000000000000114e+01,1.149062728881835938e+02,1.432297348976135254e+00,2.465631675720214844e+01,3.000000000000000000e+00
1.980000000000000071e+01,1.151863784790039062e+02,1.428688049316406250e+00,2.464667510986328125e+01,3.000000000000000000e+00
1.982000000000000028e+01,1.154653015136718750e+02,1.424746632575988770e+00,2.464339256286621094e+01,3.000000000000000000e+00
1.983999999999999986e+01,1.157428436279296875e+02,1.420435428619384766e+00,2.464652061462402344e+01,3.000000000000000000e+00
1.985999999999999943e+01,1.160188751220703125e+02,1.415738582611083984e+00,2.465590476989746094e+01,3.000000000000000000e+00
1.987999999999999901e+01,1.162933425903320312e+02,1.410668849945068359e+00,2.467115020751953125e+01,3.000000000000000000e+00
1.990000000000000213e+01,1.165662918090820312e+02,1.405266642570495605e+00,2.469161224365234375e+01,3.000000000000000000e+00
1.992000000000000171e+01,1.168379135131835938e+02,1.399590611457824707e+00,2.471645545959472656e+01,3.000000000000000000e+00
1.994000000000000128e+01,1.171085739135742188e+02,1.393709063529968262e+00,2.474464797973632812e+01,3.000000000000000000e+00
1.996000000000000085e+01,1.173787460327148438e+02,1.387688279151916504e+00,2.477502822875976562e+01,3.000000000000000000e+00
1.998000000000000043e+01,1.176490631103515625e+02,1.381578326225280762e+00,2.480630493164062500e+01,3.000000000000000000e+00
2.000000000000000000e+01,1.179201049804687500e+02,1.375406146049499512e+00,2.483708381652832031e+01,3.000000000000000000e+00
2.001999999999999957e+01,1.181923370361328125e+02,1.369174003601074219e+00,2.486603736877441406e+01,3.000000000000000000e+00
2.003999999999999915e+01,1.184659729003906250e+02,1.362871170043945312e+00,2.489192962646484375e+01,3.000000000000000000e+00
2.005999999999999872e+01,1.187410202026367188e+02,1.356478095054626465e+00,2.491359710693359375e+01,3.000000000000000000e+00
2.008000000000000185e+01,1.190173797607421875e+02,1.349972009658813477e+00,2.492996025085449219e+01,3.000000000000000000e+00
2.010000000000000142e+01,1.192949142456054688e+02,1.343336343765258789e+00,2.494016456604003906e+01,3.000000000000000000e+00
2.012000000000000099e+01,1.195734100341796875e+02,1.336565256118774414e+00,2.494359016418457031e+01,3.000000000000000000e+00
2.014000000000000057e+01,1.198526535034179688e+02,1.329665899276733398e+00,2.493988990783691406e+01,3.000000000000000000e+00
2.016000000000000014e+01,1.201324462890625000e+02,1.322657346725463867e+00,2.492909240722656250e+01,3.000000000000000000e+00
2.017999999999999972e+01,1.204126129150390625e+02,1.315563082695007324e+00,2.491155815124511719e+01,3.000000000000000000e+00
2.019999999999999929e+01,1.206930541992187500e+02,1.308404088020324707e+00,2.488791275024414062e+01,3.000000000000000000e+00
2.021999999999999886e+01,1.209737625122070312e+02,1.301192998886108398e+00,2.485892486572265625e+01,3.000000000000000000e+00
2.024000000000000199e+01,1.212548217773437500e+02,1.293932199478149414e+00,2.482546806335449219e+01,3.000000000000000000e+00
2.026000000000000156e+01,1.215363616943359375e+02,1.286615014076232910e+00,2.478854179382324219e+01,3.000000000000000000e+00
2.028000000000000114e+01,1.218185729980468750e+02,1.279228806495666504e+00,2.474922752380371094e+01,3.000000000000000000e+00
2.030000000000000071e+01,1.221016235351562500e+02,1.271759629249572754e+00,2.470865249633789062e+01,3.000000000000000000e+00
2.032000000000000028e+01,1.223854751586914062e+02,1.264200687408447266e+00,2.466790771484375000e+01,3.000000000000000000e+00
2.033999999999999986e+01,1.226700363159179688e+02,1.256543636322021484e+00,2.462803459167480469e+01,3.000000000000000000e+00
2.035999999999999943e+01,1.229551696777343750e+02,1.248775243759155273e+00,2.459005546569824219e+01,3.000000000000000000e+00
2.037999999999999901e+01,1.232407073974609375e+02,1.240875005722045898e+00,2.455496406555175781e+01,3.000000000000000000e+00
2.040000000000000213e+01,1.235264205932617188e+02,1.232813596725463867e+00,2.452371406555175781e+01,3.000000000000000000e+00
2.042000000000000171e+01,1.238120574951171875e+02,1.224550127983093262e+00,2.449718856811523438e+01,3.000000000000000000e+00
2.044000000000000128e+01,1.240973510742187500e+02,1.216032981872558594e+00,2.447618865966796875e+01,3.000000000000000000e+00
2.046000000000000085e+01,1.243820190429687500e+02,1.207205176353454590e+00,2.446138191223144531e+01,3.000000000000000000e+00
2.048000000000000043e+01,1.246657485961914062e+02,1.198012709617614746e+00,2.445323944091796875e+01,3.000000000000000000e+00
2.050000000000000000e+01,1.249482498168945312e+02,1.188410878181457520e+00,2.445202255249023438e+01,3.000000000000000000e+00
2.051999999999999957e+01,1.252292785644531250e+02,1.178367257118225098e+00,2.445775413513183594e+01,3.000000000000000000e+00
2.053999999999999915e+01,1.255087127685546875e+02,1.167868256568908691e+00,2.447025108337402344e+01,3.000000000000000000e+00
2.055999999999999872e+01,1.257865295410156250e+02,1.156927108764648438e+00,2.448907661437988281e+01,3.000000000000000000e+00
2.058000000000000185e+01,1.260628051757812500e+02,1.145587444305419922e+00,2.451355552673339844e+01,3.000000000000000000e+00
2.060000000000000142e+01,1.263377151489257812e+02,1.133919000625610352e+00,2.454277801513671875e+01,3.000000000000000000e+00
2.062000000000000099e+01,1.266115951538085938e+02,1.122003197669982910e+00,2.457561683654785156e+01,3.000000000000000000e+00
2.064000000000000057e+01,1.268849487304687500e+02,1.109915375709533691e+00,2.461077499389648438e+01,3.000000000000000000e+00
2.066000000000000014e+01,1.271584701538085938e+02,1.097711205482482910e+00,2.464679145812988281e+01,3.000000000000000000e+00
2.067999999999999972e+01,1.274328842163085938e+02,1.085418820381164551e+00,2.468208312988281250e+01,3.000000000000000000e+00
2.069999999999999929e+01,1.277086181640625000e+02,1.073052406311035156e+00,2.471500396728515625e+01,3.000000000000000000e+00
2.071999999999999886e+01,1.279858016967773438e+02,1.060614943504333496e+00,2.474402427673339844e+01,3.000000000000000000e+00
2.074000000000000199e+01,1.282644500732421875e+02,1.048100709915161133e+00,2.476777839660644531e+01,3.000000000000000000e+00
2.076000000000000156e+01,1.285445098876953125e+02,1.035504698753356934e+00,2.478500747680664062e+01,3.000000000000000000e+00
2.078000000000000114e+01,1.288258209228515625e+02,1.022829532623291016e+00,2.479467582702636719e+01,3.000000000000000000e+00
2.080000000000000071e+01,1.291082000732421875e+02,1.010089159011840820e+00,2.479610061645507812e+01,3.000000000000000000e+00
2.082000000000000028e+01,1.293913574218750000e+02,9.973077178001403809e-01,2.478894615173339844e+01,3.000000000000000000e+00
2.083999999999999986e+01,1.296750183105468750e+02,9.845138192176818848e-01,2.477326965332031250e+01,3.000000000000000000e+00
2.085999999999999943e+01,1.299590148925781250e+02,9.717299342155456543e-01,2.474950599670410156e+01,3.000000000000000000e+00
2.087999999999999901e+01,1.302432250976562500e+02,9.589640498161315918e-01,2.471839714050292969e+01,3.000000000000000000e+00
2.090000000000000213e+01,1.305276947021484375e+02,9.462063908576965332e-01,2.468093109130859375e+01,3.000000000000000000e+00
2.092000000000000171e+01,1.308125457763671875e+02,9.334324002265930176e-01,2.463819313049316406e+01,3.000000000000000000e+00
2.094000000000000128e+01,1.310980072021484375e+02,9.206058979034423828e-01,2.459135437011718750e+01,3.000000000000000000e+00
2.096000000000000085e+01,1.313843688964843750e+02,9.076852202415466309e-01,2.454168128967285156e+01,3.000000000000000000e+00
2.098000000000000043e+01,1.316719055175781250e+02,8.946344852447509766e-01,2.449052810668945312e+01,3.000000000000000000e+00
2.100000000000000000e+01,1.319606781005859375e+02,8.814392685890197754e-01,2.443929290771484375e+01,3.000000000000000000e+00
2.101999999999999957e+01,1.322506713867187500e+02,8.680962324142456055e-01,2.438917922973632812e+01,3.000000000000000000e+00
2.103999999999999915e+01,1.325418090820312500e+02,8.546058535575866699e-01,2.434123802185058594e+01,3.000000000000000000e+00
2.105999999999999872e+01,1.328340301513671875e+02,8.409705758094787598e-01,2.429644775390625000e+01,3.000000000000000000e+00
2.108000000000000185e+01,1.331271514892578125e+02,8.271918296813964844e-01,2.425569343566894531e+01,3.000000000000000000e+00
2.110000000000000142e+01,1.334208679199218750e+02,8.132674098014831543e-01,2.421971321105957031e+01,3.000000000000000000e+00
2.112000000000000099e+01,1.337149658203125000e+02,7.991861701011657715e-01,2.418911743164062500e+01,3.000000000000000000e+00
2.114000000000000057e+01,1.340092315673828125e+02,7.849280834197998047e-01,2.416439056396484375e+01,3.000000000000000000e+00
2.116000000000000014e+01,1.343033905029296875e+02,7.704706788063049316e-01,2.414586067199707031e+01,3.000000000000000000e+00
2.117999999999999972e+01,1.345971679687500000e+02,7.557919025421142578e-01,2.413370704650878906e+01,3.000000000000000000e+00
2.119999999999999929e+01,1.348903503417968750e+02,7.408723831176757812e-01,2.412795257568359375e+01,3.000000000000000000e+00
2.121999999999999886e+01,1.351828460693359375e+02,7.256941795349121094e-01,2.412847137451171875e+01,3.000000000000000000e+00
2.124000000000000199e+01,1.354746398925781250e+02,7.102466225624084473e-01,2.413495063781738281e+01,3.000000000000000000e+00
2.126000000000000156e+01,1.357658081054687500e+02,6.945365667343139648e-01,2.414689636230468750e+01,3.000000000000000000e+00
2.128000000000000114e+01,1.360564880371093750e+02,6.785914897918701172e-01,2.416363906860351562e+01,3.000000000000000000e+00
2.130000000000000071e+01,1.363468475341796875e+02,6.624525785446166992e-01,2.418437004089355469e+01,3.000000000000000000e+00
2.132000000000000028e+01,1.366371612548828125e+02,6.461594104766845703e-01,2.420799636840820312e+01,3.000000000000000000e+00
2.133999999999999986e+01,1.369278564453125000e+02,6.297364234924316406e-01,2.423317527770996094e+01,3.000000000000000000e+00
2.135999999999999943e+01,1.372194519042968750e+02,6.131901144981384277e-01,2.425838851928710938e+01,3.000000000000000000e+00
2.137999999999999901e+01,1.375122833251953125e+02,5.965288877487182617e-01,2.428193283081054688e+01,3.000000000000000000e+00
2.140000000000000213e+01,1.378064422607421875e+02,5.797606706619262695e-01,2.430199623107910156e+01,3.000000000000000000e+00
2.142000000000000171e+01,1.381020050048828125e+02,5.628913044929504395e-01,2.431679153442382812e+01,3.000000000000000000e+00
2.144000000000000128e+01,1.383989868164062500e+02,5.459309220314025879e-01,2.432466316223144531e+01,3.000000000000000000e+00
2.146000000000000085e+01,1.386972808837890625e+02,5.288982391357421875e-01,2.432423400878906250e+01,3.000000000000000000e+00
2.148000000000000043e+01,1.389966735839843750e+02,5.118180513381958008e-01,2.431456375122070312e+01,3.000000000000000000e+00
2.150000000000000000e+01,1.392968902587890625e+02,4.947138130664825439e-01,2.429518508911132812e+01,3.000000000000000000e+00
2.151999999999999957e+01,1.395977630615234375e+02,4.776036143302917480e-01,2.426609611511230469e+01,3.000000000000000000e+00
2.153999999999999915e+01,1.398991088867187500e+02,4.604962766170501709e-01,2.422765541076660156e+01,3.000000000000000000e+00
2.155999999999999872e+01,1.402009277343750000e+02,4.433835446834564209e-01,2.418052673339843750e+01,4.000000000000000000e+00
2.158000000000000185e+01,1.405032043457031250e+02,4.262513220310211182e-01,2.412545585632324219e+01,4.000000000000000000e+00
2.160000000000000142e+01,1.408058624267578125e+02,4.090870320796966553e-01,2.406326484680175781e+01,4.000000000000000000e+00
2.162000000000000099e+01,1.411088562011718750e+02,3.918800652027130127e-01,2.399489974975585938e+01,4.000000000000000000e+00
2.164000000000000057e+01,1.414122619628906250e+02,3.746204972267150879e-01,2.392150878906250000e+01,4.000000000000000000e+00
2.166000000000000014e+01,1.417162933349609375e+02,3.573021888732910156e-01,2.384444427490234375e+01,4.000000000000000000e+00
2.167999999999999972e+01,1.420210876464843750e+02,3.399417102336883545e-01,2.376521110534667969e+01,4.000000000000000000e+00
2.169999999999999929e+01,1.423266601562500000e+02,3.225946128368377686e-01,2.368535995483398438e+01,4.000000000000000000e+00
2.171999999999999886e+01,1.426330566406250000e+02,3.053522109985351562e-01,2.360637474060058594e+01,4.000000000000000000e+00
2.174000000000000199e+01,1.429402923583984375e+02,2.883378565311431885e-01,2.352952766418457031e+01,4.000000000000000000e+00
2.176000000000000156e+01,1.432483673095703125e+02,2.716895341873168945e-01,2.345571136474609375e+01,4.000000000000000000e+00
2.178000000000000114e+01,1.435572052001953125e+02,2.555333375930786133e-01,2.338538932800292969e+01,4.000000000000000000e+00
2.180000000000000071e+01,1.438667602539062500e+02,2.399581372737884521e-01,2.331864738464355469e+01,4.000000000000000000e+00
2.182000000000000028e+01,1.441770172119140625e+02,2.249944806098937988e-01,2.325526428222656250e+01,4.000000000000000000e+00
2.183999999999999986e+01,1.444879760742187500e+02,2.105981260538101196e-01,2.319464302062988281e+01,4.000000000000000000e+00
2.185999999999999943e+01,1.447996368408203125e+02,1.966503858566284180e-01,2.313582420349121094e+01,4.000000000000000000e+00
2.187999999999999901e+01,1.451120605468750000e+02,1.829843372106552124e-01,2.307759666442871094e+01,4.000000000000000000e+00
2.190000000000000213e+01,1.454250793457031250e+02,1.694270223379135132e-01,2.301853561401367188e+01,4.000000000000000000e+00
2.192000000000000171e+01,1.457383117675781250e+02,1.558426171541213989e-01,2.295704269409179688e+01,4.000000000000000000e+00
2.194000000000000128e+01,1.460512542724609375e+02,1.421708166599273682e-01,2.289130020141601562e+01,4.000000000000000000e+00
2.196000000000000085e+01,1.463633422851562500e+02,1.284627914428710938e-01,2.281932830810546875e+01,4.000000000000000000e+00
2.198000000000000043e+01,1.466739501953125000e+02,1.149001866579055786e-01,2.273913955688476562e+01,4.000000000000000000e+00
2.200000000000000000e+01,1.469823608398437500e+02,1.017853468656539917e-01,2.264896583557128906e+01,4.000000000000000000e+00
2.201999999999999957e+01,1.472878265380859375e+02,8.949975669384002686e-02,2.254745674133300781e+01,4.000000000000000000e+00
2.203999999999999915e+01,1.475895996093750000e+02,7.845649868249893188e-02,2.243371582031250000e+01,4.000000000000000000e+00
2.205999999999999872e+01,1.478870544433593750e+02,6.906079500913619995e-02,2.230723762512207031e+01,4.000000000000000000e+00
2.208000000000000185e+01,1.481795806884765625e+02,6.167578697204589844e-02,2.216786193847656250e+01,4.000000000000000000e+00
2.210000000000000142e+01,1.484667205810546875e+02,5.659035593271255493e-02,2.201574897766113281e+01,4.000000000000000000e+00
2.212000000000000099e+01,1.487481689453125000e+02,5.400389432907104492e-02,2.185130119323730469e+01,4.000000000000000000e+00
2.214000000000000057e+01,1.490237884521484375e+02,5.402111262083053589e-02,2.167510032653808594e+01,4.000000000000000000e+00
2.216000000000000014e+01,1.492935791015625000e+02,5.664557963609695435e-02,2.148786163330078125e+01,4.000000000000000000e+00
2.217999999999999972e+01,1.495577545166015625e+02,6.177558377385139465e-02,2.129040908813476562e+01,4.000000000000000000e+00
2.219999999999999929e+01,1.498166656494140625e+02,6.921414285898208618e-02,2.108363151550292969e+01,4.000000000000000000e+00
2.221999999999999886e+01,1.500708160400390625e+02,7.870763540267944336e-02,2.086840438842773438e+01,4.000000000000000000e+00
2.224000000000000199e+01,1.503207397460937500e+02,8.995810151100158691e-02,2.064556503295898438e+01,4.000000000000000000e+00
2.226000000000000156e+01,1.505671081542968750e+02,1.026221141219139099e-01,2.041592788696289062e+01,4.000000000000000000e+00
2.228000000000000114e+01,1.508106689453125000e+02,1.163242459297180176e-01,2.018029022216796875e+01,4.000000000000000000e+00
2.230000000000000071e+01,1.510522308349609375e+02,1.306758075952529907e-01,1.993940162658691406e+01,4.000000000000000000e+00
2.232000000000000028e+01,1.512925415039062500e+02,1.453087031841278076e-01,1.969394302368164062e+01,4.000000000000000000e+00
2.233999999999999986e+01,1.515323486328125000e+02,1.598821878433227539e-01,1.944452285766601562e+01,4.000000000000000000e+00
2.235999999999999943e+01,1.517723541259765625e+02,1.740739643573760986e-01,1.919171524047851562e+01,4.000000000000000000e+00
2.237999999999999901e+01,1.520133056640625000e+02,1.875856071710586548e-01,1.893606376647949219e+01,4.000000000000000000e+00
2.240000000000000213e+01,1.522558288574218750e+02,2.001544982194900513e-01,1.867809486389160156e+01,4.000000000000000000e+00
2.242000000000000171e+01,1.525003814697265625e+02,2.115907818078994751e-01,1.841828155517578125e+01,4.000000000000000000e+00
2.244000000000000128e+01,1.527473449707031250e+02,2.217556238174438477e-01,1.815706062316894531e+01,4.000000000000000000e+00
2.246000000000000085e+01,1.529970245361328125e+02,2.305301874876022339e-01,1.789488029479980469e+01,4.000000000000000000e+00
2.248000000000000043e+01,1.532497406005859375e+02,2.378095984458923340e-01,1.763219261169433594e+01,4.000000000000000000e+00
2.250000000000000000e+01,1.535057830810546875e+02,2.435068041086196899e-01,1.736942863464355469e+01,4.000000000000000000e+00
2.251999999999999957e+01,1.537653503417968750e+02,2.475754916667938232e-01,1.710694694519042969e+01,4.000000000000000000e+00
2.253999999999999915e+01,1.540286407470703125e+02,2.499912679195404053e-01,1.684507369995117188e+01,4.000000000000000000e+00
2.255999999999999872e+01,1.542957763671875000e+02,2.507297694683074951e-01,1.658416557312011719e+01,4.000000000000000000e+00
2.258000000000000185e+01,1.545669555664062500e+02,2.497669160366058350e-01,1.632461166381835938e+01,4.000000000000000000e+00
2.260000000000000142e+01,1.548423919677734375e+02,2.470844537019729614e-01,1.606681442260742188e+01,4.000000000000000000e+00
2.262000000000000099e+01,1.551221771240234375e+02,2.426913082599639893e-01,1.581112480163574219e+01,4.000000000000000000e+00
2.264000000000000057e+01,1.554063873291015625e+02,2.366101145744323730e-01,1.555788230895996094e+01,4.000000000000000000e+00
2.266000000000000014e+01,1.556950988769531250e+02,2.288620918989181519e-01,1.530747413635253906e+01,4.000000000000000000e+00
2.267999999999999972e+01,1.559884796142578125e+02,2.194688767194747925e-01,1.506033992767333984e+01,4.000000000000000000e+00
2.269999999999999929e+01,1.562865905761718750e+02,2.084615081548690796e-01,1.481693744659423828e+01,4.000000000000000000e+00
2.271999999999999886e+01,1.565894927978515625e+02,1.958954930305480957e-01,1.457767486572265625e+01,4.000000000000000000e+00
2.274000000000000199e+01,1.568971710205078125e+02,1.818424463272094727e-01,1.434295177459716797e+01,4.000000000000000000e+00
2.276000000000000156e+01,1.572096557617187500e+02,1.663796901702880859e-01,1.411321258544921875e+01,4.000000000000000000e+00
2.278000000000000114e+01,1.575269622802734375e+02,1.495935171842575073e-01,1.388894271850585938e+01,4.000000000000000000e+00
2.280000000000000071e+01,1.578490753173828125e+02,1.315847933292388916e-01,1.367064571380615234e+01,4.000000000000000000e+00
2.282000000000000028e+01,1.581759490966796875e+02,1.124786660075187683e-01,1.345876884460449219e+01,4.000000000000000000e+00
2.283999999999999986e+01,1.585074462890625000e+02,9.241835027933120728e-02,1.325373649597167969e+01,4.000000000000000000e+00
2.285999999999999943e+01,1.588434753417968750e+02,7.155819982290267944e-02,1.305600929260253906e+01,4.000000000000000000e+00
2.287999999999999901e+01,1.591838989257812500e+02,5.006521195173263550e-02,1.286607837677001953e+01,4.000000000000000000e+00
2.290000000000000213e+01,1.595285949707031250e+02,2.812136523425579071e-02,1.268445110321044922e+01,4.000000000000000000e+00
2.292000000000000171e+01,1.598773345947265625e+02,5.925723351538181305e-03,1.251161289215087891e+01,4.000000000000000000e+00
2.294000000000000128e+01,1.602299194335937500e+02,-1.630672626197338104e-02,1.234802722930908203e+01,4.000000000000000000e+00
2.296000000000000085e+01,1.605860595703125000e+02,-3.834698721766471863e-02,1.219415187835693359e+01,4.000000000000000000e+00
2.298000000000000043e+01,1.609455261230468750e+02,-5.995386838912963867e-02,1.205043601989746094e+01,4.000000000000000000e+00
2.300000000000000000e+01,1.613079681396484375e+02,-8.087671548128128052e-02,1.191728878021240234e+01,4.000000000000000000e+00
2.301999999999999957e+01,1.616730041503906250e+02,-1.008572131395339966e-01,1.179508972167968750e+01,4.000000000000000000e+00
2.303999999999999915e+01,1.620402679443359375e+02,-1.196375340223312378e-01,1.168414688110351562e+01,4.000000000000000000e+00
2.305999999999999872e+01,1.624093017578125000e+02,-1.369744390249252319e-01,1.158464908599853516e+01,4.000000000000000000e+00
2.308000000000000185e+01,1.627796936035156250e+02,-1.526532173156738281e-01,1.149665546417236328e+01,4.000000000000000000e+00
2.310000000000000142e+01,1.631509704589843750e+02,-1.664999276399612427e-01,1.142008686065673828e+01,4.000000000000000000e+00
2.312000000000000099e+01,1.635226898193359375e+02,-1.783894747495651245e-01,1.135473346710205078e+01,4.000000000000000000e+00
2.314000000000000057e+01,1.638944091796875000e+02,-1.882615685462951660e-01,1.130019378662109375e+01,4.000000000000000000e+00
2.316000000000000014e+01,1.642657928466796875e+02,-1.961356699466705322e-01,1.125585365295410156e+01,4.000000000000000000e+00
2.317999999999999972e+01,1.646365509033203125e+02,-2.021200507879257202e-01,1.122084903717041016e+01,4.000000000000000000e+00
2.319999999999999929e+01,1.650064697265625000e+02,-2.064045220613479614e-01,1.119408798217773438e+01,4.000000000000000000e+00
2.321999999999999886e+01,1.653755035400390625e+02,-2.092249989509582520e-01,1.117438888549804688e+01,4.000000000000000000e+00
2.324000000000000199e+01,1.657436981201171875e+02,-2.108565866947174072e-01,1.116040611267089844e+01,4.000000000000000000e+00
2.326000000000000156e+01,1.661112365722656250e+02,-2.116028815507888794e-01,1.115052413940429688e+01,4.000000000000000000e+00
2.328000000000000114e+01,1.664784240722656250e+02,-2.117594480514526367e-01,1.114295005798339844e+01,4.000000000000000000e+00
2.330000000000000071e+01,1.668455047607421875e+02,-2.115875333547592163e-01,1.113577842712402344e+01,4.000000000000000000e+00
2.332000000000000028e+01,1.672125549316406250e+02,-2.112959921360015869e-01,1.112705802917480469e+01,4.000000000000000000e+00
2.333999999999999986e+01,1.675794372558593750e+02,-2.110223323106765747e-01,1.111483383178710938e+01,4.000000000000000000e+00
2.335999999999999943e+01,1.679458923339843750e+02,-2.108180671930313110e-01,1.109717559814453125e+01,4.000000000000000000e+00
2.337999999999999901e+01,1.683115997314453125e+02,-2.106413841247558594e-01,1.107217502593994141e+01,4.000000000000000000e+00
2.340000000000000213e+01,1.686761779785156250e+02,-2.103531062602996826e-01,1.103798294067382812e+01,4.000000000000000000e+00
2.342000000000000171e+01,1.690391693115234375e+02,-2.097270041704177856e-01,1.099300384521484375e+01,4.000000000000000000e+00
2.344000000000000128e+01,1.693999938964843750e+02,-2.084644436836242676e-01,1.093588256835937500e+01,4.000000000000000000e+00
2.346000000000000085e+01,1.697580871582031250e+02,-2.062326818704605103e-01,1.086559677124023438e+01,4.000000000000000000e+00
2.348000000000000043e+01,1.701128387451171875e+02,-2.027211636304855347e-01,1.078162956237792969e+01,4.000000000000000000e+00
2.350000000000000000e+01,1.704638519287109375e+02,-1.976898163557052612e-01,1.068399047851562500e+01,4.000000000000000000e+00
2.351999999999999957e+01,1.708108520507812500e+02,-1.909904778003692627e-01,1.057310771942138672e+01,4.000000000000000000e+00
2.353999999999999915e+01,1.711537322998046875e+02,-1.825792789459228516e-01,1.044972610473632812e+01,4.000000000000000000e+00
2.355999999999999872e+01,1.714926300048828125e+02,-1.725267469882965088e-01,1.031486034393310547e+01,4.000000000000000000e+00
2.358000000000000185e+01,1.718278656005859375e+02,-1.610137075185775757e-01,1.016972446441650391e+01,4.000000000000000000e+00
2.360000000000000142e+01,1.721599731445312500e+02,-1.483185738325119019e-01,1.001567745208740234e+01,4.000000000000000000e+00
2.362000000000000099e+01,1.724896240234375000e+02,-1.347859054803848267e-01,9.854117393493652344e+00,4.000000000000000000e+00
2.364000000000000057e+01,1.728176879882812500e+02,-1.208227649331092834e-01,9.686512947082519531e+00,4.000000000000000000e+00
2.366000000000000014e+01,1.731451263427734375e+02,-1.068834066390991211e-01,9.514414787292480469e+00,4.000000000000000000e+00
2.367999999999999972e+01,1.734729003906250000e+02,-9.342865645885467529e-02,9.339447021484375000e+00,4.000000000000000000e+00
2.369999999999999929e+01,1.738016662597656250e+02,-8.087402582168579102e-02,9.163380622863769531e+00,4.000000000000000000e+00
2.371999999999999886e+01,1.741319732666015625e+02,-6.956066191196441650e-02,8.987904548645019531e+00,4.000000000000000000e+00
2.374000000000000199e+01,1.744642639160156250e+02,-5.975063517689704895e-02,8.814582824707031250e+00,4.000000000000000000e+00
2.376000000000000156e+01,1.747989654541015625e+02,-5.162897706031799316e-02,8.644886970520019531e+00,4.000000000000000000e+00
2.378000000000000114e+01,1.751363525390625000e+02,-4.529969766736030579e-02,8.480185508728027344e+00,4.000000000000000000e+00
2.380000000000000071e+01,1.754765777587890625e+02,-4.078379273414611816e-02,8.321722984313964844e+00,4.000000000000000000e+00
2.382000000000000028e+01,1.758196868896484375e+02,-3.802172839641571045e-02,8.170592308044433594e+00,4.000000000000000000e+00
2.383999999999999986e+01,1.761656494140625000e+02,-3.688309341669082642e-02,8.027727127075195312e+00,4.000000000000000000e+00
2.385999999999999943e+01,1.765142974853515625e+02,-3.717912733554840088e-02,7.893908977508544922e+00,4.000000000000000000e+00
2.387999999999999901e+01,1.768654022216796875e+02,-3.867604956030845642e-02,7.769770145416259766e+00,4.000000000000000000e+00
2.390000000000000213e+01,1.772186889648437500e+02,-4.110814258456230164e-02,7.655810356140136719e+00,4.000000000000000000e+00
2.392000000000000171e+01,1.775737457275390625e+02,-4.418974369764328003e-02,7.552420139312744141e+00,4.000000000000000000e+00
2.394000000000000128e+01,1.779302368164062500e+02,-4.762601107358932495e-02,7.459908008575439453e+00,4.000000000000000000e+00
2.396000000000000085e+01,1.782877197265625000e+02,-5.112076550722122192e-02,7.378511428833007812e+00,4.000000000000000000e+00
2.398000000000000043e+01,1.786457519531250000e+02,-5.438196659088134766e-02,7.308436870574951172e+00,4.000000000000000000e+00
2.400000000000000000e+01,1.790038909912109375e+02,-5.712459236383438110e-02,7.249866485595703125e+00,4.000000000000000000e+00
2.401999999999999957e+01,1.793616638183593750e+02,-5.907618999481201172e-02,7.202878952026367188e+00,4.000000000000000000e+00
2.403999999999999915e+01,1.797186279296875000e+02,-5.998682975769042969e-02,7.167428016662597656e+00,4.000000000000000000e+00
2.406000000000000227e+01,1.800743103027343750e+02,-5.963997915387153625e-02,7.143361091613769531e+00,4.000000000000000000e+00
2.408000000000000185e+01,1.804282836914062500e+02,-5.786264687776565552e-02,7.130416393280029297e+00,4.000000000000000000e+00
2.410000000000000142e+01,1.807801513671875000e+02,-5.453538894653320312e-02,7.128190994262695312e+00,4.000000000000000000e+00
2.412000000000000099e+01,1.811296234130859375e+02,-4.959578067064285278e-02,7.136162281036376953e+00,4.000000000000000000e+00
2.414000000000000057e+01,1.814764251708984375e+02,-4.304629564285278320e-02,7.153674602508544922e+00,4.000000000000000000e+00
2.416000000000000014e+01,1.818204650878906250e+02,-3.496468812227249146e-02,7.179884433746337891e+00,4.000000000000000000e+00
2.417999999999999972e+01,1.821617431640625000e+02,-2.549149841070175171e-02,7.213822364807128906e+00,4.000000000000000000e+00
2.419999999999999929e+01,1.825004272460937500e+02,-1.481602899730205536e-02,7.254429817199707031e+00,4.000000000000000000e+00
2.421999999999999886e+01,1.828367614746093750e+02,-3.166712587699294090e-03,7.300535202026367188e+00,4.000000000000000000e+00
2.424000000000000199e+01,1.831711425781250000e+02,9.196626022458076477e-03,7.350800514221191406e+00,4.000000000000000000e+00
2.426000000000000156e+01,1.835040740966796875e+02,2.200425975024700165e-02,7.403751850128173828e+00,4.000000000000000000e+00
2.428000000000000114e+01,1.838360900878906250e+02,3.500689193606376648e-02,7.457845687866210938e+00,4.000000000000000000e+00
2.430000000000000071e+01,1.841676025390625000e+02,4.800350591540336609e-02,7.511443138122558594e+00,4.000000000000000000e+00
2.432000000000000028e+01,1.844988861083984375e+02,6.086276099085807800e-02,7.562857627868652344e+00,4.000000000000000000e+00
2.433999999999999986e+01,1.848300781250000000e+02,7.353318482637405396e-02,7.610481262207031250e+00,4.000000000000000000e+00
2.435999999999999943e+01,1.851612701416015625e+02,8.603817969560623169e-02,7.652875900268554688e+00,4.000000000000000000e+00
2.437999999999999901e+01,1.854924621582031250e+02,9.846564382314682007e-02,7.688815116882324219e+00,4.000000000000000000e+00
2.440000000000000213e+01,1.858235626220703125e+02,1.109547913074493408e-01,7.717273235321044922e+00,4.000000000000000000e+00
2.442000000000000171e+01,1.861545257568359375e+02,1.236842647194862366e-01,7.737390518188476562e+00,4.000000000000000000e+00
2.444000000000000128e+01,1.864851837158203125e+02,1.368559598922729492e-01,7.748498916625976562e+00,4.000000000000000000e+00
2.446000000000000085e+01,1.868153686523437500e+02,1.506709158420562744e-01,7.750171184539794922e+00,4.000000000000000000e+00
2.448000000000000043e+01,1.871448822021484375e+02,1.653118133544921875e-01,7.742205619812011719e+00,4.000000000000000000e+00
2.450000000000000000e+01,1.874735260009765625e+02,1.809276044368743896e-01,7.724603176116943359e+00,4.000000000000000000e+00
2.451999999999999957e+01,1.878011779785156250e+02,1.976082175970077515e-01,7.697590827941894531e+00,4.000000000000000000e+00
2.453999999999999915e+01,1.881277770996093750e+02,2.153546661138534546e-01,7.661665439605712891e+00,4.000000000000000000e+00
2.456000000000000227e+01,1.884533538818359375e+02,2.340581566095352173e-01,7.617603302001953125e+00,4.000000000000000000e+00
2.458000000000000185e+01,1.887780609130859375e+02,2.534913122653961182e-01,7.566462516784667969e+00,4.000000000000000000e+00
2.460000000000000142e+01,1.891021575927734375e+02,2.733086347579956055e-01,7.509585857391357422e+00,4.000000000000000000e+00
2.462000000000000099e+01,1.894260406494140625e+02,2.930855154991149902e-01,7.448512554168701172e+00,4.000000000000000000e+00
2.464000000000000057e+01,1.897500762939453125e+02,3.123675882816314697e-01,7.384913921356201172e+00,4.000000000000000000e+00
2.466000000000000014e+01,1.900743560791015625e+02,3.307168185710906982e-01,7.320572376251220703e+00,4.000000000000000000e+00
2.467999999999999972e+01,1.903988800048828125e+02,3.477548062801361084e-01,7.257256984710693359e+00,4.000000000000000000e+00
2.469999999999999929e+01,1.907236328125000000e+02,3.631948232650756836e-01,7.196651935577392578e+00,4.000000000000000000e+00
2.471999999999999886e+01,1.910485229492187500e+02,3.768658041954040527e-01,7.140280246734619141e+00,4.000000000000000000e+00
2.474000000000000199e+01,1.913733825683593750e+02,3.887121975421905518e-01,7.089491844177246094e+00,4.000000000000000000e+00
2.476000000000000156e+01,1.916980133056640625e+02,3.987854719161987305e-01,7.045454978942871094e+00,4.000000000000000000e+00
2.478000000000000114e+01,1.920220947265625000e+02,4.072297811508178711e-01,7.009157180786132812e+00,4.000000000000000000e+00
2.480000000000000071e+01,1.923452606201171875e+02,4.142658710479736328e-01,6.981384754180908203e+00,4.000000000000000000e+00
2.482000000000000028e+01,1.926671142578125000e+02,4.201715886592864990e-01,6.962719917297363281e+00,4.000000000000000000e+00
2.483999999999999986e+01,1.929872283935546875e+02,4.252592623233795166e-01,6.953577041625976562e+00,4.000000000000000000e+00
2.485999999999999943e+01,1.933051605224609375e+02,4.298571050167083740e-01,6.954218864440917969e+00,4.000000000000000000e+00
2.487999999999999901e+01,1.936204681396484375e+02,4.342918395996093750e-01,6.964744091033935547e+00,4.000000000000000000e+00
2.490000000000000213e+01,1.939327545166015625e+02,4.388713240623474121e-01,6.985094070434570312e+00,4.000000000000000000e+00
2.492000000000000171e+01,1.942416534423828125e+02,4.438682198524475098e-01,7.015041828155517578e+00,4.000000000000000000e+00
2.494000000000000128e+01,1.945469055175781250e+02,4.495072066783905029e-01,7.054226398468017578e+00,4.000000000000000000e+00
2.496000000000000085e+01,1.948483123779296875e+02,4.559555947780609131e-01,7.102157592773437500e+00,4.000000000000000000e+00
2.498000000000000043e+01,1.951457824707031250e+02,4.633184969425201416e-01,7.158205986022949219e+00,4.000000000000000000e+00
2.500000000000000000e+01,1.954393157958984375e+02,4.716437757015228271e-01,7.221659660339355469e+00,4.000000000000000000e+00
2.501999999999999957e+01,1.957290039062500000e+02,4.809239804744720459e-01,7.291705131530761719e+00,4.000000000000000000e+00
2.503999999999999915e+01,1.960150146484375000e+02,4.911022186279296875e-01,7.367448329925537109e+00,4.000000000000000000e+00
2.506000000000000227e+01,1.962975921630859375e+02,5.020815730094909668e-01,7.447964668273925781e+00,4.000000000000000000e+00
2.508000000000000185e+01,1.965770721435546875e+02,5.137305259704589844e-01,7.532296180725097656e+00,4.000000000000000000e+00
2.510000000000000142e+01,1.968539123535156250e+02,5.258848071098327637e-01,7.619383811950683594e+00,4.000000000000000000e+00
2.512000000000000099e+01,1.971286926269531250e+02,5.383591651916503906e-01,7.708026885986328125e+00,4.000000000000000000e+00
2.514000000000000057e+01,1.974021606445312500e+02,5.509714484214782715e-01,7.796897888183593750e+00,4.000000000000000000e+00
2.516000000000000014e+01,1.976749114990234375e+02,5.635706186294555664e-01,7.884551525115966797e+00,4.000000000000000000e+00
2.517999999999999972e+01,1.979473724365234375e+02,5.760597586631774902e-01,7.969502925872802734e+00,4.000000000000000000e+00
2.519999999999999929e+01,1.982199249267578125e+02,5.884064435958862305e-01,8.050342559814453125e+00,4.000000000000000000e+00
2.521999999999999886e+01,1.984928436279296875e+02,6.006417274475097656e-01,8.125814437866210938e+00,4.000000000000000000e+00
2.524000000000000199e+01,1.987663116455078125e+02,6.128513216972351074e-01,8.194849014282226562e+00,4.000000000000000000e+00
2.526000000000000156e+01,1.990404052734375000e+02,6.251608729362487793e-01,8.256592750549316406e+00,4.000000000000000000e+00
2.528000000000000114e+01,1.993151245117187500e+02,6.377199292182922363e-01,8.310396194458007812e+00,4.000000000000000000e+00
2.530000000000000071e+01,1.995904083251953125e+02,6.506891250610351562e-01,8.355785369873046875e+00,4.000000000000000000e+00
2.532000000000000028e+01,1.998661346435546875e+02,6.642311811447143555e-01,8.392424583435058594e+00,4.000000000000000000e+00
2.533999999999999986e+01,2.001421813964843750e+02,6.784980893135070801e-01,8.420121192932128906e+00,4.000000000000000000e+00
2.535999999999999943e+01,2.004183654785156250e+02,6.936171650886535645e-01,8.438836097717285156e+00,4.000000000000000000e+00
2.537999999999999901e+01,2.006945343017578125e+02,7.096854448318481445e-01,8.448663711547851562e+00,4.000000000000000000e+00
2.540000000000000213e+01,2.009705200195312500e+02,7.267674803733825684e-01,8.449799537658691406e+00,4.000000000000000000e+00
2.542000000000000171e+01,2.012461700439453125e+02,7.448990345001220703e-01,8.442502021789550781e+00,4.000000000000000000e+00
2.544000000000000128e+01,2.015213623046875000e+02,7.640745639801025391e-01,8.427120208740234375e+00,4.000000000000000000e+00
2.546000000000000085e+01,2.017960052490234375e+02,7.842357754707336426e-01,8.404109954833984375e+00,4.000000000000000000e+00
2.548000000000000043e+01,2.020700836181640625e+02,8.052580356597900391e-01,8.374059677124023438e+00,4.000000000000000000e+00
2.550000000000000000e+01,2.023436279296875000e+02,8.269376158714294434e-01,8.337715148925781250e+00,4.000000000000000000e+00
2.551999999999999957e+01,2.026167755126953125e+02,8.489932417869567871e-01,8.295985221862792969e+00,4.000000000000000000e+00
2.553999999999999915e+01,2.028897094726562500e+02,8.710873126983642578e-01,8.249897003173828125e+00,4.000000000000000000e+00
2.556000000000000227e+01,2.031627197265625000e+02,8.928570747375488281e-01,8.200555801391601562e+00,4.000000000000000000e+00
2.558000000000000185e+01,2.034360046386718750e+02,9.139400720596313477e-01,8.149138450622558594e+00,4.000000000000000000e+00
2.560000000000000142e+01,2.037096252441406250e+02,9.340019226074218750e-01,8.096880912780761719e+00,4.000000000000000000e+00
2.562000000000000099e+01,2.039835662841796875e+02,9.527621269226074219e-01,8.045014381408691406e+00,4.000000000000000000e+00
2.564000000000000057e+01,2.042577972412109375e+02,9.700152277946472168e-01,7.994707584381103516e+00,4.000000000000000000e+00
2.566000000000000014e+01,2.045322265625000000e+02,9.856368899345397949e-01,7.947051525115966797e+00,4.000000000000000000e+00
2.567999999999999972e+01,2.048067321777343750e+02,9.995810389518737793e-01,7.903048515319824219e+00,4.000000000000000000e+00
2.569999999999999929e+01,2.050811614990234375e+02,1.011877417564392090e+00,7.863590717315673828e+00,4.000000000000000000e+00
2.571999999999999886e+01,2.053552856445312500e+02,1.022618055343627930e+00,7.829476356506347656e+00,4.000000000000000000e+00
2.574000000000000199e+01,2.056288604736328125e+02,1.031944870948791504e+00,7.801411628723144531e+00,4.000000000000000000e+00
2.576000000000000156e+01,2.059016265869140625e+02,1.040042161941528320e+00,7.779999732971191406e+00,4.000000000000000000e+00
2.578000000000000114e+01,2.061732177734375000e+02,1.047125816345214844e+00,7.765730857849121094e+00,4.000000000000000000e+00
2.580000000000000071e+01,2.064433135986328125e+02,1.053433418273925781e+00,7.758972644805908203e+00,4.000000000000000000e+00
2.582000000000000028e+01,2.067115173339843750e+02,1.059209465980529785e+00,7.760022163391113281e+00,4.000000000000000000e+00
2.583999999999999986e+01,2.069774932861328125e+02,1.064697265625000000e+00,7.769104003906250000e+00,4.000000000000000000e+00
2.585999999999999943e+01,2.072408447265625000e+02,1.070132493972778320e+00,7.786322593688964844e+00,4.000000000000000000e+00
2.587999999999999901e+01,2.075012817382812500e+02,1.075734257698059082e+00,7.811626911163330078e+00,4.000000000000000000e+00
2.590000000000000213e+01,2.077584686279296875e+02,1.081698060035705566e+00,7.844825744628906250e+00,4.000000000000000000e+00
2.592000000000000171e+01,2.080121459960937500e+02,1.088191509246826172e+00,7.885600090026855469e+00,4.000000000000000000e+00
2.594000000000000128e+01,2.082620849609375000e+02,1.095355153083801270e+00,7.933572769165039062e+00,4.000000000000000000e+00
2.596000000000000085e+01,2.085081176757812500e+02,1.103304862976074219e+00,7.988364219665527344e+00,4.000000000000000000e+00
2.598000000000000043e+01,2.087501068115234375e+02,1.112132430076599121e+00,8.049574851989746094e+00,4.000000000000000000e+00
2.600000000000000000e+01,2.089879150390625000e+02,1.121906161308288574e+00,8.116787910461425781e+00,4.000000000000000000e+00
2.601999999999999957e+01,2.092215270996093750e+02,1.132666707038879395e+00,8.189525604248046875e+00,4.000000000000000000e+00
2.603999999999999915e+01,2.094510040283203125e+02,1.144430041313171387e+00,8.267278671264648438e+00,4.000000000000000000e+00
2.606000000000000227e+01,2.096763458251953125e+02,1.157190322875976562e+00,8.349521636962890625e+00,4.000000000000000000e+00
2.608000000000000185e+01,2.098976593017578125e+02,1.170921325683593750e+00,8.435716629028320312e+00,4.000000000000000000e+00
2.610000000000000142e+01,2.101150817871093750e+02,1.185578346252441406e+00,8.525315284729003906e+00,4.000000000000000000e+00
2.612000000000000099e+01,2.103287963867187500e+02,1.201095104217529297e+00,8.617750167846679688e+00,4.000000000000000000e+00
2.614000000000000057e+01,2.105390625000000000e+02,1.217387676239013672e+00,8.712450981140136719e+00,4.000000000000000000e+00
2.616000000000000014e+01,2.107462158203125000e+02,1.234357118606567383e+00,8.808854103088378906e+00,4.000000000000000000e+00
2.617999999999999972e+01,2.109505767822265625e+02,1.251888990402221680e+00,8.906381607055664062e+00,4.000000000000000000e+00
2.619999999999999929e+01,2.111526489257812500e+02,1.269853472709655762e+00,9.004402160644531250e+00,4.000000000000000000e+00
2.621999999999999886e+01,2.113529663085937500e+02,1.288115501403808594e+00,9.102251052856445312e+00,4.000000000000000000e+00
2.624000000000000199e+01,2.115520629882812500e+02,1.306545972824096680e+00,9.199222564697265625e+00,4.000000000000000000e+00
2.626000000000000156e+01,2.117504119873046875e+02,1.325032234191894531e+00,9.294570922851562500e+00,4.000000000000000000e+00
2.628000000000000114e+01,2.119484252929687500e+02,1.343486666679382324e+00,9.387524604797363281e+00,4.000000000000000000e+00
2.630000000000000071e+01,2.121464385986328125e+02,1.361851096153259277e+00,9.477332115173339844e+00,4.000000000000000000e+00
2.632000000000000028e+01,2.123447570800781250e+02,1.380100607872009277e+00,9.563304901123046875e+00,4.000000000000000000e+00
2.633999999999999986e+01,2.125436248779296875e+02,1.398240447044372559e+00,9.644830703735351562e+00,4.000000000000000000e+00
2.635999999999999943e+01,2.127432403564453125e+02,1.416301608085632324e+00,9.721377372741699219e+00,4.000000000000000000e+00
2.637999999999999901e+01,2.129437103271484375e+02,1.434335112571716309e+00,9.792491912841796875e+00,4.000000000000000000e+00
2.640000000000000213e+01,2.131451110839843750e+02,1.452405571937561035e+00,9.857807159423828125e+00,4.000000000000000000e+00
2.642000000000000171e+01,2.133474578857421875e+02,1.470583796501159668e+00,9.917046546936035156e+00,4.000000000000000000e+00
2.644000000000000128e+01,2.135507202148437500e+02,1.488941431045532227e+00,9.970011711120605469e+00,4.000000000000000000e+00
2.646000000000000085e+01,2.137548675537109375e+02,1.507549881935119629e+00,1.001655864715576172e+01,4.000000000000000000e+00
2.648000000000000043e+01,2.139598541259765625e+02,1.526479601860046387e+00,1.005657291412353516e+01,4.000000000000000000e+00
2.650000000000000000e+01,2.141655883789062500e+02,1.545799255371093750e+00,1.008996486663818359e+01,4.000000000000000000e+00
2.651999999999999957e+01,2.143720092773437500e+02,1.565575122833251953e+00,1.011666584014892578e+01,4.000000000000000000e+00
2.653999999999999915e+01,2.145790100097656250e+02,1.585870623588562012e+00,1.013662433624267578e+01,4.000000000000000000e+00
2.656000000000000227e+01,2.147865142822265625e+02,1.606742739677429199e+00,1.014981365203857422e+01,4.000000000000000000e+00
2.658000000000000185e+01,2.149944152832031250e+02,1.628235936164855957e+00,1.015625667572021484e+01,4.000000000000000000e+00
2.660000000000000142e+01,2.152025909423828125e+02,1.650382995605468750e+00,1.015600776672363281e+01,4.000000000000000000e+00
2.662000000000000099e+01,2.154109344482421875e+02,1.673209309577941895e+00,1.014913845062255859e+01,4.000000000000000000e+00
2.664000000000000057e+01,2.156193695068359375e+02,1.696727514266967773e+00,1.013575077056884766e+01,4.000000000000000000e+00
2.666000000000000014e+01,2.158277893066406250e+02,1.720924377441406250e+00,1.011601066589355469e+01,4.000000000000000000e+00
2.667999999999999972e+01,2.160361175537109375e+02,1.745759606361389160e+00,1.009014606475830078e+01,4.000000000000000000e+00
2.669999999999999929e+01,2.162443542480468750e+02,1.771165013313293457e+00,1.005844211578369141e+01,4.000000000000000000e+00
2.671999999999999886e+01,2.164524536132812500e+02,1.797055363655090332e+00,1.002121162414550781e+01,4.000000000000000000e+00
2.674000000000000199e+01,2.166604614257812500e+02,1.823316216468811035e+00,9.978819847106933594e+00,4.000000000000000000e+00
2.676000000000000156e+01,2.168684387207031250e+02,1.849791049957275391e+00,9.931730270385742188e+00,4.000000000000000000e+00
2.678000000000000114e+01,2.170764923095703125e+02,1.876285672187805176e+00,9.880497932434082031e+00,4.000000000000000000e+00
2.680000000000000071e+01,2.172848510742187500e+02,1.902572035789489746e+00,9.825768470764160156e+00,4.000000000000000000e+00
2.682000000000000028e+01,2.174936981201171875e+02,1.928408265113830566e+00,9.768251419067382812e+00,4.000000000000000000e+00
2.683999999999999986e+01,2.177032928466796875e+02,1.953551888465881348e+00,9.708701133728027344e+00,4.000000000000000000e+00
2.685999999999999943e+01,2.179138031005859375e+02,1.977766871452331543e+00,9.647933006286621094e+00,4.000000000000000000e+00
2.687999999999999901e+01,2.181253204345703125e+02,2.000841140747070312e+00,9.586786270141601562e+00,4.000000000000000000e+00
2.690000000000000213e+01,2.183378448486328125e+02,2.022601366043090820e+00,9.526088714599609375e+00,4.000000000000000000e+00
2.692000000000000171e+01,2.185514221191406250e+02,2.042923212051391602e+00,9.466623306274414062e+00,4.000000000000000000e+00
2.694000000000000128e+01,2.187659759521484375e+02,2.061727046966552734e+00,9.409133911132812500e+00,4.000000000000000000e+00
2.696000000000000085e+01,2.189814758300781250e+02,2.078975439071655273e+00,9.354333877563476562e+00,4.000000000000000000e+00
2.698000000000000043e+01,2.191977691650390625e+02,2.094671487808227539e+00,9.302880287170410156e+00,4.000000000000000000e+00
2.700000000000000000e+01,2.194147644042968750e+02,2.108858108520507812e+00,9.255360603332519531e+00,4.000000000000000000e+00
2.701999999999999957e+01,2.196322784423828125e+02,2.121607780456542969e+00,9.212303161621093750e+00,4.000000000000000000e+00
2.703999999999999915e+01,2.198501129150390625e+02,2.133016824722290039e+00,9.174188613891601562e+00,4.000000000000000000e+00
2.706000000000000227e+01,2.200680694580078125e+02,2.143203496932983398e+00,9.141429901123046875e+00,4.000000000000000000e+00
2.708000000000000185e+01,2.202858581542968750e+02,2.152303695678710938e+00,9.114352226257324219e+00,4.000000000000000000e+00
2.710000000000000142e+01,2.205032653808593750e+02,2.160466909408569336e+00,9.093183517456054688e+00,4.000000000000000000e+00
2.712000000000000099e+01,2.207200164794921875e+02,2.167845010757446289e+00,9.078108787536621094e+00,4.000000000000000000e+00
2.714000000000000057e+01,2.209358673095703125e+02,2.174588918685913086e+00,9.069272041320800781e+00,4.000000000000000000e+00
2.716000000000000014e+01,2.211505584716796875e+02,2.180847167968750000e+00,9.066740036010742188e+00,4.000000000000000000e+00
2.717999999999999972e+01,2.213638000488281250e+02,2.186763763427734375e+00,9.070504188537597656e+00,4.000000000000000000e+00
2.719999999999999929e+01,2.215754089355468750e+02,2.192473888397216797e+00,9.080504417419433594e+00,4.000000000000000000e+00
2.721999999999999886e+01,2.217851104736328125e+02,2.198101520538330078e+00,9.096616744995117188e+00,4.000000000000000000e+00
2.724000000000000199e+01,2.219926300048828125e+02,2.203758239746093750e+00,9.118673324584960938e+00,4.000000000000000000e+00
2.726000000000000156e+01,2.221977233886718750e+02,2.209543704986572266e+00,9.146479606628417969e+00,4.000000000000000000e+00
2.728000000000000114e+01,2.224001922607421875e+02,2.215546131134033203e+00,9.179829597473144531e+00,4.000000000000000000e+00
2.730000000000000071e+01,2.225998687744140625e+02,2.221843481063842773e+00,9.218505859375000000e+00,4.000000000000000000e+00
2.732000000000000028e+01,2.227966156005859375e+02,2.228499412536621094e+00,9.262230873107910156e+00,4.000000000000000000e+00
2.733999999999999986e+01,2.229902801513671875e+02,2.235564231872558594e+00,9.310696601867675781e+00,4.000000000000000000e+00
2.735999999999999943e+01,2.231807250976562500e+02,2.243079423904418945e+00,9.363615989685058594e+00,4.000000000000000000e+00
2.737999999999999901e+01,2.233678894042968750e+02,2.251079320907592773e+00,9.420728683471679688e+00,4.000000000000000000e+00
2.740000000000000213e+01,2.235516815185546875e+02,2.259590625762939453e+00,9.481789588928222656e+00,4.000000000000000000e+00
2.742000000000000171e+01,2.237320404052734375e+02,2.268629074096679688e+00,9.546513557434082031e+00,4.000000000000000000e+00
2.744000000000000128e+01,2.239089660644531250e+02,2.278200149536132812e+00,9.614592552185058594e+00,4.000000000000000000e+00
2.746000000000000085e+01,2.240823974609375000e+02,2.288304805755615234e+00,9.685735702514648438e+00,4.000000000000000000e+00
2.748000000000000043e+01,2.242523803710937500e+02,2.298938989639282227e+00,9.759672164916992188e+00,4.000000000000000000e+00
2.750000000000000000e+01,2.244189300537109375e+02,2.310093879699707031e+00,9.836143493652343750e+00,4.000000000000000000e+00
2.751999999999999957e+01,2.245820617675781250e+02,2.321755409240722656e+00,9.914885520935058594e+00,4.000000000000000000e+00
2.753999999999999915e+01,2.247418975830078125e+02,2.333904743194580078e+00,9.995633125305175781e+00,4.000000000000000000e+00
2.756000000000000227e+01,2.248985290527343750e+02,2.346521139144897461e+00,1.007813930511474609e+01,4.000000000000000000e+00
2.758000000000000185e+01,2.250520324707031250e+02,2.359581708908081055e+00,1.016217231750488281e+01,4.000000000000000000e+00
2.760000000000000142e+01,2.252025146484375000e+02,2.373062133789062500e+00,1.024751472473144531e+01,4.000000000000000000e+00
2.762000000000000099e+01,2.253500976562500000e+02,2.386935949325561523e+00,1.033394241333007812e+01,4.000000000000000000e+00
2.764000000000000057e+01,2.254949035644531250e+02,2.401175975799560547e+00,1.042123317718505859e+01,4.000000000000000000e+00
2.766000000000000014e+01,2.256370849609375000e+02,2.415754079818725586e+00,1.050917816162109375e+01,4.000000000000000000e+00
2.767999999999999972e+01,2.257767791748046875e+02,2.430643796920776367e+00,1.059758281707763672e+01,4.000000000000000000e+00
2.769999999999999929e+01,2.259141082763671875e+02,2.445817947387695312e+00,1.068626117706298828e+01,4.000000000000000000e+00
2.771999999999999886e+01,2.260492553710937500e+02,2.461249351501464844e+00,1.077503681182861328e+01,4.000000000000000000e+00
2.774000000000000199e+01,2.261823577880859375e+02,2.476912021636962891e+00,1.086374092102050781e+01,4.000000000000000000e+00
2.776000000000000156e+01,2.263135833740234375e+02,2.492779254913330078e+00,1.095220375061035156e+01,4.000000000000000000e+00
2.778000000000000114e+01,2.264430847167968750e+02,2.508825540542602539e+00,1.104025936126708984e+01,4.000000000000000000e+00
2.780000000000000071e+01,2.265710601806640625e+02,2.525026082992553711e+00,1.112774944305419922e+01,4.000000000000000000e+00
2.782000000000000028e+01,2.266976928710937500e+02,2.541357517242431641e+00,1.121451091766357422e+01,4.000000000000000000e+00
2.783999999999999986e+01,2.268231964111328125e+02,2.557796955108642578e+00,1.130037212371826172e+01,4.000000000000000000e+00
2.785999999999999943e+01,2.269477386474609375e+02,2.574322223663330078e+00,1.138515472412109375e+01,4.000000000000000000e+00
2.787999999999999901e+01,2.270715179443359375e+02,2.590912103652954102e+00,1.146867752075195312e+01,4.000000000000000000e+00
2.790000000000000213e+01,2.271946868896484375e+02,2.607546329498291016e+00,1.155074882507324219e+01,4.000000000000000000e+00
2.792000000000000171e+01,2.273174591064453125e+02,2.624209165573120117e+00,1.163115692138671875e+01,4.000000000000000000e+00
2.794000000000000128e+01,2.274400177001953125e+02,2.640888929367065430e+00,1.170967483520507812e+01,4.000000000000000000e+00
2.796000000000000085e+01,2.275625610351562500e+02,2.657579183578491211e+00,1.178606605529785156e+01,4.000000000000000000e+00
2.798000000000000043e+01,2.276852569580078125e+02,2.674278736114501953e+00,1.186009120941162109e+01,4.000000000000000000e+00
2.800000000000000000e+01,2.278082733154296875e+02,2.690992355346679688e+00,1.193151283264160156e+01,4.000000000000000000e+00
2.801999999999999957e+01,2.279318084716796875e+02,2.707729816436767578e+00,1.200009822845458984e+01,4.000000000000000000e+00
2.803999999999999915e+01,2.280560150146484375e+02,2.724505424499511719e+00,1.206561756134033203e+01,4.000000000000000000e+00
2.806000000000000227e+01,2.281809997558593750e+02,2.741337776184082031e+00,1.212785053253173828e+01,4.000000000000000000e+00
2.808000000000000185e+01,2.283068847656250000e+02,2.758248805999755859e+00,1.218659496307373047e+01,4.000000000000000000e+00
2.810000000000000142e+01,2.284337921142578125e+02,2.775264263153076172e+00,1.224166202545166016e+01,4.000000000000000000e+00
2.812000000000000099e+01,2.285618133544921875e+02,2.792410850524902344e+00,1.229287624359130859e+01,4.000000000000000000e+00
2.814000000000000057e+01,2.286910400390625000e+02,2.809714078903198242e+00,1.234007072448730469e+01,4.000000000000000000e+00
2.816000000000000014e+01,2.288215026855468750e+02,2.827202081680297852e+00,1.238308620452880859e+01,4.000000000000000000e+00
2.817999999999999972e+01,2.289532775878906250e+02,2.844907283782958984e+00,1.242176818847656250e+01,4.000000000000000000e+00
2.819999999999999929e+01,2.290864410400390625e+02,2.862863302230834961e+00,1.245597934722900391e+01,4.000000000000000000e+00
2.821999999999999886e+01,2.292210235595703125e+02,2.881098508834838867e+00,1.248560619354248047e+01,4.000000000000000000e+00
2.824000000000000199e+01,2.293570251464843750e+02,2.899634122848510742e+00,1.251055622100830078e+01,4.000000000000000000e+00
2.826000000000000156e+01,2.294944763183593750e+02,2.918492555618286133e+00,1.253073978424072266e+01,4.000000000000000000e+00
2.828000000000000114e+01,2.296333770751953125e+02,2.937696695327758789e+00,1.254607868194580078e+01,4.000000000000000000e+00
2.830000000000000071e+01,2.297737579345703125e+02,2.957269906997680664e+00,1.255650138854980469e+01,4.000000000000000000e+00
2.832000000000000028e+01,2.299155883789062500e+02,2.977239131927490234e+00,1.256191158294677734e+01,4.000000000000000000e+00
2.833999999999999986e+01,2.300588684082031250e+02,2.997631311416625977e+00,1.256220531463623047e+01,4.000000000000000000e+00
