time_s,north_m,east_m,altitude_m,phase
0.000000000000000000e+00,0.000000000000000000e+00,0.000000000000000000e+00,9.377412497997283936e-02,0.000000000000000000e+00
2.000000000000000042e-02,-1.507060574112983886e-07,1.640255931079082075e-08,9.412455558776855469e-02,0.000000000000000000e+00
4.000000000000000083e-02,-5.193875836084771436e-07,-1.613162936564549454e-07,9.507722407579421997e-02,0.000000000000000000e+00
5.999999999999999778e-02,-9.884080327537958510e-07,-7.395314014502218924e-07,9.719233959913253784e-02,0.000000000000000000e+00
8.000000000000000167e-02,-1.825690560508519411e-06,-3.440183263592189178e-06,1.025496497750282288e-01,0.000000000000000000e+00
1.000000000000000056e-01,-3.855339400615775958e-06,-1.108728793042246252e-05,1.128089353442192078e-01,0.000000000000000000e+00
1.199999999999999956e-01,-8.663128028274513781e-06,-2.736414171522483230e-05,1.290786713361740112e-01,0.000000000000000000e+00
1.400000000000000133e-01,-1.870149935712106526e-05,-5.658615555148571730e-05,1.520402580499649048e-01,0.000000000000000000e+00
1.600000000000000033e-01,-3.707128780661150813e-05,-1.030284620355814695e-04,1.818339675664901733e-01,0.000000000000000000e+00
1.799999999999999933e-01,-6.664853572146967053e-05,-1.689038763288408518e-04,2.175595462322235107e-01,0.000000000000000000e+00
2.000000000000000111e-01,-1.093647588277235627e-04,-2.535354869905859232e-04,2.574515044689178467e-01,0.000000000000000000e+00
2.200000000000000011e-01,-1.666165480855852365e-04,-3.553830320015549660e-04,2.997896671295166016e-01,0.000000000000000000e+00
2.399999999999999911e-01,-2.395380870439112186e-04,-4.727535997517406940e-04,3.432260751724243164e-01,0.000000000000000000e+00
2.600000000000000089e-01,-3.298491647001355886e-04,-6.039089057594537735e-04,3.869074881076812744e-01,0.000000000000000000e+00
2.800000000000000266e-01,-4.401592595968395472e-04,-7.471138378605246544e-04,4.303447604179382324e-01,0.000000000000000000e+00
2.999999999999999889e-01,-5.742845823988318443e-04,-9.006198961287736893e-04,4.733062684535980225e-01,0.000000000000000000e+00
3.200000000000000067e-01,-7.377712172456085682e-04,-1.062452560290694237e-03,5.157625675201416016e-01,0.000000000000000000e+00
3.400000000000000244e-01,-9.379243128933012486e-04,-1.229933463037014008e-03,5.577933192253112793e-01,0.000000000000000000e+00
3.599999999999999867e-01,-1.183366752229630947e-03,-1.399278407916426659e-03,5.994954109191894531e-01,0.000000000000000000e+00
3.800000000000000044e-01,-1.483599538914859295e-03,-1.565485959872603416e-03,6.409413814544677734e-01,0.000000000000000000e+00
4.000000000000000222e-01,-1.849181717261672020e-03,-1.722326618619263172e-03,6.821966171264648438e-01,0.000000000000000000e+00
4.199999999999999845e-01,-2.292219782248139381e-03,-1.862241188064217567e-03,7.233465313911437988e-01,0.000000000000000000e+00
4.400000000000000022e-01,-2.825088100507855415e-03,-1.976658822968602180e-03,7.644363045692443848e-01,0.000000000000000000e+00
4.600000000000000200e-01,-3.459888976067304611e-03,-2.056308090686798096e-03,8.054631948471069336e-01,0.000000000000000000e+00
4.799999999999999822e-01,-4.209036938846111298e-03,-2.091182861477136612e-03,8.464151024818420410e-01,0.000000000000000000e+00
5.000000000000000000e-01,-5.086078774183988571e-03,-2.070245100185275078e-03,8.873003125190734863e-01,0.000000000000000000e+00
5.200000000000000178e-01,-6.106251850724220276e-03,-1.981135923415422440e-03,9.281585216522216797e-01,0.000000000000000000e+00
5.400000000000000355e-01,-7.284694351255893707e-03,-1.811033464036881924e-03,9.690104722976684570e-01,0.000000000000000000e+00
5.600000000000000533e-01,-8.635542355477809906e-03,-1.547208055853843689e-03,1.009842038154602051e+00,1.000000000000000000e+00
5.799999999999999600e-01,-1.017128583043813705e-02,-1.177564729005098343e-03,1.050600886344909668e+00,1.000000000000000000e+00
5.999999999999999778e-01,-1.190558541566133499e-02,-6.892852834425866604e-04,1.091258883476257324e+00,1.000000000000000000e+00
6.199999999999999956e-01,-1.385181676596403122e-02,-7.015018491074442863e-05,1.131783843040466309e+00,1.000000000000000000e+00
6.400000000000000133e-01,-1.602329686284065247e-02,6.912451935932040215e-04,1.172143578529357910e+00,1.000000000000000000e+00
6.600000000000000311e-01,-1.843687891960144043e-02,1.607540179975330830e-03,1.212366700172424316e+00,1.000000000000000000e+00
6.800000000000000488e-01,-2.111856825649738312e-02,2.695869654417037964e-03,1.252617478370666504e+00,1.000000000000000000e+00
7.000000000000000666e-01,-2.409124746918678284e-02,3.969742916524410248e-03,1.293009757995605469e+00,1.000000000000000000e+00
7.199999999999999734e-01,-2.736819908022880554e-02,5.435169674456119537e-03,1.333531260490417480e+00,1.000000000000000000e+00
7.399999999999999911e-01,-3.095806203782558441e-02,7.094004657119512558e-03,1.374125599861145020e+00,1.000000000000000000e+00
7.600000000000000089e-01,-3.487079218029975891e-02,8.947848342359066010e-03,1.414772748947143555e+00,1.000000000000000000e+00
7.800000000000000266e-01,-3.911808878183364868e-02,1.099836174398660660e-02,1.455492138862609863e+00,1.000000000000000000e+00
8.000000000000000444e-01,-4.371114447712898254e-02,1.324596256017684937e-02,1.496315240859985352e+00,1.000000000000000000e+00
8.200000000000000622e-01,-4.865401238203048706e-02,1.568625308573246002e-02,1.537208557128906250e+00,1.000000000000000000e+00
8.399999999999999689e-01,-5.394736304879188538e-02,1.831242442131042480e-02,1.578118920326232910e+00,1.000000000000000000e+00
8.599999999999999867e-01,-5.959125235676765442e-02,2.111697569489479065e-02,1.619004726409912109e+00,1.000000000000000000e+00
8.800000000000000044e-01,-6.558652967214584351e-02,2.409248426556587219e-02,1.659852147102355957e+00,1.000000000000000000e+00
9.000000000000000222e-01,-7.193788886070251465e-02,2.723301202058792114e-02,1.700706362724304199e+00,1.000000000000000000e+00
9.200000000000000400e-01,-7.864513993263244629e-02,3.053011931478977203e-02,1.741575121879577637e+00,1.000000000000000000e+00
9.400000000000000577e-01,-8.570229262113571167e-02,3.397274762392044067e-02,1.782417416572570801e+00,1.000000000000000000e+00
9.599999999999999645e-01,-9.310382604598999023e-02,3.755006939172744751e-02,1.823212265968322754e+00,1.000000000000000000e+00
9.799999999999999822e-01,-1.008455231785774231e-01,4.125179350376129150e-02,1.863968729972839355e+00,1.000000000000000000e+00
1.000000000000000000e+00,-1.089253649115562439e-01,4.506836831569671631e-02,1.904736638069152832e+00,1.000000000000000000e+00
1.020000000000000018e+00,-1.173386946320533752e-01,4.898935183882713318e-02,1.945549488067626953e+00,1.000000000000000000e+00
1.040000000000000036e+00,-1.260755211114883423e-01,5.300281196832656860e-02,1.986391186714172363e+00,1.000000000000000000e+00
1.060000000000000053e+00,-1.351246386766433716e-01,5.709676072001457214e-02,2.027242898941040039e+00,1.000000000000000000e+00
1.080000000000000071e+00,-1.444749981164932251e-01,6.125954166054725647e-02,2.068098545074462891e+00,1.000000000000000000e+00
1.100000000000000089e+00,-1.541159152984619141e-01,6.547985225915908813e-02,2.108969926834106445e+00,1.000000000000000000e+00
1.120000000000000107e+00,-1.640353351831436157e-01,6.974642723798751831e-02,2.149859189987182617e+00,1.000000000000000000e+00
1.140000000000000124e+00,-1.742194443941116333e-01,7.404815405607223511e-02,2.190751552581787109e+00,1.000000000000000000e+00
1.159999999999999920e+00,-1.846551299095153809e-01,7.837440073490142822e-02,2.231648206710815430e+00,1.000000000000000000e+00
1.179999999999999938e+00,-1.953305900096893311e-01,8.271501213312149048e-02,2.272579669952392578e+00,1.000000000000000000e+00
1.199999999999999956e+00,-2.062349170446395874e-01,8.706016838550567627e-02,2.313599586486816406e+00,1.000000000000000000e+00
1.219999999999999973e+00,-2.173541486263275146e-01,9.140043705701828003e-02,2.354713439941406250e+00,1.000000000000000000e+00
1.239999999999999991e+00,-2.286718636751174927e-01,9.572706371545791626e-02,2.395880222320556641e+00,1.000000000000000000e+00
1.260000000000000009e+00,-2.401716709136962891e-01,1.000320985913276672e-01,2.437052965164184570e+00,1.000000000000000000e+00
1.280000000000000027e+00,-2.518391013145446777e-01,1.043081134557723999e-01,2.478219747543334961e+00,1.000000000000000000e+00
1.300000000000000044e+00,-2.636618614196777344e-01,1.085479632019996643e-01,2.519412755966186523e+00,1.000000000000000000e+00
1.320000000000000062e+00,-2.756264209747314453e-01,1.127455607056617737e-01,2.560625553131103516e+00,1.000000000000000000e+00
1.340000000000000080e+00,-2.877191603183746338e-01,1.168956831097602844e-01,2.601838350296020508e+00,1.000000000000000000e+00
1.360000000000000098e+00,-2.999283671379089355e-01,1.209933981299400330e-01,2.643067359924316406e+00,1.000000000000000000e+00
1.380000000000000115e+00,-3.122429847717285156e-01,1.250342428684234619e-01,2.684340953826904297e+00,1.000000000000000000e+00
1.400000000000000133e+00,-3.246518373489379883e-01,1.290148347616195679e-01,2.725659847259521484e+00,1.000000000000000000e+00
1.419999999999999929e+00,-3.371436595916748047e-01,1.329328864812850952e-01,2.766996383666992188e+00,1.000000000000000000e+00
1.439999999999999947e+00,-3.497083783149719238e-01,1.367868185043334961e-01,2.808328866958618164e+00,1.000000000000000000e+00
1.459999999999999964e+00,-3.623369038105010986e-01,1.405754685401916504e-01,2.849653482437133789e+00,1.000000000000000000e+00
1.479999999999999982e+00,-3.750212192535400391e-01,1.442979723215103149e-01,2.890980243682861328e+00,1.000000000000000000e+00
1.500000000000000000e+00,-3.877545297145843506e-01,1.479536890983581543e-01,2.932344436645507812e+00,1.000000000000000000e+00
1.520000000000000018e+00,-4.005303084850311279e-01,1.515432596206665039e-01,2.973736524581909180e+00,1.000000000000000000e+00
1.540000000000000036e+00,-4.133426249027252197e-01,1.550684273242950439e-01,3.015111923217773438e+00,1.000000000000000000e+00
1.560000000000000053e+00,-4.261868596076965332e-01,1.585307866334915161e-01,3.056464433670043945e+00,1.000000000000000000e+00
1.580000000000000071e+00,-4.390595555305480957e-01,1.619318425655364990e-01,3.097810745239257812e+00,1.000000000000000000e+00
1.600000000000000089e+00,-4.519580304622650146e-01,1.652732789516448975e-01,3.139173269271850586e+00,1.000000000000000000e+00
1.620000000000000107e+00,-4.648801684379577637e-01,1.685575097799301147e-01,3.180538654327392578e+00,1.000000000000000000e+00
1.640000000000000124e+00,-4.778247773647308350e-01,1.717871278524398804e-01,3.221888780593872070e+00,1.000000000000000000e+00
1.660000000000000142e+00,-4.907914996147155762e-01,1.749646812677383423e-01,3.263218402862548828e+00,1.000000000000000000e+00
1.679999999999999938e+00,-5.037810206413269043e-01,1.780924648046493530e-01,3.304542064666748047e+00,1.000000000000000000e+00
1.699999999999999956e+00,-5.167951583862304688e-01,1.811725050210952759e-01,3.345901489257812500e+00,1.000000000000000000e+00
1.719999999999999973e+00,-5.298361182212829590e-01,1.842074096202850342e-01,3.387292861938476562e+00,1.000000000000000000e+00
1.739999999999999991e+00,-5.429066419601440430e-01,1.872002333402633667e-01,3.428671121597290039e+00,1.000000000000000000e+00
1.760000000000000009e+00,-5.560106039047241211e-01,1.901538819074630737e-01,3.470005035400390625e+00,1.000000000000000000e+00
1.780000000000000027e+00,-5.691526532173156738e-01,1.930706799030303955e-01,3.511307477951049805e+00,1.000000000000000000e+00
1.800000000000000044e+00,-5.823385715484619141e-01,1.959527432918548584e-01,3.552616596221923828e+00,1.000000000000000000e+00
1.820000000000000062e+00,-5.955745577812194824e-01,1.988023519515991211e-01,3.593943357467651367e+00,1.000000000000000000e+00
1.840000000000000080e+00,-6.088665723800659180e-01,2.016219794750213623e-01,3.635260581970214844e+00,1.000000000000000000e+00
1.860000000000000098e+00,-6.222212910652160645e-01,2.044139355421066284e-01,3.676543235778808594e+00,1.000000000000000000e+00
1.880000000000000115e+00,-6.356459856033325195e-01,2.071801126003265381e-01,3.717792034149169922e+00,1.000000000000000000e+00
1.900000000000000133e+00,-6.491484045982360840e-01,2.099220305681228638e-01,3.759025335311889648e+00,1.000000000000000000e+00
1.919999999999999929e+00,-6.627361178398132324e-01,2.126410901546478271e-01,3.800234556198120117e+00,1.000000000000000000e+00
1.939999999999999947e+00,-6.764165759086608887e-01,2.153384536504745483e-01,3.841408729553222656e+00,1.000000000000000000e+00
1.959999999999999964e+00,-6.901980638504028320e-01,2.180148661136627197e-01,3.882565736770629883e+00,1.000000000000000000e+00
1.979999999999999982e+00,-7.040890455245971680e-01,2.206705659627914429e-01,3.923729896545410156e+00,1.000000000000000000e+00
2.000000000000000000e+00,-7.180981040000915527e-01,2.233054190874099731e-01,3.964937448501586914e+00,1.000000000000000000e+00
2.020000000000000018e+00,-7.322325706481933594e-01,2.259191423654556274e-01,4.006182193756103516e+00,1.000000000000000000e+00
2.040000000000000036e+00,-7.464986443519592285e-01,2.285111546516418457e-01,4.047439575195312500e+00,1.000000000000000000e+00
2.060000000000000053e+00,-7.609031796455383301e-01,2.310804873704910278e-01,4.088700294494628906e+00,1.000000000000000000e+00
2.080000000000000071e+00,-7.754538059234619141e-01,2.336256057024002075e-01,4.129986763000488281e+00,1.000000000000000000e+00
2.100000000000000089e+00,-7.901574969291687012e-01,2.361446321010589600e-01,4.171311855316162109e+00,1.000000000000000000e+00
2.120000000000000107e+00,-8.050195574760437012e-01,2.386357188224792480e-01,4.212648868560791016e+00,1.000000000000000000e+00
2.140000000000000124e+00,-8.200456500053405762e-01,2.410967051982879639e-01,4.253984928131103516e+00,1.000000000000000000e+00
2.160000000000000142e+00,-8.352420926094055176e-01,2.435250580310821533e-01,4.295329093933105469e+00,1.000000000000000000e+00
2.180000000000000160e+00,-8.506147861480712891e-01,2.459179461002349854e-01,4.336691379547119141e+00,1.000000000000000000e+00
2.200000000000000178e+00,-8.661697506904602051e-01,2.482722699642181396e-01,4.378090381622314453e+00,1.000000000000000000e+00
2.220000000000000195e+00,-8.819108605384826660e-01,2.505851686000823975e-01,4.419502258300781250e+00,1.000000000000000000e+00
2.240000000000000213e+00,-8.978413343429565430e-01,2.528537213802337646e-01,4.460905075073242188e+00,1.000000000000000000e+00
2.260000000000000231e+00,-9.139662981033325195e-01,2.550744414329528809e-01,4.502313613891601562e+00,1.000000000000000000e+00
2.280000000000000249e+00,-9.302908182144165039e-01,2.572435736656188965e-01,4.543759346008300781e+00,1.000000000000000000e+00
2.300000000000000266e+00,-9.468189477920532227e-01,2.593570947647094727e-01,4.585259437561035156e+00,1.000000000000000000e+00
2.319999999999999840e+00,-9.635515213012695312e-01,2.614116370677947998e-01,4.626785278320312500e+00,1.000000000000000000e+00
2.339999999999999858e+00,-9.804888963699340820e-01,2.634035944938659668e-01,4.668309688568115234e+00,1.000000000000000000e+00
2.359999999999999876e+00,-9.976314902305603027e-01,2.653290927410125732e-01,4.709814548492431641e+00,1.000000000000000000e+00
2.379999999999999893e+00,-1.014979958534240723e+00,2.671838998794555664e-01,4.751301765441894531e+00,1.000000000000000000e+00
2.399999999999999911e+00,-1.032534956932067871e+00,2.689634561538696289e-01,4.792779922485351562e+00,1.000000000000000000e+00
2.419999999999999929e+00,-1.050294637680053711e+00,2.706637084484100342e-01,4.834224700927734375e+00,1.000000000000000000e+00
2.439999999999999947e+00,-1.068257451057434082e+00,2.722804248332977295e-01,4.875621318817138672e+00,1.000000000000000000e+00
2.459999999999999964e+00,-1.086422324180603027e+00,2.738087475299835205e-01,4.916977405548095703e+00,1.000000000000000000e+00
2.479999999999999982e+00,-1.104789257049560547e+00,2.752431929111480713e-01,4.958326339721679688e+00,1.000000000000000000e+00
2.500000000000000000e+00,-1.123357295989990234e+00,2.765782177448272705e-01,4.999695777893066406e+00,1.000000000000000000e+00
2.520000000000000018e+00,-1.142122387886047363e+00,2.778095602989196777e-01,5.041061878204345703e+00,1.000000000000000000e+00
2.540000000000000036e+00,-1.161079168319702148e+00,2.789334356784820557e-01,5.082388401031494141e+00,1.000000000000000000e+00
2.560000000000000053e+00,-1.180223464965820312e+00,2.799452841281890869e-01,5.123665809631347656e+00,1.000000000000000000e+00
2.580000000000000071e+00,-1.199551939964294434e+00,2.808397710323333740e-01,5.164914608001708984e+00,1.000000000000000000e+00
2.600000000000000089e+00,-1.219061374664306641e+00,2.816110253334045410e-01,5.206168651580810547e+00,1.000000000000000000e+00
2.620000000000000107e+00,-1.238746285438537598e+00,2.822544276714324951e-01,5.247422218322753906e+00,1.000000000000000000e+00
2.640000000000000124e+00,-1.258600234985351562e+00,2.827656567096710205e-01,5.288663864135742188e+00,1.000000000000000000e+00
2.660000000000000142e+00,-1.278617382049560547e+00,2.831400334835052490e-01,5.329893589019775391e+00,1.000000000000000000e+00
2.680000000000000160e+00,-1.298791408538818359e+00,2.833725214004516602e-01,5.371122837066650391e+00,1.000000000000000000e+00
2.700000000000000178e+00,-1.319115877151489258e+00,2.834582626819610596e-01,5.412357330322265625e+00,1.000000000000000000e+00
2.720000000000000195e+00,-1.339582443237304688e+00,2.833936214447021484e-01,5.453573703765869141e+00,1.000000000000000000e+00
2.740000000000000213e+00,-1.360182642936706543e+00,2.831751108169555664e-01,5.494748592376708984e+00,1.000000000000000000e+00
2.760000000000000231e+00,-1.380908727645874023e+00,2.827986478805541992e-01,5.535877227783203125e+00,1.000000000000000000e+00
2.780000000000000249e+00,-1.401753783226013184e+00,2.822583019733428955e-01,5.576999187469482422e+00,1.000000000000000000e+00
2.800000000000000266e+00,-1.422710537910461426e+00,2.815480232238769531e-01,5.618155479431152344e+00,1.000000000000000000e+00
2.819999999999999840e+00,-1.443769574165344238e+00,2.806641757488250732e-01,5.659331321716308594e+00,1.000000000000000000e+00
2.839999999999999858e+00,-1.464921355247497559e+00,2.796037793159484863e-01,5.700501441955566406e+00,1.000000000000000000e+00
2.859999999999999876e+00,-1.486156225204467773e+00,2.783633768558502197e-01,5.741652488708496094e+00,1.000000000000000000e+00
2.879999999999999893e+00,-1.507464766502380371e+00,2.769383490085601807e-01,5.782796859741210938e+00,1.000000000000000000e+00
2.899999999999999911e+00,-1.528837919235229492e+00,2.753234803676605225e-01,5.823959827423095703e+00,1.000000000000000000e+00
2.919999999999999929e+00,-1.550265431404113770e+00,2.735159695148468018e-01,5.865120410919189453e+00,1.000000000000000000e+00
2.939999999999999947e+00,-1.571736931800842285e+00,2.715138196945190430e-01,5.906243801116943359e+00,1.000000000000000000e+00
2.959999999999999964e+00,-1.593242645263671875e+00,2.693124711513519287e-01,5.947350502014160156e+00,1.000000000000000000e+00
2.979999999999999982e+00,-1.614772915840148926e+00,2.669071853160858154e-01,5.988465785980224609e+00,1.000000000000000000e+00
3.000000000000000000e+00,-1.636317610740661621e+00,2.642941772937774658e-01,6.029600143432617188e+00,1.000000000000000000e+00
3.020000000000000018e+00,-1.657866597175598145e+00,2.614709138870239258e-01,6.070741176605224609e+00,1.000000000000000000e+00
3.040000000000000036e+00,-1.679409623146057129e+00,2.584358751773834229e-01,6.111865043640136719e+00,1.000000000000000000e+00
3.060000000000000053e+00,-1.700936794281005859e+00,2.551858723163604736e-01,6.152981281280517578e+00,1.000000000000000000e+00
3.080000000000000071e+00,-1.722437977790832520e+00,2.517171502113342285e-01,6.194113254547119141e+00,1.000000000000000000e+00
3.100000000000000089e+00,-1.743902921676635742e+00,2.480264455080032349e-01,6.235276222229003906e+00,1.000000000000000000e+00
3.120000000000000107e+00,-1.765321850776672363e+00,2.441129535436630249e-01,6.276443481445312500e+00,1.000000000000000000e+00
3.140000000000000124e+00,-1.786685466766357422e+00,2.399768531322479248e-01,6.317577838897705078e+00,1.000000000000000000e+00
3.160000000000000142e+00,-1.807983756065368652e+00,2.356151491403579712e-01,6.358699321746826172e+00,1.000000000000000000e+00
3.180000000000000160e+00,-1.829206824302673340e+00,2.310242503881454468e-01,6.399841308593750000e+00,1.000000000000000000e+00
3.200000000000000178e+00,-1.850344538688659668e+00,2.262012362480163574e-01,6.441027641296386719e+00,1.000000000000000000e+00
3.220000000000000195e+00,-1.871388316154479980e+00,2.211459130048751831e-01,6.482241630554199219e+00,1.000000000000000000e+00
3.240000000000000213e+00,-1.892330050468444824e+00,2.158604711294174194e-01,6.523430824279785156e+00,1.000000000000000000e+00
3.260000000000000231e+00,-1.913161993026733398e+00,2.103464901447296143e-01,6.564558029174804688e+00,1.000000000000000000e+00
3.280000000000000249e+00,-1.933875322341918945e+00,2.046024352312088013e-01,6.605642318725585938e+00,1.000000000000000000e+00
3.300000000000000266e+00,-1.954460501670837402e+00,1.986248791217803955e-01,6.646735191345214844e+00,1.000000000000000000e+00
3.320000000000000284e+00,-1.974909543991088867e+00,1.924140751361846924e-01,6.687831878662109375e+00,1.000000000000000000e+00
3.339999999999999858e+00,-1.995215773582458496e+00,1.859721392393112183e-01,6.728899955749511719e+00,1.000000000000000000e+00
3.359999999999999876e+00,-2.015372276306152344e+00,1.793001145124435425e-01,6.769928455352783203e+00,1.000000000000000000e+00
3.379999999999999893e+00,-2.035371303558349609e+00,1.723973155021667480e-01,6.810939311981201172e+00,1.000000000000000000e+00
3.399999999999999911e+00,-2.055204391479492188e+00,1.652614623308181763e-01,6.851983070373535156e+00,1.000000000000000000e+00
3.419999999999999929e+00,-2.074865341186523438e+00,1.578943431377410889e-01,6.893048763275146484e+00,1.000000000000000000e+00
3.439999999999999947e+00,-2.094350099563598633e+00,1.502998769283294678e-01,6.934092521667480469e+00,1.000000000000000000e+00
3.459999999999999964e+00,-2.113653659820556641e+00,1.424795985221862793e-01,6.975112438201904297e+00,1.000000000000000000e+00
3.479999999999999982e+00,-2.132768630981445312e+00,1.344330459833145142e-01,7.016146659851074219e+00,1.000000000000000000e+00
3.500000000000000000e+00,-2.151688098907470703e+00,1.261596232652664185e-01,7.057235717773437500e+00,1.000000000000000000e+00
3.520000000000000018e+00,-2.170408964157104492e+00,1.176626309752464294e-01,7.098354339599609375e+00,1.000000000000000000e+00
3.540000000000000036e+00,-2.188929796218872070e+00,1.089476123452186584e-01,7.139439582824707031e+00,1.000000000000000000e+00
3.560000000000000053e+00,-2.207246780395507812e+00,1.000176444649696350e-01,7.180472373962402344e+00,1.000000000000000000e+00
3.580000000000000071e+00,-2.225354194641113281e+00,9.087239205837249756e-02,7.221495151519775391e+00,1.000000000000000000e+00
3.600000000000000089e+00,-2.243244647979736328e+00,8.151049911975860596e-02,7.262568473815917969e+00,1.000000000000000000e+00
3.620000000000000107e+00,-2.260915040969848633e+00,7.193460315465927124e-02,7.303683757781982422e+00,1.000000000000000000e+00
3.640000000000000124e+00,-2.278364181518554688e+00,6.214961782097816467e-02,7.344791889190673828e+00,1.000000000000000000e+00
3.660000000000000142e+00,-2.295588731765747070e+00,5.215802043676376343e-02,7.385890483856201172e+00,1.000000000000000000e+00
3.680000000000000160e+00,-2.312584161758422852e+00,4.196027293801307678e-02,7.427013397216796875e+00,1.000000000000000000e+00
3.700000000000000178e+00,-2.329344272613525391e+00,3.155584633350372314e-02,7.468219280242919922e+00,1.000000000000000000e+00
3.720000000000000195e+00,-2.345867395401000977e+00,2.094808779656887054e-02,7.509492397308349609e+00,1.000000000000000000e+00
3.740000000000000213e+00,-2.362154960632324219e+00,1.014317478984594345e-02,7.550767421722412109e+00,1.000000000000000000e+00
3.760000000000000231e+00,-2.378206968307495117e+00,-8.543590083718299866e-04,7.592011451721191406e+00,1.000000000000000000e+00
3.780000000000000249e+00,-2.394021272659301758e+00,-1.204177830368280411e-02,7.633228778839111328e+00,1.000000000000000000e+00
3.800000000000000266e+00,-2.409594058990478516e+00,-2.341805025935173035e-02,7.674456119537353516e+00,1.000000000000000000e+00
3.820000000000000284e+00,-2.424924373626708984e+00,-3.497987613081932068e-02,7.715686798095703125e+00,1.000000000000000000e+00
3.839999999999999858e+00,-2.440012216567993164e+00,-4.672281444072723389e-02,7.756890773773193359e+00,1.000000000000000000e+00
3.859999999999999876e+00,-2.454856157302856445e+00,-5.864416435360908508e-02,7.798075199127197266e+00,1.000000000000000000e+00
3.879999999999999893e+00,-2.469453096389770508e+00,-7.074255496263504028e-02,7.839274883270263672e+00,1.000000000000000000e+00
3.899999999999999911e+00,-2.483798980712890625e+00,-8.301701396703720093e-02,7.880533695220947266e+00,1.000000000000000000e+00
3.919999999999999929e+00,-2.497894048690795898e+00,-9.546353667974472046e-02,7.921830177307128906e+00,1.000000000000000000e+00
3.939999999999999947e+00,-2.511740446090698242e+00,-1.080763712525367737e-01,7.963102817535400391e+00,1.000000000000000000e+00
3.959999999999999964e+00,-2.525339126586914062e+00,-1.208513975143432617e-01,8.004324913024902344e+00,1.000000000000000000e+00
3.979999999999999982e+00,-2.538688182830810547e+00,-1.337864398956298828e-01,8.045513153076171875e+00,1.000000000000000000e+00
4.000000000000000000e+00,-2.551783323287963867e+00,-1.468806862831115723e-01,8.086714744567871094e+00,1.000000000000000000e+00
4.020000000000000462e+00,-2.564624309539794922e+00,-1.601307839155197144e-01,8.127921104431152344e+00,1.000000000000000000e+00
4.040000000000000036e+00,-2.577214002609252930e+00,-1.735315769910812378e-01,8.169076919555664062e+00,1.000000000000000000e+00
4.060000000000000497e+00,-2.589551687240600586e+00,-1.870797574520111084e-01,8.210174560546875000e+00,1.000000000000000000e+00
4.080000000000000071e+00,-2.601634740829467773e+00,-2.007738053798675537e-01,8.251249313354492188e+00,1.000000000000000000e+00
4.099999999999999645e+00,-2.613457918167114258e+00,-2.146131694316864014e-01,8.292363166809082031e+00,1.000000000000000000e+00
4.120000000000000107e+00,-2.625021696090698242e+00,-2.285944819450378418e-01,8.333507537841796875e+00,1.000000000000000000e+00
4.139999999999999680e+00,-2.636329174041748047e+00,-2.427123486995697021e-01,8.374620437622070312e+00,1.000000000000000000e+00
4.160000000000000142e+00,-2.647381782531738281e+00,-2.569624483585357666e-01,8.415666580200195312e+00,1.000000000000000000e+00
4.179999999999999716e+00,-2.658177137374877930e+00,-2.713428735733032227e-01,8.456678390502929688e+00,1.000000000000000000e+00
4.200000000000000178e+00,-2.668709516525268555e+00,-2.858530282974243164e-01,8.497728347778320312e+00,1.000000000000000000e+00
4.219999999999999751e+00,-2.678978204727172852e+00,-3.004897236824035645e-01,8.538810729980468750e+00,1.000000000000000000e+00
4.240000000000000213e+00,-2.688986778259277344e+00,-3.152477145195007324e-01,8.579864501953125000e+00,1.000000000000000000e+00
4.259999999999999787e+00,-2.698735952377319336e+00,-3.301228284835815430e-01,8.620856285095214844e+00,1.000000000000000000e+00
4.280000000000000249e+00,-2.708222389221191406e+00,-3.451132774353027344e-01,8.661829948425292969e+00,1.000000000000000000e+00
4.299999999999999822e+00,-2.717440366744995117e+00,-3.602179884910583496e-01,8.702852249145507812e+00,1.000000000000000000e+00
4.320000000000000284e+00,-2.726389408111572266e+00,-3.754333555698394775e-01,8.743913650512695312e+00,1.000000000000000000e+00
4.339999999999999858e+00,-2.735072851181030273e+00,-3.907542824745178223e-01,8.784955978393554688e+00,1.000000000000000000e+00
4.360000000000000320e+00,-2.743490695953369141e+00,-4.061767160892486572e-01,8.825959205627441406e+00,1.000000000000000000e+00
4.379999999999999893e+00,-2.751638412475585938e+00,-4.216986596584320068e-01,8.866973876953125000e+00,1.000000000000000000e+00
4.400000000000000355e+00,-2.759509563446044922e+00,-4.373188018798828125e-01,8.908077239990234375e+00,1.000000000000000000e+00
4.419999999999999929e+00,-2.767102718353271484e+00,-4.530332088470458984e-01,8.949261665344238281e+00,1.000000000000000000e+00
4.440000000000000391e+00,-2.774420976638793945e+00,-4.688367843627929688e-01,8.990462303161621094e+00,1.000000000000000000e+00
4.459999999999999964e+00,-2.781465053558349609e+00,-4.847251772880554199e-01,9.031641960144042969e+00,1.000000000000000000e+00
4.480000000000000426e+00,-2.788231372833251953e+00,-5.006956458091735840e-01,9.072834968566894531e+00,1.000000000000000000e+00
4.500000000000000000e+00,-2.794712543487548828e+00,-5.167461633682250977e-01,9.114106178283691406e+00,1.000000000000000000e+00
4.520000000000000462e+00,-2.800907611846923828e+00,-5.328729152679443359e-01,9.155444145202636719e+00,1.000000000000000000e+00
4.540000000000000036e+00,-2.806818246841430664e+00,-5.490710139274597168e-01,9.196785926818847656e+00,1.000000000000000000e+00
4.560000000000000497e+00,-2.812444925308227539e+00,-5.653361678123474121e-01,9.238100051879882812e+00,1.000000000000000000e+00
4.580000000000000071e+00,-2.817784070968627930e+00,-5.816651582717895508e-01,9.279405593872070312e+00,1.000000000000000000e+00
4.600000000000000533e+00,-2.822829723358154297e+00,-5.980551242828369141e-01,9.320750236511230469e+00,1.000000000000000000e+00
4.620000000000000107e+00,-2.827580213546752930e+00,-6.145021915435791016e-01,9.362120628356933594e+00,1.000000000000000000e+00
4.639999999999999680e+00,-2.832037448883056641e+00,-6.310017108917236328e-01,9.403465270996093750e+00,1.000000000000000000e+00
4.660000000000000142e+00,-2.836200475692749023e+00,-6.475493311882019043e-01,9.444760322570800781e+00,1.000000000000000000e+00
4.679999999999999716e+00,-2.840065240859985352e+00,-6.641417741775512695e-01,9.486039161682128906e+00,1.000000000000000000e+00
4.700000000000000178e+00,-2.843622446060180664e+00,-6.807761192321777344e-01,9.527390480041503906e+00,1.000000000000000000e+00
4.719999999999999751e+00,-2.846870183944702148e+00,-6.974481940269470215e-01,9.568822860717773438e+00,1.000000000000000000e+00
4.740000000000000213e+00,-2.849811792373657227e+00,-7.141529321670532227e-01,9.610266685485839844e+00,1.000000000000000000e+00
4.759999999999999787e+00,-2.852448463439941406e+00,-7.308856248855590820e-01,9.651683807373046875e+00,1.000000000000000000e+00
4.780000000000000249e+00,-2.854776382446289062e+00,-7.476420998573303223e-01,9.693107604980468750e+00,1.000000000000000000e+00
4.799999999999999822e+00,-2.856787681579589844e+00,-7.644186019897460938e-01,9.734621047973632812e+00,1.000000000000000000e+00
4.820000000000000284e+00,-2.858481645584106445e+00,-7.812103033065795898e-01,9.776219367980957031e+00,1.000000000000000000e+00
4.839999999999999858e+00,-2.859861850738525391e+00,-7.980123162269592285e-01,9.817835807800292969e+00,1.000000000000000000e+00
4.860000000000000320e+00,-2.860930681228637695e+00,-8.148198127746582031e-01,9.859429359436035156e+00,1.000000000000000000e+00
4.879999999999999893e+00,-2.861685991287231445e+00,-8.316282033920288086e-01,9.901018142700195312e+00,1.000000000000000000e+00
4.900000000000000355e+00,-2.862120151519775391e+00,-8.484330177307128906e-01,9.942680358886718750e+00,1.000000000000000000e+00
4.919999999999999929e+00,-2.862232685089111328e+00,-8.652293682098388672e-01,9.984417915344238281e+00,1.000000000000000000e+00
4.940000000000000391e+00,-2.862028121948242188e+00,-8.820124864578247070e-01,1.002616405487060547e+01,1.000000000000000000e+00
4.959999999999999964e+00,-2.861509799957275391e+00,-8.987775444984436035e-01,1.006786918640136719e+01,1.000000000000000000e+00
4.980000000000000426e+00,-2.860675096511840820e+00,-9.155197739601135254e-01,1.010956001281738281e+01,1.000000000000000000e+00
5.000000000000000000e+00,-2.859516143798828125e+00,-9.322336316108703613e-01,1.015133190155029297e+01,1.000000000000000000e+00
5.020000000000000462e+00,-2.858031988143920898e+00,-9.489143490791320801e-01,1.019318675994873047e+01,1.000000000000000000e+00
5.040000000000000036e+00,-2.856227636337280273e+00,-9.655570983886718750e-01,1.023506259918212891e+01,1.000000000000000000e+00
5.060000000000000497e+00,-2.854105710983276367e+00,-9.821573495864868164e-01,1.027692413330078125e+01,1.000000000000000000e+00
5.080000000000000071e+00,-2.851664304733276367e+00,-9.987097382545471191e-01,1.031880092620849609e+01,1.000000000000000000e+00
5.100000000000000533e+00,-2.848896265029907227e+00,-1.015208125114440918e+00,1.036077690124511719e+01,1.000000000000000000e+00
5.120000000000000107e+00,-2.845802068710327148e+00,-1.031647920608520508e+00,1.040284538269042969e+01,1.000000000000000000e+00
5.139999999999999680e+00,-2.842387914657592773e+00,-1.048024535179138184e+00,1.044493675231933594e+01,1.000000000000000000e+00
5.160000000000000142e+00,-2.838657855987548828e+00,-1.064333438873291016e+00,1.048701095581054688e+01,1.000000000000000000e+00
5.179999999999999716e+00,-2.834617376327514648e+00,-1.080570220947265625e+00,1.052900123596191406e+01,1.000000000000000000e+00
5.200000000000000178e+00,-2.830266714096069336e+00,-1.096729516983032227e+00,1.057092475891113281e+01,1.000000000000000000e+00
5.219999999999999751e+00,-2.825609207153320312e+00,-1.112806558609008789e+00,1.061278533935546875e+01,1.000000000000000000e+00
5.240000000000000213e+00,-2.820650577545166016e+00,-1.128797531127929688e+00,1.065453433990478516e+01,1.000000000000000000e+00
5.259999999999999787e+00,-2.815396308898925781e+00,-1.144698262214660645e+00,1.069615077972412109e+01,1.000000000000000000e+00
5.280000000000000249e+00,-2.809848785400390625e+00,-1.160503983497619629e+00,1.073765563964843750e+01,1.000000000000000000e+00
5.299999999999999822e+00,-2.804005861282348633e+00,-1.176208376884460449e+00,1.077912998199462891e+01,1.000000000000000000e+00
5.320000000000000284e+00,-2.797872543334960938e+00,-1.191806912422180176e+00,1.082057762145996094e+01,1.000000000000000000e+00
5.339999999999999858e+00,-2.791458368301391602e+00,-1.207297205924987793e+00,1.086193370819091797e+01,1.000000000000000000e+00
5.360000000000000320e+00,-2.784771919250488281e+00,-1.222675800323486328e+00,1.090315818786621094e+01,1.000000000000000000e+00
5.379999999999999893e+00,-2.777816057205200195e+00,-1.237937927246093750e+00,1.094429111480712891e+01,1.000000000000000000e+00
5.400000000000000355e+00,-2.770590066909790039e+00,-1.253076553344726562e+00,1.098543167114257812e+01,1.000000000000000000e+00
5.419999999999999929e+00,-2.763099193572998047e+00,-1.268087267875671387e+00,1.102659702301025391e+01,1.000000000000000000e+00
5.440000000000000391e+00,-2.755354404449462891e+00,-1.282967925071716309e+00,1.106773376464843750e+01,1.000000000000000000e+00
5.459999999999999964e+00,-2.747365474700927734e+00,-1.297715783119201660e+00,1.110880851745605469e+01,1.000000000000000000e+00
5.480000000000000426e+00,-2.739138364791870117e+00,-1.312326550483703613e+00,1.114984321594238281e+01,1.000000000000000000e+00
5.500000000000000000e+00,-2.730675697326660156e+00,-1.326794147491455078e+00,1.119091320037841797e+01,1.000000000000000000e+00
5.520000000000000462e+00,-2.721983909606933594e+00,-1.341114640235900879e+00,1.123203468322753906e+01,1.000000000000000000e+00
5.540000000000000036e+00,-2.713073730468750000e+00,-1.355286002159118652e+00,1.127316474914550781e+01,1.000000000000000000e+00
5.560000000000000497e+00,-2.703953981399536133e+00,-1.369305729866027832e+00,1.131428432464599609e+01,1.000000000000000000e+00
5.580000000000000071e+00,-2.694631338119506836e+00,-1.383170008659362793e+00,1.135541629791259766e+01,1.000000000000000000e+00
5.600000000000000533e+00,-2.685109376907348633e+00,-1.396873354911804199e+00,1.139662361145019531e+01,1.000000000000000000e+00
5.620000000000000107e+00,-2.675395727157592773e+00,-1.410412907600402832e+00,1.143791007995605469e+01,1.000000000000000000e+00
5.639999999999999680e+00,-2.665500402450561523e+00,-1.423787355422973633e+00,1.147923278808593750e+01,1.000000000000000000e+00
5.660000000000000142e+00,-2.655432224273681641e+00,-1.436995029449462891e+00,1.152056694030761719e+01,1.000000000000000000e+00
5.679999999999999716e+00,-2.645197629928588867e+00,-1.450033187866210938e+00,1.156192588806152344e+01,1.000000000000000000e+00
5.700000000000000178e+00,-2.634802103042602539e+00,-1.462897658348083496e+00,1.160335826873779297e+01,1.000000000000000000e+00
5.719999999999999751e+00,-2.624253034591674805e+00,-1.475586295127868652e+00,1.164485549926757812e+01,1.000000000000000000e+00
5.740000000000000213e+00,-2.613559484481811523e+00,-1.488099098205566406e+00,1.168637371063232422e+01,1.000000000000000000e+00
5.759999999999999787e+00,-2.602729797363281250e+00,-1.500435352325439453e+00,1.172788238525390625e+01,1.000000000000000000e+00
5.780000000000000249e+00,-2.591770410537719727e+00,-1.512592554092407227e+00,1.176940059661865234e+01,1.000000000000000000e+00
5.799999999999999822e+00,-2.580685377120971680e+00,-1.524566054344177246e+00,1.181099987030029297e+01,1.000000000000000000e+00
5.820000000000000284e+00,-2.569480419158935547e+00,-1.536353588104248047e+00,1.185268974304199219e+01,1.000000000000000000e+00
5.839999999999999858e+00,-2.558164358139038086e+00,-1.547955751419067383e+00,1.189442253112792969e+01,1.000000000000000000e+00
5.860000000000000320e+00,-2.546744585037231445e+00,-1.559373021125793457e+00,1.193616485595703125e+01,1.000000000000000000e+00
5.879999999999999893e+00,-2.535227060317993164e+00,-1.570603728294372559e+00,1.197792720794677734e+01,1.000000000000000000e+00
5.900000000000000355e+00,-2.523616552352905273e+00,-1.581644773483276367e+00,1.201975154876708984e+01,1.000000000000000000e+00
5.919999999999999929e+00,-2.511918783187866211e+00,-1.592495203018188477e+00,1.206163692474365234e+01,1.000000000000000000e+00
5.940000000000000391e+00,-2.500140905380249023e+00,-1.603155851364135742e+00,1.210355281829833984e+01,1.000000000000000000e+00
5.959999999999999964e+00,-2.488289117813110352e+00,-1.613627314567565918e+00,1.214546775817871094e+01,1.000000000000000000e+00
5.980000000000000426e+00,-2.476368427276611328e+00,-1.623909235000610352e+00,1.218737697601318359e+01,1.000000000000000000e+00
6.000000000000000000e+00,-2.464383602142333984e+00,-1.633999586105346680e+00,1.222931289672851562e+01,1.000000000000000000e+00
6.020000000000000462e+00,-2.452339410781860352e+00,-1.643898129463195801e+00,1.227127456665039062e+01,1.000000000000000000e+00
6.040000000000000036e+00,-2.440241575241088867e+00,-1.653606176376342773e+00,1.231322956085205078e+01,1.000000000000000000e+00
6.060000000000000497e+00,-2.428095579147338867e+00,-1.663124442100524902e+00,1.235515689849853516e+01,1.000000000000000000e+00
6.080000000000000071e+00,-2.415904760360717773e+00,-1.672452092170715332e+00,1.239707851409912109e+01,1.000000000000000000e+00
6.100000000000000533e+00,-2.403673171997070312e+00,-1.681587576866149902e+00,1.243902301788330078e+01,1.000000000000000000e+00
6.120000000000000107e+00,-2.391404867172241211e+00,-1.690531849861145020e+00,1.248097991943359375e+01,1.000000000000000000e+00
6.140000000000000568e+00,-2.379104852676391602e+00,-1.699286460876464844e+00,1.252292060852050781e+01,1.000000000000000000e+00
6.160000000000000142e+00,-2.366776704788208008e+00,-1.707851767539978027e+00,1.256484127044677734e+01,1.000000000000000000e+00
6.179999999999999716e+00,-2.354423761367797852e+00,-1.716227412223815918e+00,1.260676479339599609e+01,1.000000000000000000e+00
6.200000000000000178e+00,-2.342048406600952148e+00,-1.724411368370056152e+00,1.264874267578125000e+01,1.000000000000000000e+00
6.219999999999999751e+00,-2.329654216766357422e+00,-1.732404589653015137e+00,1.269076919555664062e+01,1.000000000000000000e+00
6.240000000000000213e+00,-2.317244291305541992e+00,-1.740209460258483887e+00,1.273280715942382812e+01,1.000000000000000000e+00
6.259999999999999787e+00,-2.304821968078613281e+00,-1.747827410697937012e+00,1.277484512329101562e+01,1.000000000000000000e+00
6.280000000000000249e+00,-2.292389869689941406e+00,-1.755259037017822266e+00,1.281689071655273438e+01,1.000000000000000000e+00
6.299999999999999822e+00,-2.279949665069580078e+00,-1.762503743171691895e+00,1.285897445678710938e+01,1.000000000000000000e+00
6.320000000000000284e+00,-2.267503976821899414e+00,-1.769562959671020508e+00,1.290109062194824219e+01,1.000000000000000000e+00
6.339999999999999858e+00,-2.255055427551269531e+00,-1.776439547538757324e+00,1.294320201873779297e+01,1.000000000000000000e+00
6.360000000000000320e+00,-2.242605447769165039e+00,-1.783134818077087402e+00,1.298530864715576172e+01,1.000000000000000000e+00
6.379999999999999893e+00,-2.230156183242797852e+00,-1.789649009704589844e+00,1.302743721008300781e+01,1.000000000000000000e+00
6.400000000000000355e+00,-2.217708349227905273e+00,-1.795982360839843750e+00,1.306961154937744141e+01,1.000000000000000000e+00
6.419999999999999929e+00,-2.205263614654541016e+00,-1.802137017250061035e+00,1.311181831359863281e+01,1.000000000000000000e+00
6.440000000000000391e+00,-2.192823648452758789e+00,-1.808116197586059570e+00,1.315402126312255859e+01,1.000000000000000000e+00
6.459999999999999964e+00,-2.180390119552612305e+00,-1.813922524452209473e+00,1.319620037078857422e+01,1.000000000000000000e+00
6.480000000000000426e+00,-2.167963266372680664e+00,-1.819557666778564453e+00,1.323836135864257812e+01,1.000000000000000000e+00
6.500000000000000000e+00,-2.155544042587280273e+00,-1.825021982192993164e+00,1.328053855895996094e+01,1.000000000000000000e+00
6.520000000000000462e+00,-2.143132925033569336e+00,-1.830317378044128418e+00,1.332273483276367188e+01,1.000000000000000000e+00
6.540000000000000036e+00,-2.130731105804443359e+00,-1.835447192192077637e+00,1.336491966247558594e+01,1.000000000000000000e+00
6.560000000000000497e+00,-2.118339776992797852e+00,-1.840414166450500488e+00,1.340707969665527344e+01,1.000000000000000000e+00
6.580000000000000071e+00,-2.105958938598632812e+00,-1.845219492912292480e+00,1.344923400878906250e+01,1.000000000000000000e+00
6.600000000000000533e+00,-2.093589067459106445e+00,-1.849863409996032715e+00,1.349143123626708984e+01,1.000000000000000000e+00
6.620000000000000107e+00,-2.081230640411376953e+00,-1.854348540306091309e+00,1.353366661071777344e+01,1.000000000000000000e+00
6.640000000000000568e+00,-2.068884372711181641e+00,-1.858678936958312988e+00,1.357589530944824219e+01,1.000000000000000000e+00
6.660000000000000142e+00,-2.056551218032836914e+00,-1.862857580184936523e+00,1.361810016632080078e+01,1.000000000000000000e+00
6.679999999999999716e+00,-2.044231414794921875e+00,-1.866885900497436523e+00,1.366030693054199219e+01,1.000000000000000000e+00
6.700000000000000178e+00,-2.031924724578857422e+00,-1.870765089988708496e+00,1.370254993438720703e+01,1.000000000000000000e+00
6.719999999999999751e+00,-2.019631862640380859e+00,-1.874497771263122559e+00,1.374482154846191406e+01,1.000000000000000000e+00
6.740000000000000213e+00,-2.007353544235229492e+00,-1.878087639808654785e+00,1.378708934783935547e+01,1.000000000000000000e+00
6.759999999999999787e+00,-1.995090007781982422e+00,-1.881537914276123047e+00,1.382933712005615234e+01,1.000000000000000000e+00
6.780000000000000249e+00,-1.982841253280639648e+00,-1.884850859642028809e+00,1.387158012390136719e+01,1.000000000000000000e+00
6.799999999999999822e+00,-1.970607399940490723e+00,-1.888027667999267578e+00,1.391385173797607422e+01,1.000000000000000000e+00
6.820000000000000284e+00,-1.958388566970825195e+00,-1.891071319580078125e+00,1.395615386962890625e+01,1.000000000000000000e+00
6.839999999999999858e+00,-1.946185350418090820e+00,-1.893985509872436523e+00,1.399845695495605469e+01,1.000000000000000000e+00
6.860000000000000320e+00,-1.933997750282287598e+00,-1.896773219108581543e+00,1.404076099395751953e+01,1.000000000000000000e+00
6.879999999999999893e+00,-1.921826004981994629e+00,-1.899436712265014648e+00,1.408308124542236328e+01,1.000000000000000000e+00
6.900000000000000355e+00,-1.909669637680053711e+00,-1.901978135108947754e+00,1.412544918060302734e+01,1.000000000000000000e+00
6.919999999999999929e+00,-1.897528886795043945e+00,-1.904400706291198730e+00,1.416785621643066406e+01,1.000000000000000000e+00
6.940000000000000391e+00,-1.885403871536254883e+00,-1.906708717346191406e+00,1.421026706695556641e+01,1.000000000000000000e+00
6.959999999999999964e+00,-1.873294949531555176e+00,-1.908905625343322754e+00,1.425266647338867188e+01,1.000000000000000000e+00
6.980000000000000426e+00,-1.861201882362365723e+00,-1.910994410514831543e+00,1.429505729675292969e+01,1.000000000000000000e+00
7.000000000000000000e+00,-1.849124193191528320e+00,-1.912977457046508789e+00,1.433746910095214844e+01,1.000000000000000000e+00
7.020000000000000462e+00,-1.837062001228332520e+00,-1.914858341217041016e+00,1.437989521026611328e+01,1.000000000000000000e+00
7.040000000000000036e+00,-1.825015544891357422e+00,-1.916641235351562500e+00,1.442229843139648438e+01,1.000000000000000000e+00
7.060000000000000497e+00,-1.812984704971313477e+00,-1.918329477310180664e+00,1.446466922760009766e+01,1.000000000000000000e+00
7.080000000000000071e+00,-1.800969243049621582e+00,-1.919925928115844727e+00,1.450703334808349609e+01,1.000000000000000000e+00
7.100000000000000533e+00,-1.788968563079833984e+00,-1.921432614326477051e+00,1.454943370819091797e+01,1.000000000000000000e+00
7.120000000000000107e+00,-1.776982665061950684e+00,-1.922853112220764160e+00,1.459186553955078125e+01,1.000000000000000000e+00
7.140000000000000568e+00,-1.765012145042419434e+00,-1.924191355705261230e+00,1.463429641723632812e+01,1.000000000000000000e+00
7.160000000000000142e+00,-1.753056883811950684e+00,-1.925451040267944336e+00,1.467670631408691406e+01,1.000000000000000000e+00
7.179999999999999716e+00,-1.741116881370544434e+00,-1.926635622978210449e+00,1.471909618377685547e+01,1.000000000000000000e+00
7.200000000000000178e+00,-1.729191780090332031e+00,-1.927747964859008789e+00,1.476149845123291016e+01,1.000000000000000000e+00
7.219999999999999751e+00,-1.717281699180603027e+00,-1.928791165351867676e+00,1.480391025543212891e+01,1.000000000000000000e+00
7.240000000000000213e+00,-1.705386996269226074e+00,-1.929768919944763184e+00,1.484630870819091797e+01,1.000000000000000000e+00
7.259999999999999787e+00,-1.693507909774780273e+00,-1.930685043334960938e+00,1.488868141174316406e+01,1.000000000000000000e+00
7.280000000000000249e+00,-1.681644558906555176e+00,-1.931542754173278809e+00,1.493102645874023438e+01,1.000000000000000000e+00
7.299999999999999822e+00,-1.669796705245971680e+00,-1.932344913482666016e+00,1.497337245941162109e+01,1.000000000000000000e+00
7.320000000000000284e+00,-1.657964468002319336e+00,-1.933094739913940430e+00,1.501572322845458984e+01,1.000000000000000000e+00
7.339999999999999858e+00,-1.646148324012756348e+00,-1.933795809745788574e+00,1.505806159973144531e+01,1.000000000000000000e+00
7.360000000000000320e+00,-1.634348273277282715e+00,-1.934451580047607422e+00,1.510038948059082031e+01,1.000000000000000000e+00
7.379999999999999893e+00,-1.622564554214477539e+00,-1.935065031051635742e+00,1.514272689819335938e+01,1.000000000000000000e+00
7.400000000000000355e+00,-1.610797047615051270e+00,-1.935639142990112305e+00,1.518509769439697266e+01,1.000000000000000000e+00
7.419999999999999929e+00,-1.599045991897583008e+00,-1.936177253723144531e+00,1.522749042510986328e+01,1.000000000000000000e+00
7.440000000000000391e+00,-1.587311863899230957e+00,-1.936682939529418945e+00,1.526987171173095703e+01,1.000000000000000000e+00
7.459999999999999964e+00,-1.575594782829284668e+00,-1.937159657478332520e+00,1.531223869323730469e+01,1.000000000000000000e+00
7.480000000000000426e+00,-1.563894748687744141e+00,-1.937610387802124023e+00,1.535461139678955078e+01,1.000000000000000000e+00
7.500000000000000000e+00,-1.552211523056030273e+00,-1.938038229942321777e+00,1.539701461791992188e+01,1.000000000000000000e+00
7.520000000000000462e+00,-1.540545225143432617e+00,-1.938446521759033203e+00,1.543944358825683594e+01,1.000000000000000000e+00
7.540000000000000036e+00,-1.528896212577819824e+00,-1.938838243484497070e+00,1.548187351226806641e+01,1.000000000000000000e+00
7.560000000000000497e+00,-1.517264485359191895e+00,-1.939216852188110352e+00,1.552429676055908203e+01,1.000000000000000000e+00
7.580000000000000071e+00,-1.505650043487548828e+00,-1.939585328102111816e+00,1.556672477722167969e+01,1.000000000000000000e+00
7.600000000000000533e+00,-1.494052410125732422e+00,-1.939946651458740234e+00,1.560917854309082031e+01,1.000000000000000000e+00
7.620000000000000107e+00,-1.482471585273742676e+00,-1.940303921699523926e+00,1.565164947509765625e+01,1.000000000000000000e+00
7.640000000000000568e+00,-1.470907449722290039e+00,-1.940660357475280762e+00,1.569411087036132812e+01,1.000000000000000000e+00
7.660000000000000142e+00,-1.459360003471374512e+00,-1.941018700599670410e+00,1.573653507232666016e+01,1.000000000000000000e+00
7.679999999999999716e+00,-1.447828769683837891e+00,-1.941381812095642090e+00,1.577891445159912109e+01,1.000000000000000000e+00
7.700000000000000178e+00,-1.436313152313232422e+00,-1.941752672195434570e+00,1.582128047943115234e+01,1.000000000000000000e+00
7.719999999999999751e+00,-1.424812436103820801e+00,-1.942134141921997070e+00,1.586363792419433594e+01,1.000000000000000000e+00
7.740000000000000213e+00,-1.413326621055603027e+00,-1.942528843879699707e+00,1.590596485137939453e+01,1.000000000000000000e+00
7.759999999999999787e+00,-1.401855349540710449e+00,-1.942939639091491699e+00,1.594826507568359375e+01,1.000000000000000000e+00
7.780000000000000249e+00,-1.390397667884826660e+00,-1.943369030952453613e+00,1.599056529998779297e+01,1.000000000000000000e+00
7.799999999999999822e+00,-1.378952860832214355e+00,-1.943820118904113770e+00,1.603290748596191406e+01,1.000000000000000000e+00
7.820000000000000284e+00,-1.367520093917846680e+00,-1.944295048713684082e+00,1.607528686523437500e+01,1.000000000000000000e+00
7.839999999999999858e+00,-1.356099605560302734e+00,-1.944796442985534668e+00,1.611766815185546875e+01,1.000000000000000000e+00
7.860000000000000320e+00,-1.344690561294555664e+00,-1.945326447486877441e+00,1.616004943847656250e+01,1.000000000000000000e+00
7.879999999999999893e+00,-1.333292365074157715e+00,-1.945887804031372070e+00,1.620244979858398438e+01,1.000000000000000000e+00
7.900000000000000355e+00,-1.321904063224792480e+00,-1.946482777595520020e+00,1.624490165710449219e+01,1.000000000000000000e+00
7.919999999999999929e+00,-1.310525059700012207e+00,-1.947113394737243652e+00,1.628738975524902344e+01,1.000000000000000000e+00
7.940000000000000391e+00,-1.299155473709106445e+00,-1.947781562805175781e+00,1.632988548278808594e+01,1.000000000000000000e+00
7.959999999999999964e+00,-1.287794828414916992e+00,-1.948488950729370117e+00,1.637236404418945312e+01,1.000000000000000000e+00
7.980000000000000426e+00,-1.276442289352416992e+00,-1.949237346649169922e+00,1.641482162475585938e+01,1.000000000000000000e+00
8.000000000000000000e+00,-1.265097260475158691e+00,-1.950028896331787109e+00,1.645728683471679688e+01,1.000000000000000000e+00
8.019999999999999574e+00,-1.253759026527404785e+00,-1.950865387916564941e+00,1.649975395202636719e+01,1.000000000000000000e+00
8.040000000000000924e+00,-1.242427468299865723e+00,-1.951748251914978027e+00,1.654220199584960938e+01,1.000000000000000000e+00
8.060000000000000497e+00,-1.231101989746093750e+00,-1.952679157257080078e+00,1.658462333679199219e+01,1.000000000000000000e+00
8.080000000000000071e+00,-1.219781398773193359e+00,-1.953659892082214355e+00,1.662705039978027344e+01,1.000000000000000000e+00
8.099999999999999645e+00,-1.208464741706848145e+00,-1.954692602157592773e+00,1.666952323913574219e+01,1.000000000000000000e+00
8.120000000000000995e+00,-1.197151184082031250e+00,-1.955778837203979492e+00,1.671203613281250000e+01,1.000000000000000000e+00
8.140000000000000568e+00,-1.185840606689453125e+00,-1.956919550895690918e+00,1.675455474853515625e+01,1.000000000000000000e+00
8.160000000000000142e+00,-1.174532651901245117e+00,-1.958115935325622559e+00,1.679706382751464844e+01,1.000000000000000000e+00
8.179999999999999716e+00,-1.163226246833801270e+00,-1.959369540214538574e+00,1.683957481384277344e+01,1.000000000000000000e+00
8.199999999999999289e+00,-1.151920318603515625e+00,-1.960682034492492676e+00,1.688211250305175781e+01,1.000000000000000000e+00
8.220000000000000639e+00,-1.140613913536071777e+00,-1.962054610252380371e+00,1.692466735839843750e+01,1.000000000000000000e+00
8.240000000000000213e+00,-1.129306674003601074e+00,-1.963488101959228516e+00,1.696721649169921875e+01,1.000000000000000000e+00
8.259999999999999787e+00,-1.117997765541076660e+00,-1.964983582496643066e+00,1.700975418090820312e+01,1.000000000000000000e+00
8.279999999999999361e+00,-1.106685996055603027e+00,-1.966542720794677734e+00,1.705228805541992188e+01,1.000000000000000000e+00
8.300000000000000711e+00,-1.095370411872863770e+00,-1.968166947364807129e+00,1.709485054016113281e+01,1.000000000000000000e+00
8.320000000000000284e+00,-1.084049820899963379e+00,-1.969856858253479004e+00,1.713743209838867188e+01,1.000000000000000000e+00
8.339999999999999858e+00,-1.072723746299743652e+00,-1.971613287925720215e+00,1.718000221252441406e+01,1.000000000000000000e+00
8.359999999999999432e+00,-1.061390876770019531e+00,-1.973437070846557617e+00,1.722255897521972656e+01,1.000000000000000000e+00
8.380000000000000782e+00,-1.050050139427185059e+00,-1.975329399108886719e+00,1.726511192321777344e+01,1.000000000000000000e+00
8.400000000000000355e+00,-1.038699984550476074e+00,-1.977291703224182129e+00,1.730769157409667969e+01,1.000000000000000000e+00
8.419999999999999929e+00,-1.027339100837707520e+00,-1.979324698448181152e+00,1.735028648376464844e+01,1.000000000000000000e+00
8.439999999999999503e+00,-1.015967130661010742e+00,-1.981428742408752441e+00,1.739286994934082031e+01,1.000000000000000000e+00
8.460000000000000853e+00,-1.004582881927490234e+00,-1.983604431152343750e+00,1.743542289733886719e+01,1.000000000000000000e+00
8.480000000000000426e+00,-9.931848645210266113e-01,-1.985852956771850586e+00,1.747796630859375000e+01,1.000000000000000000e+00
8.500000000000000000e+00,-9.817709922790527344e-01,-1.988175868988037109e+00,1.752054405212402344e+01,1.000000000000000000e+00
8.519999999999999574e+00,-9.703399538993835449e-01,-1.990573883056640625e+00,1.756315803527832031e+01,1.000000000000000000e+00
8.540000000000000924e+00,-9.588912725448608398e-01,-1.993047118186950684e+00,1.760577392578125000e+01,1.000000000000000000e+00
8.560000000000000497e+00,-9.474238157272338867e-01,-1.995596051216125488e+00,1.764838027954101562e+01,1.000000000000000000e+00
8.580000000000000071e+00,-9.359360337257385254e-01,-1.998221635818481445e+00,1.769099998474121094e+01,1.000000000000000000e+00
8.599999999999999645e+00,-9.244258999824523926e-01,-2.000925540924072266e+00,1.773367500305175781e+01,1.000000000000000000e+00
8.620000000000000995e+00,-9.128925800323486328e-01,-2.003707885742187500e+00,1.777639389038085938e+01,1.000000000000000000e+00
8.640000000000000568e+00,-9.013355374336242676e-01,-2.006568670272827148e+00,1.781911849975585938e+01,1.000000000000000000e+00
8.660000000000000142e+00,-8.897544145584106445e-01,-2.009507179260253906e+00,1.786182022094726562e+01,1.000000000000000000e+00
8.679999999999999716e+00,-8.781478404998779297e-01,-2.012524604797363281e+00,1.790451622009277344e+01,1.000000000000000000e+00
8.700000000000001066e+00,-8.665139079093933105e-01,-2.015621900558471680e+00,1.794724845886230469e+01,1.000000000000000000e+00
8.720000000000000639e+00,-8.548519015312194824e-01,-2.018799066543579102e+00,1.799000740051269531e+01,1.000000000000000000e+00
8.740000000000000213e+00,-8.431612849235534668e-01,-2.022055625915527344e+00,1.803276062011718750e+01,1.000000000000000000e+00
8.759999999999999787e+00,-8.314415216445922852e-01,-2.025391578674316406e+00,1.807549858093261719e+01,1.000000000000000000e+00
8.779999999999999361e+00,-8.196909427642822266e-01,-2.028807878494262695e+00,1.811824607849121094e+01,1.000000000000000000e+00
8.800000000000000711e+00,-8.079078793525695801e-01,-2.032304763793945312e+00,1.816103744506835938e+01,1.000000000000000000e+00
8.820000000000000284e+00,-7.960913777351379395e-01,-2.035881996154785156e+00,1.820385932922363281e+01,1.000000000000000000e+00
8.839999999999999858e+00,-7.842410802841186523e-01,-2.039539575576782227e+00,1.824668884277343750e+01,1.000000000000000000e+00
8.859999999999999432e+00,-7.723557353019714355e-01,-2.043277025222778320e+00,1.828952407836914062e+01,1.000000000000000000e+00
8.880000000000000782e+00,-7.604340910911560059e-01,-2.047094821929931641e+00,1.833236885070800781e+01,1.000000000000000000e+00
8.900000000000000355e+00,-7.484743595123291016e-01,-2.050992727279663086e+00,1.837524604797363281e+01,1.000000000000000000e+00
8.919999999999999929e+00,-7.364752292633056641e-01,-2.054970979690551758e+00,1.841814804077148438e+01,1.000000000000000000e+00
8.939999999999999503e+00,-7.244358658790588379e-01,-2.059028863906860352e+00,1.846105194091796875e+01,1.000000000000000000e+00
8.960000000000000853e+00,-7.123547792434692383e-01,-2.063166141510009766e+00,1.850395774841308594e+01,1.000000000000000000e+00
8.980000000000000426e+00,-7.002302408218383789e-01,-2.067383050918579102e+00,1.854687309265136719e+01,1.000000000000000000e+00
9.000000000000000000e+00,-6.880599856376647949e-01,-2.071679353713989258e+00,1.858981704711914062e+01,1.000000000000000000e+00
9.019999999999999574e+00,-6.758424639701843262e-01,-2.076054811477661133e+00,1.863278198242187500e+01,1.000000000000000000e+00
9.040000000000000924e+00,-6.635766029357910156e-01,-2.080508947372436523e+00,1.867574310302734375e+01,1.000000000000000000e+00
9.060000000000000497e+00,-6.512607336044311523e-01,-2.085041284561157227e+00,1.871869277954101562e+01,1.000000000000000000e+00
9.080000000000000071e+00,-6.388927102088928223e-01,-2.089651823043823242e+00,1.876164627075195312e+01,1.000000000000000000e+00
9.099999999999999645e+00,-6.264694929122924805e-01,-2.094341039657592773e+00,1.880464363098144531e+01,1.000000000000000000e+00
9.120000000000000995e+00,-6.139892935752868652e-01,-2.099108457565307617e+00,1.884768104553222656e+01,1.000000000000000000e+00
9.140000000000000568e+00,-6.014513969421386719e-01,-2.103953123092651367e+00,1.889071464538574219e+01,1.000000000000000000e+00
9.160000000000000142e+00,-5.888544917106628418e-01,-2.108874797821044922e+00,1.893372726440429688e+01,1.000000000000000000e+00
9.179999999999999716e+00,-5.761960744857788086e-01,-2.113873243331909180e+00,1.897673416137695312e+01,1.000000000000000000e+00
9.200000000000001066e+00,-5.634728074073791504e-01,-2.118949174880981445e+00,1.901978492736816406e+01,1.000000000000000000e+00
9.220000000000000639e+00,-5.506827831268310547e-01,-2.124101638793945312e+00,1.906288146972656250e+01,1.000000000000000000e+00
9.240000000000000213e+00,-5.378251671791076660e-01,-2.129330158233642578e+00,1.910598564147949219e+01,1.000000000000000000e+00
9.259999999999999787e+00,-5.248988270759582520e-01,-2.134633541107177734e+00,1.914907455444335938e+01,1.000000000000000000e+00
9.279999999999999361e+00,-5.119015574455261230e-01,-2.140012025833129883e+00,1.919215202331542969e+01,1.000000000000000000e+00
9.300000000000000711e+00,-4.988304972648620605e-01,-2.145465373992919922e+00,1.923525047302246094e+01,1.000000000000000000e+00
9.320000000000000284e+00,-4.856841266155242920e-01,-2.150993108749389648e+00,1.927835655212402344e+01,1.000000000000000000e+00
9.339999999999999858e+00,-4.724613428115844727e-01,-2.156594276428222656e+00,1.932145309448242188e+01,1.000000000000000000e+00
9.359999999999999432e+00,-4.591608941555023193e-01,-2.162268638610839844e+00,1.936452102661132812e+01,1.000000000000000000e+00
9.380000000000000782e+00,-4.457805752754211426e-01,-2.168015480041503906e+00,1.940757179260253906e+01,1.000000000000000000e+00
9.400000000000000355e+00,-4.323176145553588867e-01,-2.173834800720214844e+00,1.945063591003417969e+01,1.000000000000000000e+00
9.419999999999999929e+00,-4.187703430652618408e-01,-2.179726123809814453e+00,1.949370574951171875e+01,1.000000000000000000e+00
9.439999999999999503e+00,-4.051377773284912109e-01,-2.185688495635986328e+00,1.953675651550292969e+01,1.000000000000000000e+00
9.460000000000000853e+00,-3.914182186126708984e-01,-2.191721439361572266e+00,1.957978820800781250e+01,1.000000000000000000e+00
9.480000000000000426e+00,-3.776087164878845215e-01,-2.197824954986572266e+00,1.962282752990722656e+01,1.000000000000000000e+00
9.500000000000000000e+00,-3.637058436870574951e-01,-2.203998804092407227e+00,1.966591453552246094e+01,1.000000000000000000e+00
9.519999999999999574e+00,-3.497080206871032715e-01,-2.210242748260498047e+00,1.970903778076171875e+01,1.000000000000000000e+00
9.540000000000000924e+00,-3.356149792671203613e-01,-2.216555356979370117e+00,1.975214958190917969e+01,1.000000000000000000e+00
9.560000000000000497e+00,-3.214255571365356445e-01,-2.222935914993286133e+00,1.979522705078125000e+01,1.000000000000000000e+00
9.580000000000000071e+00,-3.071368932723999023e-01,-2.229383945465087891e+00,1.983828544616699219e+01,1.000000000000000000e+00
9.599999999999999645e+00,-2.927449941635131836e-01,-2.235899925231933594e+00,1.988137435913085938e+01,1.000000000000000000e+00
9.620000000000000995e+00,-2.782480716705322266e-01,-2.242483139038085938e+00,1.992448997497558594e+01,1.000000000000000000e+00
9.640000000000000568e+00,-2.636455595493316650e-01,-2.249132633209228516e+00,1.996759033203125000e+01,1.000000000000000000e+00
9.660000000000000142e+00,-2.489362806081771851e-01,-2.255847692489624023e+00,2.001064872741699219e+01,1.000000000000000000e+00
9.679999999999999716e+00,-2.341179549694061279e-01,-2.262628316879272461e+00,2.005367660522460938e+01,1.000000000000000000e+00
9.700000000000001066e+00,-2.191870510578155518e-01,-2.269474506378173828e+00,2.009670257568359375e+01,1.000000000000000000e+00
9.720000000000000639e+00,-2.041418105363845825e-01,-2.276386260986328125e+00,2.013972091674804688e+01,1.000000000000000000e+00
9.740000000000000213e+00,-1.889813840389251709e-01,-2.283362627029418945e+00,2.018270301818847656e+01,1.000000000000000000e+00
9.759999999999999787e+00,-1.737043112516403198e-01,-2.290402889251708984e+00,2.022562789916992188e+01,1.000000000000000000e+00
9.779999999999999361e+00,-1.583075076341629028e-01,-2.297507286071777344e+00,2.026852607727050781e+01,1.000000000000000000e+00
9.800000000000000711e+00,-1.427867561578750610e-01,-2.304676294326782227e+00,2.031144142150878906e+01,1.000000000000000000e+00
9.820000000000000284e+00,-1.271402388811111450e-01,-2.311909437179565430e+00,2.035437583923339844e+01,1.000000000000000000e+00
9.839999999999999858e+00,-1.113675758242607117e-01,-2.319206237792968750e+00,2.039729309082031250e+01,1.000000000000000000e+00
9.859999999999999432e+00,-9.546773880720138550e-02,-2.326565980911254883e+00,2.044017791748046875e+01,1.000000000000000000e+00
9.880000000000000782e+00,-7.943829149007797241e-02,-2.333988666534423828e+00,2.048304557800292969e+01,1.000000000000000000e+00
9.900000000000000355e+00,-6.327597796916961670e-02,-2.341474533081054688e+00,2.052592658996582031e+01,1.000000000000000000e+00
9.919999999999999929e+00,-4.697960987687110901e-02,-2.349023103713989258e+00,2.056881141662597656e+01,1.000000000000000000e+00
9.939999999999999503e+00,-3.054907917976379395e-02,-2.356633901596069336e+00,2.061167144775390625e+01,1.000000000000000000e+00
9.960000000000000853e+00,-1.398367155343294144e-02,-2.364306211471557617e+00,2.065449142456054688e+01,1.000000000000000000e+00
9.980000000000000426e+00,2.719126874580979347e-03,-2.372040033340454102e+00,2.069728469848632812e+01,1.000000000000000000e+00
1.000000000000000000e+01,1.956299878656864166e-02,-2.379836082458496094e+00,2.074009895324707031e+01,1.000000000000000000e+00
1.001999999999999957e+01,3.654908016324043274e-02,-2.387693643569946289e+00,2.078292655944824219e+01,1.000000000000000000e+00
1.004000000000000092e+01,5.367688834667205811e-02,-2.395612239837646484e+00,2.082572746276855469e+01,1.000000000000000000e+00
1.006000000000000050e+01,7.094703614711761475e-02,-2.403590917587280273e+00,2.086848831176757812e+01,1.000000000000000000e+00
1.008000000000000007e+01,8.836227655410766602e-02,-2.411630392074584961e+00,2.091123199462890625e+01,1.000000000000000000e+00
1.009999999999999964e+01,1.059264540672302246e-01,-2.419730901718139648e+00,2.095400428771972656e+01,1.000000000000000000e+00
1.012000000000000099e+01,1.236404925584793091e-01,-2.427891969680786133e+00,2.099678802490234375e+01,1.000000000000000000e+00
1.014000000000000057e+01,1.415035724639892578e-01,-2.436112642288208008e+00,2.103954887390136719e+01,1.000000000000000000e+00
1.016000000000000014e+01,1.595168858766555786e-01,-2.444392919540405273e+00,2.108227539062500000e+01,1.000000000000000000e+00
1.017999999999999972e+01,1.776834726333618164e-01,-2.452733516693115234e+00,2.112499809265136719e+01,1.000000000000000000e+00
1.020000000000000107e+01,1.960070431232452393e-01,-2.461134433746337891e+00,2.116776084899902344e+01,1.000000000000000000e+00
1.022000000000000064e+01,2.144883573055267334e-01,-2.469595909118652344e+00,2.121054267883300781e+01,1.000000000000000000e+00
1.024000000000000021e+01,2.331265956163406372e-01,-2.478116273880004883e+00,2.125330543518066406e+01,1.000000000000000000e+00
1.025999999999999979e+01,2.519221305847167969e-01,-2.486695766448974609e+00,2.129603004455566406e+01,1.000000000000000000e+00
1.027999999999999936e+01,2.708776295185089111e-01,-2.495334863662719727e+00,2.133873558044433594e+01,1.000000000000000000e+00
1.030000000000000071e+01,2.899968922138214111e-01,-2.504033565521240234e+00,2.138146400451660156e+01,1.000000000000000000e+00
1.032000000000000028e+01,3.092805147171020508e-01,-2.512791395187377930e+00,2.142419815063476562e+01,1.000000000000000000e+00
1.033999999999999986e+01,3.287274837493896484e-01,-2.521607875823974609e+00,2.146689414978027344e+01,1.000000000000000000e+00
1.035999999999999943e+01,3.483391404151916504e-01,-2.530483007431030273e+00,2.150955200195312500e+01,1.000000000000000000e+00
1.038000000000000078e+01,3.681189715862274170e-01,-2.539417743682861328e+00,2.155220603942871094e+01,1.000000000000000000e+00
1.040000000000000036e+01,3.880710005760192871e-01,-2.548412084579467773e+00,2.159489822387695312e+01,1.000000000000000000e+00
1.041999999999999993e+01,4.081957936286926270e-01,-2.557465314865112305e+00,2.163761329650878906e+01,1.000000000000000000e+00
1.043999999999999950e+01,4.284917712211608887e-01,-2.566577196121215820e+00,2.168030548095703125e+01,1.000000000000000000e+00
1.046000000000000085e+01,4.489592313766479492e-01,-2.575747489929199219e+00,2.172295570373535156e+01,1.000000000000000000e+00
1.048000000000000043e+01,4.696015417575836182e-01,-2.584976673126220703e+00,2.176559638977050781e+01,1.000000000000000000e+00
1.050000000000000000e+01,4.904227554798126221e-01,-2.594265460968017578e+00,2.180827331542968750e+01,1.000000000000000000e+00
1.051999999999999957e+01,5.114228725433349609e-01,-2.603613376617431641e+00,2.185096359252929688e+01,1.000000000000000000e+00
1.054000000000000092e+01,5.325998663902282715e-01,-2.613019704818725586e+00,2.189361381530761719e+01,1.000000000000000000e+00
1.056000000000000050e+01,5.539537072181701660e-01,-2.622484207153320312e+00,2.193620491027832031e+01,1.000000000000000000e+00
1.058000000000000007e+01,5.754876732826232910e-01,-2.632007360458374023e+00,2.197876548767089844e+01,1.000000000000000000e+00
1.059999999999999964e+01,5.972058773040771484e-01,-2.641589403152465820e+00,2.202134323120117188e+01,1.000000000000000000e+00
1.062000000000000099e+01,6.191087365150451660e-01,-2.651231050491333008e+00,2.206392860412597656e+01,1.000000000000000000e+00
1.064000000000000057e+01,6.411944627761840820e-01,-2.660931348800659180e+00,2.210647583007812500e+01,1.000000000000000000e+00
1.066000000000000014e+01,6.634633541107177734e-01,-2.670690059661865234e+00,2.214897155761718750e+01,1.000000000000000000e+00
1.067999999999999972e+01,6.859191656112670898e-01,-2.680508136749267578e+00,2.219145774841308594e+01,1.000000000000000000e+00
1.070000000000000107e+01,7.085659503936767578e-01,-2.690385818481445312e+00,2.223398208618164062e+01,1.000000000000000000e+00
1.072000000000000064e+01,7.314034700393676758e-01,-2.700323104858398438e+00,2.227652168273925781e+01,1.000000000000000000e+00
1.074000000000000021e+01,7.544296383857727051e-01,-2.710319995880126953e+00,2.231902694702148438e+01,1.000000000000000000e+00
1.075999999999999979e+01,7.776442170143127441e-01,-2.720376491546630859e+00,2.236148452758789062e+01,1.000000000000000000e+00
1.077999999999999936e+01,8.010497689247131348e-01,-2.730492591857910156e+00,2.240391921997070312e+01,1.000000000000000000e+00
1.080000000000000071e+01,8.246495723724365234e-01,-2.740668773651123047e+00,2.244635963439941406e+01,1.000000000000000000e+00
1.082000000000000028e+01,8.484433889389038086e-01,-2.750905275344848633e+00,2.248879051208496094e+01,1.000000000000000000e+00
1.083999999999999986e+01,8.724291324615478516e-01,-2.761201381683349609e+00,2.253116416931152344e+01,1.000000000000000000e+00
1.085999999999999943e+01,8.966069817543029785e-01,-2.771558046340942383e+00,2.257347106933593750e+01,1.000000000000000000e+00
1.088000000000000078e+01,9.209803342819213867e-01,-2.781975746154785156e+00,2.261574363708496094e+01,1.000000000000000000e+00
1.090000000000000036e+01,9.455533027648925781e-01,-2.792455196380615234e+00,2.265802955627441406e+01,1.000000000000000000e+00
1.091999999999999993e+01,9.703255891799926758e-01,-2.802997112274169922e+00,2.270030975341796875e+01,1.000000000000000000e+00
1.093999999999999950e+01,9.952941536903381348e-01,-2.813600778579711914e+00,2.274253082275390625e+01,1.000000000000000000e+00
1.096000000000000085e+01,1.020458698272705078e+00,-2.824266433715820312e+00,2.278467369079589844e+01,1.000000000000000000e+00
1.098000000000000043e+01,1.045822024345397949e+00,-2.834995031356811523e+00,2.282676506042480469e+01,1.000000000000000000e+00
1.100000000000000000e+01,1.071387290954589844e+00,-2.845787525177001953e+00,2.286884117126464844e+01,1.000000000000000000e+00
1.101999999999999957e+01,1.097154021263122559e+00,-2.856644392013549805e+00,2.291088294982910156e+01,1.000000000000000000e+00
1.104000000000000092e+01,1.123119950294494629e+00,-2.867565393447875977e+00,2.295285034179687500e+01,1.000000000000000000e+00
1.106000000000000050e+01,1.149285316467285156e+00,-2.878551006317138672e+00,2.299473571777343750e+01,1.000000000000000000e+00
1.108000000000000007e+01,1.175653338432312012e+00,-2.889602661132812500e+00,2.303656959533691406e+01,1.000000000000000000e+00
1.109999999999999964e+01,1.202227354049682617e+00,-2.900721311569213867e+00,2.307839775085449219e+01,1.000000000000000000e+00
1.112000000000000099e+01,1.229006648063659668e+00,-2.911907672882080078e+00,2.312019348144531250e+01,1.000000000000000000e+00
1.114000000000000057e+01,1.255988717079162598e+00,-2.923161745071411133e+00,2.316191673278808594e+01,1.000000000000000000e+00
1.116000000000000014e+01,1.283172726631164551e+00,-2.934484004974365234e+00,2.320354461669921875e+01,1.000000000000000000e+00
1.117999999999999972e+01,1.310561776161193848e+00,-2.945875883102416992e+00,2.324511337280273438e+01,1.000000000000000000e+00
1.120000000000000107e+01,1.338159084320068359e+00,-2.957339048385620117e+00,2.328665733337402344e+01,1.000000000000000000e+00
1.122000000000000064e+01,1.365964293479919434e+00,-2.968874216079711914e+00,2.332816505432128906e+01,1.000000000000000000e+00
1.124000000000000021e+01,1.393974781036376953e+00,-2.980481863021850586e+00,2.336959266662597656e+01,1.000000000000000000e+00
1.125999999999999979e+01,1.422190427780151367e+00,-2.992162942886352539e+00,2.341093254089355469e+01,1.000000000000000000e+00
1.127999999999999936e+01,1.450614452362060547e+00,-3.003919363021850586e+00,2.345222473144531250e+01,1.000000000000000000e+00
1.130000000000000071e+01,1.479249835014343262e+00,-3.015753269195556641e+00,2.349349975585937500e+01,1.000000000000000000e+00
1.132000000000000028e+01,1.508095502853393555e+00,-3.027664661407470703e+00,2.353473854064941406e+01,2.000000000000000000e+00
1.133999999999999986e+01,1.537924528121948242e+00,-3.039536476135253906e+00,2.357554244995117188e+01,2.000000000000000000e+00
1.135999999999999943e+01,1.571193575859069824e+00,-3.051017522811889648e+00,2.361520767211914062e+01,2.000000000000000000e+00
1.138000000000000078e+01,1.610677599906921387e+00,-3.061717987060546875e+00,2.365310096740722656e+01,2.000000000000000000e+00
1.140000000000000036e+01,1.657665371894836426e+00,-3.071453571319580078e+00,2.368886947631835938e+01,2.000000000000000000e+00
1.141999999999999993e+01,1.712445497512817383e+00,-3.080173254013061523e+00,2.372223281860351562e+01,2.000000000000000000e+00
1.143999999999999950e+01,1.775058269500732422e+00,-3.087860822677612305e+00,2.375290107727050781e+01,2.000000000000000000e+00
1.146000000000000085e+01,1.845441818237304688e+00,-3.094515323638916016e+00,2.378060340881347656e+01,2.000000000000000000e+00
1.148000000000000043e+01,1.923489212989807129e+00,-3.100142478942871094e+00,2.380523681640625000e+01,2.000000000000000000e+00
1.150000000000000000e+01,2.009072065353393555e+00,-3.104745626449584961e+00,2.382693290710449219e+01,2.000000000000000000e+00
1.151999999999999957e+01,2.102047443389892578e+00,-3.108323335647583008e+00,2.384585762023925781e+01,2.000000000000000000e+00
1.154000000000000092e+01,2.202268838882446289e+00,-3.110864877700805664e+00,2.386225128173828125e+01,2.000000000000000000e+00
1.156000000000000050e+01,2.309608459472656250e+00,-3.112349510192871094e+00,2.387635993957519531e+01,2.000000000000000000e+00
1.158000000000000007e+01,2.423952817916870117e+00,-3.112753868103027344e+00,2.388842391967773438e+01,2.000000000000000000e+00
1.159999999999999964e+01,2.545196771621704102e+00,-3.112059116363525391e+00,2.389863586425781250e+01,2.000000000000000000e+00
1.162000000000000099e+01,2.673234939575195312e+00,-3.110259294509887695e+00,2.390713310241699219e+01,2.000000000000000000e+00
1.164000000000000057e+01,2.807962656021118164e+00,-3.107359886169433594e+00,2.391402053833007812e+01,2.000000000000000000e+00
1.166000000000000014e+01,2.949272632598876953e+00,-3.103379487991333008e+00,2.391940116882324219e+01,2.000000000000000000e+00
1.167999999999999972e+01,3.097054243087768555e+00,-3.098349094390869141e+00,2.392335700988769531e+01,2.000000000000000000e+00
1.170000000000000107e+01,3.251192569732666016e+00,-3.092309236526489258e+00,2.392597961425781250e+01,2.000000000000000000e+00
1.172000000000000064e+01,3.411570072174072266e+00,-3.085308074951171875e+00,2.392737960815429688e+01,2.000000000000000000e+00
1.174000000000000021e+01,3.578069925308227539e+00,-3.077397584915161133e+00,2.392769622802734375e+01,2.000000000000000000e+00
1.175999999999999979e+01,3.750570774078369141e+00,-3.068632602691650391e+00,2.392710876464843750e+01,2.000000000000000000e+00
1.177999999999999936e+01,3.928932189941406250e+00,-3.059070587158203125e+00,2.392585754394531250e+01,2.000000000000000000e+00
1.180000000000000071e+01,4.113015174865722656e+00,-3.048771142959594727e+00,2.392421340942382812e+01,2.000000000000000000e+00
1.182000000000000028e+01,4.302661418914794922e+00,-3.037803411483764648e+00,2.392240905761718750e+01,2.000000000000000000e+00
1.183999999999999986e+01,4.497709751129150391e+00,-3.026239156723022461e+00,2.392065238952636719e+01,2.000000000000000000e+00
1.185999999999999943e+01,4.698009490966796875e+00,-3.014147281646728516e+00,2.391916847229003906e+01,2.000000000000000000e+00
1.188000000000000078e+01,4.903414726257324219e+00,-3.001591920852661133e+00,2.391820526123046875e+01,2.000000000000000000e+00
1.190000000000000036e+01,5.113785743713378906e+00,-2.988633394241333008e+00,2.391802597045898438e+01,2.000000000000000000e+00
1.191999999999999993e+01,5.328989982604980469e+00,-2.975328445434570312e+00,2.391886138916015625e+01,2.000000000000000000e+00
1.193999999999999950e+01,5.548897743225097656e+00,-2.961729764938354492e+00,2.392090797424316406e+01,2.000000000000000000e+00
1.196000000000000085e+01,5.773376941680908203e+00,-2.947886705398559570e+00,2.392436218261718750e+01,2.000000000000000000e+00
1.198000000000000043e+01,6.002290248870849609e+00,-2.933845043182373047e+00,2.392942047119140625e+01,2.000000000000000000e+00
1.200000000000000000e+01,6.235495090484619141e+00,-2.919647693634033203e+00,2.393627166748046875e+01,2.000000000000000000e+00
1.201999999999999957e+01,6.472847461700439453e+00,-2.905335187911987305e+00,2.394509124755859375e+01,2.000000000000000000e+00
1.204000000000000092e+01,6.714202880859375000e+00,-2.890944719314575195e+00,2.395605468750000000e+01,2.000000000000000000e+00
1.206000000000000050e+01,6.959411621093750000e+00,-2.876509189605712891e+00,2.396932411193847656e+01,2.000000000000000000e+00
1.208000000000000007e+01,7.208322048187255859e+00,-2.862057447433471680e+00,2.398506546020507812e+01,2.000000000000000000e+00
1.209999999999999964e+01,7.460781574249267578e+00,-2.847615242004394531e+00,2.400342559814453125e+01,2.000000000000000000e+00
1.212000000000000099e+01,7.716644763946533203e+00,-2.833203077316284180e+00,2.402453231811523438e+01,3.000000000000000000e+00
1.214000000000000057e+01,7.975780487060546875e+00,-2.818837404251098633e+00,2.404844284057617188e+01,3.000000000000000000e+00
1.216000000000000014e+01,8.238081932067871094e+00,-2.804528713226318359e+00,2.407507896423339844e+01,3.000000000000000000e+00
1.217999999999999972e+01,8.503457069396972656e+00,-2.790278911590576172e+00,2.410425186157226562e+01,3.000000000000000000e+00
1.220000000000000107e+01,8.771734237670898438e+00,-2.776073217391967773e+00,2.413569641113281250e+01,3.000000000000000000e+00
1.222000000000000064e+01,9.042700767517089844e+00,-2.761883497238159180e+00,2.416909790039062500e+01,3.000000000000000000e+00
1.224000000000000021e+01,9.316134452819824219e+00,-2.747669935226440430e+00,2.420407295227050781e+01,3.000000000000000000e+00
1.225999999999999979e+01,9.591781616210937500e+00,-2.733387231826782227e+00,2.424014472961425781e+01,3.000000000000000000e+00
1.228000000000000114e+01,9.869354248046875000e+00,-2.718988895416259766e+00,2.427681732177734375e+01,3.000000000000000000e+00
1.230000000000000071e+01,1.014853858947753906e+01,-2.704429864883422852e+00,2.431363296508789062e+01,3.000000000000000000e+00
1.232000000000000028e+01,1.042905521392822266e+01,-2.689676284790039062e+00,2.435013198852539062e+01,3.000000000000000000e+00
1.233999999999999986e+01,1.071065139770507812e+01,-2.674702644348144531e+00,2.438589859008789062e+01,3.000000000000000000e+00
1.235999999999999943e+01,1.099311351776123047e+01,-2.659482240676879883e+00,2.442064285278320312e+01,3.000000000000000000e+00
1.238000000000000078e+01,1.127627944946289062e+01,-2.643980979919433594e+00,2.445419883728027344e+01,3.000000000000000000e+00
1.240000000000000036e+01,1.156003570556640625e+01,-2.628153085708618164e+00,2.448651885986328125e+01,3.000000000000000000e+00
1.241999999999999993e+01,1.184427165985107422e+01,-2.611951589584350586e+00,2.451758384704589844e+01,3.000000000000000000e+00
1.243999999999999950e+01,1.212887477874755859e+01,-2.595324039459228516e+00,2.454740715026855469e+01,3.000000000000000000e+00
1.246000000000000085e+01,1.241374492645263672e+01,-2.578211069107055664e+00,2.457604598999023438e+01,3.000000000000000000e+00
1.248000000000000043e+01,1.269881439208984375e+01,-2.560548782348632812e+00,2.460358238220214844e+01,3.000000000000000000e+00
1.250000000000000000e+01,1.298404407501220703e+01,-2.542270898818969727e+00,2.463012313842773438e+01,3.000000000000000000e+00
1.251999999999999957e+01,1.326937389373779297e+01,-2.523313999176025391e+00,2.465575218200683594e+01,3.000000000000000000e+00
1.254000000000000092e+01,1.355473613739013672e+01,-2.503626346588134766e+00,2.468052101135253906e+01,3.000000000000000000e+00
1.256000000000000050e+01,1.384008502960205078e+01,-2.483166933059692383e+00,2.470444869995117188e+01,3.000000000000000000e+00
1.258000000000000007e+01,1.412541389465332031e+01,-2.461903333663940430e+00,2.472754669189453125e+01,3.000000000000000000e+00
1.259999999999999964e+01,1.441075325012207031e+01,-2.439808607101440430e+00,2.474982833862304688e+01,3.000000000000000000e+00
1.262000000000000099e+01,1.469609832763671875e+01,-2.416859865188598633e+00,2.477128791809082031e+01,3.000000000000000000e+00
1.264000000000000057e+01,1.498142433166503906e+01,-2.393043041229248047e+00,2.479190444946289062e+01,3.000000000000000000e+00
1.266000000000000014e+01,1.526671886444091797e+01,-2.368350505828857422e+00,2.481164360046386719e+01,3.000000000000000000e+00
1.267999999999999972e+01,1.555200099945068359e+01,-2.342777013778686523e+00,2.483048629760742188e+01,3.000000000000000000e+00
1.270000000000000107e+01,1.583731555938720703e+01,-2.316320657730102539e+00,2.484840965270996094e+01,3.000000000000000000e+00
1.272000000000000064e+01,1.612267494201660156e+01,-2.288984060287475586e+00,2.486538505554199219e+01,3.000000000000000000e+00
1.274000000000000021e+01,1.640805244445800781e+01,-2.260775327682495117e+00,2.488136672973632812e+01,3.000000000000000000e+00
1.275999999999999979e+01,1.669343566894531250e+01,-2.231704711914062500e+00,2.489631843566894531e+01,3.000000000000000000e+00
1.278000000000000114e+01,1.697884368896484375e+01,-2.201779127120971680e+00,2.491022109985351562e+01,3.000000000000000000e+00
1.280000000000000071e+01,1.726431846618652344e+01,-2.171007394790649414e+00,2.492305755615234375e+01,3.000000000000000000e+00
1.282000000000000028e+01,1.754986190795898438e+01,-2.139393568038940430e+00,2.493483161926269531e+01,3.000000000000000000e+00
1.283999999999999986e+01,1.783544540405273438e+01,-2.106944561004638672e+00,2.494554328918457031e+01,3.000000000000000000e+00
1.285999999999999943e+01,1.812105560302734375e+01,-2.073674917221069336e+00,2.495517349243164062e+01,3.000000000000000000e+00
1.288000000000000078e+01,1.840670967102050781e+01,-2.039595603942871094e+00,2.496372985839843750e+01,3.000000000000000000e+00
1.290000000000000036e+01,1.869244384765625000e+01,-2.004717826843261719e+00,2.497121620178222656e+01,3.000000000000000000e+00
1.291999999999999993e+01,1.897825813293457031e+01,-1.969058156013488770e+00,2.497763061523437500e+01,3.000000000000000000e+00
1.293999999999999950e+01,1.926411056518554688e+01,-1.932637810707092285e+00,2.498295402526855469e+01,3.000000000000000000e+00
1.296000000000000085e+01,1.954997062683105469e+01,-1.895473837852478027e+00,2.498719596862792969e+01,3.000000000000000000e+00
1.298000000000000043e+01,1.983582496643066406e+01,-1.857571244239807129e+00,2.499040412902832031e+01,3.000000000000000000e+00
1.300000000000000000e+01,2.012169456481933594e+01,-1.818930506706237793e+00,2.499264717102050781e+01,3.000000000000000000e+00
1.301999999999999957e+01,2.040755462646484375e+01,-1.779538035392761230e+00,2.499405097961425781e+01,3.000000000000000000e+00
1.304000000000000092e+01,2.069336891174316406e+01,-1.739379167556762695e+00,2.499474525451660156e+01,3.000000000000000000e+00
1.306000000000000050e+01,2.097911834716796875e+01,-1.698449969291687012e+00,2.499483680725097656e+01,3.000000000000000000e+00
1.308000000000000007e+01,2.126479339599609375e+01,-1.656755566596984863e+00,2.499440765380859375e+01,3.000000000000000000e+00
1.309999999999999964e+01,2.155040359497070312e+01,-1.614304780960083008e+00,2.499352264404296875e+01,3.000000000000000000e+00
1.312000000000000099e+01,2.183593559265136719e+01,-1.571099162101745605e+00,2.499227905273437500e+01,3.000000000000000000e+00
1.314000000000000057e+01,2.212136268615722656e+01,-1.527147531509399414e+00,2.499075317382812500e+01,3.000000000000000000e+00
1.316000000000000014e+01,2.240667152404785156e+01,-1.482467651367187500e+00,2.498898506164550781e+01,3.000000000000000000e+00
1.317999999999999972e+01,2.269186592102050781e+01,-1.437085270881652832e+00,2.498698806762695312e+01,3.000000000000000000e+00
1.320000000000000107e+01,2.297696304321289062e+01,-1.391029953956604004e+00,2.498475646972656250e+01,3.000000000000000000e+00
1.322000000000000064e+01,2.326195716857910156e+01,-1.344324707984924316e+00,2.498230934143066406e+01,3.000000000000000000e+00
1.324000000000000021e+01,2.354682350158691406e+01,-1.296993613243103027e+00,2.497966766357421875e+01,3.000000000000000000e+00
1.325999999999999979e+01,2.383155250549316406e+01,-1.249063253402709961e+00,2.497683715820312500e+01,3.000000000000000000e+00
1.328000000000000114e+01,2.411614418029785156e+01,-1.200561046600341797e+00,2.497382545471191406e+01,3.000000000000000000e+00
1.330000000000000071e+01,2.440061378479003906e+01,-1.151515007019042969e+00,2.497063446044921875e+01,3.000000000000000000e+00
1.332000000000000028e+01,2.468495178222656250e+01,-1.101943850517272949e+00,2.496730995178222656e+01,3.000000000000000000e+00
1.333999999999999986e+01,2.496914100646972656e+01,-1.051863312721252441e+00,2.496391487121582031e+01,3.000000000000000000e+00
1.335999999999999943e+01,2.525316619873046875e+01,-1.001288890838623047e+00,2.496050834655761719e+01,3.000000000000000000e+00
1.338000000000000078e+01,2.553702735900878906e+01,-9.502362608909606934e-01,2.495715522766113281e+01,3.000000000000000000e+00
1.340000000000000036e+01,2.582072830200195312e+01,-8.987216949462890625e-01,2.495391273498535156e+01,3.000000000000000000e+00
1.341999999999999993e+01,2.610425567626953125e+01,-8.467501401901245117e-01,2.495090103149414062e+01,3.000000000000000000e+00
1.343999999999999950e+01,2.638758850097656250e+01,-7.943243980407714844e-01,2.494824409484863281e+01,3.000000000000000000e+00
1.346000000000000085e+01,2.667073059082031250e+01,-7.414554953575134277e-01,2.494602012634277344e+01,3.000000000000000000e+00
1.348000000000000043e+01,2.695370483398437500e+01,-6.881625056266784668e-01,2.494424819946289062e+01,3.000000000000000000e+00
1.350000000000000000e+01,2.723653602600097656e+01,-6.344704627990722656e-01,2.494290924072265625e+01,3.000000000000000000e+00
1.351999999999999957e+01,2.751921272277832031e+01,-5.803999304771423340e-01,2.494199752807617188e+01,3.000000000000000000e+00
1.354000000000000092e+01,2.780172348022460938e+01,-5.259715914726257324e-01,2.494149971008300781e+01,3.000000000000000000e+00
1.356000000000000050e+01,2.808406639099121094e+01,-4.712101519107818604e-01,2.494137382507324219e+01,3.000000000000000000e+00
1.358000000000000007e+01,2.836625862121582031e+01,-4.161454737186431885e-01,2.494154167175292969e+01,3.000000000000000000e+00
1.359999999999999964e+01,2.864832878112792969e+01,-3.608077466487884521e-01,2.494191741943359375e+01,3.000000000000000000e+00
1.362000000000000099e+01,2.893029403686523438e+01,-3.052218258380889893e-01,2.494244766235351562e+01,3.000000000000000000e+00
1.364000000000000057e+01,2.921214866638183594e+01,-2.494107484817504883e-01,2.494308090209960938e+01,3.000000000000000000e+00
1.366000000000000014e+01,2.949390220642089844e+01,-1.933985352516174316e-01,2.494376182556152344e+01,3.000000000000000000e+00
1.367999999999999972e+01,2.977557754516601562e+01,-1.372110843658447266e-01,2.494442558288574219e+01,3.000000000000000000e+00
1.370000000000000107e+01,3.005720138549804688e+01,-8.087375760078430176e-02,2.494500160217285156e+01,3.000000000000000000e+00
1.372000000000000064e+01,3.033879280090332031e+01,-2.440927177667617798e-02,2.494543266296386719e+01,3.000000000000000000e+00
1.374000000000000021e+01,3.062034797668457031e+01,3.216230124235153198e-02,2.494566345214843750e+01,3.000000000000000000e+00
1.375999999999999979e+01,3.090186500549316406e+01,8.882354944944381714e-02,2.494566917419433594e+01,3.000000000000000000e+00
1.378000000000000114e+01,3.118334579467773438e+01,1.455594897270202637e-01,2.494544219970703125e+01,3.000000000000000000e+00
1.380000000000000071e+01,3.146480178833007812e+01,2.023582458496093750e-01,2.494500923156738281e+01,3.000000000000000000e+00
1.382000000000000028e+01,3.174623298645019531e+01,2.592118382453918457e-01,2.494441223144531250e+01,3.000000000000000000e+00
1.383999999999999986e+01,3.202762222290039062e+01,3.161153495311737061e-01,2.494371795654296875e+01,3.000000000000000000e+00
1.385999999999999943e+01,3.230895614624023438e+01,3.730646073818206787e-01,2.494298744201660156e+01,3.000000000000000000e+00
1.388000000000000078e+01,3.259023284912109375e+01,4.300557672977447510e-01,2.494229698181152344e+01,3.000000000000000000e+00
1.390000000000000036e+01,3.287146377563476562e+01,4.870854616165161133e-01,2.494171714782714844e+01,3.000000000000000000e+00
1.391999999999999993e+01,3.315263366699218750e+01,5.441523194313049316e-01,2.494132041931152344e+01,3.000000000000000000e+00
1.393999999999999950e+01,3.343371582031250000e+01,6.012554168701171875e-01,2.494117355346679688e+01,3.000000000000000000e+00
1.396000000000000085e+01,3.371467971801757812e+01,6.583941578865051270e-01,2.494134330749511719e+01,3.000000000000000000e+00
1.398000000000000043e+01,3.399552154541015625e+01,7.155672907829284668e-01,2.494189834594726562e+01,3.000000000000000000e+00
1.400000000000000000e+01,3.427623748779296875e+01,7.727732658386230469e-01,2.494289207458496094e+01,3.000000000000000000e+00
1.401999999999999957e+01,3.455680847167968750e+01,8.300139307975769043e-01,2.494441795349121094e+01,3.000000000000000000e+00
1.404000000000000092e+01,3.483721160888671875e+01,8.872906565666198730e-01,2.494653701782226562e+01,3.000000000000000000e+00
1.406000000000000050e+01,3.511743927001953125e+01,9.446019530296325684e-01,2.494928169250488281e+01,3.000000000000000000e+00
1.408000000000000007e+01,3.539750289916992188e+01,1.001942873001098633e+00,2.495263290405273438e+01,3.000000000000000000e+00
1.409999999999999964e+01,3.567742156982421875e+01,1.059306263923645020e+00,2.495655250549316406e+01,3.000000000000000000e+00
1.412000000000000099e+01,3.595719528198242188e+01,1.116686105728149414e+00,2.496101188659667969e+01,3.000000000000000000e+00
1.414000000000000057e+01,3.623682785034179688e+01,1.174075245857238770e+00,2.496595573425292969e+01,3.000000000000000000e+00
1.416000000000000014e+01,3.651632690429687500e+01,1.231462955474853516e+00,2.497130012512207031e+01,3.000000000000000000e+00
1.417999999999999972e+01,3.679573059082031250e+01,1.288836956024169922e+00,2.497694206237792969e+01,3.000000000000000000e+00
1.420000000000000107e+01,3.707508468627929688e+01,1.346183776855468750e+00,2.498275756835937500e+01,3.000000000000000000e+00
1.422000000000000064e+01,3.735442352294921875e+01,1.403490066528320312e+00,2.498862838745117188e+01,3.000000000000000000e+00
1.424000000000000021e+01,3.763377761840820312e+01,1.460743665695190430e+00,2.499442672729492188e+01,3.000000000000000000e+00
1.425999999999999979e+01,3.791317367553710938e+01,1.517931342124938965e+00,2.500002670288085938e+01,3.000000000000000000e+00
1.428000000000000114e+01,3.819266891479492188e+01,1.575038790702819824e+00,2.500528335571289062e+01,3.000000000000000000e+00
1.430000000000000071e+01,3.847232818603515625e+01,1.632052540779113770e+00,2.501005363464355469e+01,3.000000000000000000e+00
1.432000000000000028e+01,3.875220108032226562e+01,1.688959598541259766e+00,2.501417160034179688e+01,3.000000000000000000e+00
1.433999999999999986e+01,3.903229904174804688e+01,1.745747447013854980e+00,2.501747322082519531e+01,3.000000000000000000e+00
1.435999999999999943e+01,3.931261444091796875e+01,1.802405953407287598e+00,2.501984405517578125e+01,3.000000000000000000e+00
1.438000000000000078e+01,3.959315490722656250e+01,1.858927130699157715e+00,2.502122879028320312e+01,3.000000000000000000e+00
1.440000000000000036e+01,3.987392807006835938e+01,1.915305256843566895e+00,2.502162742614746094e+01,3.000000000000000000e+00
1.441999999999999993e+01,4.015492630004882812e+01,1.971537590026855469e+00,2.502110671997070312e+01,3.000000000000000000e+00
1.443999999999999950e+01,4.043612670898437500e+01,2.027622938156127930e+00,2.501977920532226562e+01,3.000000000000000000e+00
1.446000000000000085e+01,4.071751785278320312e+01,2.083560466766357422e+00,2.501778221130371094e+01,3.000000000000000000e+00
1.448000000000000043e+01,4.099909591674804688e+01,2.139348745346069336e+00,2.501524925231933594e+01,3.000000000000000000e+00
1.450000000000000000e+01,4.128086853027343750e+01,2.194986343383789062e+00,2.501230239868164062e+01,3.000000000000000000e+00
1.451999999999999957e+01,4.156280517578125000e+01,2.250471830368041992e+00,2.500907516479492188e+01,3.000000000000000000e+00
1.454000000000000092e+01,4.184487533569335938e+01,2.305802822113037109e+00,2.500566864013671875e+01,3.000000000000000000e+00
1.456000000000000050e+01,4.212704086303710938e+01,2.360976934432983398e+00,2.500218391418457031e+01,3.000000000000000000e+00
1.458000000000000007e+01,4.240928268432617188e+01,2.415992021560668945e+00,2.499872398376464844e+01,3.000000000000000000e+00
1.459999999999999964e+01,4.269159698486328125e+01,2.470845937728881836e+00,2.499539756774902344e+01,3.000000000000000000e+00
1.462000000000000099e+01,4.297395324707031250e+01,2.525537490844726562e+00,2.499231529235839844e+01,3.000000000000000000e+00
1.464000000000000057e+01,4.325633239746093750e+01,2.580065965652465820e+00,2.498958015441894531e+01,3.000000000000000000e+00
1.466000000000000014e+01,4.353868865966796875e+01,2.634430408477783203e+00,2.498727989196777344e+01,3.000000000000000000e+00
1.467999999999999972e+01,4.382101058959960938e+01,2.688631057739257812e+00,2.498549842834472656e+01,3.000000000000000000e+00
1.470000000000000107e+01,4.410329437255859375e+01,2.742667913436889648e+00,2.498430633544921875e+01,3.000000000000000000e+00
1.472000000000000064e+01,4.438552093505859375e+01,2.796542167663574219e+00,2.498378562927246094e+01,3.000000000000000000e+00
1.474000000000000021e+01,4.466765594482421875e+01,2.850255489349365234e+00,2.498400497436523438e+01,3.000000000000000000e+00
1.475999999999999979e+01,4.494967269897460938e+01,2.903807878494262695e+00,2.498499679565429688e+01,3.000000000000000000e+00
1.478000000000000114e+01,4.523157882690429688e+01,2.957199335098266602e+00,2.498675918579101562e+01,3.000000000000000000e+00
1.480000000000000071e+01,4.551338958740234375e+01,3.010429382324218750e+00,2.498926544189453125e+01,3.000000000000000000e+00
1.482000000000000028e+01,4.579510498046875000e+01,3.063496112823486328e+00,2.499248123168945312e+01,3.000000000000000000e+00
1.483999999999999986e+01,4.607672500610351562e+01,3.116396427154541016e+00,2.499633407592773438e+01,3.000000000000000000e+00
1.485999999999999943e+01,4.635825729370117188e+01,3.169127225875854492e+00,2.500071525573730469e+01,3.000000000000000000e+00
1.488000000000000078e+01,4.663972854614257812e+01,3.221682786941528320e+00,2.500549888610839844e+01,3.000000000000000000e+00
1.490000000000000036e+01,4.692117691040039062e+01,3.274057149887084961e+00,2.501054954528808594e+01,3.000000000000000000e+00
1.491999999999999993e+01,4.720265197753906250e+01,3.326245546340942383e+00,2.501572990417480469e+01,3.000000000000000000e+00
1.493999999999999950e+01,4.748418045043945312e+01,3.378242731094360352e+00,2.502089500427246094e+01,3.000000000000000000e+00
1.496000000000000085e+01,4.776579284667968750e+01,3.430042982101440430e+00,2.502589797973632812e+01,3.000000000000000000e+00
1.498000000000000043e+01,4.804753875732421875e+01,3.481640338897705078e+00,2.503058624267578125e+01,3.000000000000000000e+00
1.500000000000000000e+01,4.832947540283203125e+01,3.533029317855834961e+00,2.503480339050292969e+01,3.000000000000000000e+00
1.501999999999999957e+01,4.861164474487304688e+01,3.584205150604248047e+00,2.503839302062988281e+01,3.000000000000000000e+00
1.504000000000000092e+01,4.889405822753906250e+01,3.635163307189941406e+00,2.504124641418457031e+01,3.000000000000000000e+00
1.506000000000000050e+01,4.917674255371093750e+01,3.685898542404174805e+00,2.504328918457031250e+01,3.000000000000000000e+00
1.508000000000000007e+01,4.945971679687500000e+01,3.736405849456787109e+00,2.504446029663085938e+01,3.000000000000000000e+00
1.509999999999999964e+01,4.974301147460937500e+01,3.786679506301879883e+00,2.504469871520996094e+01,3.000000000000000000e+00
1.512000000000000099e+01,5.002663421630859375e+01,3.836715459823608398e+00,2.504391860961914062e+01,3.000000000000000000e+00
1.514000000000000057e+01,5.031055831909179688e+01,3.886510133743286133e+00,2.504204940795898438e+01,3.000000000000000000e+00
1.516000000000000014e+01,5.059473037719726562e+01,3.936058998107910156e+00,2.503909492492675781e+01,3.000000000000000000e+00
1.517999999999999972e+01,5.087911224365234375e+01,3.985357284545898438e+00,2.503516006469726562e+01,3.000000000000000000e+00
1.520000000000000107e+01,5.116365432739257812e+01,4.034400463104248047e+00,2.503044128417968750e+01,3.000000000000000000e+00
1.522000000000000064e+01,5.144830703735351562e+01,4.083184719085693359e+00,2.502522087097167969e+01,3.000000000000000000e+00
1.524000000000000021e+01,5.173301315307617188e+01,4.131710052490234375e+00,2.501984405517578125e+01,3.000000000000000000e+00
1.525999999999999979e+01,5.201770782470703125e+01,4.179977893829345703e+00,2.501467323303222656e+01,3.000000000000000000e+00
1.528000000000000114e+01,5.230234146118164062e+01,4.227993965148925781e+00,2.501004981994628906e+01,3.000000000000000000e+00
1.530000000000000071e+01,5.258687591552734375e+01,4.275768756866455078e+00,2.500628471374511719e+01,3.000000000000000000e+00
1.532000000000000028e+01,5.287126159667968750e+01,4.323313713073730469e+00,2.500370216369628906e+01,3.000000000000000000e+00
1.533999999999999986e+01,5.315541076660156250e+01,4.370645999908447266e+00,2.500257301330566406e+01,3.000000000000000000e+00
1.535999999999999943e+01,5.343925094604492188e+01,4.417783260345458984e+00,2.500308036804199219e+01,3.000000000000000000e+00
1.538000000000000078e+01,5.372274398803710938e+01,4.464744567871093750e+00,2.500532341003417969e+01,3.000000000000000000e+00
1.540000000000000036e+01,5.400588226318359375e+01,4.511547565460205078e+00,2.500931739807128906e+01,3.000000000000000000e+00
1.541999999999999993e+01,5.428864669799804688e+01,4.558208942413330078e+00,2.501506042480468750e+01,3.000000000000000000e+00
1.543999999999999950e+01,5.457100296020507812e+01,4.604743957519531250e+00,2.502250862121582031e+01,3.000000000000000000e+00
1.546000000000000085e+01,5.485293960571289062e+01,4.651164054870605469e+00,2.503154945373535156e+01,3.000000000000000000e+00
1.548000000000000043e+01,5.513446807861328125e+01,4.697473526000976562e+00,2.504201507568359375e+01,3.000000000000000000e+00
1.550000000000000000e+01,5.541563415527343750e+01,4.743672370910644531e+00,2.505370140075683594e+01,3.000000000000000000e+00
1.551999999999999957e+01,5.569649505615234375e+01,4.789757728576660156e+00,2.506638717651367188e+01,3.000000000000000000e+00
1.554000000000000092e+01,5.597712326049804688e+01,4.835722923278808594e+00,2.507984542846679688e+01,3.000000000000000000e+00
1.556000000000000050e+01,5.625762176513671875e+01,4.881557464599609375e+00,2.509382057189941406e+01,3.000000000000000000e+00
1.558000000000000007e+01,5.653810882568359375e+01,4.927248954772949219e+00,2.510796737670898438e+01,3.000000000000000000e+00
1.559999999999999964e+01,5.681871032714843750e+01,4.972783565521240234e+00,2.512185859680175781e+01,3.000000000000000000e+00
1.562000000000000099e+01,5.709954833984375000e+01,5.018148899078369141e+00,2.513507461547851562e+01,3.000000000000000000e+00
1.564000000000000057e+01,5.738067245483398438e+01,5.063335418701171875e+00,2.514725685119628906e+01,3.000000000000000000e+00
1.566000000000000014e+01,5.766207122802734375e+01,5.108334541320800781e+00,2.515809822082519531e+01,3.000000000000000000e+00
1.567999999999999972e+01,5.794376754760742188e+01,5.153139591217041016e+00,2.516732406616210938e+01,3.000000000000000000e+00
1.570000000000000107e+01,5.822576904296875000e+01,5.197744369506835938e+00,2.517469787597656250e+01,3.000000000000000000e+00
1.572000000000000064e+01,5.850808715820312500e+01,5.242145061492919922e+00,2.518004989624023438e+01,3.000000000000000000e+00
1.574000000000000021e+01,5.879070663452148438e+01,5.286342144012451172e+00,2.518333244323730469e+01,3.000000000000000000e+00
1.575999999999999979e+01,5.907363128662109375e+01,5.330333709716796875e+00,2.518458747863769531e+01,3.000000000000000000e+00
1.578000000000000114e+01,5.935687637329101562e+01,5.374119281768798828e+00,2.518393516540527344e+01,3.000000000000000000e+00
1.580000000000000071e+01,5.964046478271484375e+01,5.417698383331298828e+00,2.518157577514648438e+01,3.000000000000000000e+00
1.582000000000000028e+01,5.992435455322265625e+01,5.461071968078613281e+00,2.517779922485351562e+01,3.000000000000000000e+00
1.583999999999999986e+01,6.020847320556640625e+01,5.504241943359375000e+00,2.517295265197753906e+01,3.000000000000000000e+00
1.586000000000000121e+01,6.049275588989257812e+01,5.547210216522216797e+00,2.516742134094238281e+01,3.000000000000000000e+00
1.588000000000000078e+01,6.077716064453125000e+01,5.589981079101562500e+00,2.516159439086914062e+01,3.000000000000000000e+00
1.590000000000000036e+01,6.106164169311523438e+01,5.632561206817626953e+00,2.515585899353027344e+01,3.000000000000000000e+00
1.591999999999999993e+01,6.134613800048828125e+01,5.674960136413574219e+00,2.515060615539550781e+01,3.000000000000000000e+00
1.593999999999999950e+01,6.163055801391601562e+01,5.717189788818359375e+00,2.514619445800781250e+01,3.000000000000000000e+00
1.596000000000000085e+01,6.191482925415039062e+01,5.759264469146728516e+00,2.514291381835937500e+01,3.000000000000000000e+00
1.598000000000000043e+01,6.219889831542968750e+01,5.801198005676269531e+00,2.514099502563476562e+01,3.000000000000000000e+00
1.600000000000000000e+01,6.248275756835937500e+01,5.843005180358886719e+00,2.514056968688964844e+01,3.000000000000000000e+00
1.601999999999999957e+01,6.276636123657226562e+01,5.884700775146484375e+00,2.514175796508789062e+01,3.000000000000000000e+00
1.603999999999999915e+01,6.304966354370117188e+01,5.926298618316650391e+00,2.514461708068847656e+01,3.000000000000000000e+00
1.605999999999999872e+01,6.333263397216796875e+01,5.967807769775390625e+00,2.514911842346191406e+01,3.000000000000000000e+00
1.608000000000000185e+01,6.361527633666992188e+01,6.009234428405761719e+00,2.515516090393066406e+01,3.000000000000000000e+00
1.610000000000000142e+01,6.389762115478515625e+01,6.050578594207763672e+00,2.516261482238769531e+01,3.000000000000000000e+00
1.612000000000000099e+01,6.417970275878906250e+01,6.091837882995605469e+00,2.517130470275878906e+01,3.000000000000000000e+00
1.614000000000000057e+01,6.446157073974609375e+01,6.133004665374755859e+00,2.518100357055664062e+01,3.000000000000000000e+00
1.616000000000000014e+01,6.474329376220703125e+01,6.174067020416259766e+00,2.519145774841308594e+01,3.000000000000000000e+00
1.617999999999999972e+01,6.502498626708984375e+01,6.215009689331054688e+00,2.520232582092285156e+01,3.000000000000000000e+00
1.619999999999999929e+01,6.530680847167968750e+01,6.255816459655761719e+00,2.521315574645996094e+01,3.000000000000000000e+00
1.621999999999999886e+01,6.558885955810546875e+01,6.296473026275634766e+00,2.522348976135253906e+01,3.000000000000000000e+00
1.624000000000000199e+01,6.587122344970703125e+01,6.336966037750244141e+00,2.523291587829589844e+01,3.000000000000000000e+00
1.626000000000000156e+01,6.615390777587890625e+01,6.377286911010742188e+00,2.524107551574707031e+01,3.000000000000000000e+00
1.628000000000000114e+01,6.643690490722656250e+01,6.417426109313964844e+00,2.524763679504394531e+01,3.000000000000000000e+00
1.630000000000000071e+01,6.672023773193359375e+01,6.457377910614013672e+00,2.525230407714843750e+01,3.000000000000000000e+00
1.632000000000000028e+01,6.700389862060546875e+01,6.497140407562255859e+00,2.525488090515136719e+01,3.000000000000000000e+00
1.633999999999999986e+01,6.728786468505859375e+01,6.536710739135742188e+00,2.525527000427246094e+01,3.000000000000000000e+00
1.635999999999999943e+01,6.757212829589843750e+01,6.576086997985839844e+00,2.525349426269531250e+01,3.000000000000000000e+00
1.637999999999999901e+01,6.785671234130859375e+01,6.615267276763916016e+00,2.524969100952148438e+01,3.000000000000000000e+00
1.639999999999999858e+01,6.814163970947265625e+01,6.654248237609863281e+00,2.524410247802734375e+01,3.000000000000000000e+00
1.642000000000000171e+01,6.842687225341796875e+01,6.693026542663574219e+00,2.523707008361816406e+01,3.000000000000000000e+00
1.644000000000000128e+01,6.871232604980468750e+01,6.731599807739257812e+00,2.522900199890136719e+01,3.000000000000000000e+00
1.646000000000000085e+01,6.899794006347656250e+01,6.769967555999755859e+00,2.522033500671386719e+01,3.000000000000000000e+00
1.648000000000000043e+01,6.928364562988281250e+01,6.808131217956542969e+00,2.521150588989257812e+01,3.000000000000000000e+00
1.650000000000000000e+01,6.956940460205078125e+01,6.846095561981201172e+00,2.520295906066894531e+01,3.000000000000000000e+00
1.651999999999999957e+01,6.985514831542968750e+01,6.883869647979736328e+00,2.519517326354980469e+01,3.000000000000000000e+00
1.653999999999999915e+01,7.014077758789062500e+01,6.921466350555419922e+00,2.518857765197753906e+01,3.000000000000000000e+00
1.655999999999999872e+01,7.042619323730468750e+01,6.958900928497314453e+00,2.518349075317382812e+01,3.000000000000000000e+00
1.658000000000000185e+01,7.071134948730468750e+01,6.996191024780273438e+00,2.518014526367187500e+01,3.000000000000000000e+00
1.660000000000000142e+01,7.099620056152343750e+01,7.033351421356201172e+00,2.517870712280273438e+01,3.000000000000000000e+00
1.662000000000000099e+01,7.128070068359375000e+01,7.070400238037109375e+00,2.517933654785156250e+01,3.000000000000000000e+00
1.664000000000000057e+01,7.156478118896484375e+01,7.107353687286376953e+00,2.518212890625000000e+01,3.000000000000000000e+00
1.666000000000000014e+01,7.184840393066406250e+01,7.144223690032958984e+00,2.518706893920898438e+01,3.000000000000000000e+00
1.667999999999999972e+01,7.213156890869140625e+01,7.181017875671386719e+00,2.519405746459960938e+01,3.000000000000000000e+00
1.669999999999999929e+01,7.241429138183593750e+01,7.217741489410400391e+00,2.520295906066894531e+01,3.000000000000000000e+00
1.671999999999999886e+01,7.269658660888671875e+01,7.254392623901367188e+00,2.521361541748046875e+01,3.000000000000000000e+00
1.674000000000000199e+01,7.297851562500000000e+01,7.290966033935546875e+00,2.522581291198730469e+01,3.000000000000000000e+00
1.676000000000000156e+01,7.326016235351562500e+01,7.327450275421142578e+00,2.523928070068359375e+01,3.000000000000000000e+00
1.678000000000000114e+01,7.354164886474609375e+01,7.363829135894775391e+00,2.525359153747558594e+01,3.000000000000000000e+00
1.680000000000000071e+01,7.382315826416015625e+01,7.400086879730224609e+00,2.526815986633300781e+01,3.000000000000000000e+00
1.682000000000000028e+01,7.410486602783203125e+01,7.436207294464111328e+00,2.528238677978515625e+01,3.000000000000000000e+00
1.683999999999999986e+01,7.438686370849609375e+01,7.472177505493164062e+00,2.529570579528808594e+01,3.000000000000000000e+00
1.685999999999999943e+01,7.466917419433593750e+01,7.507987022399902344e+00,2.530757522583007812e+01,3.000000000000000000e+00
1.687999999999999901e+01,7.495179748535156250e+01,7.543629169464111328e+00,2.531750679016113281e+01,3.000000000000000000e+00
1.689999999999999858e+01,7.523475646972656250e+01,7.579099178314208984e+00,2.532509231567382812e+01,3.000000000000000000e+00
1.692000000000000171e+01,7.551805114746093750e+01,7.614396095275878906e+00,2.533005332946777344e+01,3.000000000000000000e+00
1.694000000000000128e+01,7.580164337158203125e+01,7.649518966674804688e+00,2.533226013183593750e+01,3.000000000000000000e+00
1.696000000000000085e+01,7.608550262451171875e+01,7.684467315673828125e+00,2.533172798156738281e+01,3.000000000000000000e+00
1.698000000000000043e+01,7.636962890625000000e+01,7.719238281250000000e+00,2.532860183715820312e+01,3.000000000000000000e+00
1.700000000000000000e+01,7.665406799316406250e+01,7.753828048706054688e+00,2.532312583923339844e+01,3.000000000000000000e+00
1.701999999999999957e+01,7.693887329101562500e+01,7.788233280181884766e+00,2.531564712524414062e+01,3.000000000000000000e+00
1.703999999999999915e+01,7.722399139404296875e+01,7.822448730468750000e+00,2.530659103393554688e+01,3.000000000000000000e+00
1.705999999999999872e+01,7.750935363769531250e+01,7.856471538543701172e+00,2.529643249511718750e+01,3.000000000000000000e+00
1.708000000000000185e+01,7.779486846923828125e+01,7.890298843383789062e+00,2.528566932678222656e+01,3.000000000000000000e+00
1.710000000000000142e+01,7.808048248291015625e+01,7.923931121826171875e+00,2.527482795715332031e+01,3.000000000000000000e+00
1.712000000000000099e+01,7.836611938476562500e+01,7.957372188568115234e+00,2.526449203491210938e+01,3.000000000000000000e+00
1.714000000000000057e+01,7.865167236328125000e+01,7.990631103515625000e+00,2.525521469116210938e+01,3.000000000000000000e+00
1.716000000000000014e+01,7.893702697753906250e+01,8.023719787597656250e+00,2.524741554260253906e+01,3.000000000000000000e+00
1.717999999999999972e+01,7.922210693359375000e+01,8.056653022766113281e+00,2.524140930175781250e+01,3.000000000000000000e+00
1.719999999999999929e+01,7.950686645507812500e+01,8.089447021484375000e+00,2.523744010925292969e+01,3.000000000000000000e+00
1.721999999999999886e+01,7.979125213623046875e+01,8.122116088867187500e+00,2.523576927185058594e+01,3.000000000000000000e+00
1.724000000000000199e+01,8.007518768310546875e+01,8.154676437377929688e+00,2.523657417297363281e+01,3.000000000000000000e+00
1.726000000000000156e+01,8.035861968994140625e+01,8.187139511108398438e+00,2.523987960815429688e+01,3.000000000000000000e+00
1.728000000000000114e+01,8.064155578613281250e+01,8.219511985778808594e+00,2.524557685852050781e+01,3.000000000000000000e+00
1.730000000000000071e+01,8.092400360107421875e+01,8.251795768737792969e+00,2.525349044799804688e+01,3.000000000000000000e+00
1.732000000000000028e+01,8.120599365234375000e+01,8.283989906311035156e+00,2.526343536376953125e+01,3.000000000000000000e+00
1.733999999999999986e+01,8.148757171630859375e+01,8.316084861755371094e+00,2.527518653869628906e+01,3.000000000000000000e+00
1.735999999999999943e+01,8.176886749267578125e+01,8.348067283630371094e+00,2.528845214843750000e+01,3.000000000000000000e+00
1.737999999999999901e+01,8.205004882812500000e+01,8.379921913146972656e+00,2.530275154113769531e+01,3.000000000000000000e+00
1.740000000000000213e+01,8.233134460449218750e+01,8.411630630493164062e+00,2.531739044189453125e+01,3.000000000000000000e+00
1.742000000000000171e+01,8.261291503906250000e+01,8.443181037902832031e+00,2.533162689208984375e+01,3.000000000000000000e+00
1.744000000000000128e+01,8.289484405517578125e+01,8.474563598632812500e+00,2.534473800659179688e+01,3.000000000000000000e+00
1.746000000000000085e+01,8.317711639404296875e+01,8.505775451660156250e+00,2.535604858398437500e+01,3.000000000000000000e+00
1.748000000000000043e+01,8.345971679687500000e+01,8.536817550659179688e+00,2.536496353149414062e+01,3.000000000000000000e+00
1.750000000000000000e+01,8.374264526367187500e+01,8.567692756652832031e+00,2.537103080749511719e+01,3.000000000000000000e+00
1.751999999999999957e+01,8.402589416503906250e+01,8.598403930664062500e+00,2.537394332885742188e+01,3.000000000000000000e+00
1.753999999999999915e+01,8.430943298339843750e+01,8.628952980041503906e+00,2.537359237670898438e+01,3.000000000000000000e+00
1.755999999999999872e+01,8.459322357177734375e+01,8.659340858459472656e+00,2.537002182006835938e+01,3.000000000000000000e+00
1.758000000000000185e+01,8.487727355957031250e+01,8.689561843872070312e+00,2.536341857910156250e+01,3.000000000000000000e+00
1.760000000000000142e+01,8.516162872314453125e+01,8.719608306884765625e+00,2.535410308837890625e+01,3.000000000000000000e+00
1.762000000000000099e+01,8.544635772705078125e+01,8.749470710754394531e+00,2.534252166748046875e+01,3.000000000000000000e+00
1.764000000000000057e+01,8.573145294189453125e+01,8.779137611389160156e+00,2.532918167114257812e+01,3.000000000000000000e+00
1.766000000000000014e+01,8.601681518554687500e+01,8.808597564697265625e+00,2.531464576721191406e+01,3.000000000000000000e+00
1.767999999999999972e+01,8.630233764648437500e+01,8.837842941284179688e+00,2.529952049255371094e+01,3.000000000000000000e+00
1.769999999999999929e+01,8.658796691894531250e+01,8.866866111755371094e+00,2.528445053100585938e+01,3.000000000000000000e+00
1.771999999999999886e+01,8.687360382080078125e+01,8.895666122436523438e+00,2.527012634277343750e+01,3.000000000000000000e+00
1.774000000000000199e+01,8.715913391113281250e+01,8.924247741699218750e+00,2.525718688964843750e+01,3.000000000000000000e+00
1.776000000000000156e+01,8.744444274902343750e+01,8.952616691589355469e+00,2.524609756469726562e+01,3.000000000000000000e+00
1.778000000000000114e+01,8.772943115234375000e+01,8.980788230895996094e+00,2.523719787597656250e+01,3.000000000000000000e+00
1.780000000000000071e+01,8.801404571533203125e+01,9.008774757385253906e+00,2.523076248168945312e+01,3.000000000000000000e+00
1.782000000000000028e+01,8.829823303222656250e+01,9.036588668823242188e+00,2.522706794738769531e+01,3.000000000000000000e+00
1.783999999999999986e+01,8.858190917968750000e+01,9.064242362976074219e+00,2.522626113891601562e+01,3.000000000000000000e+00
1.785999999999999943e+01,8.886503601074218750e+01,9.091746330261230469e+00,2.522830200195312500e+01,3.000000000000000000e+00
1.787999999999999901e+01,8.914756774902343750e+01,9.119112014770507812e+00,2.523303985595703125e+01,3.000000000000000000e+00
1.790000000000000213e+01,8.942951202392578125e+01,9.146345138549804688e+00,2.524028968811035156e+01,3.000000000000000000e+00
1.792000000000000171e+01,8.971089172363281250e+01,9.173449516296386719e+00,2.524990081787109375e+01,3.000000000000000000e+00
1.794000000000000128e+01,8.999176788330078125e+01,9.200423240661621094e+00,2.526169586181640625e+01,3.000000000000000000e+00
1.796000000000000085e+01,9.027222442626953125e+01,9.227259635925292969e+00,2.527543067932128906e+01,3.000000000000000000e+00
1.798000000000000043e+01,9.055241394042968750e+01,9.253948211669921875e+00,2.529069519042968750e+01,3.000000000000000000e+00
1.800000000000000000e+01,9.083251953125000000e+01,9.280478477478027344e+00,2.530685806274414062e+01,3.000000000000000000e+00
1.801999999999999957e+01,9.111276245117187500e+01,9.306847572326660156e+00,2.532322692871093750e+01,3.000000000000000000e+00
1.803999999999999915e+01,9.139333343505859375e+01,9.333049774169921875e+00,2.533908653259277344e+01,3.000000000000000000e+00
1.805999999999999872e+01,9.167428588867187500e+01,9.359085083007812500e+00,2.535367584228515625e+01,3.000000000000000000e+00
1.808000000000000185e+01,9.195563507080078125e+01,9.384961128234863281e+00,2.536625862121582031e+01,3.000000000000000000e+00
1.810000000000000142e+01,9.223742675781250000e+01,9.410686492919921875e+00,2.537618255615234375e+01,3.000000000000000000e+00
1.812000000000000099e+01,9.251964569091796875e+01,9.436271667480468750e+00,2.538293457031250000e+01,3.000000000000000000e+00
1.814000000000000057e+01,9.280224609375000000e+01,9.461725234985351562e+00,2.538616561889648438e+01,3.000000000000000000e+00
1.816000000000000014e+01,9.308517456054687500e+01,9.487052917480468750e+00,2.538569831848144531e+01,3.000000000000000000e+00
1.817999999999999972e+01,9.336837005615234375e+01,9.512254714965820312e+00,2.538153457641601562e+01,3.000000000000000000e+00
1.819999999999999929e+01,9.365184783935546875e+01,9.537324905395507812e+00,2.537384033203125000e+01,3.000000000000000000e+00
1.821999999999999886e+01,9.393563842773437500e+01,9.562252998352050781e+00,2.536292266845703125e+01,3.000000000000000000e+00
1.824000000000000199e+01,9.421979522705078125e+01,9.587026596069335938e+00,2.534918403625488281e+01,3.000000000000000000e+00
1.826000000000000156e+01,9.450438690185546875e+01,9.611627578735351562e+00,2.533311080932617188e+01,3.000000000000000000e+00
1.828000000000000114e+01,9.478936767578125000e+01,9.636037826538085938e+00,2.531528091430664062e+01,3.000000000000000000e+00
1.830000000000000071e+01,9.507465362548828125e+01,9.660234451293945312e+00,2.529636573791503906e+01,3.000000000000000000e+00
1.832000000000000028e+01,9.536014556884765625e+01,9.684198379516601562e+00,2.527709388732910156e+01,3.000000000000000000e+00
1.833999999999999986e+01,9.564574432373046875e+01,9.707913398742675781e+00,2.525817680358886719e+01,3.000000000000000000e+00
1.835999999999999943e+01,9.593132019042968750e+01,9.731369018554687500e+00,2.524025535583496094e+01,3.000000000000000000e+00
1.837999999999999901e+01,9.621677398681640625e+01,9.754562377929687500e+00,2.522388458251953125e+01,3.000000000000000000e+00
1.840000000000000213e+01,9.650205230712890625e+01,9.777497291564941406e+00,2.520953941345214844e+01,3.000000000000000000e+00
1.842000000000000171e+01,9.678707122802734375e+01,9.800176620483398438e+00,2.519766426086425781e+01,3.000000000000000000e+00
1.844000000000000128e+01,9.707172393798828125e+01,9.822608947753906250e+00,2.518855667114257812e+01,3.000000000000000000e+00
1.846000000000000085e+01,9.735591888427734375e+01,9.844805717468261719e+00,2.518233871459960938e+01,3.000000000000000000e+00
1.848000000000000043e+01,9.763957977294921875e+01,9.866779327392578125e+00,2.517902946472167969e+01,3.000000000000000000e+00
1.850000000000000000e+01,9.792266845703125000e+01,9.888539314270019531e+00,2.517859268188476562e+01,3.000000000000000000e+00
1.851999999999999957e+01,9.820518493652343750e+01,9.910093307495117188e+00,2.518106460571289062e+01,3.000000000000000000e+00
1.853999999999999915e+01,9.848709869384765625e+01,9.931443214416503906e+00,2.518643951416015625e+01,3.000000000000000000e+00
1.855999999999999872e+01,9.876843261718750000e+01,9.952589988708496094e+00,2.519456291198730469e+01,3.000000000000000000e+00
1.858000000000000185e+01,9.904926300048828125e+01,9.973530769348144531e+00,2.520517730712890625e+01,3.000000000000000000e+00
1.860000000000000142e+01,9.932969665527343750e+01,9.994263648986816406e+00,2.521785926818847656e+01,3.000000000000000000e+00
1.862000000000000099e+01,9.960989379882812500e+01,1.001478290557861328e+01,2.523204612731933594e+01,3.000000000000000000e+00
1.864000000000000057e+01,9.989003753662109375e+01,1.003508949279785156e+01,2.524709701538085938e+01,3.000000000000000000e+00
1.866000000000000014e+01,1.001703109741210938e+02,1.005518722534179688e+01,2.526227760314941406e+01,3.000000000000000000e+00
1.867999999999999972e+01,1.004508895874023438e+02,1.007509040832519531e+01,2.527678298950195312e+01,3.000000000000000000e+00
1.869999999999999929e+01,1.007318420410156250e+02,1.009481716156005859e+01,2.528981208801269531e+01,3.000000000000000000e+00
1.871999999999999886e+01,1.010131988525390625e+02,1.011438465118408203e+01,2.530068588256835938e+01,3.000000000000000000e+00
1.874000000000000199e+01,1.012949523925781250e+02,1.013381385803222656e+01,2.530885696411132812e+01,3.000000000000000000e+00
1.876000000000000156e+01,1.015770645141601562e+02,1.015312099456787109e+01,2.531389427185058594e+01,3.000000000000000000e+00
1.878000000000000114e+01,1.018595123291015625e+02,1.017231464385986328e+01,2.531551551818847656e+01,3.000000000000000000e+00
1.880000000000000071e+01,1.021422805786132812e+02,1.019140148162841797e+01,2.531360435485839844e+01,3.000000000000000000e+00
1.882000000000000028e+01,1.024253692626953125e+02,1.021038150787353516e+01,2.530818367004394531e+01,3.000000000000000000e+00
1.883999999999999986e+01,1.027087631225585938e+02,1.022924518585205078e+01,2.529942703247070312e+01,3.000000000000000000e+00
1.885999999999999943e+01,1.029924850463867188e+02,1.024798297882080078e+01,2.528762626647949219e+01,3.000000000000000000e+00
1.887999999999999901e+01,1.032765884399414062e+02,1.026657581329345703e+01,2.527318572998046875e+01,3.000000000000000000e+00
1.890000000000000213e+01,1.035611190795898438e+02,1.028499984741210938e+01,2.525659751892089844e+01,3.000000000000000000e+00
1.892000000000000171e+01,1.038460083007812500e+02,1.030323123931884766e+01,2.523846435546875000e+01,3.000000000000000000e+00
1.894000000000000128e+01,1.041311569213867188e+02,1.032124423980712891e+01,2.521943092346191406e+01,3.000000000000000000e+00
1.896000000000000085e+01,1.044164657592773438e+02,1.033901596069335938e+01,2.520014762878417969e+01,3.000000000000000000e+00
1.898000000000000043e+01,1.047018432617187500e+02,1.035652732849121094e+01,2.518125152587890625e+01,3.000000000000000000e+00
1.900000000000000000e+01,1.049872436523437500e+02,1.037376403808593750e+01,2.516334342956542969e+01,3.000000000000000000e+00
1.901999999999999957e+01,1.052725677490234375e+02,1.039072036743164062e+01,2.514699363708496094e+01,3.000000000000000000e+00
1.903999999999999915e+01,1.055577011108398438e+02,1.040739154815673828e+01,2.513266372680664062e+01,3.000000000000000000e+00
1.905999999999999872e+01,1.058425369262695312e+02,1.042378234863281250e+01,2.512069511413574219e+01,3.000000000000000000e+00
1.908000000000000185e+01,1.061269912719726562e+02,1.043989849090576172e+01,2.511132049560546875e+01,3.000000000000000000e+00
1.910000000000000142e+01,1.064110183715820312e+02,1.045574855804443359e+01,2.510472488403320312e+01,3.000000000000000000e+00
1.912000000000000099e+01,1.066945571899414062e+02,1.047133636474609375e+01,2.510111808776855469e+01,3.000000000000000000e+00
1.914000000000000057e+01,1.069775314331054688e+02,1.048666572570800781e+01,2.510061073303222656e+01,3.000000000000000000e+00
1.916000000000000014e+01,1.072599182128906250e+02,1.050174617767333984e+01,2.510311317443847656e+01,3.000000000000000000e+00
1.917999999999999972e+01,1.075416870117187500e+02,1.051658630371093750e+01,2.510843658447265625e+01,3.000000000000000000e+00
1.919999999999999929e+01,1.078228683471679688e+02,1.053119373321533203e+01,2.511637115478515625e+01,3.000000000000000000e+00
1.921999999999999886e+01,1.081034851074218750e+02,1.054556941986083984e+01,2.512668800354003906e+01,3.000000000000000000e+00
1.924000000000000199e+01,1.083836135864257812e+02,1.055971240997314453e+01,2.513912200927734375e+01,3.000000000000000000e+00
1.926000000000000156e+01,1.086633605957031250e+02,1.057361698150634766e+01,2.515337562561035156e+01,3.000000000000000000e+00
1.928000000000000114e+01,1.089428710937500000e+02,1.058728408813476562e+01,2.516901206970214844e+01,3.000000000000000000e+00
1.930000000000000071e+01,1.092223434448242188e+02,1.060072040557861328e+01,2.518541336059570312e+01,3.000000000000000000e+00
1.932000000000000028e+01,1.095019760131835938e+02,1.061393547058105469e+01,2.520194053649902344e+01,3.000000000000000000e+00
1.933999999999999986e+01,1.097819595336914062e+02,1.062694454193115234e+01,2.521794319152832031e+01,3.000000000000000000e+00
1.935999999999999943e+01,1.100623474121093750e+02,1.063976860046386719e+01,2.523270606994628906e+01,3.000000000000000000e+00
1.937999999999999901e+01,1.103431472778320312e+02,1.065243434906005859e+01,2.524551010131835938e+01,3.000000000000000000e+00
1.940000000000000213e+01,1.106243820190429688e+02,1.066496944427490234e+01,2.525571823120117188e+01,3.000000000000000000e+00
1.942000000000000171e+01,1.109060516357421875e+02,1.067739486694335938e+01,2.526282119750976562e+01,3.000000000000000000e+00
1.944000000000000128e+01,1.111881103515625000e+02,1.068972969055175781e+01,2.526643371582031250e+01,3.000000000000000000e+00
1.946000000000000085e+01,1.114705123901367188e+02,1.070198535919189453e+01,2.526632308959960938e+01,3.000000000000000000e+00
1.948000000000000043e+01,1.117532119750976562e+02,1.071416664123535156e+01,2.526242637634277344e+01,3.000000000000000000e+00
1.950000000000000000e+01,1.120362091064453125e+02,1.072626686096191406e+01,2.525483894348144531e+01,3.000000000000000000e+00
1.951999999999999957e+01,1.123195190429687500e+02,1.073827362060546875e+01,2.524379920959472656e+01,3.000000000000000000e+00
1.953999999999999915e+01,1.126031799316406250e+02,1.075016975402832031e+01,2.522966766357421875e+01,3.000000000000000000e+00
1.955999999999999872e+01,1.128872528076171875e+02,1.076193428039550781e+01,2.521288108825683594e+01,3.000000000000000000e+00
1.958000000000000185e+01,1.131717529296875000e+02,1.077354240417480469e+01,2.519396018981933594e+01,3.000000000000000000e+00
1.960000000000000142e+01,1.134566192626953125e+02,1.078496742248535156e+01,2.517352676391601562e+01,3.000000000000000000e+00
1.962000000000000099e+01,1.137417373657226562e+02,1.079618358612060547e+01,2.515228462219238281e+01,3.000000000000000000e+00
1.964000000000000057e+01,1.140270233154296875e+02,1.080716419219970703e+01,2.513096618652343750e+01,3.000000000000000000e+00
1.966000000000000014e+01,1.143123626708984375e+02,1.081788825988769531e+01,2.511028861999511719e+01,3.000000000000000000e+00
1.967999999999999972e+01,1.145976715087890625e+02,1.082834053039550781e+01,2.509091758728027344e+01,3.000000000000000000e+00
1.969999999999999929e+01,1.148828811645507812e+02,1.083851146697998047e+01,2.507343673706054688e+01,3.000000000000000000e+00
1.971999999999999886e+01,1.151678848266601562e+02,1.084839248657226562e+01,2.505837249755859375e+01,3.000000000000000000e+00
1.974000000000000199e+01,1.154525756835937500e+02,1.085798645019531250e+01,2.504610633850097656e+01,3.000000000000000000e+00
1.976000000000000156e+01,1.157368164062500000e+02,1.086730098724365234e+01,2.503684234619140625e+01,3.000000000000000000e+00
1.978000000000000114e+01,1.160205612182617188e+02,1.087633991241455078e+01,2.503067779541015625e+01,3.000000000000000000e+00
1.980000000000000071e+01,1.163037643432617188e+02,1.088511085510253906e+01,2.502766036987304688e+01,3.000000000000000000e+00
1.982000000000000028e+01,1.165863876342773438e+02,1.089361763000488281e+01,2.502783203125000000e+01,3.000000000000000000e+00
1.983999999999999986e+01,1.168683624267578125e+02,1.090186214447021484e+01,2.503114891052246094e+01,3.000000000000000000e+00
1.985999999999999943e+01,1.171496658325195312e+02,1.090984439849853516e+01,2.503746414184570312e+01,3.000000000000000000e+00
1.987999999999999901e+01,1.174303131103515625e+02,1.091756725311279297e+01,2.504655265808105469e+01,3.000000000000000000e+00
1.990000000000000213e+01,1.177103652954101562e+02,1.092503643035888672e+01,2.505809593200683594e+01,3.000000000000000000e+00
1.992000000000000171e+01,1.179899444580078125e+02,1.093225193023681641e+01,2.507173538208007812e+01,3.000000000000000000e+00
1.994000000000000128e+01,1.182691726684570312e+02,1.093921470642089844e+01,2.508710098266601562e+01,3.000000000000000000e+00
1.996000000000000085e+01,1.185482101440429688e+02,1.094592761993408203e+01,2.510376739501953125e+01,3.000000000000000000e+00
1.998000000000000043e+01,1.188272476196289062e+02,1.095239925384521484e+01,2.512117195129394531e+01,3.000000000000000000e+00
2.000000000000000000e+01,1.191064758300781250e+02,1.095864677429199219e+01,2.513864135742187500e+01,3.000000000000000000e+00
2.001999999999999957e+01,1.193860855102539062e+02,1.096468925476074219e+01,2.515552139282226562e+01,3.000000000000000000e+00
2.003999999999999915e+01,1.196661376953125000e+02,1.097055149078369141e+01,2.517119026184082031e+01,3.000000000000000000e+00
2.005999999999999872e+01,1.199466171264648438e+02,1.097626018524169922e+01,2.518501663208007812e+01,3.000000000000000000e+00
2.008000000000000185e+01,1.202275390625000000e+02,1.098184204101562500e+01,2.519641876220703125e+01,3.000000000000000000e+00
2.010000000000000142e+01,1.205088958740234375e+02,1.098732376098632812e+01,2.520489692687988281e+01,3.000000000000000000e+00
2.012000000000000099e+01,1.207906875610351562e+02,1.099272537231445312e+01,2.521007347106933594e+01,3.000000000000000000e+00
2.014000000000000057e+01,1.210728836059570312e+02,1.099805831909179688e+01,2.521170997619628906e+01,3.000000000000000000e+00
2.016000000000000014e+01,1.213554382324218750e+02,1.100332927703857422e+01,2.520971488952636719e+01,3.000000000000000000e+00
2.017999999999999972e+01,1.216383285522460938e+02,1.100853538513183594e+01,2.520414352416992188e+01,3.000000000000000000e+00
2.019999999999999929e+01,1.219215698242187500e+02,1.101366806030273438e+01,2.519517898559570312e+01,3.000000000000000000e+00
2.021999999999999886e+01,1.222052001953125000e+02,1.101871204376220703e+01,2.518314552307128906e+01,3.000000000000000000e+00
2.024000000000000199e+01,1.224892730712890625e+02,1.102364635467529297e+01,2.516845512390136719e+01,3.000000000000000000e+00
2.026000000000000156e+01,1.227738113403320312e+02,1.102845191955566406e+01,2.515157318115234375e+01,3.000000000000000000e+00
2.028000000000000114e+01,1.230587539672851562e+02,1.103310489654541016e+01,2.513304901123046875e+01,3.000000000000000000e+00
2.030000000000000071e+01,1.233440093994140625e+02,1.103758811950683594e+01,2.511350059509277344e+01,3.000000000000000000e+00
2.032000000000000028e+01,1.236294937133789062e+02,1.104187965393066406e+01,2.509358215332031250e+01,3.000000000000000000e+00
2.033999999999999986e+01,1.239150848388671875e+02,1.104596042633056641e+01,2.507394790649414062e+01,3.000000000000000000e+00
2.035999999999999943e+01,1.242006912231445312e+02,1.104981613159179688e+01,2.505522727966308594e+01,3.000000000000000000e+00
2.037999999999999901e+01,1.244862442016601562e+02,1.105343532562255859e+01,2.503799819946289062e+01,3.000000000000000000e+00
2.040000000000000213e+01,1.247716598510742188e+02,1.105680942535400391e+01,2.502278518676757812e+01,3.000000000000000000e+00
2.042000000000000171e+01,1.250568313598632812e+02,1.105993270874023438e+01,2.501004409790039062e+01,3.000000000000000000e+00
2.044000000000000128e+01,1.253416290283203125e+02,1.106280422210693359e+01,2.500009346008300781e+01,3.000000000000000000e+00
2.046000000000000085e+01,1.256259613037109375e+02,1.106542873382568359e+01,2.499311065673828125e+01,3.000000000000000000e+00
2.048000000000000043e+01,1.259097366333007812e+02,1.106780624389648438e+01,2.498921775817871094e+01,3.000000000000000000e+00
2.050000000000000000e+01,1.261929168701171875e+02,1.106993961334228516e+01,2.498849487304687500e+01,3.000000000000000000e+00
2.051999999999999957e+01,1.264754333496093750e+02,1.107182598114013672e+01,2.499101066589355469e+01,3.000000000000000000e+00
2.053999999999999915e+01,1.267572250366210938e+02,1.107346534729003906e+01,2.499676322937011719e+01,3.000000000000000000e+00
2.055999999999999872e+01,1.270382537841796875e+02,1.107485198974609375e+01,2.500564956665039062e+01,3.000000000000000000e+00
2.058000000000000185e+01,1.273185272216796875e+02,1.107598590850830078e+01,2.501745223999023438e+01,3.000000000000000000e+00
2.060000000000000142e+01,1.275981445312500000e+02,1.107686901092529297e+01,2.503182792663574219e+01,3.000000000000000000e+00
2.062000000000000099e+01,1.278772277832031250e+02,1.107750225067138672e+01,2.504839515686035156e+01,3.000000000000000000e+00
2.064000000000000057e+01,1.281559295654296875e+02,1.107788658142089844e+01,2.506675338745117188e+01,3.000000000000000000e+00
2.066000000000000014e+01,1.284344177246093750e+02,1.107802772521972656e+01,2.508643722534179688e+01,3.000000000000000000e+00
2.067999999999999972e+01,1.287128753662109375e+02,1.107793521881103516e+01,2.510690498352050781e+01,3.000000000000000000e+00
2.069999999999999929e+01,1.289915313720703125e+02,1.107762432098388672e+01,2.512750434875488281e+01,3.000000000000000000e+00
2.071999999999999886e+01,1.292705993652343750e+02,1.107711601257324219e+01,2.514759445190429688e+01,3.000000000000000000e+00
2.074000000000000199e+01,1.295501403808593750e+02,1.107643699645996094e+01,2.516654014587402344e+01,3.000000000000000000e+00
2.076000000000000156e+01,1.298301849365234375e+02,1.107561779022216797e+01,2.518368148803710938e+01,3.000000000000000000e+00
2.078000000000000114e+01,1.301107788085937500e+02,1.107468605041503906e+01,2.519840812683105469e+01,3.000000000000000000e+00
2.080000000000000071e+01,1.303919219970703125e+02,1.107367038726806641e+01,2.521020126342773438e+01,3.000000000000000000e+00
2.082000000000000028e+01,1.306736145019531250e+02,1.107259273529052734e+01,2.521862792968750000e+01,3.000000000000000000e+00
2.083999999999999986e+01,1.309557952880859375e+02,1.107147312164306641e+01,2.522336196899414062e+01,3.000000000000000000e+00
2.085999999999999943e+01,1.312384338378906250e+02,1.107032299041748047e+01,2.522420501708984375e+01,3.000000000000000000e+00
2.087999999999999901e+01,1.315214843750000000e+02,1.106914424896240234e+01,2.522111320495605469e+01,3.000000000000000000e+00
2.090000000000000213e+01,1.318049163818359375e+02,1.106793403625488281e+01,2.521419525146484375e+01,3.000000000000000000e+00
2.092000000000000171e+01,1.320887451171875000e+02,1.106667804718017578e+01,2.520369911193847656e+01,3.000000000000000000e+00
2.094000000000000128e+01,1.323730316162109375e+02,1.106535625457763672e+01,2.518998527526855469e+01,3.000000000000000000e+00
2.096000000000000085e+01,1.326577911376953125e+02,1.106394863128662109e+01,2.517352676391601562e+01,3.000000000000000000e+00
2.098000000000000043e+01,1.329430541992187500e+02,1.106242847442626953e+01,2.515488052368164062e+01,3.000000000000000000e+00
2.100000000000000000e+01,1.332286987304687500e+02,1.106077194213867188e+01,2.513469314575195312e+01,3.000000000000000000e+00
2.101999999999999957e+01,1.335146942138671875e+02,1.105895328521728516e+01,2.511368179321289062e+01,3.000000000000000000e+00
2.103999999999999915e+01,1.338008728027343750e+02,1.105694961547851562e+01,2.509258079528808594e+01,3.000000000000000000e+00
2.105999999999999872e+01,1.340871276855468750e+02,1.105473709106445312e+01,2.507210540771484375e+01,3.000000000000000000e+00
2.108000000000000185e+01,1.343733825683593750e+02,1.105229568481445312e+01,2.505292892456054688e+01,3.000000000000000000e+00
2.110000000000000142e+01,1.346595611572265625e+02,1.104961109161376953e+01,2.503565788269042969e+01,3.000000000000000000e+00
2.112000000000000099e+01,1.349455566406250000e+02,1.104666900634765625e+01,2.502080535888671875e+01,3.000000000000000000e+00
2.114000000000000057e+01,1.352312011718750000e+02,1.104346179962158203e+01,2.500874710083007812e+01,3.000000000000000000e+00
2.116000000000000014e+01,1.355164031982421875e+02,1.103998470306396484e+01,2.499974250793457031e+01,3.000000000000000000e+00
2.117999999999999972e+01,1.358010559082031250e+02,1.103623104095458984e+01,2.499397277832031250e+01,3.000000000000000000e+00
2.119999999999999929e+01,1.360850830078125000e+02,1.103219699859619141e+01,2.499155807495117188e+01,3.000000000000000000e+00
2.121999999999999886e+01,1.363684234619140625e+02,1.102787685394287109e+01,2.499257850646972656e+01,3.000000000000000000e+00
2.124000000000000199e+01,1.366509704589843750e+02,1.102326488494873047e+01,2.499705696105957031e+01,3.000000000000000000e+00
2.126000000000000156e+01,1.369327087402343750e+02,1.101835250854492188e+01,2.500491523742675781e+01,3.000000000000000000e+00
2.128000000000000114e+01,1.372136230468750000e+02,1.101313591003417969e+01,2.501597595214843750e+01,3.000000000000000000e+00
2.130000000000000071e+01,1.374938812255859375e+02,1.100761413574218750e+01,2.502989959716796875e+01,3.000000000000000000e+00
2.132000000000000028e+01,1.377735748291015625e+02,1.100179004669189453e+01,2.504627799987792969e+01,3.000000000000000000e+00
2.133999999999999986e+01,1.380528259277343750e+02,1.099566841125488281e+01,2.506466865539550781e+01,3.000000000000000000e+00
2.135999999999999943e+01,1.383318176269531250e+02,1.098925590515136719e+01,2.508459854125976562e+01,3.000000000000000000e+00
2.137999999999999901e+01,1.386107482910156250e+02,1.098256778717041016e+01,2.510553932189941406e+01,3.000000000000000000e+00
2.140000000000000213e+01,1.388898468017578125e+02,1.097562599182128906e+01,2.512687110900878906e+01,3.000000000000000000e+00
2.142000000000000171e+01,1.391693115234375000e+02,1.096845436096191406e+01,2.514798927307128906e+01,3.000000000000000000e+00
2.144000000000000128e+01,1.394492340087890625e+02,1.096108531951904297e+01,2.516827583312988281e+01,3.000000000000000000e+00
2.146000000000000085e+01,1.397296752929687500e+02,1.095355606079101562e+01,2.518708419799804688e+01,3.000000000000000000e+00
2.148000000000000043e+01,1.400106811523437500e+02,1.094590091705322266e+01,2.520380020141601562e+01,3.000000000000000000e+00
2.150000000000000000e+01,1.402923126220703125e+02,1.093815708160400391e+01,2.521786308288574219e+01,3.000000000000000000e+00
2.151999999999999957e+01,1.405745544433593750e+02,1.093035602569580078e+01,2.522879409790039062e+01,3.000000000000000000e+00
2.153999999999999915e+01,1.408573760986328125e+02,1.092252254486083984e+01,2.523617935180664062e+01,3.000000000000000000e+00
2.155999999999999872e+01,1.411407012939453125e+02,1.091467952728271484e+01,2.523969078063964844e+01,3.000000000000000000e+00
2.158000000000000185e+01,1.414245300292968750e+02,1.090684032440185547e+01,2.523915481567382812e+01,3.000000000000000000e+00
2.160000000000000142e+01,1.417088012695312500e+02,1.089900588989257812e+01,2.523457145690917969e+01,3.000000000000000000e+00
2.162000000000000099e+01,1.419934997558593750e+02,1.089116859436035156e+01,2.522607803344726562e+01,3.000000000000000000e+00
2.164000000000000057e+01,1.422786254882812500e+02,1.088330936431884766e+01,2.521395492553710938e+01,3.000000000000000000e+00
2.166000000000000014e+01,1.425642242431640625e+02,1.087540245056152344e+01,2.519862937927246094e+01,3.000000000000000000e+00
2.167999999999999972e+01,1.428503570556640625e+02,1.086741733551025391e+01,2.518062782287597656e+01,3.000000000000000000e+00
2.169999999999999929e+01,1.431370086669921875e+02,1.085931777954101562e+01,2.516058349609375000e+01,3.000000000000000000e+00
2.171999999999999886e+01,1.434240570068359375e+02,1.085107135772705078e+01,2.513922882080078125e+01,3.000000000000000000e+00
2.174000000000000199e+01,1.437113647460937500e+02,1.084264183044433594e+01,2.511734962463378906e+01,3.000000000000000000e+00
2.176000000000000156e+01,1.439988098144531250e+02,1.083399105072021484e+01,2.509572982788085938e+01,3.000000000000000000e+00
2.178000000000000114e+01,1.442862854003906250e+02,1.082508659362792969e+01,2.507512664794921875e+01,3.000000000000000000e+00
2.180000000000000071e+01,1.445737152099609375e+02,1.081589794158935547e+01,2.505624580383300781e+01,3.000000000000000000e+00
2.182000000000000028e+01,1.448609619140625000e+02,1.080639839172363281e+01,2.503967285156250000e+01,3.000000000000000000e+00
2.183999999999999986e+01,1.451479034423828125e+02,1.079656887054443359e+01,2.502587127685546875e+01,3.000000000000000000e+00
2.185999999999999943e+01,1.454343566894531250e+02,1.078639221191406250e+01,2.501519775390625000e+01,3.000000000000000000e+00
2.187999999999999901e+01,1.457202301025390625e+02,1.077585506439208984e+01,2.500791168212890625e+01,3.000000000000000000e+00
2.190000000000000213e+01,1.460054168701171875e+02,1.076494503021240234e+01,2.500419616699218750e+01,3.000000000000000000e+00
2.192000000000000171e+01,1.462898406982421875e+02,1.075365352630615234e+01,2.500414466857910156e+01,3.000000000000000000e+00
2.194000000000000128e+01,1.465734558105468750e+02,1.074197101593017578e+01,2.500775527954101562e+01,3.000000000000000000e+00
2.196000000000000085e+01,1.468561706542968750e+02,1.072989273071289062e+01,2.501492500305175781e+01,3.000000000000000000e+00
2.198000000000000043e+01,1.471380310058593750e+02,1.071741485595703125e+01,2.502544784545898438e+01,3.000000000000000000e+00
2.200000000000000000e+01,1.474191436767578125e+02,1.070453834533691406e+01,2.503899192810058594e+01,3.000000000000000000e+00
2.201999999999999957e+01,1.476996307373046875e+02,1.069127273559570312e+01,2.505514717102050781e+01,3.000000000000000000e+00
2.203999999999999915e+01,1.479797058105468750e+02,1.067762851715087891e+01,2.507346534729003906e+01,3.000000000000000000e+00
2.205999999999999872e+01,1.482594604492187500e+02,1.066361713409423828e+01,2.509349822998046875e+01,3.000000000000000000e+00
2.208000000000000185e+01,1.485391082763671875e+02,1.064926052093505859e+01,2.511473083496093750e+01,3.000000000000000000e+00
2.210000000000000142e+01,1.488188934326171875e+02,1.063459110260009766e+01,2.513655471801757812e+01,3.000000000000000000e+00
2.212000000000000099e+01,1.490989685058593750e+02,1.061964321136474609e+01,2.515836715698242188e+01,3.000000000000000000e+00
2.214000000000000057e+01,1.493794860839843750e+02,1.060446071624755859e+01,2.517956733703613281e+01,3.000000000000000000e+00
2.216000000000000014e+01,1.496604461669921875e+02,1.058908748626708984e+01,2.519953727722167969e+01,3.000000000000000000e+00
2.217999999999999972e+01,1.499419250488281250e+02,1.057357120513916016e+01,2.521767997741699219e+01,3.000000000000000000e+00
2.219999999999999929e+01,1.502239227294921875e+02,1.055795669555664062e+01,2.523340988159179688e+01,3.000000000000000000e+00
2.221999999999999886e+01,1.505065002441406250e+02,1.054228305816650391e+01,2.524627113342285156e+01,3.000000000000000000e+00
2.224000000000000199e+01,1.507896118164062500e+02,1.052658081054687500e+01,2.525587654113769531e+01,3.000000000000000000e+00
2.226000000000000156e+01,1.510732421875000000e+02,1.051087665557861328e+01,2.526189422607421875e+01,3.000000000000000000e+00
2.228000000000000114e+01,1.513573608398437500e+02,1.049518871307373047e+01,2.526411819458007812e+01,3.000000000000000000e+00
2.230000000000000071e+01,1.516419372558593750e+02,1.047952461242675781e+01,2.526247215270996094e+01,3.000000000000000000e+00
2.232000000000000028e+01,1.519268951416015625e+02,1.046388244628906250e+01,2.525698661804199219e+01,3.000000000000000000e+00
2.233999999999999986e+01,1.522122802734375000e+02,1.044825553894042969e+01,2.524778175354003906e+01,3.000000000000000000e+00
2.235999999999999943e+01,1.524981079101562500e+02,1.043262386322021484e+01,2.523511314392089844e+01,3.000000000000000000e+00
2.237999999999999901e+01,1.527844238281250000e+02,1.041695880889892578e+01,2.521938705444335938e+01,3.000000000000000000e+00
2.240000000000000213e+01,1.530712890625000000e+02,1.040122222900390625e+01,2.520115089416503906e+01,3.000000000000000000e+00
2.242000000000000171e+01,1.533586120605468750e+02,1.038537406921386719e+01,2.518107414245605469e+01,3.000000000000000000e+00
2.244000000000000128e+01,1.536462554931640625e+02,1.036937522888183594e+01,2.515991973876953125e+01,3.000000000000000000e+00
2.246000000000000085e+01,1.539340820312500000e+02,1.035317993164062500e+01,2.513847351074218750e+01,3.000000000000000000e+00
2.248000000000000043e+01,1.542220001220703125e+02,1.033674430847167969e+01,2.511752319335937500e+01,3.000000000000000000e+00
2.250000000000000000e+01,1.545098876953125000e+02,1.032002639770507812e+01,2.509782600402832031e+01,3.000000000000000000e+00
2.251999999999999957e+01,1.547976531982421875e+02,1.030299282073974609e+01,2.508000183105468750e+01,3.000000000000000000e+00
2.253999999999999915e+01,1.550851287841796875e+02,1.028561401367187500e+01,2.506455612182617188e+01,3.000000000000000000e+00
2.255999999999999872e+01,1.553721771240234375e+02,1.026786327362060547e+01,2.505190658569335938e+01,3.000000000000000000e+00
2.258000000000000185e+01,1.556586761474609375e+02,1.024971389770507812e+01,2.504240036010742188e+01,3.000000000000000000e+00
2.260000000000000142e+01,1.559445800781250000e+02,1.023114299774169922e+01,2.503630447387695312e+01,3.000000000000000000e+00
2.262000000000000099e+01,1.562297668457031250e+02,1.021213054656982422e+01,2.503376579284667969e+01,3.000000000000000000e+00
2.264000000000000057e+01,1.565141754150390625e+02,1.019266033172607422e+01,2.503483009338378906e+01,3.000000000000000000e+00
2.266000000000000014e+01,1.567977294921875000e+02,1.017271900177001953e+01,2.503944778442382812e+01,3.000000000000000000e+00
2.267999999999999972e+01,1.570804443359375000e+02,1.015229129791259766e+01,2.504749298095703125e+01,3.000000000000000000e+00
2.269999999999999929e+01,1.573623962402343750e+02,1.013137149810791016e+01,2.505874824523925781e+01,3.000000000000000000e+00
2.271999999999999886e+01,1.576437225341796875e+02,1.010996437072753906e+01,2.507284545898437500e+01,3.000000000000000000e+00
2.274000000000000199e+01,1.579245605468750000e+02,1.008808135986328125e+01,2.508934211730957031e+01,3.000000000000000000e+00
2.276000000000000156e+01,1.582050781250000000e+02,1.006573772430419922e+01,2.510781288146972656e+01,3.000000000000000000e+00
2.278000000000000114e+01,1.584854583740234375e+02,1.004295158386230469e+01,2.512780570983886719e+01,3.000000000000000000e+00
2.280000000000000071e+01,1.587658843994140625e+02,1.001975250244140625e+01,2.514877891540527344e+01,3.000000000000000000e+00
2.282000000000000028e+01,1.590465698242187500e+02,9.996184349060058594e+00,2.517012023925781250e+01,3.000000000000000000e+00
2.283999999999999986e+01,1.593275604248046875e+02,9.972302436828613281e+00,2.519118118286132812e+01,3.000000000000000000e+00
2.285999999999999943e+01,1.596089324951171875e+02,9.948168754577636719e+00,2.521130943298339844e+01,3.000000000000000000e+00
2.287999999999999901e+01,1.598906860351562500e+02,9.923848152160644531e+00,2.522983169555664062e+01,3.000000000000000000e+00
2.290000000000000213e+01,1.601728820800781250e+02,9.899409294128417969e+00,2.524609565734863281e+01,3.000000000000000000e+00
2.292000000000000171e+01,1.604555053710937500e+02,9.874906539916992188e+00,2.525955963134765625e+01,3.000000000000000000e+00
2.294000000000000128e+01,1.607385711669921875e+02,9.850383758544921875e+00,2.526980590820312500e+01,3.000000000000000000e+00
2.296000000000000085e+01,1.610220794677734375e+02,9.825878143310546875e+00,2.527648925781250000e+01,3.000000000000000000e+00
2.298000000000000043e+01,1.613059692382812500e+02,9.801419258117675781e+00,2.527934646606445312e+01,3.000000000000000000e+00
2.300000000000000000e+01,1.615901489257812500e+02,9.777026176452636719e+00,2.527820396423339844e+01,3.000000000000000000e+00
2.301999999999999957e+01,1.618746032714843750e+02,9.752708435058593750e+00,2.527298545837402344e+01,3.000000000000000000e+00
2.303999999999999915e+01,1.621593170166015625e+02,9.728464126586914062e+00,2.526371383666992188e+01,3.000000000000000000e+00
2.305999999999999872e+01,1.624443206787109375e+02,9.704281806945800781e+00,2.525051307678222656e+01,3.000000000000000000e+00
2.308000000000000185e+01,1.627296600341796875e+02,9.680130958557128906e+00,2.523368644714355469e+01,3.000000000000000000e+00
2.310000000000000142e+01,1.630153808593750000e+02,9.655961990356445312e+00,2.521373939514160156e+01,3.000000000000000000e+00
2.312000000000000099e+01,1.633015289306640625e+02,9.631711006164550781e+00,2.519133377075195312e+01,3.000000000000000000e+00
2.314000000000000057e+01,1.635880279541015625e+02,9.607312202453613281e+00,2.516723823547363281e+01,3.000000000000000000e+00
2.316000000000000014e+01,1.638747558593750000e+02,9.582697868347167969e+00,2.514227294921875000e+01,3.000000000000000000e+00
2.317999999999999972e+01,1.641616363525390625e+02,9.557801246643066406e+00,2.511725044250488281e+01,3.000000000000000000e+00
2.319999999999999929e+01,1.644485778808593750e+02,9.532556533813476562e+00,2.509296417236328125e+01,3.000000000000000000e+00
2.321999999999999886e+01,1.647354888916015625e+02,9.506907463073730469e+00,2.507012176513671875e+01,3.000000000000000000e+00
2.324000000000000199e+01,1.650222167968750000e+02,9.480805397033691406e+00,2.504933166503906250e+01,3.000000000000000000e+00
2.326000000000000156e+01,1.653086242675781250e+02,9.454202651977539062e+00,2.503113937377929688e+01,3.000000000000000000e+00
2.328000000000000114e+01,1.655946197509765625e+02,9.427055358886718750e+00,2.501600646972656250e+01,3.000000000000000000e+00
2.330000000000000071e+01,1.658800964355468750e+02,9.399324417114257812e+00,2.500429153442382812e+01,3.000000000000000000e+00
2.332000000000000028e+01,1.661649475097656250e+02,9.370979309082031250e+00,2.499621009826660156e+01,3.000000000000000000e+00
2.333999999999999986e+01,1.664490661621093750e+02,9.341997146606445312e+00,2.499183464050292969e+01,3.000000000000000000e+00
2.335999999999999943e+01,1.667324218750000000e+02,9.312363624572753906e+00,2.499115562438964844e+01,3.000000000000000000e+00
2.337999999999999901e+01,1.670149536132812500e+02,9.282059669494628906e+00,2.499411010742187500e+01,3.000000000000000000e+00
2.340000000000000213e+01,1.672967071533203125e+02,9.251068115234375000e+00,2.500060462951660156e+01,3.000000000000000000e+00
2.342000000000000171e+01,1.675777740478515625e+02,9.219389915466308594e+00,2.501037216186523438e+01,3.000000000000000000e+00
2.344000000000000128e+01,1.678582458496093750e+02,9.187040328979492188e+00,2.502303504943847656e+01,3.000000000000000000e+00
2.346000000000000085e+01,1.681381988525390625e+02,9.154034614562988281e+00,2.503823471069335938e+01,3.000000000000000000e+00
2.348000000000000043e+01,1.684177551269531250e+02,9.120387077331542969e+00,2.505560493469238281e+01,3.000000000000000000e+00
2.350000000000000000e+01,1.686971282958984375e+02,9.086131095886230469e+00,2.507468986511230469e+01,3.000000000000000000e+00
2.351999999999999957e+01,1.689765319824218750e+02,9.051320075988769531e+00,2.509489822387695312e+01,3.000000000000000000e+00
2.353999999999999915e+01,1.692560577392578125e+02,9.016028404235839844e+00,2.511556053161621094e+01,3.000000000000000000e+00
2.355999999999999872e+01,1.695357360839843750e+02,8.980341911315917969e+00,2.513599967956542969e+01,3.000000000000000000e+00
2.358000000000000185e+01,1.698156433105468750e+02,8.944350242614746094e+00,2.515552902221679688e+01,3.000000000000000000e+00
2.360000000000000142e+01,1.700958251953125000e+02,8.908152580261230469e+00,2.517341613769531250e+01,3.000000000000000000e+00
2.362000000000000099e+01,1.703762969970703125e+02,8.871836662292480469e+00,2.518901062011718750e+01,3.000000000000000000e+00
2.364000000000000057e+01,1.706571350097656250e+02,8.835474014282226562e+00,2.520178985595703125e+01,3.000000000000000000e+00
2.366000000000000014e+01,1.709382934570312500e+02,8.799122810363769531e+00,2.521131324768066406e+01,3.000000000000000000e+00
2.367999999999999972e+01,1.712197418212890625e+02,8.762836456298828125e+00,2.521720695495605469e+01,3.000000000000000000e+00
2.369999999999999929e+01,1.715014038085937500e+02,8.726658821105957031e+00,2.521916580200195312e+01,3.000000000000000000e+00
2.371999999999999886e+01,1.717832489013671875e+02,8.690611839294433594e+00,2.521703338623046875e+01,3.000000000000000000e+00
2.374000000000000199e+01,1.720652465820312500e+02,8.654708862304687500e+00,2.521071624755859375e+01,3.000000000000000000e+00
2.376000000000000156e+01,1.723474121093750000e+02,8.618961334228515625e+00,2.520012855529785156e+01,3.000000000000000000e+00
2.378000000000000114e+01,1.726296997070312500e+02,8.583361625671386719e+00,2.518535614013671875e+01,3.000000000000000000e+00
2.380000000000000071e+01,1.729121246337890625e+02,8.547871589660644531e+00,2.516673088073730469e+01,3.000000000000000000e+00
2.382000000000000028e+01,1.731947479248046875e+02,8.512426376342773438e+00,2.514479255676269531e+01,3.000000000000000000e+00
2.383999999999999986e+01,1.734777221679687500e+02,8.476946830749511719e+00,2.512022018432617188e+01,3.000000000000000000e+00
2.385999999999999943e+01,1.737610015869140625e+02,8.441345214843750000e+00,2.509380912780761719e+01,3.000000000000000000e+00
2.387999999999999901e+01,1.740445251464843750e+02,8.405529022216796875e+00,2.506645011901855469e+01,3.000000000000000000e+00
2.390000000000000213e+01,1.743281860351562500e+02,8.369399070739746094e+00,2.503909492492675781e+01,3.000000000000000000e+00
2.392000000000000171e+01,1.746119232177734375e+02,8.332866668701171875e+00,2.501260566711425781e+01,3.000000000000000000e+00
2.394000000000000128e+01,1.748955841064453125e+02,8.295852661132812500e+00,2.498777198791503906e+01,3.000000000000000000e+00
2.396000000000000085e+01,1.751790008544921875e+02,8.258273124694824219e+00,2.496533203125000000e+01,3.000000000000000000e+00
2.398000000000000043e+01,1.754621124267578125e+02,8.220051765441894531e+00,2.494593238830566406e+01,3.000000000000000000e+00
2.400000000000000000e+01,1.757447509765625000e+02,8.181117057800292969e+00,2.493011665344238281e+01,3.000000000000000000e+00
2.401999999999999957e+01,1.760268402099609375e+02,8.141414642333984375e+00,2.491821670532226562e+01,3.000000000000000000e+00
2.403999999999999915e+01,1.763082122802734375e+02,8.100902557373046875e+00,2.491039848327636719e+01,3.000000000000000000e+00
2.406000000000000227e+01,1.765888061523437500e+02,8.059548377990722656e+00,2.490669250488281250e+01,3.000000000000000000e+00
2.408000000000000185e+01,1.768685455322265625e+02,8.017328262329101562e+00,2.490704727172851562e+01,3.000000000000000000e+00
2.410000000000000142e+01,1.771474456787109375e+02,7.974223613739013672e+00,2.491135215759277344e+01,3.000000000000000000e+00
2.412000000000000099e+01,1.774255371093750000e+02,7.930233001708984375e+00,2.491936302185058594e+01,3.000000000000000000e+00
2.414000000000000057e+01,1.777028808593750000e+02,7.885369300842285156e+00,2.493074417114257812e+01,3.000000000000000000e+00
2.416000000000000014e+01,1.779795532226562500e+02,7.839656829833984375e+00,2.494513511657714844e+01,3.000000000000000000e+00
2.417999999999999972e+01,1.782556762695312500e+02,7.793132781982421875e+00,2.496209907531738281e+01,3.000000000000000000e+00
2.419999999999999929e+01,1.785314941406250000e+02,7.745854377746582031e+00,2.498108673095703125e+01,3.000000000000000000e+00
2.421999999999999886e+01,1.788072204589843750e+02,7.697917938232421875e+00,2.500135612487792969e+01,3.000000000000000000e+00
2.424000000000000199e+01,1.790829010009765625e+02,7.649453639984130859e+00,2.502203941345214844e+01,3.000000000000000000e+00
2.426000000000000156e+01,1.793585968017578125e+02,7.600586414337158203e+00,2.504233551025390625e+01,3.000000000000000000e+00
2.428000000000000114e+01,1.796343536376953125e+02,7.551434516906738281e+00,2.506150436401367188e+01,3.000000000000000000e+00
2.430000000000000071e+01,1.799102325439453125e+02,7.502113819122314453e+00,2.507883071899414062e+01,3.000000000000000000e+00
2.432000000000000028e+01,1.801862792968750000e+02,7.452730178833007812e+00,2.509365844726562500e+01,3.000000000000000000e+00
2.433999999999999986e+01,1.804625396728515625e+02,7.403367519378662109e+00,2.510544967651367188e+01,3.000000000000000000e+00
2.435999999999999943e+01,1.807390289306640625e+02,7.354092597961425781e+00,2.511378097534179688e+01,3.000000000000000000e+00
2.437999999999999901e+01,1.810157165527343750e+02,7.304958820343017578e+00,2.511832427978515625e+01,3.000000000000000000e+00
2.440000000000000213e+01,1.812925415039062500e+02,7.256007194519042969e+00,2.511881828308105469e+01,3.000000000000000000e+00
2.442000000000000171e+01,1.815694885253906250e+02,7.207252025604248047e+00,2.511517524719238281e+01,3.000000000000000000e+00
2.444000000000000128e+01,1.818465576171875000e+02,7.158696651458740234e+00,2.510736846923828125e+01,3.000000000000000000e+00
2.446000000000000085e+01,1.821237335205078125e+02,7.110346794128417969e+00,2.509537696838378906e+01,3.000000000000000000e+00
2.448000000000000043e+01,1.824009857177734375e+02,7.062189102172851562e+00,2.507932090759277344e+01,3.000000000000000000e+00
2.450000000000000000e+01,1.826782989501953125e+02,7.014178752899169922e+00,2.505954551696777344e+01,3.000000000000000000e+00
2.451999999999999957e+01,1.829557647705078125e+02,6.966252326965332031e+00,2.503653717041015625e+01,3.000000000000000000e+00
2.453999999999999915e+01,1.832334747314453125e+02,6.918327808380126953e+00,2.501091766357421875e+01,3.000000000000000000e+00
2.456000000000000227e+01,1.835115203857421875e+02,6.870306491851806641e+00,2.498348808288574219e+01,3.000000000000000000e+00
2.458000000000000185e+01,1.837897796630859375e+02,6.822081565856933594e+00,2.495519828796386719e+01,3.000000000000000000e+00
2.460000000000000142e+01,1.840681610107421875e+02,6.773536205291748047e+00,2.492709159851074219e+01,3.000000000000000000e+00
2.462000000000000099e+01,1.843465576171875000e+02,6.724563598632812500e+00,2.490013504028320312e+01,3.000000000000000000e+00
2.464000000000000057e+01,1.846248168945312500e+02,6.675064086914062500e+00,2.487521362304687500e+01,3.000000000000000000e+00
2.466000000000000014e+01,1.849028167724609375e+02,6.624943733215332031e+00,2.485310745239257812e+01,3.000000000000000000e+00
2.467999999999999972e+01,1.851803588867187500e+02,6.574111938476562500e+00,2.483450889587402344e+01,3.000000000000000000e+00
2.469999999999999929e+01,1.854573516845703125e+02,6.522485733032226562e+00,2.481997489929199219e+01,3.000000000000000000e+00
2.471999999999999886e+01,1.857336120605468750e+02,6.470003604888916016e+00,2.480983352661132812e+01,3.000000000000000000e+00
2.474000000000000199e+01,1.860090332031250000e+02,6.416625976562500000e+00,2.480419349670410156e+01,3.000000000000000000e+00
2.476000000000000156e+01,1.862834930419921875e+02,6.362324714660644531e+00,2.480303192138671875e+01,3.000000000000000000e+00
2.478000000000000114e+01,1.865569305419921875e+02,6.307076930999755859e+00,2.480627059936523438e+01,3.000000000000000000e+00
2.480000000000000071e+01,1.868293457031250000e+02,6.250872135162353516e+00,2.481371688842773438e+01,3.000000000000000000e+00
2.482000000000000028e+01,1.871007995605468750e+02,6.193727493286132812e+00,2.482501411437988281e+01,3.000000000000000000e+00
2.483999999999999986e+01,1.873713684082031250e+02,6.135683059692382812e+00,2.483969306945800781e+01,3.000000000000000000e+00
2.485999999999999943e+01,1.876412048339843750e+02,6.076792240142822266e+00,2.485721397399902344e+01,3.000000000000000000e+00
2.487999999999999901e+01,1.879105682373046875e+02,6.017129421234130859e+00,2.487692642211914062e+01,3.000000000000000000e+00
2.490000000000000213e+01,1.881796722412109375e+02,5.956801891326904297e+00,2.489802551269531250e+01,3.000000000000000000e+00
2.492000000000000171e+01,1.884486389160156250e+02,5.895960330963134766e+00,2.491953468322753906e+01,3.000000000000000000e+00
2.494000000000000128e+01,1.887175750732421875e+02,5.834762096405029297e+00,2.494047164916992188e+01,3.000000000000000000e+00
2.496000000000000085e+01,1.889865112304687500e+02,5.773354530334472656e+00,2.495992469787597656e+01,3.000000000000000000e+00
2.498000000000000043e+01,1.892555389404296875e+02,5.711867809295654297e+00,2.497710800170898438e+01,3.000000000000000000e+00
2.500000000000000000e+01,1.895246734619140625e+02,5.650413990020751953e+00,2.499134445190429688e+01,3.000000000000000000e+00
2.501999999999999957e+01,1.897939758300781250e+02,5.589087486267089844e+00,2.500205421447753906e+01,3.000000000000000000e+00
2.503999999999999915e+01,1.900634613037109375e+02,5.527957916259765625e+00,2.500881195068359375e+01,3.000000000000000000e+00
2.506000000000000227e+01,1.903331146240234375e+02,5.467072963714599609e+00,2.501130676269531250e+01,4.000000000000000000e+00
2.508000000000000185e+01,1.906029205322265625e+02,5.406446933746337891e+00,2.500947189331054688e+01,4.000000000000000000e+00
2.510000000000000142e+01,1.908728179931640625e+02,5.346070289611816406e+00,2.500337982177734375e+01,4.000000000000000000e+00
2.512000000000000099e+01,1.911428070068359375e+02,5.285939216613769531e+00,2.499307632446289062e+01,4.000000000000000000e+00
2.514000000000000057e+01,1.914128875732421875e+02,5.226050376892089844e+00,2.497858810424804688e+01,4.000000000000000000e+00
2.516000000000000014e+01,1.916830291748046875e+02,5.166405677795410156e+00,2.495992660522460938e+01,4.000000000000000000e+00
2.517999999999999972e+01,1.919531860351562500e+02,5.107014179229736328e+00,2.493703079223632812e+01,4.000000000000000000e+00
2.519999999999999929e+01,1.922233276367187500e+02,5.047901153564453125e+00,2.490971565246582031e+01,4.000000000000000000e+00
2.521999999999999886e+01,1.924933776855468750e+02,4.989121913909912109e+00,2.487752914428710938e+01,4.000000000000000000e+00
2.524000000000000199e+01,1.927632293701171875e+02,4.930752277374267578e+00,2.483986473083496094e+01,4.000000000000000000e+00
2.526000000000000156e+01,1.930327301025390625e+02,4.872866630554199219e+00,2.479609870910644531e+01,4.000000000000000000e+00
2.528000000000000114e+01,1.933016510009765625e+02,4.815537929534912109e+00,2.474564743041992188e+01,4.000000000000000000e+00
2.530000000000000071e+01,1.935697937011718750e+02,4.758832931518554688e+00,2.468798446655273438e+01,4.000000000000000000e+00
2.532000000000000028e+01,1.938368682861328125e+02,4.702832698822021484e+00,2.462249565124511719e+01,4.000000000000000000e+00
2.533999999999999986e+01,1.941025238037109375e+02,4.647618770599365234e+00,2.454859733581542969e+01,4.000000000000000000e+00
2.535999999999999943e+01,1.943664245605468750e+02,4.593255996704101562e+00,2.446585845947265625e+01,4.000000000000000000e+00
2.537999999999999901e+01,1.946283111572265625e+02,4.539786815643310547e+00,2.437405776977539062e+01,4.000000000000000000e+00
2.540000000000000213e+01,1.948879394531250000e+02,4.487223148345947266e+00,2.427319145202636719e+01,4.000000000000000000e+00
2.542000000000000171e+01,1.951450958251953125e+02,4.435569763183593750e+00,2.416330528259277344e+01,4.000000000000000000e+00
2.544000000000000128e+01,1.953996124267578125e+02,4.384814739227294922e+00,2.404455947875976562e+01,4.000000000000000000e+00
2.546000000000000085e+01,1.956514739990234375e+02,4.334914684295654297e+00,2.391728019714355469e+01,4.000000000000000000e+00
2.548000000000000043e+01,1.959007568359375000e+02,4.285804748535156250e+00,2.378191375732421875e+01,4.000000000000000000e+00
2.550000000000000000e+01,1.961475677490234375e+02,4.237406730651855469e+00,2.363897132873535156e+01,4.000000000000000000e+00
2.551999999999999957e+01,1.963920745849609375e+02,4.189636707305908203e+00,2.348897361755371094e+01,4.000000000000000000e+00
2.553999999999999915e+01,1.966345367431640625e+02,4.142411231994628906e+00,2.333243942260742188e+01,4.000000000000000000e+00
2.556000000000000227e+01,1.968752441406250000e+02,4.095645427703857422e+00,2.316991996765136719e+01,4.000000000000000000e+00
2.558000000000000185e+01,1.971145324707031250e+02,4.049259662628173828e+00,2.300197029113769531e+01,4.000000000000000000e+00
2.560000000000000142e+01,1.973528137207031250e+02,4.003185272216796875e+00,2.282912826538085938e+01,4.000000000000000000e+00
2.562000000000000099e+01,1.975904083251953125e+02,3.957366943359375000e+00,2.265186119079589844e+01,4.000000000000000000e+00
2.564000000000000057e+01,1.978276672363281250e+02,3.911763906478881836e+00,2.247058296203613281e+01,4.000000000000000000e+00
2.566000000000000014e+01,1.980648956298828125e+02,3.866344690322875977e+00,2.228569793701171875e+01,4.000000000000000000e+00
2.567999999999999972e+01,1.983023986816406250e+02,3.821088552474975586e+00,2.209759140014648438e+01,4.000000000000000000e+00
2.569999999999999929e+01,1.985403747558593750e+02,3.775983333587646484e+00,2.190661811828613281e+01,4.000000000000000000e+00
2.571999999999999886e+01,1.987790069580078125e+02,3.731027364730834961e+00,2.171306800842285156e+01,4.000000000000000000e+00
2.574000000000000199e+01,1.990184173583984375e+02,3.686223983764648438e+00,2.151717948913574219e+01,4.000000000000000000e+00
2.576000000000000156e+01,1.992587280273437500e+02,3.641579866409301758e+00,2.131916618347167969e+01,4.000000000000000000e+00
2.578000000000000114e+01,1.995000610351562500e+02,3.597105264663696289e+00,2.111919784545898438e+01,4.000000000000000000e+00
2.580000000000000071e+01,1.997425231933593750e+02,3.552811384201049805e+00,2.091742134094238281e+01,4.000000000000000000e+00
2.582000000000000028e+01,1.999861297607421875e+02,3.508710145950317383e+00,2.071391868591308594e+01,4.000000000000000000e+00
2.583999999999999986e+01,2.002309265136718750e+02,3.464813232421875000e+00,2.050873947143554688e+01,4.000000000000000000e+00
2.585999999999999943e+01,2.004769592285156250e+02,3.421131610870361328e+00,2.030191993713378906e+01,4.000000000000000000e+00
2.587999999999999901e+01,2.007242431640625000e+02,3.377674818038940430e+00,2.009348297119140625e+01,4.000000000000000000e+00
2.590000000000000213e+01,2.009728088378906250e+02,3.334452390670776367e+00,1.988344955444335938e+01,4.000000000000000000e+00
2.592000000000000171e+01,2.012226409912109375e+02,3.291471719741821289e+00,1.967182159423828125e+01,4.000000000000000000e+00
2.594000000000000128e+01,2.014737701416015625e+02,3.248739719390869141e+00,1.945859718322753906e+01,4.000000000000000000e+00
2.596000000000000085e+01,2.017261810302734375e+02,3.206262111663818359e+00,1.924378013610839844e+01,4.000000000000000000e+00
2.598000000000000043e+01,2.019799194335937500e+02,3.164045572280883789e+00,1.902738761901855469e+01,4.000000000000000000e+00
2.600000000000000000e+01,2.022349853515625000e+02,3.122096538543701172e+00,1.880945396423339844e+01,4.000000000000000000e+00
2.601999999999999957e+01,2.024914093017578125e+02,3.080421924591064453e+00,1.859001350402832031e+01,4.000000000000000000e+00
2.603999999999999915e+01,2.027492218017578125e+02,3.039029121398925781e+00,1.836911582946777344e+01,4.000000000000000000e+00
2.606000000000000227e+01,2.030084686279296875e+02,2.997927188873291016e+00,1.814682960510253906e+01,4.000000000000000000e+00
2.608000000000000185e+01,2.032691802978515625e+02,2.957126379013061523e+00,1.792324256896972656e+01,4.000000000000000000e+00
2.610000000000000142e+01,2.035314788818359375e+02,2.916639566421508789e+00,1.769846343994140625e+01,4.000000000000000000e+00
2.612000000000000099e+01,2.037953796386718750e+02,2.876479625701904297e+00,1.747260093688964844e+01,4.000000000000000000e+00
2.614000000000000057e+01,2.040609741210937500e+02,2.836660861968994141e+00,1.724578094482421875e+01,4.000000000000000000e+00
2.616000000000000014e+01,2.043283233642578125e+02,2.797199726104736328e+00,1.701813697814941406e+01,4.000000000000000000e+00
2.617999999999999972e+01,2.045975036621093750e+02,2.758114099502563477e+00,1.678982353210449219e+01,4.000000000000000000e+00
2.619999999999999929e+01,2.048686523437500000e+02,2.719424009323120117e+00,1.656100654602050781e+01,4.000000000000000000e+00
2.621999999999999886e+01,2.051418151855468750e+02,2.681149244308471680e+00,1.633184814453125000e+01,4.000000000000000000e+00
2.624000000000000199e+01,2.054170684814453125e+02,2.643309593200683594e+00,1.610251235961914062e+01,4.000000000000000000e+00
2.626000000000000156e+01,2.056944885253906250e+02,2.605927467346191406e+00,1.587317180633544922e+01,4.000000000000000000e+00
2.628000000000000114e+01,2.059741821289062500e+02,2.569026231765747070e+00,1.564401721954345703e+01,4.000000000000000000e+00
2.630000000000000071e+01,2.062562103271484375e+02,2.532631158828735352e+00,1.541524791717529297e+01,4.000000000000000000e+00
2.632000000000000028e+01,2.065406646728515625e+02,2.496763467788696289e+00,1.518703556060791016e+01,4.000000000000000000e+00
2.633999999999999986e+01,2.068275909423828125e+02,2.461443185806274414e+00,1.495954227447509766e+01,4.000000000000000000e+00
2.635999999999999943e+01,2.071170196533203125e+02,2.426692247390747070e+00,1.473294639587402344e+01,4.000000000000000000e+00
2.637999999999999901e+01,2.074090576171875000e+02,2.392534255981445312e+00,1.450744438171386719e+01,4.000000000000000000e+00
2.640000000000000213e+01,2.077037200927734375e+02,2.358994007110595703e+00,1.428324222564697266e+01,4.000000000000000000e+00
2.642000000000000171e+01,2.080011138916015625e+02,2.326091527938842773e+00,1.406051445007324219e+01,4.000000000000000000e+00
2.644000000000000128e+01,2.083011932373046875e+02,2.293845891952514648e+00,1.383943176269531250e+01,4.000000000000000000e+00
2.646000000000000085e+01,2.086040344238281250e+02,2.262278079986572266e+00,1.362018966674804688e+01,4.000000000000000000e+00
2.648000000000000043e+01,2.089096832275390625e+02,2.231411695480346680e+00,1.340300750732421875e+01,4.000000000000000000e+00
2.650000000000000000e+01,2.092181549072265625e+02,2.201268434524536133e+00,1.318810462951660156e+01,4.000000000000000000e+00
2.651999999999999957e+01,2.095294952392578125e+02,2.171863317489624023e+00,1.297564888000488281e+01,4.000000000000000000e+00
2.653999999999999915e+01,2.098436737060546875e+02,2.143208980560302734e+00,1.276579570770263672e+01,4.000000000000000000e+00
2.656000000000000227e+01,2.101606750488281250e+02,2.115318775177001953e+00,1.255871582031250000e+01,4.000000000000000000e+00
2.658000000000000185e+01,2.104804992675781250e+02,2.088206529617309570e+00,1.235458660125732422e+01,4.000000000000000000e+00
2.660000000000000142e+01,2.108031311035156250e+02,2.061883211135864258e+00,1.215358161926269531e+01,4.000000000000000000e+00
2.662000000000000099e+01,2.111285400390625000e+02,2.036355972290039062e+00,1.195583534240722656e+01,4.000000000000000000e+00
2.664000000000000057e+01,2.114566802978515625e+02,2.011628150939941406e+00,1.176146697998046875e+01,4.000000000000000000e+00
2.666000000000000014e+01,2.117874908447265625e+02,1.987705230712890625e+00,1.157061576843261719e+01,4.000000000000000000e+00
2.667999999999999972e+01,2.121209259033203125e+02,1.964591622352600098e+00,1.138341712951660156e+01,4.000000000000000000e+00
2.669999999999999929e+01,2.124569244384765625e+02,1.942289113998413086e+00,1.119999504089355469e+01,4.000000000000000000e+00
2.671999999999999886e+01,2.127954254150390625e+02,1.920795559883117676e+00,1.102044010162353516e+01,4.000000000000000000e+00
2.674000000000000199e+01,2.131363525390625000e+02,1.900107383728027344e+00,1.084483146667480469e+01,4.000000000000000000e+00
2.676000000000000156e+01,2.134795989990234375e+02,1.880221128463745117e+00,1.067325019836425781e+01,4.000000000000000000e+00
2.678000000000000114e+01,2.138251342773437500e+02,1.861133694648742676e+00,1.050578212738037109e+01,4.000000000000000000e+00
2.680000000000000071e+01,2.141728515625000000e+02,1.842841148376464844e+00,1.034250354766845703e+01,4.000000000000000000e+00
2.682000000000000028e+01,2.145226745605468750e+02,1.825338602066040039e+00,1.018349838256835938e+01,4.000000000000000000e+00
2.683999999999999986e+01,2.148745117187500000e+02,1.808621644973754883e+00,1.002885437011718750e+01,4.000000000000000000e+00
2.685999999999999943e+01,2.152282867431640625e+02,1.792686581611633301e+00,9.878666877746582031e+00,4.000000000000000000e+00
2.687999999999999901e+01,2.155839080810546875e+02,1.777530908584594727e+00,9.733043670654296875e+00,4.000000000000000000e+00
2.690000000000000213e+01,2.159412841796875000e+02,1.763152718544006348e+00,9.592099189758300781e+00,4.000000000000000000e+00
2.692000000000000171e+01,2.163003540039062500e+02,1.749550461769104004e+00,9.455973625183105469e+00,4.000000000000000000e+00
2.694000000000000128e+01,2.166609954833984375e+02,1.736722111701965332e+00,9.324819564819335938e+00,4.000000000000000000e+00
2.696000000000000085e+01,2.170231628417968750e+02,1.724665641784667969e+00,9.198796272277832031e+00,4.000000000000000000e+00
2.698000000000000043e+01,2.173867492675781250e+02,1.713378190994262695e+00,9.078064918518066406e+00,4.000000000000000000e+00
2.700000000000000000e+01,2.177516326904296875e+02,1.702854037284851074e+00,8.962768554687500000e+00,4.000000000000000000e+00
2.701999999999999957e+01,2.181177215576171875e+02,1.693086028099060059e+00,8.853055000305175781e+00,4.000000000000000000e+00
2.703999999999999915e+01,2.184848937988281250e+02,1.684065580368041992e+00,8.749085426330566406e+00,4.000000000000000000e+00
2.706000000000000227e+01,2.188530426025390625e+02,1.675782799720764160e+00,8.651022911071777344e+00,4.000000000000000000e+00
2.708000000000000185e+01,2.192220001220703125e+02,1.668224930763244629e+00,8.559013366699218750e+00,4.000000000000000000e+00
2.710000000000000142e+01,2.195916748046875000e+02,1.661375522613525391e+00,8.473171234130859375e+00,4.000000000000000000e+00
2.712000000000000099e+01,2.199618988037109375e+02,1.655216217041015625e+00,8.393623352050781250e+00,4.000000000000000000e+00
2.714000000000000057e+01,2.203325042724609375e+02,1.649727225303649902e+00,8.320510864257812500e+00,4.000000000000000000e+00
2.716000000000000014e+01,2.207033386230468750e+02,1.644889235496520996e+00,8.253979682922363281e+00,4.000000000000000000e+00
2.717999999999999972e+01,2.210742340087890625e+02,1.640683770179748535e+00,8.194162368774414062e+00,4.000000000000000000e+00
2.719999999999999929e+01,2.214450225830078125e+02,1.637092351913452148e+00,8.141203880310058594e+00,4.000000000000000000e+00
2.721999999999999886e+01,2.218155059814453125e+02,1.634093999862670898e+00,8.095266342163085938e+00,4.000000000000000000e+00
2.724000000000000199e+01,2.221854705810546875e+02,1.631662964820861816e+00,8.056510925292968750e+00,4.000000000000000000e+00
2.726000000000000156e+01,2.225547180175781250e+02,1.629770994186401367e+00,8.025101661682128906e+00,4.000000000000000000e+00
2.728000000000000114e+01,2.229230346679687500e+02,1.628389120101928711e+00,8.001201629638671875e+00,4.000000000000000000e+00
2.730000000000000071e+01,2.232902069091796875e+02,1.627486109733581543e+00,7.984967231750488281e+00,4.000000000000000000e+00
2.732000000000000028e+01,2.236560058593750000e+02,1.627022147178649902e+00,7.976417064666748047e+00,4.000000000000000000e+00
2.733999999999999986e+01,2.240202331542968750e+02,1.626950979232788086e+00,7.975476264953613281e+00,4.000000000000000000e+00
2.735999999999999943e+01,2.243827056884765625e+02,1.627224683761596680e+00,7.982056617736816406e+00,4.000000000000000000e+00
2.737999999999999901e+01,2.247432708740234375e+02,1.627795577049255371e+00,7.996019840240478516e+00,4.000000000000000000e+00
2.740000000000000213e+01,2.251018524169921875e+02,1.628619432449340820e+00,8.017155647277832031e+00,4.000000000000000000e+00
2.742000000000000171e+01,2.254583892822265625e+02,1.629653334617614746e+00,8.045056343078613281e+00,4.000000000000000000e+00
2.744000000000000128e+01,2.258129272460937500e+02,1.630854487419128418e+00,8.079096794128417969e+00,4.000000000000000000e+00
2.746000000000000085e+01,2.261655731201171875e+02,1.632180929183959961e+00,8.118475914001464844e+00,4.000000000000000000e+00
2.748000000000000043e+01,2.265165252685546875e+02,1.633590698242187500e+00,8.162225723266601562e+00,4.000000000000000000e+00
2.750000000000000000e+01,2.268661193847656250e+02,1.635042309761047363e+00,8.209236145019531250e+00,4.000000000000000000e+00
2.751999999999999957e+01,2.272147064208984375e+02,1.636497020721435547e+00,8.258287429809570312e+00,4.000000000000000000e+00
2.753999999999999915e+01,2.275624542236328125e+02,1.637923717498779297e+00,8.308065414428710938e+00,4.000000000000000000e+00
2.756000000000000227e+01,2.279094390869140625e+02,1.639300942420959473e+00,8.357238769531250000e+00,4.000000000000000000e+00
2.758000000000000185e+01,2.282557220458984375e+02,1.640616774559020996e+00,8.404527664184570312e+00,4.000000000000000000e+00
2.760000000000000142e+01,2.286014251708984375e+02,1.641871333122253418e+00,8.448745727539062500e+00,4.000000000000000000e+00
2.762000000000000099e+01,2.289466094970703125e+02,1.643078923225402832e+00,8.488796234130859375e+00,4.000000000000000000e+00
2.764000000000000057e+01,2.292912902832031250e+02,1.644266843795776367e+00,8.523707389831542969e+00,4.000000000000000000e+00
2.766000000000000014e+01,2.296354827880859375e+02,1.645472526550292969e+00,8.552684783935546875e+00,4.000000000000000000e+00
2.767999999999999972e+01,2.299791412353515625e+02,1.646739363670349121e+00,8.575111389160156250e+00,4.000000000000000000e+00
2.769999999999999929e+01,2.303222198486328125e+02,1.648113012313842773e+00,8.590540885925292969e+00,4.000000000000000000e+00
2.771999999999999886e+01,2.306646575927734375e+02,1.649643301963806152e+00,8.598563194274902344e+00,4.000000000000000000e+00
2.774000000000000199e+01,2.310063781738281250e+02,1.651374936103820801e+00,8.598897933959960938e+00,4.000000000000000000e+00
2.776000000000000156e+01,2.313472595214843750e+02,1.653333544731140137e+00,8.591535568237304688e+00,4.000000000000000000e+00
2.778000000000000114e+01,2.316872711181640625e+02,1.655518770217895508e+00,8.576750755310058594e+00,4.000000000000000000e+00
2.780000000000000071e+01,2.320264129638671875e+02,1.657906293869018555e+00,8.555047035217285156e+00,4.000000000000000000e+00
2.782000000000000028e+01,2.323647003173828125e+02,1.660462975502014160e+00,8.526961326599121094e+00,4.000000000000000000e+00
2.783999999999999986e+01,2.327022247314453125e+02,1.663143873214721680e+00,8.493145942687988281e+00,4.000000000000000000e+00
2.785999999999999943e+01,2.330391235351562500e+02,1.665888905525207520e+00,8.454499244689941406e+00,4.000000000000000000e+00
2.787999999999999901e+01,2.333756103515625000e+02,1.668629527091979980e+00,8.412169456481933594e+00,4.000000000000000000e+00
2.790000000000000213e+01,2.337119903564453125e+02,1.671297550201416016e+00,8.367481231689453125e+00,4.000000000000000000e+00
2.792000000000000171e+01,2.340484771728515625e+02,1.673826932907104492e+00,8.321887969970703125e+00,4.000000000000000000e+00
2.794000000000000128e+01,2.343850555419921875e+02,1.676148176193237305e+00,8.276918411254882812e+00,4.000000000000000000e+00
2.796000000000000085e+01,2.347215728759765625e+02,1.678190708160400391e+00,8.234092712402343750e+00,4.000000000000000000e+00
2.798000000000000043e+01,2.350579223632812500e+02,1.679882407188415527e+00,8.194884300231933594e+00,4.000000000000000000e+00
2.800000000000000000e+01,2.353938903808593750e+02,1.681150555610656738e+00,8.160656929016113281e+00,4.000000000000000000e+00
2.801999999999999957e+01,2.357292175292968750e+02,1.681925535202026367e+00,8.132535934448242188e+00,4.000000000000000000e+00
2.803999999999999915e+01,2.360636291503906250e+02,1.682141900062561035e+00,8.111395835876464844e+00,4.000000000000000000e+00
2.806000000000000227e+01,2.363968200683593750e+02,1.681737065315246582e+00,8.097888946533203125e+00,4.000000000000000000e+00
2.808000000000000185e+01,2.367284545898437500e+02,1.680656671524047852e+00,8.092439651489257812e+00,4.000000000000000000e+00
2.810000000000000142e+01,2.370582427978515625e+02,1.678858160972595215e+00,8.095232009887695312e+00,4.000000000000000000e+00
2.812000000000000099e+01,2.373859100341796875e+02,1.676319956779479980e+00,8.106110572814941406e+00,4.000000000000000000e+00
2.814000000000000057e+01,2.377112579345703125e+02,1.673035025596618652e+00,8.124742507934570312e+00,4.000000000000000000e+00
2.816000000000000014e+01,2.380341491699218750e+02,1.669006586074829102e+00,8.150737762451171875e+00,4.000000000000000000e+00
2.817999999999999972e+01,2.383545684814453125e+02,1.664253234863281250e+00,8.183611869812011719e+00,4.000000000000000000e+00
2.819999999999999929e+01,2.386725158691406250e+02,1.658814907073974609e+00,8.222703933715820312e+00,4.000000000000000000e+00
2.821999999999999886e+01,2.389882049560546875e+02,1.652750372886657715e+00,8.267182350158691406e+00,4.000000000000000000e+00
2.824000000000000199e+01,2.393019256591796875e+02,1.646138668060302734e+00,8.315992355346679688e+00,4.000000000000000000e+00
2.826000000000000156e+01,2.396140899658203125e+02,1.639075636863708496e+00,8.367857933044433594e+00,4.000000000000000000e+00
2.828000000000000114e+01,2.399251556396484375e+02,1.631663918495178223e+00,8.421354293823242188e+00,4.000000000000000000e+00
2.830000000000000071e+01,2.402353668212890625e+02,1.624006748199462891e+00,8.474939346313476562e+00,4.000000000000000000e+00
2.832000000000000028e+01,2.405449066162109375e+02,1.616203546524047852e+00,8.527123451232910156e+00,4.000000000000000000e+00
2.833999999999999986e+01,2.408539733886718750e+02,1.608350396156311035e+00,8.576527595520019531e+00,4.000000000000000000e+00
2.835999999999999943e+01,2.411626739501953125e+02,1.600542426109313965e+00,8.621887207031250000e+00,4.000000000000000000e+00
2.837999999999999901e+01,2.414710998535156250e+02,1.592873454093933105e+00,8.662068367004394531e+00,4.000000000000000000e+00
2.840000000000000213e+01,2.417792968750000000e+02,1.585434079170227051e+00,8.696105003356933594e+00,4.000000000000000000e+00
2.842000000000000171e+01,2.420872650146484375e+02,1.578310012817382812e+00,8.723199844360351562e+00,4.000000000000000000e+00
2.844000000000000128e+01,2.423949432373046875e+02,1.571577072143554688e+00,8.742745399475097656e+00,4.000000000000000000e+00
2.846000000000000085e+01,2.427022399902343750e+02,1.565294623374938965e+00,8.754343986511230469e+00,4.000000000000000000e+00
2.848000000000000043e+01,2.430090332031250000e+02,1.559503436088562012e+00,8.757797241210937500e+00,4.000000000000000000e+00
2.850000000000000000e+01,2.433152160644531250e+02,1.554222822189331055e+00,8.753080368041992188e+00,4.000000000000000000e+00
2.851999999999999957e+01,2.436206970214843750e+02,1.549466729164123535e+00,8.740186691284179688e+00,4.000000000000000000e+00
2.853999999999999915e+01,2.439253234863281250e+02,1.545227646827697754e+00,8.719242095947265625e+00,4.000000000000000000e+00
2.856000000000000227e+01,2.442290802001953125e+02,1.541465163230895996e+00,8.690592765808105469e+00,4.000000000000000000e+00
2.858000000000000185e+01,2.445319366455078125e+02,1.538116097450256348e+00,8.654728889465332031e+00,4.000000000000000000e+00
2.860000000000000142e+01,2.448339691162109375e+02,1.535094738006591797e+00,8.612318038940429688e+00,4.000000000000000000e+00
2.862000000000000099e+01,2.451352233886718750e+02,1.532313108444213867e+00,8.564066886901855469e+00,4.000000000000000000e+00
2.864000000000000057e+01,2.454359130859375000e+02,1.529677271842956543e+00,8.510829925537109375e+00,4.000000000000000000e+00
2.866000000000000014e+01,2.457362670898437500e+02,1.527083158493041992e+00,8.453722000122070312e+00,4.000000000000000000e+00
2.867999999999999972e+01,2.460366516113281250e+02,1.524427533149719238e+00,8.394075393676757812e+00,4.000000000000000000e+00
2.869999999999999929e+01,2.463373260498046875e+02,1.521615743637084961e+00,8.333334922790527344e+00,4.000000000000000000e+00
2.871999999999999886e+01,2.466383361816406250e+02,1.518561720848083496e+00,8.272925376892089844e+00,4.000000000000000000e+00
2.874000000000000199e+01,2.469396514892578125e+02,1.515184521675109863e+00,8.214210510253906250e+00,4.000000000000000000e+00
2.876000000000000156e+01,2.472411804199218750e+02,1.511402010917663574e+00,8.158533096313476562e+00,4.000000000000000000e+00
2.878000000000000114e+01,2.475428466796875000e+02,1.507135391235351562e+00,8.107116699218750000e+00,4.000000000000000000e+00
2.880000000000000071e+01,2.478444976806640625e+02,1.502312183380126953e+00,8.060990333557128906e+00,4.000000000000000000e+00
2.882000000000000028e+01,2.481459350585937500e+02,1.496868014335632324e+00,8.020952224731445312e+00,4.000000000000000000e+00
2.883999999999999986e+01,2.484468841552734375e+02,1.490744233131408691e+00,7.987606525421142578e+00,4.000000000000000000e+00
2.885999999999999943e+01,2.487470550537109375e+02,1.483888506889343262e+00,7.961376190185546875e+00,4.000000000000000000e+00
2.887999999999999901e+01,2.490461883544921875e+02,1.476258993148803711e+00,7.942513465881347656e+00,4.000000000000000000e+00
2.890000000000000213e+01,2.493440093994140625e+02,1.467825889587402344e+00,7.931100368499755859e+00,4.000000000000000000e+00
2.892000000000000171e+01,2.496402740478515625e+02,1.458575725555419922e+00,7.927027225494384766e+00,4.000000000000000000e+00
2.894000000000000128e+01,2.499347991943359375e+02,1.448508977890014648e+00,7.930069923400878906e+00,4.000000000000000000e+00
2.896000000000000085e+01,2.502274627685546875e+02,1.437641024589538574e+00,7.939909458160400391e+00,4.000000000000000000e+00
2.898000000000000043e+01,2.505182189941406250e+02,1.426007747650146484e+00,7.956083774566650391e+00,4.000000000000000000e+00
2.900000000000000000e+01,2.508070678710937500e+02,1.413661360740661621e+00,7.978001117706298828e+00,4.000000000000000000e+00
2.901999999999999957e+01,2.510941772460937500e+02,1.400667428970336914e+00,8.004929542541503906e+00,4.000000000000000000e+00
2.903999999999999915e+01,2.513797912597656250e+02,1.387104988098144531e+00,8.035914421081542969e+00,4.000000000000000000e+00
2.906000000000000227e+01,2.516642608642578125e+02,1.373061776161193848e+00,8.069787979125976562e+00,4.000000000000000000e+00
2.908000000000000185e+01,2.519479675292968750e+02,1.358629465103149414e+00,8.105229377746582031e+00,4.000000000000000000e+00
2.910000000000000142e+01,2.522310791015625000e+02,1.343908309936523438e+00,8.140799522399902344e+00,4.000000000000000000e+00
2.912000000000000099e+01,2.525137023925781250e+02,1.328995466232299805e+00,8.175104141235351562e+00,4.000000000000000000e+00
2.914000000000000057e+01,2.527959899902343750e+02,1.313986301422119141e+00,8.206836700439453125e+00,4.000000000000000000e+00
2.916000000000000014e+01,2.530780181884765625e+02,1.298977136611938477e+00,8.234787940979003906e+00,4.000000000000000000e+00
2.917999999999999972e+01,2.533598327636718750e+02,1.284065485000610352e+00,8.257872581481933594e+00,4.000000000000000000e+00
2.919999999999999929e+01,2.536414489746093750e+02,1.269347667694091797e+00,8.275160789489746094e+00,4.000000000000000000e+00
2.921999999999999886e+01,2.539228515625000000e+02,1.254919767379760742e+00,8.285852432250976562e+00,4.000000000000000000e+00
2.924000000000000199e+01,2.542039184570312500e+02,1.240868091583251953e+00,8.289328575134277344e+00,4.000000000000000000e+00
2.926000000000000156e+01,2.544845733642578125e+02,1.227260828018188477e+00,8.285181999206542969e+00,4.000000000000000000e+00
2.928000000000000114e+01,2.547646789550781250e+02,1.214142203330993652e+00,8.273212432861328125e+00,4.000000000000000000e+00
2.930000000000000071e+01,2.550441284179687500e+02,1.201530694961547852e+00,8.253405570983886719e+00,4.000000000000000000e+00
2.932000000000000028e+01,2.553227996826171875e+02,1.189435243606567383e+00,8.225769996643066406e+00,4.000000000000000000e+00
2.933999999999999986e+01,2.556005859375000000e+02,1.177841067314147949e+00,8.190442085266113281e+00,4.000000000000000000e+00
2.935999999999999943e+01,2.558774871826171875e+02,1.166698217391967773e+00,8.147774696350097656e+00,4.000000000000000000e+00
2.937999999999999901e+01,2.561535034179687500e+02,1.155930995941162109e+00,8.098307609558105469e+00,4.000000000000000000e+00
2.940000000000000213e+01,2.564287719726562500e+02,1.145443201065063477e+00,8.042760848999023438e+00,4.000000000000000000e+00
2.942000000000000171e+01,2.567033386230468750e+02,1.135144114494323730e+00,7.981861591339111328e+00,4.000000000000000000e+00
2.944000000000000128e+01,2.569775085449218750e+02,1.124941110610961914e+00,7.916461944580078125e+00,4.000000000000000000e+00
2.946000000000000085e+01,2.572515563964843750e+02,1.114734292030334473e+00,7.847649574279785156e+00,4.000000000000000000e+00
2.948000000000000043e+01,2.575258789062500000e+02,1.104428291320800781e+00,7.776690483093261719e+00,4.000000000000000000e+00
2.950000000000000000e+01,2.578006896972656250e+02,1.093942880630493164e+00,7.704963684082031250e+00,4.000000000000000000e+00
2.951999999999999957e+01,2.580760192871093750e+02,1.083222031593322754e+00,7.633724689483642578e+00,4.000000000000000000e+00
2.953999999999999915e+01,2.583518676757812500e+02,1.072222471237182617e+00,7.564142227172851562e+00,4.000000000000000000e+00
2.956000000000000227e+01,2.586282653808593750e+02,1.060904979705810547e+00,7.497367858886718750e+00,4.000000000000000000e+00
2.958000000000000185e+01,2.589051513671875000e+02,1.049236536026000977e+00,7.434448242187500000e+00,4.000000000000000000e+00
2.960000000000000142e+01,2.591824340820312500e+02,1.037187695503234863e+00,7.376308441162109375e+00,4.000000000000000000e+00
2.962000000000000099e+01,2.594599914550781250e+02,1.024730086326599121e+00,7.323740959167480469e+00,4.000000000000000000e+00
2.964000000000000057e+01,2.597375488281250000e+02,1.011834502220153809e+00,7.277403831481933594e+00,4.000000000000000000e+00
2.966000000000000014e+01,2.600149230957031250e+02,9.984734058380126953e-01,7.237788677215576172e+00,4.000000000000000000e+00
2.967999999999999972e+01,2.602918395996093750e+02,9.846245646476745605e-01,7.205193042755126953e+00,4.000000000000000000e+00
2.969999999999999929e+01,2.605680236816406250e+02,9.702715277671813965e-01,7.179754734039306641e+00,4.000000000000000000e+00
2.971999999999999886e+01,2.608431701660156250e+02,9.554027318954467773e-01,7.161489963531494141e+00,4.000000000000000000e+00
2.974000000000000199e+01,2.611170654296875000e+02,9.400113224983215332e-01,7.150331974029541016e+00,4.000000000000000000e+00
2.976000000000000156e+01,2.613894348144531250e+02,9.240997433662414551e-01,7.146128177642822266e+00,4.000000000000000000e+00
2.978000000000000114e+01,2.616601867675781250e+02,9.076817035675048828e-01,7.148652076721191406e+00,4.000000000000000000e+00
2.980000000000000071e+01,2.619291992187500000e+02,8.907834291458129883e-01,7.157567977905273438e+00,4.000000000000000000e+00
2.982000000000000028e+01,2.621964416503906250e+02,8.734455704689025879e-01,7.172314167022705078e+00,4.000000000000000000e+00
2.983999999999999986e+01,2.624620971679687500e+02,8.557178378105163574e-01,7.192125797271728516e+00,4.000000000000000000e+00
2.985999999999999943e+01,2.627262878417968750e+02,8.376536965370178223e-01,7.216084957122802734e+00,4.000000000000000000e+00
2.987999999999999901e+01,2.629893798828125000e+02,8.193088173866271973e-01,7.243079185485839844e+00,4.000000000000000000e+00
2.990000000000000213e+01,2.632517089843750000e+02,8.007399439811706543e-01,7.271822452545166016e+00,4.000000000000000000e+00
2.992000000000000171e+01,2.635134582519531250e+02,7.820050716400146484e-01,7.300982475280761719e+00,4.000000000000000000e+00
2.994000000000000128e+01,2.637748107910156250e+02,7.631602287292480469e-01,7.329271793365478516e+00,4.000000000000000000e+00
2.996000000000000085e+01,2.640358276367187500e+02,7.442634701728820801e-01,7.355437755584716797e+00,4.000000000000000000e+00
2.998000000000000043e+01,2.642966308593750000e+02,7.253782153129577637e-01,7.378277301788330078e+00,4.000000000000000000e+00
3.000000000000000000e+01,2.645572814941406250e+02,7.065731287002563477e-01,7.396682262420654297e+00,4.000000000000000000e+00
3.001999999999999957e+01,2.648177795410156250e+02,6.879202127456665039e-01,7.409675598144531250e+00,4.000000000000000000e+00
3.003999999999999915e+01,2.650780639648437500e+02,6.694889068603515625e-01,7.416457653045654297e+00,4.000000000000000000e+00
3.006000000000000227e+01,2.653381042480468750e+02,6.513411402702331543e-01,7.416415691375732422e+00,4.000000000000000000e+00
3.008000000000000185e+01,2.655977783203125000e+02,6.335258483886718750e-01,7.409127235412597656e+00,4.000000000000000000e+00
3.010000000000000142e+01,2.658569641113281250e+02,6.160746216773986816e-01,7.394357204437255859e+00,4.000000000000000000e+00
3.012000000000000099e+01,2.661155700683593750e+02,5.990066528320312500e-01,7.371957302093505859e+00,4.000000000000000000e+00
3.014000000000000057e+01,2.663734436035156250e+02,5.823208689689636230e-01,7.341936111450195312e+00,4.000000000000000000e+00
3.016000000000000014e+01,2.666305541992187500e+02,5.659908652305603027e-01,7.304515838623046875e+00,4.000000000000000000e+00
3.017999999999999972e+01,2.668869018554687500e+02,5.499694943428039551e-01,7.260118007659912109e+00,4.000000000000000000e+00
3.019999999999999929e+01,2.671424865722656250e+02,5.341965556144714355e-01,7.209336757659912109e+00,4.000000000000000000e+00
3.021999999999999886e+01,2.673973388671875000e+02,5.186163783073425293e-01,7.152771949768066406e+00,4.000000000000000000e+00
3.024000000000000199e+01,2.676516723632812500e+02,5.031748414039611816e-01,7.091148376464843750e+00,4.000000000000000000e+00
3.026000000000000156e+01,2.679057312011718750e+02,4.878166615962982178e-01,7.025439262390136719e+00,4.000000000000000000e+00
3.028000000000000114e+01,2.681598815917968750e+02,4.724949002265930176e-01,6.956798076629638672e+00,4.000000000000000000e+00
3.030000000000000071e+01,2.684144897460937500e+02,4.571767747402191162e-01,6.886439800262451172e+00,4.000000000000000000e+00
3.032000000000000028e+01,2.686697082519531250e+02,4.418431222438812256e-01,6.815509319305419922e+00,4.000000000000000000e+00
3.033999999999999986e+01,2.689255981445312500e+02,4.264813661575317383e-01,6.745117187500000000e+00,4.000000000000000000e+00
3.035999999999999943e+01,2.691821594238281250e+02,4.110829234123229980e-01,6.676351070404052734e+00,4.000000000000000000e+00
3.037999999999999901e+01,2.694394226074218750e+02,3.956420123577117920e-01,6.610219955444335938e+00,4.000000000000000000e+00
3.040000000000000213e+01,2.696973266601562500e+02,3.801518678665161133e-01,6.547644615173339844e+00,4.000000000000000000e+00
3.042000000000000171e+01,2.699557495117187500e+02,3.646020591259002686e-01,6.489459991455078125e+00,4.000000000000000000e+00
3.044000000000000128e+01,2.702145690917968750e+02,3.489779233932495117e-01,6.436408519744873047e+00,4.000000000000000000e+00
3.046000000000000085e+01,2.704736328125000000e+02,3.332626819610595703e-01,6.389103889465332031e+00,4.000000000000000000e+00
3.048000000000000043e+01,2.707326660156250000e+02,3.174394071102142334e-01,6.348011016845703125e+00,4.000000000000000000e+00
3.050000000000000000e+01,2.709913940429687500e+02,3.014911115169525146e-01,6.313468933105468750e+00,4.000000000000000000e+00
3.051999999999999957e+01,2.712495727539062500e+02,2.853996157646179199e-01,6.285747528076171875e+00,4.000000000000000000e+00
3.053999999999999915e+01,2.715068359375000000e+02,2.691466212272644043e-01,6.265024662017822266e+00,4.000000000000000000e+00
3.056000000000000227e+01,2.717629394531250000e+02,2.527176141738891602e-01,6.251353740692138672e+00,4.000000000000000000e+00
3.058000000000000185e+01,2.720176086425781250e+02,2.361057251691818237e-01,6.244674682617187500e+00,4.000000000000000000e+00
3.060000000000000142e+01,2.722705383300781250e+02,2.193127870559692383e-01,6.244870185852050781e+00,4.000000000000000000e+00
3.062000000000000099e+01,2.725215759277343750e+02,2.023488134145736694e-01,6.251743793487548828e+00,4.000000000000000000e+00
3.064000000000000057e+01,2.727705688476562500e+02,1.852312535047531128e-01,6.264966964721679688e+00,4.000000000000000000e+00
3.066000000000000014e+01,2.730175170898437500e+02,1.679838895797729492e-01,6.284048080444335938e+00,4.000000000000000000e+00
3.067999999999999972e+01,2.732624206542968750e+02,1.506334394216537476e-01,6.308328151702880859e+00,4.000000000000000000e+00
3.069999999999999929e+01,2.735055236816406250e+02,1.332048922777175903e-01,6.336974620819091797e+00,4.000000000000000000e+00
3.071999999999999886e+01,2.737471313476562500e+02,1.157179549336433411e-01,6.368968963623046875e+00,4.000000000000000000e+00
3.074000000000000199e+01,2.739876708984375000e+02,9.818574041128158569e-02,6.403168678283691406e+00,4.000000000000000000e+00
3.076000000000000156e+01,2.742274475097656250e+02,8.061914891004562378e-02,6.438316822052001953e+00,4.000000000000000000e+00
3.078000000000000114e+01,2.744666748046875000e+02,6.303060799837112427e-02,6.473101615905761719e+00,4.000000000000000000e+00
3.080000000000000071e+01,2.747055358886718750e+02,4.543616250157356262e-02,6.506221294403076172e+00,4.000000000000000000e+00
3.082000000000000028e+01,2.749441833496093750e+02,2.785705588757991791e-02,6.536481857299804688e+00,4.000000000000000000e+00
3.083999999999999986e+01,2.751826782226562500e+02,1.032020058482885361e-02,6.562826156616210938e+00,4.000000000000000000e+00
3.085999999999999943e+01,2.754211730957031250e+02,-7.141781970858573914e-03,6.584305286407470703e+00,4.000000000000000000e+00
3.087999999999999901e+01,2.756596679687500000e+02,-2.449358627200126648e-02,6.600102901458740234e+00,4.000000000000000000e+00
3.090000000000000213e+01,2.758981628417968750e+02,-4.170199111104011536e-02,6.609576225280761719e+00,4.000000000000000000e+00
3.092000000000000171e+01,2.761364746093750000e+02,-5.873859673738479614e-02,6.612225532531738281e+00,4.000000000000000000e+00
3.094000000000000128e+01,2.763745727539062500e+02,-7.558496296405792236e-02,6.607725620269775391e+00,4.000000000000000000e+00
3.096000000000000085e+01,2.766123352050781250e+02,-9.223590046167373657e-02,6.595936775207519531e+00,4.000000000000000000e+00
3.098000000000000043e+01,2.768497009277343750e+02,-1.086983308196067810e-01,6.576859951019287109e+00,4.000000000000000000e+00
3.100000000000000000e+01,2.770865173339843750e+02,-1.249900758266448975e-01,6.550629138946533203e+00,4.000000000000000000e+00
3.101999999999999957e+01,2.773227233886718750e+02,-1.411338299512863159e-01,6.517399787902832031e+00,4.000000000000000000e+00
3.103999999999999915e+01,2.775582885742187500e+02,-1.571571230888366699e-01,6.477486610412597656e+00,4.000000000000000000e+00
3.106000000000000227e+01,2.777932434082031250e+02,-1.730882227420806885e-01,6.431467533111572266e+00,4.000000000000000000e+00
3.108000000000000185e+01,2.780277404785156250e+02,-1.889477223157882690e-01,6.380085945129394531e+00,4.000000000000000000e+00
3.110000000000000142e+01,2.782619018554687500e+02,-2.047441005706787109e-01,6.324189186096191406e+00,4.000000000000000000e+00
3.112000000000000099e+01,2.784959716796875000e+02,-2.204732298851013184e-01,6.264631271362304688e+00,4.000000000000000000e+00
3.114000000000000057e+01,2.787302551269531250e+02,-2.361197620630264282e-01,6.202329635620117188e+00,4.000000000000000000e+00
3.116000000000000014e+01,2.789650268554687500e+02,-2.516580820083618164e-01,6.138319969177246094e+00,4.000000000000000000e+00
3.117999999999999972e+01,2.792004699707031250e+02,-2.670569717884063721e-01,6.073714256286621094e+00,4.000000000000000000e+00
3.119999999999999929e+01,2.794366760253906250e+02,-2.822863757610321045e-01,6.009591579437255859e+00,4.000000000000000000e+00
3.122000000000000242e+01,2.796736450195312500e+02,-2.973200082778930664e-01,5.946957588195800781e+00,4.000000000000000000e+00
3.124000000000000199e+01,2.799113159179687500e+02,-3.121358454227447510e-01,5.886777400970458984e+00,4.000000000000000000e+00
3.126000000000000156e+01,2.801496276855468750e+02,-3.267160654067993164e-01,5.829926490783691406e+00,4.000000000000000000e+00
3.128000000000000114e+01,2.803884887695312500e+02,-3.410473465919494629e-01,5.777155399322509766e+00,4.000000000000000000e+00
3.130000000000000071e+01,2.806277465820312500e+02,-3.551207184791564941e-01,5.729121208190917969e+00,4.000000000000000000e+00
3.132000000000000028e+01,2.808671569824218750e+02,-3.689306676387786865e-01,5.686454296112060547e+00,4.000000000000000000e+00
3.133999999999999986e+01,2.811065368652343750e+02,-3.824760317802429199e-01,5.649709224700927734e+00,4.000000000000000000e+00
3.135999999999999943e+01,2.813455810546875000e+02,-3.957607746124267578e-01,5.619289875030517578e+00,4.000000000000000000e+00
3.137999999999999901e+01,2.815839233398437500e+02,-4.087925553321838379e-01,5.595474243164062500e+00,4.000000000000000000e+00
3.140000000000000213e+01,2.818213195800781250e+02,-4.215816855430603027e-01,5.578465938568115234e+00,4.000000000000000000e+00
3.142000000000000171e+01,2.820573730468750000e+02,-4.341410398483276367e-01,5.568409919738769531e+00,4.000000000000000000e+00
3.144000000000000128e+01,2.822918395996093750e+02,-4.464855194091796875e-01,5.565361022949218750e+00,4.000000000000000000e+00
3.146000000000000085e+01,2.825243225097656250e+02,-4.586300849914550781e-01,5.569261074066162109e+00,4.000000000000000000e+00
3.148000000000000043e+01,2.827545776367187500e+02,-4.705878496170043945e-01,5.579944133758544922e+00,4.000000000000000000e+00
3.150000000000000000e+01,2.829823303222656250e+02,-4.823689460754394531e-01,5.597170352935791016e+00,4.000000000000000000e+00
3.151999999999999957e+01,2.832074279785156250e+02,-4.939803481101989746e-01,5.620603561401367188e+00,4.000000000000000000e+00
3.153999999999999915e+01,2.834297485351562500e+02,-5.054269433021545410e-01,5.649816989898681641e+00,4.000000000000000000e+00
3.156000000000000227e+01,2.836492614746093750e+02,-5.167123079299926758e-01,5.684300899505615234e+00,4.000000000000000000e+00
3.158000000000000185e+01,2.838660583496093750e+02,-5.278395414352416992e-01,5.723454475402832031e+00,4.000000000000000000e+00
3.160000000000000142e+01,2.840803527832031250e+02,-5.388130545616149902e-01,5.766573905944824219e+00,4.000000000000000000e+00
3.162000000000000099e+01,2.842925109863281250e+02,-5.496405363082885742e-01,5.812847137451171875e+00,4.000000000000000000e+00
3.164000000000000057e+01,2.845029602050781250e+02,-5.603346228599548340e-01,5.861327648162841797e+00,4.000000000000000000e+00
3.166000000000000014e+01,2.847121887207031250e+02,-5.709127783775329590e-01,5.910972118377685547e+00,4.000000000000000000e+00
3.167999999999999972e+01,2.849204711914062500e+02,-5.813961029052734375e-01,5.960632801055908203e+00,4.000000000000000000e+00
3.169999999999999929e+01,2.851282043457031250e+02,-5.918045639991760254e-01,6.009149074554443359e+00,4.000000000000000000e+00
3.172000000000000242e+01,2.853356323242187500e+02,-6.021540760993957520e-01,6.055439949035644531e+00,4.000000000000000000e+00
3.174000000000000199e+01,2.855429992675781250e+02,-6.124556660652160645e-01,6.098531723022460938e+00,4.000000000000000000e+00
3.176000000000000156e+01,2.857504272460937500e+02,-6.227167248725891113e-01,6.137537479400634766e+00,4.000000000000000000e+00
3.178000000000000114e+01,2.859580993652343750e+02,-6.329424381256103516e-01,6.171669960021972656e+00,4.000000000000000000e+00
3.180000000000000071e+01,2.861660156250000000e+02,-6.431379914283752441e-01,6.200274467468261719e+00,4.000000000000000000e+00
3.182000000000000028e+01,2.863742065429687500e+02,-6.533100605010986328e-01,6.222842693328857422e+00,4.000000000000000000e+00
3.183999999999999986e+01,2.865826110839843750e+02,-6.634677648544311523e-01,6.239045619964599609e+00,4.000000000000000000e+00
3.185999999999999943e+01,2.867911987304687500e+02,-6.736229062080383301e-01,6.248724937438964844e+00,4.000000000000000000e+00
3.187999999999999901e+01,2.869998779296875000e+02,-6.837896704673767090e-01,6.251853942871093750e+00,4.000000000000000000e+00
3.190000000000000213e+01,2.872085266113281250e+02,-6.939833164215087891e-01,6.248503208160400391e+00,4.000000000000000000e+00
3.192000000000000171e+01,2.874171142578125000e+02,-7.042211890220642090e-01,6.238748073577880859e+00,4.000000000000000000e+00
3.194000000000000128e+01,2.876255187988281250e+02,-7.145146727561950684e-01,6.222792625427246094e+00,4.000000000000000000e+00
3.196000000000000085e+01,2.878337402343750000e+02,-7.248618006706237793e-01,6.201022148132324219e+00,4.000000000000000000e+00
3.198000000000000043e+01,2.880418090820312500e+02,-7.352450489997863770e-01,6.173938274383544922e+00,4.000000000000000000e+00
3.200000000000000000e+01,2.882497863769531250e+02,-7.456295490264892578e-01,6.142131805419921875e+00,4.000000000000000000e+00
3.202000000000000313e+01,2.884577636718750000e+02,-7.559671401977539062e-01,6.106221675872802734e+00,4.000000000000000000e+00
3.203999999999999915e+01,2.886657714843750000e+02,-7.661929726600646973e-01,6.066905498504638672e+00,4.000000000000000000e+00
3.206000000000000227e+01,2.888740234375000000e+02,-7.762254476547241211e-01,6.024983882904052734e+00,4.000000000000000000e+00
3.207999999999999829e+01,2.890827026367187500e+02,-7.859768867492675781e-01,5.981294155120849609e+00,4.000000000000000000e+00
3.210000000000000142e+01,2.892920227050781250e+02,-7.953601479530334473e-01,5.936692237854003906e+00,4.000000000000000000e+00
3.211999999999999744e+01,2.895019531250000000e+02,-8.042977452278137207e-01,5.892066478729248047e+00,4.000000000000000000e+00
3.214000000000000057e+01,2.897124633789062500e+02,-8.127264380455017090e-01,5.848274707794189453e+00,4.000000000000000000e+00
3.216000000000000369e+01,2.899234924316406250e+02,-8.205955028533935547e-01,5.806092739105224609e+00,4.000000000000000000e+00
3.217999999999999972e+01,2.901349182128906250e+02,-8.278645277023315430e-01,5.766210079193115234e+00,4.000000000000000000e+00
3.220000000000000284e+01,2.903466186523437500e+02,-8.344982266426086426e-01,5.729272365570068359e+00,4.000000000000000000e+00
3.221999999999999886e+01,2.905584106445312500e+02,-8.404628038406372070e-01,5.695928573608398438e+00,4.000000000000000000e+00
3.224000000000000199e+01,2.907701416015625000e+02,-8.457279205322265625e-01,5.666805744171142578e+00,4.000000000000000000e+00
3.225999999999999801e+01,2.909815063476562500e+02,-8.502737879753112793e-01,5.642422199249267578e+00,4.000000000000000000e+00
3.228000000000000114e+01,2.911922302246093750e+02,-8.540900349617004395e-01,5.623212337493896484e+00,4.000000000000000000e+00
3.229999999999999716e+01,2.914021301269531250e+02,-8.571710586547851562e-01,5.609623432159423828e+00,4.000000000000000000e+00
3.232000000000000028e+01,2.916107177734375000e+02,-8.595220446586608887e-01,5.602080345153808594e+00,4.000000000000000000e+00
3.234000000000000341e+01,2.918176879882812500e+02,-8.611629009246826172e-01,5.600964546203613281e+00,4.000000000000000000e+00
3.235999999999999943e+01,2.920226135253906250e+02,-8.621322512626647949e-01,5.606583595275878906e+00,4.000000000000000000e+00
3.238000000000000256e+01,2.922249755859375000e+02,-8.624886870384216309e-01,5.619155406951904297e+00,4.000000000000000000e+00
3.239999999999999858e+01,2.924243469238281250e+02,-8.623066544532775879e-01,5.638826847076416016e+00,4.000000000000000000e+00
3.242000000000000171e+01,2.926202392578125000e+02,-8.616741895675659180e-01,5.665618896484375000e+00,4.000000000000000000e+00
3.243999999999999773e+01,2.928121643066406250e+02,-8.606890439987182617e-01,5.699448108673095703e+00,4.000000000000000000e+00
3.246000000000000085e+01,2.929996948242187500e+02,-8.594571948051452637e-01,5.740185260772705078e+00,4.000000000000000000e+00
3.248000000000000398e+01,2.931823730468750000e+02,-8.580928444862365723e-01,5.787639617919921875e+00,4.000000000000000000e+00
3.250000000000000000e+01,2.933598327636718750e+02,-8.567143678665161133e-01,5.841516017913818359e+00,4.000000000000000000e+00
3.252000000000000313e+01,2.935317382812500000e+02,-8.554366230964660645e-01,5.901381969451904297e+00,4.000000000000000000e+00
3.253999999999999915e+01,2.936979064941406250e+02,-8.543666601181030273e-01,5.966725826263427734e+00,4.000000000000000000e+00
3.256000000000000227e+01,2.938581848144531250e+02,-8.536050915718078613e-01,6.037018775939941406e+00,4.000000000000000000e+00
3.257999999999999829e+01,2.940125122070312500e+02,-8.532434701919555664e-01,6.111718177795410156e+00,4.000000000000000000e+00
3.260000000000000142e+01,2.941609191894531250e+02,-8.533586263656616211e-01,6.190253734588623047e+00,5.000000000000000000e+00
3.261999999999999744e+01,2.943035888671875000e+02,-8.540009856224060059e-01,6.271972656250000000e+00,5.000000000000000000e+00
3.264000000000000057e+01,2.944408874511718750e+02,-8.551931977272033691e-01,6.356178283691406250e+00,5.000000000000000000e+00
3.266000000000000369e+01,2.945730895996093750e+02,-8.569380640983581543e-01,6.442218780517578125e+00,5.000000000000000000e+00
3.267999999999999972e+01,2.947006530761718750e+02,-8.592271804809570312e-01,6.529523849487304688e+00,5.000000000000000000e+00
3.270000000000000284e+01,2.948238220214843750e+02,-8.620463013648986816e-01,6.617611408233642578e+00,5.000000000000000000e+00
3.271999999999999886e+01,2.949429931640625000e+02,-8.653748035430908203e-01,6.706047534942626953e+00,5.000000000000000000e+00
3.274000000000000199e+01,2.950584716796875000e+02,-8.691878318786621094e-01,6.794442653656005859e+00,5.000000000000000000e+00
3.275999999999999801e+01,2.951705627441406250e+02,-8.734607696533203125e-01,6.882465362548828125e+00,5.000000000000000000e+00
3.278000000000000114e+01,2.952795104980468750e+02,-8.781712651252746582e-01,6.969843864440917969e+00,5.000000000000000000e+00
3.279999999999999716e+01,2.953855590820312500e+02,-8.832997679710388184e-01,7.056356906890869141e+00,5.000000000000000000e+00
3.282000000000000028e+01,2.954889221191406250e+02,-8.888255357742309570e-01,7.141798019409179688e+00,5.000000000000000000e+00
3.284000000000000341e+01,2.955897827148437500e+02,-8.947269916534423828e-01,7.225970745086669922e+00,5.000000000000000000e+00
3.285999999999999943e+01,2.956883544921875000e+02,-9.009850025177001953e-01,7.308709621429443359e+00,5.000000000000000000e+00
3.288000000000000256e+01,2.957848205566406250e+02,-9.075841307640075684e-01,7.389882087707519531e+00,5.000000000000000000e+00
3.289999999999999858e+01,2.958792419433593750e+02,-9.145129323005676270e-01,7.469389438629150391e+00,5.000000000000000000e+00
3.292000000000000171e+01,2.959717407226562500e+02,-9.217601418495178223e-01,7.547137737274169922e+00,5.000000000000000000e+00
3.293999999999999773e+01,2.960624389648437500e+02,-9.293148517608642578e-01,7.623037815093994141e+00,5.000000000000000000e+00
3.296000000000000085e+01,2.961514282226562500e+02,-9.371688961982727051e-01,7.697021007537841797e+00,5.000000000000000000e+00
3.298000000000000398e+01,2.962387695312500000e+02,-9.453178048133850098e-01,7.769039630889892578e+00,5.000000000000000000e+00
3.300000000000000000e+01,2.963245239257812500e+02,-9.537597298622131348e-01,7.839063167572021484e+00,5.000000000000000000e+00
3.302000000000000313e+01,2.964087524414062500e+02,-9.624921679496765137e-01,7.907058238983154297e+00,5.000000000000000000e+00
3.303999999999999915e+01,2.964914550781250000e+02,-9.715116620063781738e-01,7.972987174987792969e+00,5.000000000000000000e+00
3.306000000000000227e+01,2.965727233886718750e+02,-9.808167219161987305e-01,8.036822319030761719e+00,5.000000000000000000e+00
3.307999999999999829e+01,2.966525573730468750e+02,-9.904084205627441406e-01,8.098555564880371094e+00,5.000000000000000000e+00
3.310000000000000142e+01,2.967309875488281250e+02,-1.000290751457214355e+00,8.158194541931152344e+00,5.000000000000000000e+00
3.311999999999999744e+01,2.968080444335937500e+02,-1.010467290878295898e+00,8.215744972229003906e+00,5.000000000000000000e+00
3.314000000000000057e+01,2.968837585449218750e+02,-1.020941376686096191e+00,8.271209716796875000e+00,5.000000000000000000e+00
3.316000000000000369e+01,2.969581298828125000e+02,-1.031717061996459961e+00,8.324598312377929688e+00,5.000000000000000000e+00
3.317999999999999972e+01,2.970311584472656250e+02,-1.042800426483154297e+00,8.375930786132812500e+00,5.000000000000000000e+00
3.320000000000000284e+01,2.971028442382812500e+02,-1.054201960563659668e+00,8.425251960754394531e+00,5.000000000000000000e+00
3.321999999999999886e+01,2.971732177734375000e+02,-1.065929293632507324e+00,8.472592353820800781e+00,5.000000000000000000e+00
3.324000000000000199e+01,2.972422485351562500e+02,-1.077987074851989746e+00,8.517959594726562500e+00,5.000000000000000000e+00
3.325999999999999801e+01,2.973099365234375000e+02,-1.090379595756530762e+00,8.561366081237792969e+00,5.000000000000000000e+00
3.328000000000000114e+01,2.973763732910156250e+02,-1.103114008903503418e+00,8.602836608886718750e+00,5.000000000000000000e+00
3.329999999999999716e+01,2.974414672851562500e+02,-1.116203308105468750e+00,8.642427444458007812e+00,5.000000000000000000e+00
3.332000000000000028e+01,2.975052185058593750e+02,-1.129659056663513184e+00,8.680188179016113281e+00,5.000000000000000000e+00
3.334000000000000341e+01,2.975676879882812500e+02,-1.143491625785827637e+00,8.716161727905273438e+00,5.000000000000000000e+00
3.335999999999999943e+01,2.976287841796875000e+02,-1.157713651657104492e+00,8.750400543212890625e+00,5.000000000000000000e+00
3.338000000000000256e+01,2.976885375976562500e+02,-1.172340989112854004e+00,8.782976150512695312e+00,5.000000000000000000e+00
3.339999999999999858e+01,2.977468872070312500e+02,-1.187397956848144531e+00,8.814005851745605469e+00,5.000000000000000000e+00
3.342000000000000171e+01,2.978038330078125000e+02,-1.202900767326354980e+00,8.843561172485351562e+00,5.000000000000000000e+00
3.343999999999999773e+01,2.978593750000000000e+02,-1.218856453895568848e+00,8.871665000915527344e+00,5.000000000000000000e+00
3.346000000000000085e+01,2.979135437011718750e+02,-1.235272407531738281e+00,8.898345947265625000e+00,5.000000000000000000e+00
3.348000000000000398e+01,2.979663391113281250e+02,-1.252161502838134766e+00,8.923658370971679688e+00,5.000000000000000000e+00
3.350000000000000000e+01,2.980177001953125000e+02,-1.269545435905456543e+00,8.947705268859863281e+00,5.000000000000000000e+00
3.352000000000000313e+01,2.980676269531250000e+02,-1.287437558174133301e+00,8.970540046691894531e+00,5.000000000000000000e+00
3.353999999999999915e+01,2.981161499023437500e+02,-1.305839776992797852e+00,8.992166519165039062e+00,5.000000000000000000e+00
3.356000000000000227e+01,2.981632995605468750e+02,-1.324756264686584473e+00,9.012595176696777344e+00,5.000000000000000000e+00
3.357999999999999829e+01,2.982090759277343750e+02,-1.344198346138000488e+00,9.031871795654296875e+00,5.000000000000000000e+00
3.360000000000000142e+01,2.982534790039062500e+02,-1.364191889762878418e+00,9.050117492675781250e+00,5.000000000000000000e+00
3.361999999999999744e+01,2.982964172363281250e+02,-1.384758353233337402e+00,9.067427635192871094e+00,5.000000000000000000e+00
3.364000000000000057e+01,2.983379211425781250e+02,-1.405910730361938477e+00,9.083859443664550781e+00,5.000000000000000000e+00
3.366000000000000369e+01,2.983780212402343750e+02,-1.427663803100585938e+00,9.099481582641601562e+00,5.000000000000000000e+00
3.367999999999999972e+01,2.984166259765625000e+02,-1.450040578842163086e+00,9.114400863647460938e+00,5.000000000000000000e+00
3.370000000000000284e+01,2.984537048339843750e+02,-1.473075747489929199e+00,9.128790855407714844e+00,5.000000000000000000e+00
3.371999999999999886e+01,2.984892578125000000e+02,-1.496791005134582520e+00,9.142757415771484375e+00,5.000000000000000000e+00
3.374000000000000199e+01,2.985232849121093750e+02,-1.521192312240600586e+00,9.156332969665527344e+00,5.000000000000000000e+00
3.375999999999999801e+01,2.985558166503906250e+02,-1.546283960342407227e+00,9.169546127319335938e+00,5.000000000000000000e+00
3.378000000000000114e+01,2.985869445800781250e+02,-1.572074890136718750e+00,9.182455062866210938e+00,5.000000000000000000e+00
3.379999999999999716e+01,2.986165466308593750e+02,-1.598585486412048340e+00,9.195176124572753906e+00,5.000000000000000000e+00
3.382000000000000028e+01,2.986446228027343750e+02,-1.625822901725769043e+00,9.207769393920898438e+00,5.000000000000000000e+00
3.384000000000000341e+01,2.986711730957031250e+02,-1.653781294822692871e+00,9.220228195190429688e+00,5.000000000000000000e+00
3.385999999999999943e+01,2.986961975097656250e+02,-1.682456254959106445e+00,9.232562065124511719e+00,5.000000000000000000e+00
3.388000000000000256e+01,2.987196960449218750e+02,-1.711849927902221680e+00,9.244821548461914062e+00,5.000000000000000000e+00
3.389999999999999858e+01,2.987417602539062500e+02,-1.741973280906677246e+00,9.257106781005859375e+00,5.000000000000000000e+00
3.392000000000000171e+01,2.987623596191406250e+02,-1.772825121879577637e+00,9.269465446472167969e+00,5.000000000000000000e+00
3.393999999999999773e+01,2.987814331054687500e+02,-1.804393172264099121e+00,9.281888961791992188e+00,5.000000000000000000e+00
3.396000000000000085e+01,2.987991333007812500e+02,-1.836664199829101562e+00,9.294375419616699219e+00,5.000000000000000000e+00
3.398000000000000398e+01,2.988153381347656250e+02,-1.869631648063659668e+00,9.306964874267578125e+00,5.000000000000000000e+00
3.400000000000000000e+01,2.988301391601562500e+02,-1.903298020362854004e+00,9.319763183593750000e+00,5.000000000000000000e+00
3.402000000000000313e+01,2.988434143066406250e+02,-1.937656521797180176e+00,9.332833290100097656e+00,5.000000000000000000e+00
3.403999999999999915e+01,2.988552551269531250e+02,-1.972687602043151855e+00,9.346177101135253906e+00,5.000000000000000000e+00
3.406000000000000227e+01,2.988656311035156250e+02,-2.008368968963623047e+00,9.359786987304687500e+00,5.000000000000000000e+00
3.407999999999999829e+01,2.988746032714843750e+02,-2.044680356979370117e+00,9.373683929443359375e+00,5.000000000000000000e+00
3.410000000000000142e+01,2.988820800781250000e+02,-2.081609487533569336e+00,9.387953758239746094e+00,5.000000000000000000e+00
3.411999999999999744e+01,2.988880920410156250e+02,-2.119138002395629883e+00,9.402658462524414062e+00,5.000000000000000000e+00
3.414000000000000057e+01,2.988926696777343750e+02,-2.157237052917480469e+00,9.417798042297363281e+00,5.000000000000000000e+00
3.416000000000000369e+01,2.988958129882812500e+02,-2.195873022079467773e+00,9.433348655700683594e+00,5.000000000000000000e+00
3.417999999999999972e+01,2.988975219726562500e+02,-2.235011339187622070e+00,9.449289321899414062e+00,5.000000000000000000e+00
3.420000000000000284e+01,2.988978271484375000e+02,-2.274621009826660156e+00,9.465636253356933594e+00,5.000000000000000000e+00
3.421999999999999886e+01,2.988967590332031250e+02,-2.314675331115722656e+00,9.482468605041503906e+00,5.000000000000000000e+00
3.424000000000000199e+01,2.988942260742187500e+02,-2.355147838592529297e+00,9.499877929687500000e+00,5.000000000000000000e+00
3.425999999999999801e+01,2.988902587890625000e+02,-2.396006107330322266e+00,9.517925262451171875e+00,5.000000000000000000e+00
3.428000000000000114e+01,2.988848571777343750e+02,-2.437212944030761719e+00,9.536642074584960938e+00,5.000000000000000000e+00
3.430000000000000426e+01,2.988779907226562500e+02,-2.478730440139770508e+00,9.556073188781738281e+00,5.000000000000000000e+00
3.432000000000000028e+01,2.988697204589843750e+02,-2.520521402359008789e+00,9.576300621032714844e+00,5.000000000000000000e+00
3.434000000000000341e+01,2.988599548339843750e+02,-2.562545299530029297e+00,9.597388267517089844e+00,5.000000000000000000e+00
3.435999999999999943e+01,2.988486938476562500e+02,-2.604758024215698242e+00,9.619377136230468750e+00,5.000000000000000000e+00
3.438000000000000256e+01,2.988360290527343750e+02,-2.647112607955932617e+00,9.642276763916015625e+00,5.000000000000000000e+00
3.439999999999999858e+01,2.988218688964843750e+02,-2.689560890197753906e+00,9.666069030761718750e+00,5.000000000000000000e+00
3.442000000000000171e+01,2.988063049316406250e+02,-2.732054471969604492e+00,9.690747261047363281e+00,5.000000000000000000e+00
3.443999999999999773e+01,2.987893066406250000e+02,-2.774540901184082031e+00,9.716310501098632812e+00,5.000000000000000000e+00
3.446000000000000085e+01,2.987708740234375000e+02,-2.816967964172363281e+00,9.742741584777832031e+00,5.000000000000000000e+00
3.448000000000000398e+01,2.987510375976562500e+02,-2.859282255172729492e+00,9.770019531250000000e+00,5.000000000000000000e+00
3.450000000000000000e+01,2.987298278808593750e+02,-2.901428699493408203e+00,9.798162460327148438e+00,5.000000000000000000e+00
3.452000000000000313e+01,2.987071838378906250e+02,-2.943348646163940430e+00,9.827223777770996094e+00,5.000000000000000000e+00
3.453999999999999915e+01,2.986831054687500000e+02,-2.984982490539550781e+00,9.857243537902832031e+00,5.000000000000000000e+00
3.456000000000000227e+01,2.986576232910156250e+02,-3.026269674301147461e+00,9.888228416442871094e+00,5.000000000000000000e+00
3.457999999999999829e+01,2.986307067871093750e+02,-3.067149162292480469e+00,9.920186042785644531e+00,5.000000000000000000e+00
3.460000000000000142e+01,2.986023254394531250e+02,-3.107554435729980469e+00,9.953160285949707031e+00,5.000000000000000000e+00
3.461999999999999744e+01,2.985725708007812500e+02,-3.147415399551391602e+00,9.987211227416992188e+00,5.000000000000000000e+00
3.464000000000000057e+01,2.985412902832031250e+02,-3.186662912368774414e+00,1.002236270904541016e+01,5.000000000000000000e+00
3.466000000000000369e+01,2.985085754394531250e+02,-3.225231409072875977e+00,1.005859661102294922e+01,5.000000000000000000e+00
3.467999999999999972e+01,2.984743957519531250e+02,-3.263056039810180664e+00,1.009588432312011719e+01,5.000000000000000000e+00
3.470000000000000284e+01,2.984387817382812500e+02,-3.300065517425537109e+00,1.013423347473144531e+01,5.000000000000000000e+00
3.471999999999999886e+01,2.984017028808593750e+02,-3.336180686950683594e+00,1.017369079589843750e+01,5.000000000000000000e+00
3.474000000000000199e+01,2.983630981445312500e+02,-3.371324300765991211e+00,1.021427822113037109e+01,5.000000000000000000e+00
3.475999999999999801e+01,2.983231201171875000e+02,-3.405426263809204102e+00,1.025597190856933594e+01,5.000000000000000000e+00
3.478000000000000114e+01,2.982816162109375000e+02,-3.438417196273803711e+00,1.029874229431152344e+01,5.000000000000000000e+00
3.480000000000000426e+01,2.982386169433593750e+02,-3.470219850540161133e+00,1.034259033203125000e+01,5.000000000000000000e+00
3.482000000000000028e+01,2.981942138671875000e+02,-3.500764131546020508e+00,1.038748836517333984e+01,5.000000000000000000e+00
3.484000000000000341e+01,2.981482849121093750e+02,-3.529982328414916992e+00,1.043339347839355469e+01,5.000000000000000000e+00
3.485999999999999943e+01,2.981009826660156250e+02,-3.557801961898803711e+00,1.048028373718261719e+01,5.000000000000000000e+00
3.488000000000000256e+01,2.980521545410156250e+02,-3.584139823913574219e+00,1.052817153930664062e+01,5.000000000000000000e+00
3.489999999999999858e+01,2.980018920898437500e+02,-3.608903408050537109e+00,1.057709884643554688e+01,5.000000000000000000e+00
3.492000000000000171e+01,2.979501647949218750e+02,-3.632015228271484375e+00,1.062705516815185547e+01,5.000000000000000000e+00
3.493999999999999773e+01,2.978969116210937500e+02,-3.653400897979736328e+00,1.067801761627197266e+01,5.000000000000000000e+00
3.496000000000000085e+01,2.978422546386718750e+02,-3.672980308532714844e+00,1.072997856140136719e+01,5.000000000000000000e+00
3.498000000000000398e+01,2.977861022949218750e+02,-3.690671205520629883e+00,1.078293991088867188e+01,5.000000000000000000e+00
3.500000000000000000e+01,2.977284240722656250e+02,-3.706385612487792969e+00,1.083691501617431641e+01,5.000000000000000000e+00
3.502000000000000313e+01,2.976693725585937500e+02,-3.720059871673583984e+00,1.089185523986816406e+01,5.000000000000000000e+00
3.503999999999999915e+01,2.976087951660156250e+02,-3.731641054153442383e+00,1.094768905639648438e+01,5.000000000000000000e+00
3.506000000000000227e+01,2.975468444824218750e+02,-3.741063356399536133e+00,1.100437927246093750e+01,5.000000000000000000e+00
3.507999999999999829e+01,2.974834289550781250e+02,-3.748248100280761719e+00,1.106191635131835938e+01,5.000000000000000000e+00
3.510000000000000142e+01,2.974185791015625000e+02,-3.753113508224487305e+00,1.112030124664306641e+01,5.000000000000000000e+00
3.511999999999999744e+01,2.973523254394531250e+02,-3.755597829818725586e+00,1.117949008941650391e+01,5.000000000000000000e+00
3.514000000000000057e+01,2.972846374511718750e+02,-3.755647897720336914e+00,1.123942470550537109e+01,5.000000000000000000e+00
3.516000000000000369e+01,2.972155761718750000e+02,-3.753202199935913086e+00,1.130006313323974609e+01,5.000000000000000000e+00
3.517999999999999972e+01,2.971451110839843750e+02,-3.748196840286254883e+00,1.136137199401855469e+01,5.000000000000000000e+00
3.520000000000000284e+01,2.970732727050781250e+02,-3.740568637847900391e+00,1.142331695556640625e+01,5.000000000000000000e+00
3.521999999999999886e+01,2.970000915527343750e+02,-3.730269193649291992e+00,1.148584079742431641e+01,5.000000000000000000e+00
3.524000000000000199e+01,2.969255371093750000e+02,-3.717257022857666016e+00,1.154887580871582031e+01,5.000000000000000000e+00
3.525999999999999801e+01,2.968496398925781250e+02,-3.701484441757202148e+00,1.161236763000488281e+01,5.000000000000000000e+00
3.528000000000000114e+01,2.967724609375000000e+02,-3.682900190353393555e+00,1.167626953125000000e+01,5.000000000000000000e+00
3.530000000000000426e+01,2.966939697265625000e+02,-3.661459922790527344e+00,1.174052524566650391e+01,5.000000000000000000e+00
3.532000000000000028e+01,2.966141662597656250e+02,-3.637134552001953125e+00,1.180506038665771484e+01,5.000000000000000000e+00
3.534000000000000341e+01,2.965331115722656250e+02,-3.609897136688232422e+00,1.186979961395263672e+01,5.000000000000000000e+00
3.535999999999999943e+01,2.964508056640625000e+02,-3.579720020294189453e+00,1.193467140197753906e+01,5.000000000000000000e+00
3.538000000000000256e+01,2.963672790527343750e+02,-3.546575546264648438e+00,1.199960899353027344e+01,5.000000000000000000e+00
3.539999999999999858e+01,2.962825317382812500e+02,-3.510437250137329102e+00,1.206454277038574219e+01,5.000000000000000000e+00
3.542000000000000171e+01,2.961965942382812500e+02,-3.471288919448852539e+00,1.212939929962158203e+01,5.000000000000000000e+00
3.543999999999999773e+01,2.961094970703125000e+02,-3.429117441177368164e+00,1.219409656524658203e+01,5.000000000000000000e+00
3.546000000000000085e+01,2.960211791992187500e+02,-3.383912086486816406e+00,1.225855731964111328e+01,5.000000000000000000e+00
3.548000000000000398e+01,2.959317932128906250e+02,-3.335664033889770508e+00,1.232270717620849609e+01,5.000000000000000000e+00
3.550000000000000000e+01,2.958412780761718750e+02,-3.284363746643066406e+00,1.238647174835205078e+01,5.000000000000000000e+00
3.552000000000000313e+01,2.957496337890625000e+02,-3.230006217956542969e+00,1.244977378845214844e+01,5.000000000000000000e+00
3.553999999999999915e+01,2.956569213867187500e+02,-3.172593355178833008e+00,1.251253414154052734e+01,5.000000000000000000e+00
3.556000000000000227e+01,2.955631408691406250e+02,-3.112130403518676758e+00,1.257466983795166016e+01,5.000000000000000000e+00
3.557999999999999829e+01,2.954682922363281250e+02,-3.048624277114868164e+00,1.263610267639160156e+01,5.000000000000000000e+00
3.560000000000000142e+01,2.953724060058593750e+02,-2.982084274291992188e+00,1.269675254821777344e+01,5.000000000000000000e+00
3.561999999999999744e+01,2.952755126953125000e+02,-2.912528991699218750e+00,1.275653266906738281e+01,5.000000000000000000e+00
3.564000000000000057e+01,2.951776123046875000e+02,-2.839984893798828125e+00,1.281535148620605469e+01,5.000000000000000000e+00
3.566000000000000369e+01,2.950787353515625000e+02,-2.764478921890258789e+00,1.287312030792236328e+01,5.000000000000000000e+00
3.567999999999999972e+01,2.949788818359375000e+02,-2.686034679412841797e+00,1.292975711822509766e+01,5.000000000000000000e+00
3.570000000000000284e+01,2.948780822753906250e+02,-2.604671716690063477e+00,1.298518657684326172e+01,5.000000000000000000e+00
3.571999999999999886e+01,2.947763366699218750e+02,-2.520417213439941406e+00,1.303932666778564453e+01,5.000000000000000000e+00
3.574000000000000199e+01,2.946736755371093750e+02,-2.433302164077758789e+00,1.309209728240966797e+01,5.000000000000000000e+00
3.575999999999999801e+01,2.945700988769531250e+02,-2.343357086181640625e+00,1.314341831207275391e+01,5.000000000000000000e+00
3.578000000000000114e+01,2.944656066894531250e+02,-2.250610828399658203e+00,1.319321823120117188e+01,5.000000000000000000e+00
3.580000000000000426e+01,2.943602294921875000e+02,-2.155093431472778320e+00,1.324142265319824219e+01,5.000000000000000000e+00
3.582000000000000028e+01,2.942539672851562500e+02,-2.056835889816284180e+00,1.328796005249023438e+01,5.000000000000000000e+00
3.584000000000000341e+01,2.941468505859375000e+02,-1.955866575241088867e+00,1.333276367187500000e+01,5.000000000000000000e+00
3.585999999999999943e+01,2.940388183593750000e+02,-1.852213621139526367e+00,1.337576770782470703e+01,5.000000000000000000e+00
3.588000000000000256e+01,2.939299621582031250e+02,-1.745904445648193359e+00,1.341690826416015625e+01,5.000000000000000000e+00
3.589999999999999858e+01,2.938202514648437500e+02,-1.636964201927185059e+00,1.345612812042236328e+01,5.000000000000000000e+00
3.592000000000000171e+01,2.937096557617187500e+02,-1.525416851043701172e+00,1.349337196350097656e+01,5.000000000000000000e+00
3.593999999999999773e+01,2.935982666015625000e+02,-1.411285161972045898e+00,1.352858448028564453e+01,5.000000000000000000e+00
3.596000000000000085e+01,2.934859619140625000e+02,-1.294591307640075684e+00,1.356171226501464844e+01,5.000000000000000000e+00
3.598000000000000398e+01,2.933728637695312500e+02,-1.175358533859252930e+00,1.359270381927490234e+01,5.000000000000000000e+00
3.600000000000000000e+01,2.932588806152343750e+02,-1.053610444068908691e+00,1.362151145935058594e+01,5.000000000000000000e+00
3.602000000000000313e+01,2.931440734863281250e+02,-9.293692708015441895e-01,1.364808464050292969e+01,5.000000000000000000e+00
3.603999999999999915e+01,2.930284118652343750e+02,-8.026527762413024902e-01,1.367238140106201172e+01,5.000000000000000000e+00
3.606000000000000227e+01,2.929118652343750000e+02,-6.734763383865356445e-01,1.369435882568359375e+01,5.000000000000000000e+00
3.607999999999999829e+01,2.927944946289062500e+02,-5.418571829795837402e-01,1.371397686004638672e+01,5.000000000000000000e+00
3.610000000000000142e+01,2.926762390136718750e+02,-4.078154563903808594e-01,1.373119258880615234e+01,5.000000000000000000e+00
3.611999999999999744e+01,2.925571289062500000e+02,-2.713694572448730469e-01,1.374596786499023438e+01,5.000000000000000000e+00
3.614000000000000057e+01,2.924371948242187500e+02,-1.325332224369049072e-01,1.375826454162597656e+01,5.000000000000000000e+00
3.616000000000000369e+01,2.923163452148437500e+02,8.679939433932304382e-03,1.376804828643798828e+01,5.000000000000000000e+00
3.617999999999999972e+01,2.921946105957031250e+02,1.522536426782608032e-01,1.377528285980224609e+01,5.000000000000000000e+00
3.620000000000000284e+01,2.920720214843750000e+02,2.981681823730468750e-01,1.377993106842041016e+01,5.000000000000000000e+00
3.621999999999999886e+01,2.919485473632812500e+02,4.464045166969299316e-01,1.378195858001708984e+01,5.000000000000000000e+00
3.624000000000000199e+01,2.918241882324218750e+02,5.969479680061340332e-01,1.378133201599121094e+01,5.000000000000000000e+00
3.625999999999999801e+01,2.916989135742187500e+02,7.497855424880981445e-01,1.377802181243896484e+01,5.000000000000000000e+00
3.628000000000000114e+01,2.915727233886718750e+02,9.049013853073120117e-01,1.377199554443359375e+01,5.000000000000000000e+00
3.630000000000000426e+01,2.914456176757812500e+02,1.062275767326354980e+00,1.376322078704833984e+01,5.000000000000000000e+00
3.632000000000000028e+01,2.913175964355468750e+02,1.221892476081848145e+00,1.375166702270507812e+01,5.000000000000000000e+00
3.634000000000000341e+01,2.911886596679687500e+02,1.383745312690734863e+00,1.373731231689453125e+01,5.000000000000000000e+00
3.635999999999999943e+01,2.910587768554687500e+02,1.547829747200012207e+00,1.372013187408447266e+01,5.000000000000000000e+00
3.638000000000000256e+01,2.909279479980468750e+02,1.714133977890014648e+00,1.370009994506835938e+01,5.000000000000000000e+00
